device_id,user_id,linked_date
DVC-AB-0000,4063,2025-01-19
DVC-AB-0001,9344,2025-01-26
DVC-AB-0002,1729,2025-03-14
DVC-AB-0003,1472,2025-03-17
DVC-AB-0004,2570,2025-02-13
DVC-AB-0005,171,2025-01-19
DVC-AB-0006,5858,2025-02-14
DVC-AB-0007,2537,2025-01-02
DVC-AB-0008,2775,2025-03-23
DVC-AB-0009,2628,2025-02-19
DVC-AB-0010,663,2025-01-13
DVC-AB-0011,6547,2025-04-29
DVC-AB-0012,3045,2025-01-08
DVC-AB-0013,9935,2025-05-31
DVC-AB-0014,542,2025-03-24
DVC-AB-0015,9054,2025-02-18
DVC-AB-0016,683,2025-01-22
DVC-AB-0017,6581,2025-01-29
DVC-AB-0018,5971,2025-01-29
DVC-AB-0019,8279,2025-05-11
DVC-AB-0020,2599,2025-02-21
DVC-AB-0021,4672,2025-01-30
DVC-AB-0022,1577,2025-04-09
DVC-AB-0023,5413,2025-02-04
DVC-AB-0024,8520,2025-01-08
DVC-AB-0025,6029,2025-06-29
DVC-AB-0026,7339,2025-01-15
DVC-AB-0027,2681,2025-01-25
DVC-AB-0028,3430,2025-01-22
DVC-AB-0029,173,2025-02-03
DVC-AB-0030,6664,2025-01-15
DVC-AB-0031,6825,2025-01-25
DVC-AB-0032,762,2025-02-15
DVC-AB-0033,4024,2025-04-28
DVC-AB-0034,9035,2025-06-29
DVC-AB-0035,1319,2025-01-21
DVC-AB-0036,628,2025-02-25
DVC-AB-0037,939,2025-01-19
DVC-AB-0038,925,2025-01-22
DVC-AB-0039,2886,2025-01-23
DVC-AB-0040,8637,2025-01-02
DVC-AB-0041,841,2025-01-09
DVC-AB-0042,3878,2025-01-02
DVC-AB-0043,9036,2025-02-16
DVC-AB-0044,4705,2025-02-15
DVC-AB-0045,1680,2025-01-01
DVC-AB-0046,3284,2025-03-11
DVC-AB-0047,125,2025-01-05
DVC-AB-0048,5469,2025-03-14
DVC-AB-0049,4005,2025-03-17
DVC-AB-0000,2520,2025-03-16
DVC-AB-0001,3323,2025-04-22
DVC-AB-0002,6278,2025-06-12
DVC-AB-0003,5065,2025-02-24
DVC-AB-0004,5387,2025-03-28
DVC-AB-0005,2852,2025-02-01
DVC-AB-0006,9263,2025-02-06
DVC-AB-0007,7456,2025-03-23
DVC-AB-0008,1633,2025-03-31
DVC-AB-0009,9372,2025-02-01
DVC-AB-0010,1086,2025-01-05
DVC-AB-0011,5968,2025-01-25
DVC-AB-0012,5,2025-01-06
DVC-AB-0013,6782,2025-02-17
DVC-AB-0014,4462,2025-02-10
DVC-AB-0015,5726,2025-03-31
DVC-AB-0016,7145,2025-05-27
DVC-AB-0017,9243,2025-03-31
DVC-AB-0018,7648,2025-02-26
DVC-AB-0019,2169,2025-05-04
DVC-AB-0020,8955,2025-06-23
DVC-AB-0021,590,2025-04-26
DVC-AB-0022,8161,2025-01-18
DVC-AB-0023,8063,2025-03-29
DVC-AB-0024,502,2025-02-08
DVC-AB-0025,6118,2025-03-06
DVC-AB-0026,4819,2025-01-30
DVC-AB-0027,5159,2025-01-05
DVC-AB-0028,724,2025-02-12
DVC-AB-0029,7011,2025-02-03
DVC-AB-0030,8627,2025-01-28
DVC-AB-0031,7388,2025-01-18
DVC-AB-0032,1526,2025-03-11
DVC-AB-0033,4174,2025-01-17
DVC-AB-0034,8908,2025-03-17
DVC-AB-0035,9459,2025-01-15
DVC-AB-0036,1213,2025-04-07
DVC-AB-0037,4062,2025-01-01
DVC-AB-0038,5490,2025-02-25
DVC-AB-0039,5615,2025-02-08
DVC-AB-0040,4926,2025-04-18
DVC-AB-0041,7962,2025-02-06
DVC-AB-0042,6846,2025-01-15
DVC-AB-0043,736,2025-01-24
DVC-AB-0044,8331,2025-01-25
DVC-AB-0045,6926,2025-03-20
DVC-AB-0046,8970,2025-06-29
DVC-AB-0047,2853,2025-02-17
DVC-AB-0048,9140,2025-01-12
DVC-AB-0049,3674,2025-02-08
DVC-AB-0000,8497,2025-03-04
DVC-AB-0001,6036,2025-01-10
DVC-AB-0002,4640,2025-06-29
DVC-AB-0003,6807,2025-02-15
DVC-AB-0004,8711,2025-06-29
DVC-AB-0005,4347,2025-03-10
DVC-AB-0006,614,2025-01-06
DVC-AB-0007,8007,2025-01-22
DVC-AB-0008,9239,2025-01-29
DVC-AB-0009,4633,2025-03-21
DVC-AB-0010,5347,2025-01-25
DVC-AB-0011,7219,2025-03-23
DVC-AB-0012,8195,2025-03-07
DVC-AB-0013,9883,2025-03-20
DVC-AB-0014,3580,2025-04-25
DVC-AB-0015,1976,2025-02-02
DVC-AB-0016,4169,2025-02-08
DVC-AB-0017,3325,2025-02-11
DVC-AB-0018,4758,2025-02-05
DVC-AB-0019,6795,2025-02-14
DVC-AB-0020,1307,2025-01-24
DVC-AB-0021,4643,2025-01-05
DVC-AB-0022,6817,2025-06-11
DVC-AB-0023,6026,2025-05-11
DVC-AB-0024,1062,2025-06-29
DVC-AB-0025,2491,2025-01-19
DVC-AB-0026,7463,2025-02-24
DVC-AB-0027,877,2025-02-26
DVC-AB-0028,5855,2025-01-01
DVC-AB-0029,4023,2025-02-01
DVC-AB-0030,8311,2025-02-22
DVC-AB-0031,3943,2025-04-01
DVC-AB-0032,8230,2025-03-02
DVC-AB-0033,8735,2025-02-03
DVC-AB-0034,4959,2025-01-28
DVC-AB-0035,7516,2025-02-01
DVC-AB-0036,2879,2025-02-27
DVC-AB-0037,137,2025-06-29
DVC-AB-0038,5375,2025-03-17
DVC-AB-0039,5707,2025-02-07
DVC-AB-0040,5225,2025-01-04
DVC-AB-0041,1762,2025-01-18
DVC-AB-0042,2995,2025-03-25
DVC-AB-0043,9964,2025-06-29
DVC-AB-0044,854,2025-02-22
DVC-AB-0045,6916,2025-01-02
DVC-AB-0046,1968,2025-04-09
DVC-AB-0047,4480,2025-03-18
DVC-AB-0048,9541,2025-01-13
DVC-AB-0049,4896,2025-01-09
DVC-AB-0000,7729,2025-03-07
DVC-AB-0001,1818,2025-01-21
DVC-AB-0002,9798,2025-02-02
DVC-AB-0003,3727,2025-01-08
DVC-AB-0004,454,2025-04-04
DVC-AB-0005,2294,2025-06-29
DVC-AB-0006,7879,2025-02-03
DVC-AB-0007,4835,2025-03-04
DVC-AB-0008,4214,2025-04-06
DVC-AB-0009,9251,2025-01-17
DVC-AB-0010,552,2025-02-17
DVC-AB-0011,1692,2025-02-25
DVC-AB-0012,968,2025-01-30
DVC-AB-0013,3713,2025-02-11
DVC-AB-0014,2734,2025-01-31
DVC-AB-0015,506,2025-01-06
DVC-AB-0016,8708,2025-01-03
DVC-AB-0017,1282,2025-04-15
DVC-AB-0018,6941,2025-05-22
DVC-AB-0019,2130,2025-04-24
DVC-AB-0020,9943,2025-05-09
DVC-AB-0021,1194,2025-01-11
DVC-AB-0022,3375,2025-02-23
DVC-AB-0023,5806,2025-04-21
DVC-AB-0024,4967,2025-05-21
DVC-AB-0025,9899,2025-03-17
DVC-AB-0026,8539,2025-05-16
DVC-AB-0027,9849,2025-01-06
DVC-AB-0028,2602,2025-04-02
DVC-AB-0029,3989,2025-02-08
DVC-AB-0030,4492,2025-06-29
DVC-AB-0031,9072,2025-01-03
DVC-AB-0032,9994,2025-05-10
DVC-AB-0033,8467,2025-03-02
DVC-AB-0034,983,2025-01-05
DVC-AB-0035,8680,2025-04-19
DVC-AB-0036,9990,2025-03-06
DVC-AB-0037,8555,2025-02-10
DVC-AB-0038,2231,2025-04-07
DVC-AB-0039,3268,2025-02-06
DVC-AB-0040,4755,2025-01-14
DVC-AB-0041,8629,2025-02-21
DVC-AB-0042,546,2025-01-18
DVC-AB-0043,5325,2025-02-05
DVC-AB-0044,755,2025-02-14
DVC-AB-0045,4354,2025-05-12
DVC-AB-0046,8550,2025-01-23
DVC-AB-0047,4816,2025-06-10
DVC-AB-0048,2144,2025-01-30
DVC-AB-0049,5906,2025-01-10
DVC-AB-0000,3898,2025-06-18
DVC-AB-0001,5552,2025-01-15
DVC-AB-0002,9332,2025-06-29
DVC-AB-0003,118,2025-04-03
DVC-AB-0004,2042,2025-01-04
DVC-AB-0005,8797,2025-01-29
DVC-AB-0006,8697,2025-06-29
DVC-AB-0007,6853,2025-03-25
DVC-AB-0008,1895,2025-01-22
DVC-AB-0009,8301,2025-01-01
DVC-AB-0010,5393,2025-03-02
DVC-AB-0011,5544,2025-01-17
DVC-AB-0012,4861,2025-01-27
DVC-AB-0013,8450,2025-02-11
DVC-AB-0014,9537,2025-01-06
DVC-AB-0015,198,2025-01-16
DVC-AB-0016,3168,2025-01-11
DVC-AB-0017,2323,2025-06-29
DVC-AB-0018,7615,2025-01-15
DVC-AB-0019,9785,2025-01-10
DVC-AB-0020,5656,2025-02-08
DVC-AB-0021,2433,2025-01-28
DVC-AB-0022,259,2025-01-05
DVC-AB-0023,7413,2025-02-01
DVC-AB-0024,9347,2025-05-10
DVC-AB-0025,287,2025-01-05
DVC-AB-0026,4210,2025-02-15
DVC-AB-0027,6475,2025-02-02
DVC-AB-0028,5097,2025-02-01
DVC-AB-0029,8212,2025-01-15
DVC-AB-0030,9960,2025-05-08
DVC-AB-0031,102,2025-06-29
DVC-AB-0032,9962,2025-01-25
DVC-AB-0033,9927,2025-02-13
DVC-AB-0034,7039,2025-01-30
DVC-AB-0035,7121,2025-06-29
DVC-AB-0036,8945,2025-02-20
DVC-AB-0037,1287,2025-02-01
DVC-AB-0038,9587,2025-01-24
DVC-AB-0039,2080,2025-01-23
DVC-AB-0040,3001,2025-06-07
DVC-AB-0041,1335,2025-06-12
DVC-AB-0042,1325,2025-01-26
DVC-AB-0043,2687,2025-02-14
DVC-AB-0044,1260,2025-02-06
DVC-AB-0045,6965,2025-01-13
DVC-AB-0046,3096,2025-01-14
DVC-AB-0047,8316,2025-01-31
DVC-AB-0048,8816,2025-03-19
DVC-AB-0049,4832,2025-01-05
DVC-AB-0000,2928,2025-02-15
DVC-AB-0001,1673,2025-04-06
DVC-AB-0002,4897,2025-01-20
DVC-AB-0003,5212,2025-01-24
DVC-AB-0004,1781,2025-03-19
DVC-AB-0005,7579,2025-03-12
DVC-AB-0006,9998,2025-02-02
DVC-AB-0007,1346,2025-01-19
DVC-AB-0008,5779,2025-01-07
DVC-AB-0009,7411,2025-03-08
DVC-AB-0010,2407,2025-01-02
DVC-AB-0011,5774,2025-02-11
DVC-AB-0012,1439,2025-01-09
DVC-AB-0013,6230,2025-01-26
DVC-AB-0014,5515,2025-02-02
DVC-AB-0015,8644,2025-03-05
DVC-AB-0016,2747,2025-05-06
DVC-AB-0017,276,2025-06-25
DVC-AB-0018,6211,2025-02-04
DVC-AB-0019,1542,2025-01-20
DVC-AB-0020,7933,2025-03-27
DVC-AB-0021,7718,2025-01-11
DVC-AB-0022,7791,2025-01-13
DVC-AB-0023,5627,2025-05-08
DVC-AB-0024,2534,2025-01-17
DVC-AB-0025,6696,2025-01-06
DVC-AB-0026,860,2025-04-14
DVC-AB-0027,3347,2025-02-10
DVC-AB-0028,4406,2025-01-02
DVC-AB-0029,5011,2025-04-08
DVC-AB-0030,3346,2025-04-29
DVC-AB-0031,9584,2025-04-09
DVC-AB-0032,8900,2025-04-18
DVC-AB-0033,9654,2025-02-17
DVC-AB-0034,9043,2025-03-07
DVC-AB-0035,3014,2025-01-15
DVC-AB-0036,43,2025-03-07
DVC-AB-0037,4015,2025-02-17
DVC-AB-0038,9847,2025-01-07
DVC-AB-0039,4976,2025-03-31
DVC-AB-0040,3934,2025-03-01
DVC-AB-0041,3804,2025-02-18
DVC-AB-0042,7406,2025-02-06
DVC-AB-0043,5204,2025-03-06
DVC-AB-0044,5562,2025-03-14
DVC-AB-0045,2646,2025-01-06
DVC-AB-0046,2732,2025-01-20
DVC-AB-0047,5602,2025-01-01
DVC-AB-0048,9552,2025-03-11
DVC-AB-0049,7858,2025-04-12
DVC-000001,1,2025-05-25
DVC-000002,2,2025-05-21
DVC-000003,3,2025-05-24
DVC-000004,4,2025-01-17
DVC-000006,6,2025-03-29
DVC-000007,7,2025-03-26
DVC-000008,8,2025-06-29
DVC-000009,9,2025-01-05
DVC-000010,10,2025-03-04
DVC-000011,11,2025-01-05
DVC-000012,12,2025-03-07
DVC-000013,13,2025-04-14
DVC-000014,14,2025-01-24
DVC-000015,15,2025-03-15
DVC-000016,16,2025-01-10
DVC-000017,17,2025-01-06
DVC-000018,18,2025-01-19
DVC-000019,19,2025-02-24
DVC-000020,20,2025-01-25
DVC-000021,21,2025-03-16
DVC-000022,22,2025-01-14
DVC-000023,23,2025-04-21
DVC-000024,24,2025-03-15
DVC-000025,25,2025-02-09
DVC-000026,26,2025-01-26
DVC-000027,27,2025-01-28
DVC-000028,28,2025-01-05
DVC-000029,29,2025-01-11
DVC-000030,30,2025-02-11
DVC-000031,31,2025-01-24
DVC-000032,32,2025-03-17
DVC-000033,33,2025-02-12
DVC-000034,34,2025-01-15
DVC-000035,35,2025-01-28
DVC-000036,36,2025-02-08
DVC-000037,37,2025-01-21
DVC-000038,38,2025-01-20
DVC-000039,39,2025-02-22
DVC-000040,40,2025-01-18
DVC-000041,41,2025-03-22
DVC-000042,42,2025-03-25
DVC-000044,44,2025-01-05
DVC-000045,45,2025-03-10
DVC-000046,46,2025-03-23
DVC-000047,47,2025-03-09
DVC-000048,48,2025-01-17
DVC-000049,49,2025-01-20
DVC-000050,50,2025-01-10
DVC-000051,51,2025-01-22
DVC-000052,52,2025-01-02
DVC-000053,53,2025-01-11
DVC-000054,54,2025-03-20
DVC-000055,55,2025-06-29
DVC-000056,56,2025-02-03
DVC-000057,57,2025-01-18
DVC-000058,58,2025-01-24
DVC-000059,59,2025-01-22
DVC-000060,60,2025-01-08
DVC-000061,61,2025-03-06
DVC-000062,62,2025-03-24
DVC-000063,63,2025-04-01
DVC-000064,64,2025-06-29
DVC-000065,65,2025-05-07
DVC-000066,66,2025-04-09
DVC-000067,67,2025-03-04
DVC-000068,68,2025-02-05
DVC-000069,69,2025-01-03
DVC-000070,70,2025-02-27
DVC-000071,71,2025-02-07
DVC-000072,72,2025-04-01
DVC-000073,73,2025-05-02
DVC-000074,74,2025-01-20
DVC-000075,75,2025-01-03
DVC-000076,76,2025-02-25
DVC-000077,77,2025-06-03
DVC-000078,78,2025-02-19
DVC-000079,79,2025-05-08
DVC-000080,80,2025-02-15
DVC-000081,81,2025-03-20
DVC-000082,82,2025-01-18
DVC-000083,83,2025-01-09
DVC-000084,84,2025-01-09
DVC-000085,85,2025-01-08
DVC-000086,86,2025-01-04
DVC-000087,87,2025-04-13
DVC-000088,88,2025-01-27
DVC-000089,89,2025-01-24
DVC-000090,90,2025-02-26
DVC-000091,91,2025-01-12
DVC-000092,92,2025-04-26
DVC-000093,93,2025-03-19
DVC-000094,94,2025-01-20
DVC-000095,95,2025-01-13
DVC-000096,96,2025-02-01
DVC-000097,97,2025-01-19
DVC-000098,98,2025-01-05
DVC-000099,99,2025-01-31
DVC-000100,100,2025-05-16
DVC-000101,101,2025-03-02
DVC-000103,103,2025-05-03
DVC-000104,104,2025-03-09
DVC-000105,105,2025-04-22
DVC-000106,106,2025-02-13
DVC-000107,107,2025-03-06
DVC-000108,108,2025-01-23
DVC-000109,109,2025-01-14
DVC-000110,110,2025-05-09
DVC-000111,111,2025-01-09
DVC-000112,112,2025-01-12
DVC-000113,113,2025-01-19
DVC-000114,114,2025-02-28
DVC-000115,115,2025-01-25
DVC-000116,116,2025-02-11
DVC-000117,117,2025-05-10
DVC-000119,119,2025-03-12
DVC-000120,120,2025-01-11
DVC-000121,121,2025-03-13
DVC-000122,122,2025-01-28
DVC-000123,123,2025-01-08
DVC-000124,124,2025-01-24
DVC-000126,126,2025-02-24
DVC-000127,127,2025-02-28
DVC-000128,128,2025-01-18
DVC-000129,129,2025-01-03
DVC-000130,130,2025-06-13
DVC-000131,131,2025-02-18
DVC-000132,132,2025-03-31
DVC-000133,133,2025-01-22
DVC-000134,134,2025-04-11
DVC-000135,135,2025-04-09
DVC-000136,136,2025-01-06
DVC-000138,138,2025-02-10
DVC-000139,139,2025-03-25
DVC-000140,140,2025-01-15
DVC-000141,141,2025-03-01
DVC-000142,142,2025-01-18
DVC-000143,143,2025-04-07
DVC-000144,144,2025-01-28
DVC-000145,145,2025-02-16
DVC-000146,146,2025-02-01
DVC-000147,147,2025-02-15
DVC-000148,148,2025-01-29
DVC-000149,149,2025-02-06
DVC-000150,150,2025-01-02
DVC-000151,151,2025-04-06
DVC-000152,152,2025-05-31
DVC-000153,153,2025-02-04
DVC-000154,154,2025-06-29
DVC-000155,155,2025-01-11
DVC-000156,156,2025-06-17
DVC-000157,157,2025-01-22
DVC-000158,158,2025-02-10
DVC-000159,159,2025-05-27
DVC-000160,160,2025-01-08
DVC-000161,161,2025-01-12
DVC-000162,162,2025-03-22
DVC-000163,163,2025-02-28
DVC-000164,164,2025-01-18
DVC-000165,165,2025-01-27
DVC-000166,166,2025-02-14
DVC-000167,167,2025-04-24
DVC-000168,168,2025-01-22
DVC-000169,169,2025-02-15
DVC-000170,170,2025-01-22
DVC-000172,172,2025-05-09
DVC-000174,174,2025-03-22
DVC-000175,175,2025-01-19
DVC-000176,176,2025-01-12
DVC-000177,177,2025-03-10
DVC-000178,178,2025-03-27
DVC-000179,179,2025-02-27
DVC-000180,180,2025-03-13
DVC-000181,181,2025-03-03
DVC-000182,182,2025-03-07
DVC-000183,183,2025-05-16
DVC-000184,184,2025-06-19
DVC-000185,185,2025-02-09
DVC-000186,186,2025-01-06
DVC-000187,187,2025-03-26
DVC-000188,188,2025-02-20
DVC-000189,189,2025-05-27
DVC-000190,190,2025-03-04
DVC-000191,191,2025-01-09
DVC-000192,192,2025-03-04
DVC-000193,193,2025-02-04
DVC-000194,194,2025-01-07
DVC-000195,195,2025-01-17
DVC-000196,196,2025-06-29
DVC-000197,197,2025-01-25
DVC-000199,199,2025-01-27
DVC-000200,200,2025-05-05
DVC-000201,201,2025-03-07
DVC-000202,202,2025-01-12
DVC-000203,203,2025-01-01
DVC-000204,204,2025-01-27
DVC-000205,205,2025-01-10
DVC-000206,206,2025-05-05
DVC-000207,207,2025-01-07
DVC-000208,208,2025-02-11
DVC-000209,209,2025-03-03
DVC-000210,210,2025-06-22
DVC-000211,211,2025-01-18
DVC-000212,212,2025-04-15
DVC-000213,213,2025-02-15
DVC-000214,214,2025-04-14
DVC-000215,215,2025-01-22
DVC-000216,216,2025-01-20
DVC-000217,217,2025-01-16
DVC-000218,218,2025-03-04
DVC-000219,219,2025-02-08
DVC-000220,220,2025-02-21
DVC-000221,221,2025-03-18
DVC-000222,222,2025-03-11
DVC-000223,223,2025-03-04
DVC-000224,224,2025-03-25
DVC-000225,225,2025-01-03
DVC-000226,226,2025-04-01
DVC-000227,227,2025-03-20
DVC-000228,228,2025-01-27
DVC-000229,229,2025-01-15
DVC-000230,230,2025-02-12
DVC-000231,231,2025-05-02
DVC-000232,232,2025-01-20
DVC-000233,233,2025-03-27
DVC-000234,234,2025-06-28
DVC-000235,235,2025-01-24
DVC-000236,236,2025-06-29
DVC-000237,237,2025-01-04
DVC-000238,238,2025-01-03
DVC-000239,239,2025-04-22
DVC-000240,240,2025-02-08
DVC-000241,241,2025-02-06
DVC-000242,242,2025-04-28
DVC-000243,243,2025-05-29
DVC-000244,244,2025-02-19
DVC-000245,245,2025-05-07
DVC-000246,246,2025-03-02
DVC-000247,247,2025-01-31
DVC-000248,248,2025-01-15
DVC-000249,249,2025-03-24
DVC-000250,250,2025-05-09
DVC-000251,251,2025-06-10
DVC-000252,252,2025-01-19
DVC-000253,253,2025-03-03
DVC-000254,254,2025-01-31
DVC-000255,255,2025-04-13
DVC-000256,256,2025-01-14
DVC-000257,257,2025-01-04
DVC-000258,258,2025-01-22
DVC-000260,260,2025-01-29
DVC-000261,261,2025-01-30
DVC-000262,262,2025-01-07
DVC-000263,263,2025-06-29
DVC-000264,264,2025-01-19
DVC-000265,265,2025-03-13
DVC-000266,266,2025-01-13
DVC-000267,267,2025-01-31
DVC-000268,268,2025-01-06
DVC-000269,269,2025-01-08
DVC-000270,270,2025-01-01
DVC-000271,271,2025-04-07
DVC-000272,272,2025-01-22
DVC-000273,273,2025-02-11
DVC-000274,274,2025-02-22
DVC-000275,275,2025-01-11
DVC-000277,277,2025-02-02
DVC-000278,278,2025-01-05
DVC-000279,279,2025-01-07
DVC-000280,280,2025-01-30
DVC-000281,281,2025-01-08
DVC-000282,282,2025-01-20
DVC-000283,283,2025-02-14
DVC-000284,284,2025-01-03
DVC-000285,285,2025-01-22
DVC-000286,286,2025-04-05
DVC-000288,288,2025-02-28
DVC-000289,289,2025-01-04
DVC-000290,290,2025-06-10
DVC-000291,291,2025-01-16
DVC-000292,292,2025-01-15
DVC-000293,293,2025-03-07
DVC-000294,294,2025-05-16
DVC-000295,295,2025-06-29
DVC-000296,296,2025-03-24
DVC-000297,297,2025-04-14
DVC-000298,298,2025-03-07
DVC-000299,299,2025-01-12
DVC-000300,300,2025-03-11
DVC-000301,301,2025-01-11
DVC-000302,302,2025-03-01
DVC-000303,303,2025-02-16
DVC-000304,304,2025-01-22
DVC-000305,305,2025-02-12
DVC-000306,306,2025-02-24
DVC-000307,307,2025-01-14
DVC-000308,308,2025-01-26
DVC-000309,309,2025-01-26
DVC-000310,310,2025-01-07
DVC-000311,311,2025-01-18
DVC-000312,312,2025-03-03
DVC-000313,313,2025-03-13
DVC-000314,314,2025-02-04
DVC-000315,315,2025-02-05
DVC-000316,316,2025-01-24
DVC-000317,317,2025-03-11
DVC-000318,318,2025-01-25
DVC-000319,319,2025-02-27
DVC-000320,320,2025-02-08
DVC-000321,321,2025-02-06
DVC-000322,322,2025-06-22
DVC-000323,323,2025-05-09
DVC-000324,324,2025-02-27
DVC-000325,325,2025-03-13
DVC-000326,326,2025-01-09
DVC-000327,327,2025-01-28
DVC-000328,328,2025-03-20
DVC-000329,329,2025-03-03
DVC-000330,330,2025-01-15
DVC-000331,331,2025-06-29
DVC-000332,332,2025-01-03
DVC-000333,333,2025-03-08
DVC-000334,334,2025-01-06
DVC-000335,335,2025-05-28
DVC-000336,336,2025-01-06
DVC-000337,337,2025-04-04
DVC-000338,338,2025-01-11
DVC-000339,339,2025-06-29
DVC-000340,340,2025-02-04
DVC-000341,341,2025-03-12
DVC-000342,342,2025-02-28
DVC-000343,343,2025-02-10
DVC-000344,344,2025-03-28
DVC-000345,345,2025-02-14
DVC-000346,346,2025-06-14
DVC-000347,347,2025-01-04
DVC-000348,348,2025-06-29
DVC-000349,349,2025-02-19
DVC-000350,350,2025-01-18
DVC-000351,351,2025-02-05
DVC-000352,352,2025-03-16
DVC-000353,353,2025-03-01
DVC-000354,354,2025-05-06
DVC-000355,355,2025-05-17
DVC-000356,356,2025-02-26
DVC-000357,357,2025-04-05
DVC-000358,358,2025-02-10
DVC-000359,359,2025-01-07
DVC-000360,360,2025-02-02
DVC-000361,361,2025-01-18
DVC-000362,362,2025-04-29
DVC-000363,363,2025-01-14
DVC-000364,364,2025-03-18
DVC-000365,365,2025-05-17
DVC-000366,366,2025-01-09
DVC-000367,367,2025-02-26
DVC-000368,368,2025-06-06
DVC-000369,369,2025-01-31
DVC-000370,370,2025-01-30
DVC-000371,371,2025-02-09
DVC-000372,372,2025-01-13
DVC-000373,373,2025-01-11
DVC-000374,374,2025-06-29
DVC-000375,375,2025-05-25
DVC-000376,376,2025-02-05
DVC-000377,377,2025-01-20
DVC-000378,378,2025-03-22
DVC-000379,379,2025-06-29
DVC-000380,380,2025-05-11
DVC-000381,381,2025-01-30
DVC-000382,382,2025-02-09
DVC-000383,383,2025-03-07
DVC-000384,384,2025-02-15
DVC-000385,385,2025-01-20
DVC-000386,386,2025-01-20
DVC-000387,387,2025-03-06
DVC-000388,388,2025-06-29
DVC-000389,389,2025-01-12
DVC-000390,390,2025-03-13
DVC-000391,391,2025-06-07
DVC-000392,392,2025-01-01
DVC-000393,393,2025-02-02
DVC-000394,394,2025-03-22
DVC-000395,395,2025-05-17
DVC-000396,396,2025-06-19
DVC-000397,397,2025-01-21
DVC-000398,398,2025-01-05
DVC-000399,399,2025-01-21
DVC-000400,400,2025-02-18
DVC-000401,401,2025-01-16
DVC-000402,402,2025-01-26
DVC-000403,403,2025-03-27
DVC-000404,404,2025-01-02
DVC-000405,405,2025-04-17
DVC-000406,406,2025-01-02
DVC-000407,407,2025-02-27
DVC-000408,408,2025-01-04
DVC-000409,409,2025-01-20
DVC-000410,410,2025-02-05
DVC-000411,411,2025-05-11
DVC-000412,412,2025-01-13
DVC-000413,413,2025-06-29
DVC-000414,414,2025-05-11
DVC-000415,415,2025-01-05
DVC-000416,416,2025-01-01
DVC-000417,417,2025-01-11
DVC-000418,418,2025-02-28
DVC-000419,419,2025-06-29
DVC-000420,420,2025-01-22
DVC-000421,421,2025-03-25
DVC-000422,422,2025-01-06
DVC-000423,423,2025-04-04
DVC-000424,424,2025-04-30
DVC-000425,425,2025-05-14
DVC-000426,426,2025-05-16
DVC-000427,427,2025-04-09
DVC-000428,428,2025-01-06
DVC-000429,429,2025-02-19
DVC-000430,430,2025-01-27
DVC-000431,431,2025-01-29
DVC-000432,432,2025-05-15
DVC-000433,433,2025-05-10
DVC-000434,434,2025-03-12
DVC-000435,435,2025-01-16
DVC-000436,436,2025-03-08
DVC-000437,437,2025-01-18
DVC-000438,438,2025-03-31
DVC-000439,439,2025-01-12
DVC-000440,440,2025-03-13
DVC-000441,441,2025-01-29
DVC-000442,442,2025-01-06
DVC-000443,443,2025-03-24
DVC-000444,444,2025-01-08
DVC-000445,445,2025-06-29
DVC-000446,446,2025-02-09
DVC-000447,447,2025-01-22
DVC-000448,448,2025-01-12
DVC-000449,449,2025-02-13
DVC-000450,450,2025-03-25
DVC-000451,451,2025-04-17
DVC-000452,452,2025-02-22
DVC-000453,453,2025-06-29
DVC-000455,455,2025-01-11
DVC-000456,456,2025-06-29
DVC-000457,457,2025-01-25
DVC-000458,458,2025-06-29
DVC-000459,459,2025-01-19
DVC-000460,460,2025-02-01
DVC-000461,461,2025-03-10
DVC-000462,462,2025-01-05
DVC-000463,463,2025-06-08
DVC-000464,464,2025-01-27
DVC-000465,465,2025-01-16
DVC-000466,466,2025-01-04
DVC-000467,467,2025-01-02
DVC-000468,468,2025-01-02
DVC-000469,469,2025-01-23
DVC-000470,470,2025-01-22
DVC-000471,471,2025-03-03
DVC-000472,472,2025-05-18
DVC-000473,473,2025-03-12
DVC-000474,474,2025-03-07
DVC-000475,475,2025-02-03
DVC-000476,476,2025-02-28
DVC-000477,477,2025-02-18
DVC-000478,478,2025-01-04
DVC-000479,479,2025-01-17
DVC-000480,480,2025-01-16
DVC-000481,481,2025-01-05
DVC-000482,482,2025-01-28
DVC-000483,483,2025-01-04
DVC-000484,484,2025-04-01
DVC-000485,485,2025-04-03
DVC-000486,486,2025-01-07
DVC-000487,487,2025-01-06
DVC-000488,488,2025-06-29
DVC-000489,489,2025-01-19
DVC-000490,490,2025-02-12
DVC-000491,491,2025-02-06
DVC-000492,492,2025-03-18
DVC-000493,493,2025-03-04
DVC-000494,494,2025-05-18
DVC-000495,495,2025-01-12
DVC-000496,496,2025-03-03
DVC-000497,497,2025-01-26
DVC-000498,498,2025-02-12
DVC-000499,499,2025-06-29
DVC-000500,500,2025-02-02
DVC-000501,501,2025-03-12
DVC-000503,503,2025-01-12
DVC-000504,504,2025-01-02
DVC-000505,505,2025-04-04
DVC-000507,507,2025-01-12
DVC-000508,508,2025-02-24
DVC-000509,509,2025-01-23
DVC-000510,510,2025-02-06
DVC-000511,511,2025-02-07
DVC-000512,512,2025-01-02
DVC-000513,513,2025-05-13
DVC-000514,514,2025-06-29
DVC-000515,515,2025-02-11
DVC-000516,516,2025-01-25
DVC-000517,517,2025-05-17
DVC-000518,518,2025-02-02
DVC-000519,519,2025-02-28
DVC-000520,520,2025-05-05
DVC-000521,521,2025-01-26
DVC-000522,522,2025-04-26
DVC-000523,523,2025-03-10
DVC-000524,524,2025-03-03
DVC-000525,525,2025-04-16
DVC-000526,526,2025-01-01
DVC-000527,527,2025-01-23
DVC-000528,528,2025-01-14
DVC-000529,529,2025-01-20
DVC-000530,530,2025-01-26
DVC-000531,531,2025-01-16
DVC-000532,532,2025-02-05
DVC-000533,533,2025-01-22
DVC-000534,534,2025-02-03
DVC-000535,535,2025-02-09
DVC-000536,536,2025-01-17
DVC-000537,537,2025-02-28
DVC-000538,538,2025-03-12
DVC-000539,539,2025-04-04
DVC-000540,540,2025-01-14
DVC-000541,541,2025-03-01
DVC-000543,543,2025-01-03
DVC-000544,544,2025-02-04
DVC-000545,545,2025-02-27
DVC-000547,547,2025-04-21
DVC-000548,548,2025-03-19
DVC-000549,549,2025-01-12
DVC-000550,550,2025-02-05
DVC-000551,551,2025-06-29
DVC-000553,553,2025-03-27
DVC-000554,554,2025-05-29
DVC-000555,555,2025-02-05
DVC-000556,556,2025-01-06
DVC-000557,557,2025-01-15
DVC-000558,558,2025-02-09
DVC-000559,559,2025-02-05
DVC-000560,560,2025-02-18
DVC-000561,561,2025-03-21
DVC-000562,562,2025-04-02
DVC-000563,563,2025-03-05
DVC-000564,564,2025-06-21
DVC-000565,565,2025-06-29
DVC-000566,566,2025-03-20
DVC-000567,567,2025-04-27
DVC-000568,568,2025-01-31
DVC-000569,569,2025-01-09
DVC-000570,570,2025-02-20
DVC-000571,571,2025-06-05
DVC-000572,572,2025-01-10
DVC-000573,573,2025-01-27
DVC-000574,574,2025-03-01
DVC-000575,575,2025-02-04
DVC-000576,576,2025-01-04
DVC-000577,577,2025-06-29
DVC-000578,578,2025-02-16
DVC-000579,579,2025-01-18
DVC-000580,580,2025-01-30
DVC-000581,581,2025-01-02
DVC-000582,582,2025-02-18
DVC-000583,583,2025-04-09
DVC-000584,584,2025-02-18
DVC-000585,585,2025-03-31
DVC-000586,586,2025-02-10
DVC-000587,587,2025-03-29
DVC-000588,588,2025-02-12
DVC-000589,589,2025-03-03
DVC-000591,591,2025-06-29
DVC-000592,592,2025-02-02
DVC-000593,593,2025-06-29
DVC-000594,594,2025-01-07
DVC-000595,595,2025-02-24
DVC-000596,596,2025-02-12
DVC-000597,597,2025-02-21
DVC-000598,598,2025-04-21
DVC-000599,599,2025-01-30
DVC-000600,600,2025-06-29
DVC-000601,601,2025-02-17
DVC-000602,602,2025-03-29
DVC-000603,603,2025-02-23
DVC-000604,604,2025-02-14
DVC-000605,605,2025-02-04
DVC-000606,606,2025-01-02
DVC-000607,607,2025-06-29
DVC-000608,608,2025-03-04
DVC-000609,609,2025-06-15
DVC-000610,610,2025-06-29
DVC-000611,611,2025-04-03
DVC-000612,612,2025-01-29
DVC-000613,613,2025-02-08
DVC-000615,615,2025-05-23
DVC-000616,616,2025-03-12
DVC-000617,617,2025-06-14
DVC-000618,618,2025-05-26
DVC-000619,619,2025-01-03
DVC-000620,620,2025-04-16
DVC-000621,621,2025-01-09
DVC-000622,622,2025-01-05
DVC-000623,623,2025-03-10
DVC-000624,624,2025-02-06
DVC-000625,625,2025-04-05
DVC-000626,626,2025-06-29
DVC-000627,627,2025-02-03
DVC-000629,629,2025-01-01
DVC-000630,630,2025-01-14
DVC-000631,631,2025-03-09
DVC-000632,632,2025-01-01
DVC-000633,633,2025-03-04
DVC-000634,634,2025-03-01
DVC-000635,635,2025-01-06
DVC-000636,636,2025-06-06
DVC-000637,637,2025-03-29
DVC-000638,638,2025-05-24
DVC-000639,639,2025-01-10
DVC-000640,640,2025-03-26
DVC-000641,641,2025-01-26
DVC-000642,642,2025-06-29
DVC-000643,643,2025-02-09
DVC-000644,644,2025-02-27
DVC-000645,645,2025-01-20
DVC-000646,646,2025-02-08
DVC-000647,647,2025-03-25
DVC-000648,648,2025-03-05
DVC-000649,649,2025-01-01
DVC-000650,650,2025-01-03
DVC-000651,651,2025-02-06
DVC-000652,652,2025-04-01
DVC-000653,653,2025-02-26
DVC-000654,654,2025-01-13
DVC-000655,655,2025-04-08
DVC-000656,656,2025-06-29
DVC-000657,657,2025-01-25
DVC-000658,658,2025-02-09
DVC-000659,659,2025-02-05
DVC-000660,660,2025-01-21
DVC-000661,661,2025-01-26
DVC-000662,662,2025-01-22
DVC-000664,664,2025-01-04
DVC-000665,665,2025-01-21
DVC-000666,666,2025-05-11
DVC-000667,667,2025-01-24
DVC-000668,668,2025-01-17
DVC-000669,669,2025-04-04
DVC-000670,670,2025-02-01
DVC-000671,671,2025-03-27
DVC-000672,672,2025-03-11
DVC-000673,673,2025-03-11
DVC-000674,674,2025-01-22
DVC-000675,675,2025-02-21
DVC-000676,676,2025-06-24
DVC-000677,677,2025-03-23
DVC-000678,678,2025-03-15
DVC-000679,679,2025-02-06
DVC-000680,680,2025-03-12
DVC-000681,681,2025-02-13
DVC-000682,682,2025-01-11
DVC-000684,684,2025-01-11
DVC-000685,685,2025-03-07
DVC-000686,686,2025-01-07
DVC-000687,687,2025-01-06
DVC-000688,688,2025-01-13
DVC-000689,689,2025-01-29
DVC-000690,690,2025-01-11
DVC-000691,691,2025-03-20
DVC-000692,692,2025-02-16
DVC-000693,693,2025-06-29
DVC-000694,694,2025-06-29
DVC-000695,695,2025-02-13
DVC-000696,696,2025-02-08
DVC-000697,697,2025-01-08
DVC-000698,698,2025-04-09
DVC-000699,699,2025-06-29
DVC-000700,700,2025-02-09
DVC-000701,701,2025-04-05
DVC-000702,702,2025-01-02
DVC-000703,703,2025-06-29
DVC-000704,704,2025-01-07
DVC-000705,705,2025-04-01
DVC-000706,706,2025-01-04
DVC-000707,707,2025-01-21
DVC-000708,708,2025-01-25
DVC-000709,709,2025-03-05
DVC-000710,710,2025-01-04
DVC-000711,711,2025-01-27
DVC-000712,712,2025-01-15
DVC-000713,713,2025-01-08
DVC-000714,714,2025-04-12
DVC-000715,715,2025-01-29
DVC-000716,716,2025-01-06
DVC-000717,717,2025-02-04
DVC-000718,718,2025-01-12
DVC-000719,719,2025-01-01
DVC-000720,720,2025-01-07
DVC-000721,721,2025-03-13
DVC-000722,722,2025-01-01
DVC-000723,723,2025-01-29
DVC-000725,725,2025-01-18
DVC-000726,726,2025-02-18
DVC-000727,727,2025-04-20
DVC-000728,728,2025-02-07
DVC-000729,729,2025-02-05
DVC-000730,730,2025-01-10
DVC-000731,731,2025-02-07
DVC-000732,732,2025-05-20
DVC-000733,733,2025-02-04
DVC-000734,734,2025-02-13
DVC-000735,735,2025-06-22
DVC-000737,737,2025-01-03
DVC-000738,738,2025-05-07
DVC-000739,739,2025-02-11
DVC-000740,740,2025-01-09
DVC-000741,741,2025-01-06
DVC-000742,742,2025-02-10
DVC-000743,743,2025-04-05
DVC-000744,744,2025-01-02
DVC-000745,745,2025-01-05
DVC-000746,746,2025-01-07
DVC-000747,747,2025-01-11
DVC-000748,748,2025-03-01
DVC-000749,749,2025-01-04
DVC-000750,750,2025-04-25
DVC-000751,751,2025-06-01
DVC-000752,752,2025-06-29
DVC-000753,753,2025-01-01
DVC-000754,754,2025-01-13
DVC-000756,756,2025-01-05
DVC-000757,757,2025-06-29
DVC-000758,758,2025-06-29
DVC-000759,759,2025-02-11
DVC-000760,760,2025-04-30
DVC-000761,761,2025-05-05
DVC-000763,763,2025-01-30
DVC-000764,764,2025-05-01
DVC-000765,765,2025-02-05
DVC-000766,766,2025-05-29
DVC-000767,767,2025-03-02
DVC-000768,768,2025-02-11
DVC-000769,769,2025-01-31
DVC-000770,770,2025-01-21
DVC-000771,771,2025-01-14
DVC-000772,772,2025-01-01
DVC-000773,773,2025-01-19
DVC-000774,774,2025-01-02
DVC-000775,775,2025-01-16
DVC-000776,776,2025-06-29
DVC-000777,777,2025-05-29
DVC-000778,778,2025-05-25
DVC-000779,779,2025-01-25
DVC-000780,780,2025-06-29
DVC-000781,781,2025-03-10
DVC-000782,782,2025-01-03
DVC-000783,783,2025-01-16
DVC-000784,784,2025-03-06
DVC-000785,785,2025-01-11
DVC-000786,786,2025-01-08
DVC-000787,787,2025-03-27
DVC-000788,788,2025-01-01
DVC-000789,789,2025-01-03
DVC-000790,790,2025-04-28
DVC-000791,791,2025-01-21
DVC-000792,792,2025-06-11
DVC-000793,793,2025-04-03
DVC-000794,794,2025-03-10
DVC-000795,795,2025-01-26
DVC-000796,796,2025-01-11
DVC-000797,797,2025-01-05
DVC-000798,798,2025-03-28
DVC-000799,799,2025-01-07
DVC-000800,800,2025-01-13
DVC-000801,801,2025-02-16
DVC-000802,802,2025-01-03
DVC-000803,803,2025-03-06
DVC-000804,804,2025-01-05
DVC-000805,805,2025-01-13
DVC-000806,806,2025-01-05
DVC-000807,807,2025-05-21
DVC-000808,808,2025-06-29
DVC-000809,809,2025-03-20
DVC-000810,810,2025-03-12
DVC-000811,811,2025-01-18
DVC-000812,812,2025-03-09
DVC-000813,813,2025-03-12
DVC-000814,814,2025-03-27
DVC-000815,815,2025-04-07
DVC-000816,816,2025-04-10
DVC-000817,817,2025-01-02
DVC-000818,818,2025-03-12
DVC-000819,819,2025-02-28
DVC-000820,820,2025-05-04
DVC-000821,821,2025-01-08
DVC-000822,822,2025-03-09
DVC-000823,823,2025-02-08
DVC-000824,824,2025-02-09
DVC-000825,825,2025-01-10
DVC-000826,826,2025-03-28
DVC-000827,827,2025-02-12
DVC-000828,828,2025-01-07
DVC-000829,829,2025-06-29
DVC-000830,830,2025-02-26
DVC-000831,831,2025-01-31
DVC-000832,832,2025-06-29
DVC-000833,833,2025-04-22
DVC-000834,834,2025-04-03
DVC-000835,835,2025-01-05
DVC-000836,836,2025-03-09
DVC-000837,837,2025-05-12
DVC-000838,838,2025-02-11
DVC-000839,839,2025-03-29
DVC-000840,840,2025-01-20
DVC-000842,842,2025-05-10
DVC-000843,843,2025-02-02
DVC-000844,844,2025-02-12
DVC-000845,845,2025-01-22
DVC-000846,846,2025-02-11
DVC-000847,847,2025-01-21
DVC-000848,848,2025-01-04
DVC-000849,849,2025-04-30
DVC-000850,850,2025-01-12
DVC-000851,851,2025-01-24
DVC-000852,852,2025-04-27
DVC-000853,853,2025-03-07
DVC-000855,855,2025-05-11
DVC-000856,856,2025-01-11
DVC-000857,857,2025-02-10
DVC-000858,858,2025-02-07
DVC-000859,859,2025-06-29
DVC-000861,861,2025-01-14
DVC-000862,862,2025-01-11
DVC-000863,863,2025-01-28
DVC-000864,864,2025-01-14
DVC-000865,865,2025-01-29
DVC-000866,866,2025-01-07
DVC-000867,867,2025-02-23
DVC-000868,868,2025-01-14
DVC-000869,869,2025-01-15
DVC-000870,870,2025-06-29
DVC-000871,871,2025-04-12
DVC-000872,872,2025-05-09
DVC-000873,873,2025-01-04
DVC-000874,874,2025-01-19
DVC-000875,875,2025-01-29
DVC-000876,876,2025-04-15
DVC-000878,878,2025-01-01
DVC-000879,879,2025-01-21
DVC-000880,880,2025-04-12
DVC-000881,881,2025-06-29
DVC-000882,882,2025-01-26
DVC-000883,883,2025-02-07
DVC-000884,884,2025-02-25
DVC-000885,885,2025-02-07
DVC-000886,886,2025-04-10
DVC-000887,887,2025-05-13
DVC-000888,888,2025-01-13
DVC-000889,889,2025-02-17
DVC-000890,890,2025-01-07
DVC-000891,891,2025-01-11
DVC-000892,892,2025-02-08
DVC-000893,893,2025-01-23
DVC-000894,894,2025-01-06
DVC-000895,895,2025-02-14
DVC-000896,896,2025-03-22
DVC-000897,897,2025-03-20
DVC-000898,898,2025-01-23
DVC-000899,899,2025-02-16
DVC-000900,900,2025-01-14
DVC-000901,901,2025-01-16
DVC-000902,902,2025-01-24
DVC-000903,903,2025-06-20
DVC-000904,904,2025-02-02
DVC-000905,905,2025-02-22
DVC-000906,906,2025-02-15
DVC-000907,907,2025-03-24
DVC-000908,908,2025-06-25
DVC-000909,909,2025-01-26
DVC-000910,910,2025-03-20
DVC-000911,911,2025-01-25
DVC-000912,912,2025-05-05
DVC-000913,913,2025-01-09
DVC-000914,914,2025-01-09
DVC-000915,915,2025-02-14
DVC-000916,916,2025-01-06
DVC-000917,917,2025-01-20
DVC-000918,918,2025-02-16
DVC-000919,919,2025-01-19
DVC-000920,920,2025-06-08
DVC-000921,921,2025-02-16
DVC-000922,922,2025-02-08
DVC-000923,923,2025-02-14
DVC-000924,924,2025-03-18
DVC-000926,926,2025-03-26
DVC-000927,927,2025-06-02
DVC-000928,928,2025-05-03
DVC-000929,929,2025-02-13
DVC-000930,930,2025-01-15
DVC-000931,931,2025-01-20
DVC-000932,932,2025-04-07
DVC-000933,933,2025-02-25
DVC-000934,934,2025-01-24
DVC-000935,935,2025-01-02
DVC-000936,936,2025-04-29
DVC-000937,937,2025-01-10
DVC-000938,938,2025-02-05
DVC-000940,940,2025-01-26
DVC-000941,941,2025-01-05
DVC-000942,942,2025-01-20
DVC-000943,943,2025-05-31
DVC-000944,944,2025-02-06
DVC-000945,945,2025-02-05
DVC-000946,946,2025-02-23
DVC-000947,947,2025-01-27
DVC-000948,948,2025-01-24
DVC-000949,949,2025-01-02
DVC-000950,950,2025-04-04
DVC-000951,951,2025-03-14
DVC-000952,952,2025-01-31
DVC-000953,953,2025-02-28
DVC-000954,954,2025-01-31
DVC-000955,955,2025-01-08
DVC-000956,956,2025-01-10
DVC-000957,957,2025-06-29
DVC-000958,958,2025-03-18
DVC-000959,959,2025-01-27
DVC-000960,960,2025-03-27
DVC-000961,961,2025-02-13
DVC-000962,962,2025-04-03
DVC-000963,963,2025-03-07
DVC-000964,964,2025-03-26
DVC-000965,965,2025-01-01
DVC-000966,966,2025-06-29
DVC-000967,967,2025-01-03
DVC-000969,969,2025-01-08
DVC-000970,970,2025-01-13
DVC-000971,971,2025-02-01
DVC-000972,972,2025-01-27
DVC-000973,973,2025-06-23
DVC-000974,974,2025-01-30
DVC-000975,975,2025-06-29
DVC-000976,976,2025-02-22
DVC-000977,977,2025-01-30
DVC-000978,978,2025-02-24
DVC-000979,979,2025-02-21
DVC-000980,980,2025-01-18
DVC-000981,981,2025-01-18
DVC-000982,982,2025-05-18
DVC-000984,984,2025-02-13
DVC-000985,985,2025-06-29
DVC-000986,986,2025-01-23
DVC-000987,987,2025-04-11
DVC-000988,988,2025-01-23
DVC-000989,989,2025-06-29
DVC-000990,990,2025-01-10
DVC-000991,991,2025-02-01
DVC-000992,992,2025-02-13
DVC-000993,993,2025-03-24
DVC-000994,994,2025-02-21
DVC-000995,995,2025-04-03
DVC-000996,996,2025-01-10
DVC-000997,997,2025-04-06
DVC-000998,998,2025-05-28
DVC-000999,999,2025-03-28
DVC-001000,1000,2025-01-24
DVC-001001,1001,2025-01-14
DVC-001002,1002,2025-01-20
DVC-001003,1003,2025-01-08
DVC-001004,1004,2025-03-07
DVC-001005,1005,2025-02-17
DVC-001006,1006,2025-02-17
DVC-001007,1007,2025-02-28
DVC-001008,1008,2025-05-18
DVC-001009,1009,2025-01-05
DVC-001010,1010,2025-01-31
DVC-001011,1011,2025-01-15
DVC-001012,1012,2025-03-16
DVC-001013,1013,2025-05-08
DVC-001014,1014,2025-01-21
DVC-001015,1015,2025-02-07
DVC-001016,1016,2025-01-03
DVC-001017,1017,2025-02-08
DVC-001018,1018,2025-01-23
DVC-001019,1019,2025-02-28
DVC-001020,1020,2025-02-10
DVC-001021,1021,2025-04-07
DVC-001022,1022,2025-02-03
DVC-001023,1023,2025-02-08
DVC-001024,1024,2025-04-23
DVC-001025,1025,2025-02-04
DVC-001026,1026,2025-03-01
DVC-001027,1027,2025-01-16
DVC-001028,1028,2025-03-27
DVC-001029,1029,2025-03-03
DVC-001030,1030,2025-03-06
DVC-001031,1031,2025-03-09
DVC-001032,1032,2025-02-26
DVC-001033,1033,2025-01-05
DVC-001034,1034,2025-01-23
DVC-001035,1035,2025-05-06
DVC-001036,1036,2025-04-16
DVC-001037,1037,2025-04-14
DVC-001038,1038,2025-06-26
DVC-001039,1039,2025-02-20
DVC-001040,1040,2025-02-16
DVC-001041,1041,2025-02-11
DVC-001042,1042,2025-01-05
DVC-001043,1043,2025-02-14
DVC-001044,1044,2025-03-21
DVC-001045,1045,2025-01-20
DVC-001046,1046,2025-05-15
DVC-001047,1047,2025-03-02
DVC-001048,1048,2025-03-13
DVC-001049,1049,2025-02-26
DVC-001050,1050,2025-04-13
DVC-001051,1051,2025-02-07
DVC-001052,1052,2025-02-16
DVC-001053,1053,2025-01-17
DVC-001054,1054,2025-02-13
DVC-001055,1055,2025-01-17
DVC-001056,1056,2025-04-19
DVC-001057,1057,2025-02-21
DVC-001058,1058,2025-02-20
DVC-001059,1059,2025-04-07
DVC-001060,1060,2025-01-15
DVC-001061,1061,2025-01-16
DVC-001063,1063,2025-02-25
DVC-001064,1064,2025-02-20
DVC-001065,1065,2025-01-01
DVC-001066,1066,2025-01-30
DVC-001067,1067,2025-05-19
DVC-001068,1068,2025-04-11
DVC-001069,1069,2025-01-31
DVC-001070,1070,2025-03-05
DVC-001071,1071,2025-01-28
DVC-001072,1072,2025-02-06
DVC-001073,1073,2025-01-27
DVC-001074,1074,2025-01-15
DVC-001075,1075,2025-02-17
DVC-001076,1076,2025-02-10
DVC-001077,1077,2025-06-29
DVC-001078,1078,2025-01-07
DVC-001079,1079,2025-02-05
DVC-001080,1080,2025-03-28
DVC-001081,1081,2025-02-13
DVC-001082,1082,2025-06-09
DVC-001083,1083,2025-01-30
DVC-001084,1084,2025-01-10
DVC-001085,1085,2025-05-10
DVC-001087,1087,2025-02-03
DVC-001088,1088,2025-01-26
DVC-001089,1089,2025-02-25
DVC-001090,1090,2025-03-19
DVC-001091,1091,2025-02-08
DVC-001092,1092,2025-04-24
DVC-001093,1093,2025-01-03
DVC-001094,1094,2025-01-24
DVC-001095,1095,2025-02-22
DVC-001096,1096,2025-01-29
DVC-001097,1097,2025-01-10
DVC-001098,1098,2025-01-14
DVC-001099,1099,2025-01-31
DVC-001100,1100,2025-01-26
DVC-001101,1101,2025-03-20
DVC-001102,1102,2025-03-13
DVC-001103,1103,2025-03-09
DVC-001104,1104,2025-02-28
DVC-001105,1105,2025-03-25
DVC-001106,1106,2025-06-27
DVC-001107,1107,2025-01-21
DVC-001108,1108,2025-05-10
DVC-001109,1109,2025-01-01
DVC-001110,1110,2025-06-29
DVC-001111,1111,2025-01-07
DVC-001112,1112,2025-01-08
DVC-001113,1113,2025-02-04
DVC-001114,1114,2025-01-10
DVC-001115,1115,2025-01-01
DVC-001116,1116,2025-01-01
DVC-001117,1117,2025-01-21
DVC-001118,1118,2025-04-15
DVC-001119,1119,2025-01-08
DVC-001120,1120,2025-02-25
DVC-001121,1121,2025-04-14
DVC-001122,1122,2025-01-14
DVC-001123,1123,2025-01-21
DVC-001124,1124,2025-06-29
DVC-001125,1125,2025-03-14
DVC-001126,1126,2025-02-13
DVC-001127,1127,2025-04-22
DVC-001128,1128,2025-01-07
DVC-001129,1129,2025-04-03
DVC-001130,1130,2025-03-24
DVC-001131,1131,2025-01-28
DVC-001132,1132,2025-01-22
DVC-001133,1133,2025-02-19
DVC-001134,1134,2025-03-29
DVC-001135,1135,2025-04-07
DVC-001136,1136,2025-05-16
DVC-001137,1137,2025-01-13
DVC-001138,1138,2025-01-17
DVC-001139,1139,2025-03-23
DVC-001140,1140,2025-01-13
DVC-001141,1141,2025-01-01
DVC-001142,1142,2025-01-15
DVC-001143,1143,2025-01-22
DVC-001144,1144,2025-01-22
DVC-001145,1145,2025-03-09
DVC-001146,1146,2025-03-02
DVC-001147,1147,2025-02-05
DVC-001148,1148,2025-03-19
DVC-001149,1149,2025-02-10
DVC-001150,1150,2025-03-04
DVC-001151,1151,2025-06-29
DVC-001152,1152,2025-03-26
DVC-001153,1153,2025-01-19
DVC-001154,1154,2025-01-11
DVC-001155,1155,2025-06-20
DVC-001156,1156,2025-03-06
DVC-001157,1157,2025-04-18
DVC-001158,1158,2025-02-22
DVC-001159,1159,2025-02-22
DVC-001160,1160,2025-06-29
DVC-001161,1161,2025-05-29
DVC-001162,1162,2025-01-04
DVC-001163,1163,2025-01-12
DVC-001164,1164,2025-01-27
DVC-001165,1165,2025-01-26
DVC-001166,1166,2025-01-12
DVC-001167,1167,2025-03-08
DVC-001168,1168,2025-02-03
DVC-001169,1169,2025-05-11
DVC-001170,1170,2025-01-27
DVC-001171,1171,2025-02-14
DVC-001172,1172,2025-02-02
DVC-001173,1173,2025-03-05
DVC-001174,1174,2025-01-18
DVC-001175,1175,2025-04-17
DVC-001176,1176,2025-06-29
DVC-001177,1177,2025-01-05
DVC-001178,1178,2025-01-01
DVC-001179,1179,2025-02-01
DVC-001180,1180,2025-02-16
DVC-001181,1181,2025-03-19
DVC-001182,1182,2025-02-02
DVC-001183,1183,2025-02-07
DVC-001184,1184,2025-02-25
DVC-001185,1185,2025-01-31
DVC-001186,1186,2025-06-29
DVC-001187,1187,2025-01-05
DVC-001188,1188,2025-01-08
DVC-001189,1189,2025-02-14
DVC-001190,1190,2025-01-19
DVC-001191,1191,2025-04-14
DVC-001192,1192,2025-01-26
DVC-001193,1193,2025-01-14
DVC-001195,1195,2025-02-28
DVC-001196,1196,2025-01-11
DVC-001197,1197,2025-02-03
DVC-001198,1198,2025-03-10
DVC-001199,1199,2025-03-19
DVC-001200,1200,2025-01-29
DVC-001201,1201,2025-01-03
DVC-001202,1202,2025-01-28
DVC-001203,1203,2025-02-02
DVC-001204,1204,2025-02-07
DVC-001205,1205,2025-01-17
DVC-001206,1206,2025-06-29
DVC-001207,1207,2025-03-25
DVC-001208,1208,2025-01-06
DVC-001209,1209,2025-01-06
DVC-001210,1210,2025-02-05
DVC-001211,1211,2025-04-07
DVC-001212,1212,2025-01-06
DVC-001214,1214,2025-03-06
DVC-001215,1215,2025-04-11
DVC-001216,1216,2025-04-14
DVC-001217,1217,2025-03-25
DVC-001218,1218,2025-02-26
DVC-001219,1219,2025-05-06
DVC-001220,1220,2025-03-02
DVC-001221,1221,2025-02-21
DVC-001222,1222,2025-02-15
DVC-001223,1223,2025-03-26
DVC-001224,1224,2025-01-21
DVC-001225,1225,2025-06-29
DVC-001226,1226,2025-04-07
DVC-001227,1227,2025-01-11
DVC-001228,1228,2025-03-18
DVC-001229,1229,2025-03-21
DVC-001230,1230,2025-01-08
DVC-001231,1231,2025-02-03
DVC-001232,1232,2025-01-21
DVC-001233,1233,2025-01-13
DVC-001234,1234,2025-01-18
DVC-001235,1235,2025-03-24
DVC-001236,1236,2025-02-12
DVC-001237,1237,2025-01-21
DVC-001238,1238,2025-01-14
DVC-001239,1239,2025-04-19
DVC-001240,1240,2025-02-06
DVC-001241,1241,2025-03-14
DVC-001242,1242,2025-02-03
DVC-001243,1243,2025-01-18
DVC-001244,1244,2025-03-26
DVC-001245,1245,2025-02-13
DVC-001246,1246,2025-03-04
DVC-001247,1247,2025-04-24
DVC-001248,1248,2025-06-04
DVC-001249,1249,2025-03-18
DVC-001250,1250,2025-02-28
DVC-001251,1251,2025-04-06
DVC-001252,1252,2025-01-20
DVC-001253,1253,2025-01-24
DVC-001254,1254,2025-03-20
DVC-001255,1255,2025-01-24
DVC-001256,1256,2025-01-23
DVC-001257,1257,2025-05-08
DVC-001258,1258,2025-04-12
DVC-001259,1259,2025-01-24
DVC-001261,1261,2025-04-15
DVC-001262,1262,2025-01-06
DVC-001263,1263,2025-03-18
DVC-001264,1264,2025-01-12
DVC-001265,1265,2025-04-28
DVC-001266,1266,2025-02-08
DVC-001267,1267,2025-01-11
DVC-001268,1268,2025-01-01
DVC-001269,1269,2025-01-02
DVC-001270,1270,2025-01-24
DVC-001271,1271,2025-04-03
DVC-001272,1272,2025-01-03
DVC-001273,1273,2025-03-22
DVC-001274,1274,2025-05-15
DVC-001275,1275,2025-01-26
DVC-001276,1276,2025-03-22
DVC-001277,1277,2025-01-01
DVC-001278,1278,2025-01-08
DVC-001279,1279,2025-01-18
DVC-001280,1280,2025-02-03
DVC-001281,1281,2025-03-16
DVC-001283,1283,2025-01-29
DVC-001284,1284,2025-02-13
DVC-001285,1285,2025-06-29
DVC-001286,1286,2025-02-17
DVC-001288,1288,2025-04-14
DVC-001289,1289,2025-06-29
DVC-001290,1290,2025-02-02
DVC-001291,1291,2025-03-08
DVC-001292,1292,2025-05-28
DVC-001293,1293,2025-01-27
DVC-001294,1294,2025-02-05
DVC-001295,1295,2025-02-16
DVC-001296,1296,2025-02-21
DVC-001297,1297,2025-03-22
DVC-001298,1298,2025-03-14
DVC-001299,1299,2025-02-02
DVC-001300,1300,2025-06-04
DVC-001301,1301,2025-02-04
DVC-001302,1302,2025-01-17
DVC-001303,1303,2025-02-28
DVC-001304,1304,2025-04-21
DVC-001305,1305,2025-01-19
DVC-001306,1306,2025-02-23
DVC-001308,1308,2025-01-02
DVC-001309,1309,2025-01-17
DVC-001310,1310,2025-03-12
DVC-001311,1311,2025-03-26
DVC-001312,1312,2025-01-16
DVC-001313,1313,2025-03-01
DVC-001314,1314,2025-02-03
DVC-001315,1315,2025-02-25
DVC-001316,1316,2025-01-03
DVC-001317,1317,2025-01-10
DVC-001318,1318,2025-01-14
DVC-001320,1320,2025-02-02
DVC-001321,1321,2025-02-04
DVC-001322,1322,2025-02-03
DVC-001323,1323,2025-01-09
DVC-001324,1324,2025-06-23
DVC-001326,1326,2025-02-18
DVC-001327,1327,2025-04-30
DVC-001328,1328,2025-01-09
DVC-001329,1329,2025-02-20
DVC-001330,1330,2025-01-30
DVC-001331,1331,2025-04-11
DVC-001332,1332,2025-02-09
DVC-001333,1333,2025-01-26
DVC-001334,1334,2025-01-01
DVC-001336,1336,2025-01-07
DVC-001337,1337,2025-02-28
DVC-001338,1338,2025-01-23
DVC-001339,1339,2025-06-29
DVC-001340,1340,2025-01-10
DVC-001341,1341,2025-06-12
DVC-001342,1342,2025-06-29
DVC-001343,1343,2025-01-19
DVC-001344,1344,2025-01-07
DVC-001345,1345,2025-03-05
DVC-001347,1347,2025-01-24
DVC-001348,1348,2025-03-23
DVC-001349,1349,2025-05-08
DVC-001350,1350,2025-02-25
DVC-001351,1351,2025-04-09
DVC-001352,1352,2025-01-08
DVC-001353,1353,2025-05-31
DVC-001354,1354,2025-01-09
DVC-001355,1355,2025-01-08
DVC-001356,1356,2025-01-19
DVC-001357,1357,2025-02-14
DVC-001358,1358,2025-01-11
DVC-001359,1359,2025-06-04
DVC-001360,1360,2025-01-16
DVC-001361,1361,2025-05-09
DVC-001362,1362,2025-05-30
DVC-001363,1363,2025-02-04
DVC-001364,1364,2025-05-15
DVC-001365,1365,2025-04-10
DVC-001366,1366,2025-02-01
DVC-001367,1367,2025-04-11
DVC-001368,1368,2025-03-11
DVC-001369,1369,2025-01-20
DVC-001370,1370,2025-06-29
DVC-001371,1371,2025-02-28
DVC-001372,1372,2025-04-23
DVC-001373,1373,2025-02-03
DVC-001374,1374,2025-03-06
DVC-001375,1375,2025-01-18
DVC-001376,1376,2025-01-23
DVC-001377,1377,2025-03-28
DVC-001378,1378,2025-05-03
DVC-001379,1379,2025-06-29
DVC-001380,1380,2025-02-11
DVC-001381,1381,2025-01-02
DVC-001382,1382,2025-01-12
DVC-001383,1383,2025-01-12
DVC-001384,1384,2025-06-29
DVC-001385,1385,2025-01-23
DVC-001386,1386,2025-01-24
DVC-001387,1387,2025-06-12
DVC-001388,1388,2025-02-17
DVC-001389,1389,2025-01-26
DVC-001390,1390,2025-01-02
DVC-001391,1391,2025-01-06
DVC-001392,1392,2025-01-15
DVC-001393,1393,2025-01-17
DVC-001394,1394,2025-02-06
DVC-001395,1395,2025-02-24
DVC-001396,1396,2025-01-17
DVC-001397,1397,2025-02-22
DVC-001398,1398,2025-02-03
DVC-001399,1399,2025-04-17
DVC-001400,1400,2025-02-15
DVC-001401,1401,2025-02-11
DVC-001402,1402,2025-01-29
DVC-001403,1403,2025-02-10
DVC-001404,1404,2025-01-22
DVC-001405,1405,2025-01-18
DVC-001406,1406,2025-02-21
DVC-001407,1407,2025-01-25
DVC-001408,1408,2025-01-24
DVC-001409,1409,2025-06-29
DVC-001410,1410,2025-03-11
DVC-001411,1411,2025-01-31
DVC-001412,1412,2025-03-08
DVC-001413,1413,2025-04-18
DVC-001414,1414,2025-06-29
DVC-001415,1415,2025-02-20
DVC-001416,1416,2025-01-04
DVC-001417,1417,2025-02-12
DVC-001418,1418,2025-01-06
DVC-001419,1419,2025-06-29
DVC-001420,1420,2025-01-10
DVC-001421,1421,2025-01-05
DVC-001422,1422,2025-05-19
DVC-001423,1423,2025-02-04
DVC-001424,1424,2025-02-13
DVC-001425,1425,2025-02-05
DVC-001426,1426,2025-06-09
DVC-001427,1427,2025-02-22
DVC-001428,1428,2025-02-08
DVC-001429,1429,2025-01-07
DVC-001430,1430,2025-06-25
DVC-001431,1431,2025-01-16
DVC-001432,1432,2025-06-15
DVC-001433,1433,2025-01-03
DVC-001434,1434,2025-05-03
DVC-001435,1435,2025-02-03
DVC-001436,1436,2025-06-29
DVC-001437,1437,2025-04-17
DVC-001438,1438,2025-01-08
DVC-001440,1440,2025-01-24
DVC-001441,1441,2025-06-29
DVC-001442,1442,2025-02-23
DVC-001443,1443,2025-02-23
DVC-001444,1444,2025-04-17
DVC-001445,1445,2025-03-15
DVC-001446,1446,2025-03-13
DVC-001447,1447,2025-04-26
DVC-001448,1448,2025-02-20
DVC-001449,1449,2025-03-21
DVC-001450,1450,2025-01-30
DVC-001451,1451,2025-02-15
DVC-001452,1452,2025-02-28
DVC-001453,1453,2025-01-31
DVC-001454,1454,2025-04-14
DVC-001455,1455,2025-05-23
DVC-001456,1456,2025-01-12
DVC-001457,1457,2025-04-21
DVC-001458,1458,2025-01-05
DVC-001459,1459,2025-01-15
DVC-001460,1460,2025-02-20
DVC-001461,1461,2025-04-26
DVC-001462,1462,2025-06-29
DVC-001463,1463,2025-03-04
DVC-001464,1464,2025-01-04
DVC-001465,1465,2025-04-02
DVC-001466,1466,2025-01-14
DVC-001467,1467,2025-01-16
DVC-001468,1468,2025-01-06
DVC-001469,1469,2025-02-09
DVC-001470,1470,2025-01-25
DVC-001471,1471,2025-05-03
DVC-001473,1473,2025-01-27
DVC-001474,1474,2025-01-22
DVC-001475,1475,2025-02-13
DVC-001476,1476,2025-01-18
DVC-001477,1477,2025-01-04
DVC-001478,1478,2025-01-27
DVC-001479,1479,2025-01-18
DVC-001480,1480,2025-03-20
DVC-001481,1481,2025-03-05
DVC-001482,1482,2025-01-16
DVC-001483,1483,2025-04-30
DVC-001484,1484,2025-02-19
DVC-001485,1485,2025-06-29
DVC-001486,1486,2025-03-31
DVC-001487,1487,2025-05-20
DVC-001488,1488,2025-06-29
DVC-001489,1489,2025-01-31
DVC-001490,1490,2025-03-08
DVC-001491,1491,2025-01-11
DVC-001492,1492,2025-01-17
DVC-001493,1493,2025-01-14
DVC-001494,1494,2025-02-07
DVC-001495,1495,2025-03-16
DVC-001496,1496,2025-02-20
DVC-001497,1497,2025-01-02
DVC-001498,1498,2025-01-15
DVC-001499,1499,2025-03-16
DVC-001500,1500,2025-03-02
DVC-001501,1501,2025-01-20
DVC-001502,1502,2025-01-22
DVC-001503,1503,2025-04-01
DVC-001504,1504,2025-02-13
DVC-001505,1505,2025-02-24
DVC-001506,1506,2025-02-04
DVC-001507,1507,2025-03-23
DVC-001508,1508,2025-05-14
DVC-001509,1509,2025-06-29
DVC-001510,1510,2025-03-09
DVC-001511,1511,2025-02-01
DVC-001512,1512,2025-01-10
DVC-001513,1513,2025-01-03
DVC-001514,1514,2025-06-29
DVC-001515,1515,2025-03-23
DVC-001516,1516,2025-01-30
DVC-001517,1517,2025-02-27
DVC-001518,1518,2025-04-24
DVC-001519,1519,2025-06-29
DVC-001520,1520,2025-01-14
DVC-001521,1521,2025-02-24
DVC-001522,1522,2025-04-06
DVC-001523,1523,2025-06-29
DVC-001524,1524,2025-03-27
DVC-001525,1525,2025-02-28
DVC-001527,1527,2025-01-22
DVC-001528,1528,2025-03-10
DVC-001529,1529,2025-04-29
DVC-001530,1530,2025-01-19
DVC-001531,1531,2025-06-11
DVC-001532,1532,2025-01-07
DVC-001533,1533,2025-01-30
DVC-001534,1534,2025-01-11
DVC-001535,1535,2025-01-06
DVC-001536,1536,2025-06-29
DVC-001537,1537,2025-01-20
DVC-001538,1538,2025-02-13
DVC-001539,1539,2025-02-28
DVC-001540,1540,2025-01-09
DVC-001541,1541,2025-01-21
DVC-001543,1543,2025-01-23
DVC-001544,1544,2025-02-09
DVC-001545,1545,2025-01-25
DVC-001546,1546,2025-04-12
DVC-001547,1547,2025-02-13
DVC-001548,1548,2025-02-01
DVC-001549,1549,2025-01-16
DVC-001550,1550,2025-03-28
DVC-001551,1551,2025-01-30
DVC-001552,1552,2025-01-30
DVC-001553,1553,2025-06-29
DVC-001554,1554,2025-01-04
DVC-001555,1555,2025-02-01
DVC-001556,1556,2025-02-25
DVC-001557,1557,2025-03-24
DVC-001558,1558,2025-03-21
DVC-001559,1559,2025-01-20
DVC-001560,1560,2025-01-01
DVC-001561,1561,2025-03-08
DVC-001562,1562,2025-02-23
DVC-001563,1563,2025-01-06
DVC-001564,1564,2025-02-12
DVC-001565,1565,2025-01-13
DVC-001566,1566,2025-01-08
DVC-001567,1567,2025-02-21
DVC-001568,1568,2025-03-09
DVC-001569,1569,2025-02-28
DVC-001570,1570,2025-01-23
DVC-001571,1571,2025-02-25
DVC-001572,1572,2025-02-06
DVC-001573,1573,2025-02-13
DVC-001574,1574,2025-03-18
DVC-001575,1575,2025-02-24
DVC-001576,1576,2025-03-01
DVC-001578,1578,2025-01-28
DVC-001579,1579,2025-02-14
DVC-001580,1580,2025-03-04
DVC-001581,1581,2025-04-17
DVC-001582,1582,2025-01-18
DVC-001583,1583,2025-03-30
DVC-001584,1584,2025-01-20
DVC-001585,1585,2025-01-24
DVC-001586,1586,2025-02-03
DVC-001587,1587,2025-01-07
DVC-001588,1588,2025-05-10
DVC-001589,1589,2025-04-29
DVC-001590,1590,2025-06-29
DVC-001591,1591,2025-02-24
DVC-001592,1592,2025-03-10
DVC-001593,1593,2025-01-22
DVC-001594,1594,2025-01-02
DVC-001595,1595,2025-03-21
DVC-001596,1596,2025-01-14
DVC-001597,1597,2025-01-18
DVC-001598,1598,2025-06-29
DVC-001599,1599,2025-01-10
DVC-001600,1600,2025-01-06
DVC-001601,1601,2025-01-05
DVC-001602,1602,2025-03-06
DVC-001603,1603,2025-01-27
DVC-001604,1604,2025-01-25
DVC-001605,1605,2025-02-17
DVC-001606,1606,2025-01-07
DVC-001607,1607,2025-01-09
DVC-001608,1608,2025-05-30
DVC-001609,1609,2025-05-08
DVC-001610,1610,2025-02-19
DVC-001611,1611,2025-05-28
DVC-001612,1612,2025-01-05
DVC-001613,1613,2025-02-18
DVC-001614,1614,2025-03-10
DVC-001615,1615,2025-04-22
DVC-001616,1616,2025-02-21
DVC-001617,1617,2025-02-20
DVC-001618,1618,2025-01-21
DVC-001619,1619,2025-03-08
DVC-001620,1620,2025-01-09
DVC-001621,1621,2025-04-28
DVC-001622,1622,2025-02-10
DVC-001623,1623,2025-01-07
DVC-001624,1624,2025-01-22
DVC-001625,1625,2025-02-07
DVC-001626,1626,2025-06-29
DVC-001627,1627,2025-03-09
DVC-001628,1628,2025-04-05
DVC-001629,1629,2025-06-29
DVC-001630,1630,2025-03-24
DVC-001631,1631,2025-01-05
DVC-001632,1632,2025-03-16
DVC-001634,1634,2025-01-23
DVC-001635,1635,2025-01-11
DVC-001636,1636,2025-02-18
DVC-001637,1637,2025-06-29
DVC-001638,1638,2025-04-02
DVC-001639,1639,2025-05-03
DVC-001640,1640,2025-03-30
DVC-001641,1641,2025-01-26
DVC-001642,1642,2025-02-27
DVC-001643,1643,2025-06-25
DVC-001644,1644,2025-01-22
DVC-001645,1645,2025-01-04
DVC-001646,1646,2025-06-29
DVC-001647,1647,2025-01-30
DVC-001648,1648,2025-06-29
DVC-001649,1649,2025-02-23
DVC-001650,1650,2025-02-19
DVC-001651,1651,2025-03-05
DVC-001652,1652,2025-02-21
DVC-001653,1653,2025-06-29
DVC-001654,1654,2025-02-02
DVC-001655,1655,2025-01-10
DVC-001656,1656,2025-04-28
DVC-001657,1657,2025-03-10
DVC-001658,1658,2025-01-03
DVC-001659,1659,2025-03-10
DVC-001660,1660,2025-04-10
DVC-001661,1661,2025-01-23
DVC-001662,1662,2025-02-01
DVC-001663,1663,2025-01-08
DVC-001664,1664,2025-01-21
DVC-001665,1665,2025-03-09
DVC-001666,1666,2025-01-02
DVC-001667,1667,2025-03-31
DVC-001668,1668,2025-06-24
DVC-001669,1669,2025-01-07
DVC-001670,1670,2025-02-04
DVC-001671,1671,2025-01-15
DVC-001672,1672,2025-02-09
DVC-001674,1674,2025-03-06
DVC-001675,1675,2025-02-01
DVC-001676,1676,2025-01-13
DVC-001677,1677,2025-06-29
DVC-001678,1678,2025-01-19
DVC-001679,1679,2025-01-22
DVC-001681,1681,2025-06-29
DVC-001682,1682,2025-04-02
DVC-001683,1683,2025-04-30
DVC-001684,1684,2025-04-27
DVC-001685,1685,2025-02-02
DVC-001686,1686,2025-02-05
DVC-001687,1687,2025-04-11
DVC-001688,1688,2025-03-19
DVC-001689,1689,2025-01-06
DVC-001690,1690,2025-02-11
DVC-001691,1691,2025-06-29
DVC-001693,1693,2025-03-02
DVC-001694,1694,2025-01-19
DVC-001695,1695,2025-06-29
DVC-001696,1696,2025-05-27
DVC-001697,1697,2025-02-12
DVC-001698,1698,2025-01-27
DVC-001699,1699,2025-01-20
DVC-001700,1700,2025-02-01
DVC-001701,1701,2025-01-11
DVC-001702,1702,2025-01-17
DVC-001703,1703,2025-01-03
DVC-001704,1704,2025-04-29
DVC-001705,1705,2025-01-06
DVC-001706,1706,2025-01-04
DVC-001707,1707,2025-04-28
DVC-001708,1708,2025-02-16
DVC-001709,1709,2025-03-19
DVC-001710,1710,2025-04-15
DVC-001711,1711,2025-02-11
DVC-001712,1712,2025-03-22
DVC-001713,1713,2025-02-14
DVC-001714,1714,2025-06-29
DVC-001715,1715,2025-04-12
DVC-001716,1716,2025-01-22
DVC-001717,1717,2025-02-13
DVC-001718,1718,2025-01-14
DVC-001719,1719,2025-03-18
DVC-001720,1720,2025-01-17
DVC-001721,1721,2025-02-13
DVC-001722,1722,2025-02-15
DVC-001723,1723,2025-02-19
DVC-001724,1724,2025-01-18
DVC-001725,1725,2025-02-14
DVC-001726,1726,2025-04-23
DVC-001727,1727,2025-01-18
DVC-001728,1728,2025-01-26
DVC-001730,1730,2025-01-14
DVC-001731,1731,2025-06-29
DVC-001732,1732,2025-03-29
DVC-001733,1733,2025-03-29
DVC-001734,1734,2025-03-17
DVC-001735,1735,2025-01-23
DVC-001736,1736,2025-02-06
DVC-001737,1737,2025-02-13
DVC-001738,1738,2025-02-16
DVC-001739,1739,2025-03-25
DVC-001740,1740,2025-01-23
DVC-001741,1741,2025-02-06
DVC-001742,1742,2025-06-29
DVC-001743,1743,2025-06-22
DVC-001744,1744,2025-01-22
DVC-001745,1745,2025-03-08
DVC-001746,1746,2025-01-15
DVC-001747,1747,2025-01-25
DVC-001748,1748,2025-01-24
DVC-001749,1749,2025-03-06
DVC-001750,1750,2025-06-09
DVC-001751,1751,2025-02-08
DVC-001752,1752,2025-06-29
DVC-001753,1753,2025-05-14
DVC-001754,1754,2025-02-15
DVC-001755,1755,2025-03-10
DVC-001756,1756,2025-02-27
DVC-001757,1757,2025-04-18
DVC-001758,1758,2025-02-24
DVC-001759,1759,2025-02-12
DVC-001760,1760,2025-02-24
DVC-001761,1761,2025-02-22
DVC-001763,1763,2025-01-02
DVC-001764,1764,2025-01-31
DVC-001765,1765,2025-01-27
DVC-001766,1766,2025-06-29
DVC-001767,1767,2025-02-20
DVC-001768,1768,2025-02-23
DVC-001769,1769,2025-03-07
DVC-001770,1770,2025-03-12
DVC-001771,1771,2025-01-11
DVC-001772,1772,2025-02-09
DVC-001773,1773,2025-01-05
DVC-001774,1774,2025-01-01
DVC-001775,1775,2025-02-13
DVC-001776,1776,2025-06-29
DVC-001777,1777,2025-02-08
DVC-001778,1778,2025-01-05
DVC-001779,1779,2025-01-21
DVC-001780,1780,2025-01-13
DVC-001782,1782,2025-01-23
DVC-001783,1783,2025-03-04
DVC-001784,1784,2025-02-03
DVC-001785,1785,2025-03-03
DVC-001786,1786,2025-02-27
DVC-001787,1787,2025-05-12
DVC-001788,1788,2025-01-23
DVC-001789,1789,2025-01-26
DVC-001790,1790,2025-02-08
DVC-001791,1791,2025-02-14
DVC-001792,1792,2025-01-14
DVC-001793,1793,2025-02-18
DVC-001794,1794,2025-03-21
DVC-001795,1795,2025-01-19
DVC-001796,1796,2025-05-09
DVC-001797,1797,2025-04-18
DVC-001798,1798,2025-04-10
DVC-001799,1799,2025-03-25
DVC-001800,1800,2025-03-05
DVC-001801,1801,2025-02-09
DVC-001802,1802,2025-03-08
DVC-001803,1803,2025-04-26
DVC-001804,1804,2025-02-04
DVC-001805,1805,2025-01-11
DVC-001806,1806,2025-06-29
DVC-001807,1807,2025-06-05
DVC-001808,1808,2025-01-27
DVC-001809,1809,2025-01-31
DVC-001810,1810,2025-04-05
DVC-001811,1811,2025-02-05
DVC-001812,1812,2025-02-06
DVC-001813,1813,2025-02-17
DVC-001814,1814,2025-01-17
DVC-001815,1815,2025-02-19
DVC-001816,1816,2025-01-15
DVC-001817,1817,2025-01-27
DVC-001819,1819,2025-01-05
DVC-001820,1820,2025-05-06
DVC-001821,1821,2025-01-25
DVC-001822,1822,2025-01-23
DVC-001823,1823,2025-06-29
DVC-001824,1824,2025-02-24
DVC-001825,1825,2025-01-04
DVC-001826,1826,2025-02-04
DVC-001827,1827,2025-01-26
DVC-001828,1828,2025-02-09
DVC-001829,1829,2025-01-13
DVC-001830,1830,2025-01-12
DVC-001831,1831,2025-01-06
DVC-001832,1832,2025-03-19
DVC-001833,1833,2025-01-02
DVC-001834,1834,2025-04-03
DVC-001835,1835,2025-01-11
DVC-001836,1836,2025-03-29
DVC-001837,1837,2025-03-19
DVC-001838,1838,2025-03-08
DVC-001839,1839,2025-01-03
DVC-001840,1840,2025-01-27
DVC-001841,1841,2025-03-06
DVC-001842,1842,2025-01-02
DVC-001843,1843,2025-01-23
DVC-001844,1844,2025-01-31
DVC-001845,1845,2025-05-07
DVC-001846,1846,2025-01-17
DVC-001847,1847,2025-01-14
DVC-001848,1848,2025-06-29
DVC-001849,1849,2025-01-28
DVC-001850,1850,2025-01-28
DVC-001851,1851,2025-03-28
DVC-001852,1852,2025-03-15
DVC-001853,1853,2025-02-04
DVC-001854,1854,2025-02-27
DVC-001855,1855,2025-01-25
DVC-001856,1856,2025-03-13
DVC-001857,1857,2025-01-10
DVC-001858,1858,2025-01-10
DVC-001859,1859,2025-01-27
DVC-001860,1860,2025-01-02
DVC-001861,1861,2025-01-16
DVC-001862,1862,2025-02-14
DVC-001863,1863,2025-01-26
DVC-001864,1864,2025-01-09
DVC-001865,1865,2025-06-29
DVC-001866,1866,2025-04-28
DVC-001867,1867,2025-01-19
DVC-001868,1868,2025-04-21
DVC-001869,1869,2025-06-04
DVC-001870,1870,2025-03-25
DVC-001871,1871,2025-01-04
DVC-001872,1872,2025-02-20
DVC-001873,1873,2025-02-14
DVC-001874,1874,2025-02-16
DVC-001875,1875,2025-01-08
DVC-001876,1876,2025-03-17
DVC-001877,1877,2025-05-09
DVC-001878,1878,2025-01-06
DVC-001879,1879,2025-01-20
DVC-001880,1880,2025-01-01
DVC-001881,1881,2025-04-15
DVC-001882,1882,2025-06-29
DVC-001883,1883,2025-01-02
DVC-001884,1884,2025-05-18
DVC-001885,1885,2025-02-05
DVC-001886,1886,2025-06-23
DVC-001887,1887,2025-06-29
DVC-001888,1888,2025-04-08
DVC-001889,1889,2025-01-09
DVC-001890,1890,2025-02-17
DVC-001891,1891,2025-01-12
DVC-001892,1892,2025-06-29
DVC-001893,1893,2025-02-08
DVC-001894,1894,2025-01-16
DVC-001896,1896,2025-06-29
DVC-001897,1897,2025-01-07
DVC-001898,1898,2025-03-20
DVC-001899,1899,2025-05-13
DVC-001900,1900,2025-02-01
DVC-001901,1901,2025-03-07
DVC-001902,1902,2025-02-18
DVC-001903,1903,2025-02-06
DVC-001904,1904,2025-01-31
DVC-001905,1905,2025-01-05
DVC-001906,1906,2025-01-21
DVC-001907,1907,2025-01-12
DVC-001908,1908,2025-02-06
DVC-001909,1909,2025-03-26
DVC-001910,1910,2025-01-17
DVC-001911,1911,2025-01-20
DVC-001912,1912,2025-01-24
DVC-001913,1913,2025-04-04
DVC-001914,1914,2025-04-30
DVC-001915,1915,2025-01-09
DVC-001916,1916,2025-05-21
DVC-001917,1917,2025-04-03
DVC-001918,1918,2025-01-06
DVC-001919,1919,2025-03-08
DVC-001920,1920,2025-02-23
DVC-001921,1921,2025-02-14
DVC-001922,1922,2025-01-05
DVC-001923,1923,2025-03-04
DVC-001924,1924,2025-02-16
DVC-001925,1925,2025-01-19
DVC-001926,1926,2025-02-05
DVC-001927,1927,2025-03-30
DVC-001928,1928,2025-01-03
DVC-001929,1929,2025-02-02
DVC-001930,1930,2025-04-21
DVC-001931,1931,2025-02-03
DVC-001932,1932,2025-04-28
DVC-001933,1933,2025-01-11
DVC-001934,1934,2025-03-30
DVC-001935,1935,2025-06-16
DVC-001936,1936,2025-01-10
DVC-001937,1937,2025-04-16
DVC-001938,1938,2025-01-19
DVC-001939,1939,2025-01-08
DVC-001940,1940,2025-01-07
DVC-001941,1941,2025-02-01
DVC-001942,1942,2025-01-01
DVC-001943,1943,2025-01-17
DVC-001944,1944,2025-02-01
DVC-001945,1945,2025-02-05
DVC-001946,1946,2025-01-14
DVC-001947,1947,2025-01-23
DVC-001948,1948,2025-01-13
DVC-001949,1949,2025-01-17
DVC-001950,1950,2025-03-13
DVC-001951,1951,2025-02-02
DVC-001952,1952,2025-03-23
DVC-001953,1953,2025-01-17
DVC-001954,1954,2025-01-02
DVC-001955,1955,2025-02-16
DVC-001956,1956,2025-03-17
DVC-001957,1957,2025-01-06
DVC-001958,1958,2025-03-09
DVC-001959,1959,2025-01-08
DVC-001960,1960,2025-01-22
DVC-001961,1961,2025-02-18
DVC-001962,1962,2025-01-07
DVC-001963,1963,2025-02-28
DVC-001964,1964,2025-02-15
DVC-001965,1965,2025-03-06
DVC-001966,1966,2025-01-05
DVC-001967,1967,2025-01-18
DVC-001969,1969,2025-01-02
DVC-001970,1970,2025-04-15
DVC-001971,1971,2025-03-20
DVC-001972,1972,2025-01-06
DVC-001973,1973,2025-01-11
DVC-001974,1974,2025-04-01
DVC-001975,1975,2025-02-09
DVC-001977,1977,2025-01-19
DVC-001978,1978,2025-02-04
DVC-001979,1979,2025-01-27
DVC-001980,1980,2025-02-01
DVC-001981,1981,2025-04-17
DVC-001982,1982,2025-01-03
DVC-001983,1983,2025-05-12
DVC-001984,1984,2025-01-21
DVC-001985,1985,2025-01-20
DVC-001986,1986,2025-03-09
DVC-001987,1987,2025-04-28
DVC-001988,1988,2025-02-19
DVC-001989,1989,2025-01-17
DVC-001990,1990,2025-01-07
DVC-001991,1991,2025-02-02
DVC-001992,1992,2025-01-05
DVC-001993,1993,2025-04-25
DVC-001994,1994,2025-01-21
DVC-001995,1995,2025-03-19
DVC-001996,1996,2025-04-09
DVC-001997,1997,2025-02-21
DVC-001998,1998,2025-03-21
DVC-001999,1999,2025-02-20
DVC-002000,2000,2025-01-26
DVC-002001,2001,2025-03-17
DVC-002002,2002,2025-03-12
DVC-002003,2003,2025-01-10
DVC-002004,2004,2025-03-27
DVC-002005,2005,2025-01-27
DVC-002006,2006,2025-06-10
DVC-002007,2007,2025-04-21
DVC-002008,2008,2025-02-13
DVC-002009,2009,2025-02-26
DVC-002010,2010,2025-01-09
DVC-002011,2011,2025-02-10
DVC-002012,2012,2025-02-05
DVC-002013,2013,2025-01-28
DVC-002014,2014,2025-02-06
DVC-002015,2015,2025-06-29
DVC-002016,2016,2025-01-10
DVC-002017,2017,2025-01-06
DVC-002018,2018,2025-02-06
DVC-002019,2019,2025-01-25
DVC-002020,2020,2025-03-04
DVC-002021,2021,2025-01-17
DVC-002022,2022,2025-04-27
DVC-002023,2023,2025-04-09
DVC-002024,2024,2025-01-13
DVC-002025,2025,2025-01-09
DVC-002026,2026,2025-03-09
DVC-002027,2027,2025-01-03
DVC-002028,2028,2025-01-19
DVC-002029,2029,2025-05-01
DVC-002030,2030,2025-01-09
DVC-002031,2031,2025-02-21
DVC-002032,2032,2025-02-07
DVC-002033,2033,2025-06-29
DVC-002034,2034,2025-01-28
DVC-002035,2035,2025-04-12
DVC-002036,2036,2025-05-22
DVC-002037,2037,2025-01-10
DVC-002038,2038,2025-02-08
DVC-002039,2039,2025-02-14
DVC-002040,2040,2025-02-08
DVC-002041,2041,2025-04-15
DVC-002043,2043,2025-01-17
DVC-002044,2044,2025-01-13
DVC-002045,2045,2025-01-06
DVC-002046,2046,2025-01-16
DVC-002047,2047,2025-01-23
DVC-002048,2048,2025-01-24
DVC-002049,2049,2025-01-02
DVC-002050,2050,2025-02-13
DVC-002051,2051,2025-01-11
DVC-002052,2052,2025-02-01
DVC-002053,2053,2025-02-09
DVC-002054,2054,2025-02-24
DVC-002055,2055,2025-01-29
DVC-002056,2056,2025-01-06
DVC-002057,2057,2025-01-01
DVC-002058,2058,2025-01-30
DVC-002059,2059,2025-04-06
DVC-002060,2060,2025-06-29
DVC-002061,2061,2025-03-20
DVC-002062,2062,2025-01-27
DVC-002063,2063,2025-06-10
DVC-002064,2064,2025-05-24
DVC-002065,2065,2025-03-29
DVC-002066,2066,2025-05-29
DVC-002067,2067,2025-03-24
DVC-002068,2068,2025-02-14
DVC-002069,2069,2025-04-03
DVC-002070,2070,2025-03-01
DVC-002071,2071,2025-05-18
DVC-002072,2072,2025-01-15
DVC-002073,2073,2025-01-10
DVC-002074,2074,2025-02-06
DVC-002075,2075,2025-01-08
DVC-002076,2076,2025-02-07
DVC-002077,2077,2025-03-10
DVC-002078,2078,2025-04-25
DVC-002079,2079,2025-06-29
DVC-002081,2081,2025-01-29
DVC-002082,2082,2025-01-27
DVC-002083,2083,2025-01-03
DVC-002084,2084,2025-01-11
DVC-002085,2085,2025-01-07
DVC-002086,2086,2025-02-19
DVC-002087,2087,2025-02-03
DVC-002088,2088,2025-06-18
DVC-002089,2089,2025-01-02
DVC-002090,2090,2025-01-20
DVC-002091,2091,2025-01-31
DVC-002092,2092,2025-02-24
DVC-002093,2093,2025-01-16
DVC-002094,2094,2025-01-23
DVC-002095,2095,2025-01-16
DVC-002096,2096,2025-03-11
DVC-002097,2097,2025-01-16
DVC-002098,2098,2025-03-16
DVC-002099,2099,2025-03-16
DVC-002100,2100,2025-02-15
DVC-002101,2101,2025-01-22
DVC-002102,2102,2025-01-08
DVC-002103,2103,2025-02-03
DVC-002104,2104,2025-03-09
DVC-002105,2105,2025-06-29
DVC-002106,2106,2025-01-23
DVC-002107,2107,2025-01-09
DVC-002108,2108,2025-01-06
DVC-002109,2109,2025-05-14
DVC-002110,2110,2025-02-11
DVC-002111,2111,2025-01-22
DVC-002112,2112,2025-02-05
DVC-002113,2113,2025-01-25
DVC-002114,2114,2025-02-03
DVC-002115,2115,2025-02-28
DVC-002116,2116,2025-01-16
DVC-002117,2117,2025-03-22
DVC-002118,2118,2025-04-05
DVC-002119,2119,2025-01-09
DVC-002120,2120,2025-01-10
DVC-002121,2121,2025-02-03
DVC-002122,2122,2025-03-23
DVC-002123,2123,2025-01-27
DVC-002124,2124,2025-06-29
DVC-002125,2125,2025-04-09
DVC-002126,2126,2025-01-04
DVC-002127,2127,2025-02-22
DVC-002128,2128,2025-03-21
DVC-002129,2129,2025-01-09
DVC-002131,2131,2025-01-15
DVC-002132,2132,2025-01-14
DVC-002133,2133,2025-02-26
DVC-002134,2134,2025-01-04
DVC-002135,2135,2025-03-04
DVC-002136,2136,2025-01-17
DVC-002137,2137,2025-01-15
DVC-002138,2138,2025-03-14
DVC-002139,2139,2025-02-11
DVC-002140,2140,2025-03-18
DVC-002141,2141,2025-02-17
DVC-002142,2142,2025-05-09
DVC-002143,2143,2025-04-06
DVC-002145,2145,2025-03-04
DVC-002146,2146,2025-01-08
DVC-002147,2147,2025-03-14
DVC-002148,2148,2025-01-07
DVC-002149,2149,2025-01-02
DVC-002150,2150,2025-01-31
DVC-002151,2151,2025-01-27
DVC-002152,2152,2025-03-10
DVC-002153,2153,2025-01-06
DVC-002154,2154,2025-05-18
DVC-002155,2155,2025-04-20
DVC-002156,2156,2025-06-16
DVC-002157,2157,2025-01-07
DVC-002158,2158,2025-01-26
DVC-002159,2159,2025-01-12
DVC-002160,2160,2025-01-15
DVC-002161,2161,2025-02-04
DVC-002162,2162,2025-01-19
DVC-002163,2163,2025-01-15
DVC-002164,2164,2025-01-27
DVC-002165,2165,2025-02-15
DVC-002166,2166,2025-01-12
DVC-002167,2167,2025-01-25
DVC-002168,2168,2025-02-07
DVC-002170,2170,2025-02-16
DVC-002171,2171,2025-06-15
DVC-002172,2172,2025-06-29
DVC-002173,2173,2025-01-13
DVC-002174,2174,2025-01-06
DVC-002175,2175,2025-06-26
DVC-002176,2176,2025-05-26
DVC-002177,2177,2025-06-29
DVC-002178,2178,2025-03-27
DVC-002179,2179,2025-01-07
DVC-002180,2180,2025-02-26
DVC-002181,2181,2025-02-15
DVC-002182,2182,2025-04-15
DVC-002183,2183,2025-01-13
DVC-002184,2184,2025-01-12
DVC-002185,2185,2025-02-21
DVC-002186,2186,2025-01-08
DVC-002187,2187,2025-01-09
DVC-002188,2188,2025-05-19
DVC-002189,2189,2025-06-14
DVC-002190,2190,2025-05-04
DVC-002191,2191,2025-03-20
DVC-002192,2192,2025-01-24
DVC-002193,2193,2025-01-25
DVC-002194,2194,2025-04-23
DVC-002195,2195,2025-06-29
DVC-002196,2196,2025-01-01
DVC-002197,2197,2025-06-29
DVC-002198,2198,2025-01-13
DVC-002199,2199,2025-04-16
DVC-002200,2200,2025-01-15
DVC-002201,2201,2025-01-28
DVC-002202,2202,2025-03-03
DVC-002203,2203,2025-01-17
DVC-002204,2204,2025-05-26
DVC-002205,2205,2025-01-10
DVC-002206,2206,2025-01-05
DVC-002207,2207,2025-06-29
DVC-002208,2208,2025-04-09
DVC-002209,2209,2025-01-29
DVC-002210,2210,2025-02-08
DVC-002211,2211,2025-03-07
DVC-002212,2212,2025-04-07
DVC-002213,2213,2025-01-29
DVC-002214,2214,2025-03-03
DVC-002215,2215,2025-01-19
DVC-002216,2216,2025-01-03
DVC-002217,2217,2025-04-19
DVC-002218,2218,2025-01-07
DVC-002219,2219,2025-01-02
DVC-002220,2220,2025-05-12
DVC-002221,2221,2025-05-19
DVC-002222,2222,2025-02-05
DVC-002223,2223,2025-02-18
DVC-002224,2224,2025-01-27
DVC-002225,2225,2025-02-01
DVC-002226,2226,2025-01-17
DVC-002227,2227,2025-01-15
DVC-002228,2228,2025-01-25
DVC-002229,2229,2025-04-18
DVC-002230,2230,2025-06-29
DVC-002232,2232,2025-03-15
DVC-002233,2233,2025-02-09
DVC-002234,2234,2025-01-21
DVC-002235,2235,2025-03-02
DVC-002236,2236,2025-01-05
DVC-002237,2237,2025-06-29
DVC-002238,2238,2025-03-16
DVC-002239,2239,2025-05-07
DVC-002240,2240,2025-01-01
DVC-002241,2241,2025-01-07
DVC-002242,2242,2025-03-27
DVC-002243,2243,2025-01-02
DVC-002244,2244,2025-02-16
DVC-002245,2245,2025-01-16
DVC-002246,2246,2025-01-23
DVC-002247,2247,2025-03-16
DVC-002248,2248,2025-01-17
DVC-002249,2249,2025-01-23
DVC-002250,2250,2025-02-27
DVC-002251,2251,2025-01-11
DVC-002252,2252,2025-03-15
DVC-002253,2253,2025-04-24
DVC-002254,2254,2025-05-24
DVC-002255,2255,2025-02-15
DVC-002256,2256,2025-01-16
DVC-002257,2257,2025-01-11
DVC-002258,2258,2025-01-11
DVC-002259,2259,2025-01-03
DVC-002260,2260,2025-03-22
DVC-002261,2261,2025-02-10
DVC-002262,2262,2025-05-12
DVC-002263,2263,2025-01-08
DVC-002264,2264,2025-06-29
DVC-002265,2265,2025-02-04
DVC-002266,2266,2025-01-08
DVC-002267,2267,2025-01-02
DVC-002268,2268,2025-01-14
DVC-002269,2269,2025-04-24
DVC-002270,2270,2025-01-14
DVC-002271,2271,2025-03-15
DVC-002272,2272,2025-01-05
DVC-002273,2273,2025-02-04
DVC-002274,2274,2025-02-28
DVC-002275,2275,2025-04-15
DVC-002276,2276,2025-03-06
DVC-002277,2277,2025-01-03
DVC-002278,2278,2025-04-01
DVC-002279,2279,2025-01-01
DVC-002280,2280,2025-01-12
DVC-002281,2281,2025-05-25
DVC-002282,2282,2025-03-17
DVC-002283,2283,2025-03-12
DVC-002284,2284,2025-02-11
DVC-002285,2285,2025-03-14
DVC-002286,2286,2025-01-13
DVC-002287,2287,2025-02-16
DVC-002288,2288,2025-01-27
DVC-002289,2289,2025-01-24
DVC-002290,2290,2025-03-06
DVC-002291,2291,2025-01-18
DVC-002292,2292,2025-02-27
DVC-002293,2293,2025-02-01
DVC-002295,2295,2025-01-17
DVC-002296,2296,2025-01-05
DVC-002297,2297,2025-05-13
DVC-002298,2298,2025-06-29
DVC-002299,2299,2025-03-09
DVC-002300,2300,2025-01-03
DVC-002301,2301,2025-01-02
DVC-002302,2302,2025-01-07
DVC-002303,2303,2025-05-08
DVC-002304,2304,2025-06-29
DVC-002305,2305,2025-01-10
DVC-002306,2306,2025-01-11
DVC-002307,2307,2025-01-14
DVC-002308,2308,2025-04-27
DVC-002309,2309,2025-02-28
DVC-002310,2310,2025-02-25
DVC-002311,2311,2025-01-01
DVC-002312,2312,2025-02-06
DVC-002313,2313,2025-02-10
DVC-002314,2314,2025-01-17
DVC-002315,2315,2025-01-03
DVC-002316,2316,2025-03-05
DVC-002317,2317,2025-03-03
DVC-002318,2318,2025-01-22
DVC-002319,2319,2025-04-17
DVC-002320,2320,2025-04-09
DVC-002321,2321,2025-03-20
DVC-002322,2322,2025-02-08
DVC-002324,2324,2025-01-18
DVC-002325,2325,2025-02-08
DVC-002326,2326,2025-04-28
DVC-002327,2327,2025-03-27
DVC-002328,2328,2025-02-11
DVC-002329,2329,2025-02-25
DVC-002330,2330,2025-04-11
DVC-002331,2331,2025-02-07
DVC-002332,2332,2025-01-08
DVC-002333,2333,2025-01-16
DVC-002334,2334,2025-02-17
DVC-002335,2335,2025-01-04
DVC-002336,2336,2025-03-06
DVC-002337,2337,2025-01-06
DVC-002338,2338,2025-01-26
DVC-002339,2339,2025-03-04
DVC-002340,2340,2025-01-12
DVC-002341,2341,2025-02-13
DVC-002342,2342,2025-06-29
DVC-002343,2343,2025-01-05
DVC-002344,2344,2025-02-28
DVC-002345,2345,2025-03-06
DVC-002346,2346,2025-03-08
DVC-002347,2347,2025-06-29
DVC-002348,2348,2025-03-17
DVC-002349,2349,2025-06-29
DVC-002350,2350,2025-02-12
DVC-002351,2351,2025-02-13
DVC-002352,2352,2025-06-29
DVC-002353,2353,2025-02-26
DVC-002354,2354,2025-01-21
DVC-002355,2355,2025-03-30
DVC-002356,2356,2025-03-03
DVC-002357,2357,2025-03-20
DVC-002358,2358,2025-02-26
DVC-002359,2359,2025-04-24
DVC-002360,2360,2025-01-30
DVC-002361,2361,2025-01-12
DVC-002362,2362,2025-01-16
DVC-002363,2363,2025-03-19
DVC-002364,2364,2025-03-02
DVC-002365,2365,2025-06-29
DVC-002366,2366,2025-02-16
DVC-002367,2367,2025-01-20
DVC-002368,2368,2025-06-29
DVC-002369,2369,2025-06-07
DVC-002370,2370,2025-04-15
DVC-002371,2371,2025-05-21
DVC-002372,2372,2025-02-02
DVC-002373,2373,2025-01-19
DVC-002374,2374,2025-01-25
DVC-002375,2375,2025-05-17
DVC-002376,2376,2025-04-03
DVC-002377,2377,2025-01-04
DVC-002378,2378,2025-03-13
DVC-002379,2379,2025-01-22
DVC-002380,2380,2025-06-29
DVC-002381,2381,2025-04-07
DVC-002382,2382,2025-03-10
DVC-002383,2383,2025-02-18
DVC-002384,2384,2025-01-14
DVC-002385,2385,2025-03-18
DVC-002386,2386,2025-02-17
DVC-002387,2387,2025-04-23
DVC-002388,2388,2025-01-26
DVC-002389,2389,2025-03-10
DVC-002390,2390,2025-01-07
DVC-002391,2391,2025-01-15
DVC-002392,2392,2025-01-14
DVC-002393,2393,2025-01-28
DVC-002394,2394,2025-05-06
DVC-002395,2395,2025-02-09
DVC-002396,2396,2025-02-16
DVC-002397,2397,2025-01-06
DVC-002398,2398,2025-02-07
DVC-002399,2399,2025-02-11
DVC-002400,2400,2025-01-26
DVC-002401,2401,2025-03-08
DVC-002402,2402,2025-02-12
DVC-002403,2403,2025-01-12
DVC-002404,2404,2025-02-26
DVC-002405,2405,2025-02-13
DVC-002406,2406,2025-01-26
DVC-002408,2408,2025-02-02
DVC-002409,2409,2025-05-30
DVC-002410,2410,2025-04-22
DVC-002411,2411,2025-02-23
DVC-002412,2412,2025-01-14
DVC-002413,2413,2025-04-02
DVC-002414,2414,2025-04-15
DVC-002415,2415,2025-01-03
DVC-002416,2416,2025-06-08
DVC-002417,2417,2025-06-17
DVC-002418,2418,2025-01-16
DVC-002419,2419,2025-01-27
DVC-002420,2420,2025-01-05
DVC-002421,2421,2025-04-10
DVC-002422,2422,2025-02-14
DVC-002423,2423,2025-03-17
DVC-002424,2424,2025-03-07
DVC-002425,2425,2025-03-25
DVC-002426,2426,2025-02-07
DVC-002427,2427,2025-01-18
DVC-002428,2428,2025-02-05
DVC-002429,2429,2025-01-11
DVC-002430,2430,2025-06-29
DVC-002431,2431,2025-02-03
DVC-002432,2432,2025-01-20
DVC-002434,2434,2025-01-29
DVC-002435,2435,2025-02-12
DVC-002436,2436,2025-02-12
DVC-002437,2437,2025-01-22
DVC-002438,2438,2025-02-13
DVC-002439,2439,2025-06-29
DVC-002440,2440,2025-01-08
DVC-002441,2441,2025-01-13
DVC-002442,2442,2025-06-29
DVC-002443,2443,2025-04-14
DVC-002444,2444,2025-06-29
DVC-002445,2445,2025-03-16
DVC-002446,2446,2025-05-06
DVC-002447,2447,2025-01-06
DVC-002448,2448,2025-04-30
DVC-002449,2449,2025-02-19
DVC-002450,2450,2025-05-11
DVC-002451,2451,2025-02-26
DVC-002452,2452,2025-01-01
DVC-002453,2453,2025-01-24
DVC-002454,2454,2025-01-14
DVC-002455,2455,2025-03-24
DVC-002456,2456,2025-03-08
DVC-002457,2457,2025-01-22
DVC-002458,2458,2025-02-02
DVC-002459,2459,2025-01-15
DVC-002460,2460,2025-01-14
DVC-002461,2461,2025-01-07
DVC-002462,2462,2025-02-14
DVC-002463,2463,2025-01-20
DVC-002464,2464,2025-02-06
DVC-002465,2465,2025-02-21
DVC-002466,2466,2025-02-23
DVC-002467,2467,2025-01-15
DVC-002468,2468,2025-01-22
DVC-002469,2469,2025-01-01
DVC-002470,2470,2025-02-02
DVC-002471,2471,2025-03-25
DVC-002472,2472,2025-01-03
DVC-002473,2473,2025-04-20
DVC-002474,2474,2025-05-17
DVC-002475,2475,2025-02-20
DVC-002476,2476,2025-04-20
DVC-002477,2477,2025-02-07
DVC-002478,2478,2025-01-20
DVC-002479,2479,2025-01-04
DVC-002480,2480,2025-01-04
DVC-002481,2481,2025-04-21
DVC-002482,2482,2025-06-15
DVC-002483,2483,2025-02-17
DVC-002484,2484,2025-05-14
DVC-002485,2485,2025-03-03
DVC-002486,2486,2025-04-11
DVC-002487,2487,2025-02-26
DVC-002488,2488,2025-02-24
DVC-002489,2489,2025-01-26
DVC-002490,2490,2025-02-26
DVC-002492,2492,2025-01-04
DVC-002493,2493,2025-02-16
DVC-002494,2494,2025-01-06
DVC-002495,2495,2025-02-04
DVC-002496,2496,2025-01-02
DVC-002497,2497,2025-02-27
DVC-002498,2498,2025-01-23
DVC-002499,2499,2025-01-08
DVC-002500,2500,2025-02-02
DVC-002501,2501,2025-01-31
DVC-002502,2502,2025-03-30
DVC-002503,2503,2025-06-01
DVC-002504,2504,2025-03-26
DVC-002505,2505,2025-01-08
DVC-002506,2506,2025-01-17
DVC-002507,2507,2025-06-29
DVC-002508,2508,2025-02-01
DVC-002509,2509,2025-01-31
DVC-002510,2510,2025-04-11
DVC-002511,2511,2025-04-08
DVC-002512,2512,2025-01-09
DVC-002513,2513,2025-02-24
DVC-002514,2514,2025-01-08
DVC-002515,2515,2025-04-20
DVC-002516,2516,2025-01-05
DVC-002517,2517,2025-02-16
DVC-002518,2518,2025-05-05
DVC-002519,2519,2025-02-04
DVC-002521,2521,2025-02-23
DVC-002522,2522,2025-05-01
DVC-002523,2523,2025-06-29
DVC-002524,2524,2025-03-17
DVC-002525,2525,2025-06-05
DVC-002526,2526,2025-01-26
DVC-002527,2527,2025-02-17
DVC-002528,2528,2025-02-05
DVC-002529,2529,2025-06-10
DVC-002530,2530,2025-04-13
DVC-002531,2531,2025-01-23
DVC-002532,2532,2025-01-29
DVC-002533,2533,2025-06-29
DVC-002535,2535,2025-01-31
DVC-002536,2536,2025-01-28
DVC-002538,2538,2025-02-23
DVC-002539,2539,2025-02-02
DVC-002540,2540,2025-01-08
DVC-002541,2541,2025-01-02
DVC-002542,2542,2025-02-03
DVC-002543,2543,2025-04-14
DVC-002544,2544,2025-04-03
DVC-002545,2545,2025-01-17
DVC-002546,2546,2025-01-22
DVC-002547,2547,2025-02-09
DVC-002548,2548,2025-01-06
DVC-002549,2549,2025-03-03
DVC-002550,2550,2025-01-18
DVC-002551,2551,2025-05-08
DVC-002552,2552,2025-03-04
DVC-002553,2553,2025-01-23
DVC-002554,2554,2025-04-10
DVC-002555,2555,2025-05-18
DVC-002556,2556,2025-02-17
DVC-002557,2557,2025-01-20
DVC-002558,2558,2025-06-29
DVC-002559,2559,2025-05-02
DVC-002560,2560,2025-05-27
DVC-002561,2561,2025-03-09
DVC-002562,2562,2025-03-04
DVC-002563,2563,2025-03-13
DVC-002564,2564,2025-01-11
DVC-002565,2565,2025-02-26
DVC-002566,2566,2025-01-12
DVC-002567,2567,2025-01-18
DVC-002568,2568,2025-01-24
DVC-002569,2569,2025-03-28
DVC-002571,2571,2025-02-13
DVC-002572,2572,2025-03-06
DVC-002573,2573,2025-02-12
DVC-002574,2574,2025-03-17
DVC-002575,2575,2025-01-05
DVC-002576,2576,2025-01-31
DVC-002577,2577,2025-02-14
DVC-002578,2578,2025-01-08
DVC-002579,2579,2025-02-06
DVC-002580,2580,2025-02-07
DVC-002581,2581,2025-03-15
DVC-002582,2582,2025-01-24
DVC-002583,2583,2025-03-07
DVC-002584,2584,2025-03-24
DVC-002585,2585,2025-03-12
DVC-002586,2586,2025-01-20
DVC-002587,2587,2025-03-20
DVC-002588,2588,2025-03-14
DVC-002589,2589,2025-01-24
DVC-002590,2590,2025-01-16
DVC-002591,2591,2025-01-23
DVC-002592,2592,2025-01-11
DVC-002593,2593,2025-02-19
DVC-002594,2594,2025-02-14
DVC-002595,2595,2025-02-05
DVC-002596,2596,2025-01-22
DVC-002597,2597,2025-01-07
DVC-002598,2598,2025-05-18
DVC-002600,2600,2025-04-02
DVC-002601,2601,2025-04-18
DVC-002603,2603,2025-02-03
DVC-002604,2604,2025-03-01
DVC-002605,2605,2025-01-03
DVC-002606,2606,2025-04-13
DVC-002607,2607,2025-05-23
DVC-002608,2608,2025-06-14
DVC-002609,2609,2025-01-17
DVC-002610,2610,2025-01-15
DVC-002611,2611,2025-02-11
DVC-002612,2612,2025-03-03
DVC-002613,2613,2025-02-25
DVC-002614,2614,2025-04-30
DVC-002615,2615,2025-02-15
DVC-002616,2616,2025-02-13
DVC-002617,2617,2025-02-16
DVC-002618,2618,2025-02-04
DVC-002619,2619,2025-02-02
DVC-002620,2620,2025-01-24
DVC-002621,2621,2025-01-10
DVC-002622,2622,2025-01-19
DVC-002623,2623,2025-01-10
DVC-002624,2624,2025-02-10
DVC-002625,2625,2025-06-29
DVC-002626,2626,2025-02-22
DVC-002627,2627,2025-02-17
DVC-002629,2629,2025-01-15
DVC-002630,2630,2025-02-09
DVC-002631,2631,2025-01-14
DVC-002632,2632,2025-03-07
DVC-002633,2633,2025-04-22
DVC-002634,2634,2025-01-15
DVC-002635,2635,2025-06-13
DVC-002636,2636,2025-05-14
DVC-002637,2637,2025-01-01
DVC-002638,2638,2025-01-27
DVC-002639,2639,2025-01-13
DVC-002640,2640,2025-01-11
DVC-002641,2641,2025-04-16
DVC-002642,2642,2025-03-17
DVC-002643,2643,2025-02-09
DVC-002644,2644,2025-04-08
DVC-002645,2645,2025-03-28
DVC-002647,2647,2025-01-06
DVC-002648,2648,2025-03-27
DVC-002649,2649,2025-01-07
DVC-002650,2650,2025-04-24
DVC-002651,2651,2025-03-04
DVC-002652,2652,2025-03-18
DVC-002653,2653,2025-02-01
DVC-002654,2654,2025-01-19
DVC-002655,2655,2025-01-25
DVC-002656,2656,2025-01-08
DVC-002657,2657,2025-01-26
DVC-002658,2658,2025-03-12
DVC-002659,2659,2025-05-04
DVC-002660,2660,2025-01-04
DVC-002661,2661,2025-04-29
DVC-002662,2662,2025-06-29
DVC-002663,2663,2025-06-07
DVC-002664,2664,2025-02-17
DVC-002665,2665,2025-04-29
DVC-002666,2666,2025-03-28
DVC-002667,2667,2025-02-15
DVC-002668,2668,2025-02-20
DVC-002669,2669,2025-01-11
DVC-002670,2670,2025-04-14
DVC-002671,2671,2025-01-05
DVC-002672,2672,2025-03-11
DVC-002673,2673,2025-06-29
DVC-002674,2674,2025-03-27
DVC-002675,2675,2025-02-18
DVC-002676,2676,2025-01-29
DVC-002677,2677,2025-04-24
DVC-002678,2678,2025-01-06
DVC-002679,2679,2025-02-10
DVC-002680,2680,2025-03-31
DVC-002682,2682,2025-01-30
DVC-002683,2683,2025-01-06
DVC-002684,2684,2025-01-10
DVC-002685,2685,2025-01-02
DVC-002686,2686,2025-01-26
DVC-002688,2688,2025-01-24
DVC-002689,2689,2025-01-21
DVC-002690,2690,2025-03-11
DVC-002691,2691,2025-06-16
DVC-002692,2692,2025-02-15
DVC-002693,2693,2025-02-17
DVC-002694,2694,2025-01-20
DVC-002695,2695,2025-01-29
DVC-002696,2696,2025-01-25
DVC-002697,2697,2025-06-29
DVC-002698,2698,2025-03-16
DVC-002699,2699,2025-04-03
DVC-002700,2700,2025-01-13
DVC-002701,2701,2025-04-14
DVC-002702,2702,2025-02-04
DVC-002703,2703,2025-01-09
DVC-002704,2704,2025-03-03
DVC-002705,2705,2025-01-10
DVC-002706,2706,2025-02-06
DVC-002707,2707,2025-01-08
DVC-002708,2708,2025-02-17
DVC-002709,2709,2025-01-14
DVC-002710,2710,2025-01-15
DVC-002711,2711,2025-01-10
DVC-002712,2712,2025-01-03
DVC-002713,2713,2025-01-09
DVC-002714,2714,2025-03-31
DVC-002715,2715,2025-01-29
DVC-002716,2716,2025-04-18
DVC-002717,2717,2025-06-10
DVC-002718,2718,2025-06-23
DVC-002719,2719,2025-01-05
DVC-002720,2720,2025-02-17
DVC-002721,2721,2025-01-07
DVC-002722,2722,2025-05-08
DVC-002723,2723,2025-04-02
DVC-002724,2724,2025-01-27
DVC-002725,2725,2025-01-30
DVC-002726,2726,2025-02-18
DVC-002727,2727,2025-03-12
DVC-002728,2728,2025-04-22
DVC-002729,2729,2025-01-07
DVC-002730,2730,2025-02-19
DVC-002731,2731,2025-01-29
DVC-002733,2733,2025-03-15
DVC-002735,2735,2025-03-26
DVC-002736,2736,2025-04-16
DVC-002737,2737,2025-01-29
DVC-002738,2738,2025-01-02
DVC-002739,2739,2025-06-29
DVC-002740,2740,2025-03-15
DVC-002741,2741,2025-05-17
DVC-002742,2742,2025-01-06
DVC-002743,2743,2025-01-09
DVC-002744,2744,2025-01-04
DVC-002745,2745,2025-01-15
DVC-002746,2746,2025-01-01
DVC-002748,2748,2025-01-23
DVC-002749,2749,2025-04-06
DVC-002750,2750,2025-04-18
DVC-002751,2751,2025-04-17
DVC-002752,2752,2025-02-09
DVC-002753,2753,2025-06-29
DVC-002754,2754,2025-05-13
DVC-002755,2755,2025-06-29
DVC-002756,2756,2025-02-23
DVC-002757,2757,2025-05-03
DVC-002758,2758,2025-02-06
DVC-002759,2759,2025-03-21
DVC-002760,2760,2025-03-14
DVC-002761,2761,2025-01-05
DVC-002762,2762,2025-01-14
DVC-002763,2763,2025-04-03
DVC-002764,2764,2025-01-02
DVC-002765,2765,2025-03-29
DVC-002766,2766,2025-02-22
DVC-002767,2767,2025-06-29
DVC-002768,2768,2025-01-03
DVC-002769,2769,2025-02-13
DVC-002770,2770,2025-06-29
DVC-002771,2771,2025-01-01
DVC-002772,2772,2025-03-05
DVC-002773,2773,2025-01-26
DVC-002774,2774,2025-01-18
DVC-002776,2776,2025-02-07
DVC-002777,2777,2025-02-21
DVC-002778,2778,2025-01-01
DVC-002779,2779,2025-02-16
DVC-002780,2780,2025-01-05
DVC-002781,2781,2025-02-09
DVC-002782,2782,2025-01-06
DVC-002783,2783,2025-03-08
DVC-002784,2784,2025-01-12
DVC-002785,2785,2025-01-02
DVC-002786,2786,2025-04-13
DVC-002787,2787,2025-01-15
DVC-002788,2788,2025-01-01
DVC-002789,2789,2025-03-13
DVC-002790,2790,2025-02-14
DVC-002791,2791,2025-02-26
DVC-002792,2792,2025-05-04
DVC-002793,2793,2025-01-13
DVC-002794,2794,2025-01-17
DVC-002795,2795,2025-03-24
DVC-002796,2796,2025-01-28
DVC-002797,2797,2025-01-18
DVC-002798,2798,2025-04-11
DVC-002799,2799,2025-01-26
DVC-002800,2800,2025-01-26
DVC-002801,2801,2025-06-25
DVC-002802,2802,2025-01-02
DVC-002803,2803,2025-06-29
DVC-002804,2804,2025-01-25
DVC-002805,2805,2025-06-29
DVC-002806,2806,2025-01-09
DVC-002807,2807,2025-02-21
DVC-002808,2808,2025-03-22
DVC-002809,2809,2025-03-25
DVC-002810,2810,2025-01-06
DVC-002811,2811,2025-01-06
DVC-002812,2812,2025-02-28
DVC-002813,2813,2025-01-06
DVC-002814,2814,2025-04-07
DVC-002815,2815,2025-04-23
DVC-002816,2816,2025-01-10
DVC-002817,2817,2025-03-29
DVC-002818,2818,2025-01-03
DVC-002819,2819,2025-06-29
DVC-002820,2820,2025-02-14
DVC-002821,2821,2025-03-21
DVC-002822,2822,2025-03-20
DVC-002823,2823,2025-03-06
DVC-002824,2824,2025-02-23
DVC-002825,2825,2025-01-02
DVC-002826,2826,2025-05-01
DVC-002827,2827,2025-02-25
DVC-002828,2828,2025-01-18
DVC-002829,2829,2025-01-26
DVC-002830,2830,2025-01-27
DVC-002831,2831,2025-01-05
DVC-002832,2832,2025-01-13
DVC-002833,2833,2025-01-02
DVC-002834,2834,2025-02-23
DVC-002835,2835,2025-02-02
DVC-002836,2836,2025-06-29
DVC-002837,2837,2025-01-17
DVC-002838,2838,2025-02-21
DVC-002839,2839,2025-01-05
DVC-002840,2840,2025-01-22
DVC-002841,2841,2025-02-26
DVC-002842,2842,2025-06-29
DVC-002843,2843,2025-06-29
DVC-002844,2844,2025-01-03
DVC-002845,2845,2025-02-28
DVC-002846,2846,2025-01-16
DVC-002847,2847,2025-05-06
DVC-002848,2848,2025-03-22
DVC-002849,2849,2025-01-15
DVC-002850,2850,2025-01-30
DVC-002851,2851,2025-01-01
DVC-002854,2854,2025-02-08
DVC-002855,2855,2025-03-19
DVC-002856,2856,2025-01-09
DVC-002857,2857,2025-04-16
DVC-002858,2858,2025-01-29
DVC-002859,2859,2025-01-30
DVC-002860,2860,2025-01-22
DVC-002861,2861,2025-04-01
DVC-002862,2862,2025-01-31
DVC-002863,2863,2025-01-23
DVC-002864,2864,2025-03-02
DVC-002865,2865,2025-03-02
DVC-002866,2866,2025-01-24
DVC-002867,2867,2025-04-26
DVC-002868,2868,2025-01-29
DVC-002869,2869,2025-03-19
DVC-002870,2870,2025-01-21
DVC-002871,2871,2025-04-02
DVC-002872,2872,2025-03-30
DVC-002873,2873,2025-03-17
DVC-002874,2874,2025-04-06
DVC-002875,2875,2025-02-21
DVC-002876,2876,2025-01-13
DVC-002877,2877,2025-02-12
DVC-002878,2878,2025-01-15
DVC-002880,2880,2025-01-08
DVC-002881,2881,2025-02-20
DVC-002882,2882,2025-01-10
DVC-002883,2883,2025-02-23
DVC-002884,2884,2025-06-29
DVC-002885,2885,2025-03-10
DVC-002887,2887,2025-01-17
DVC-002888,2888,2025-02-02
DVC-002889,2889,2025-02-12
DVC-002890,2890,2025-02-25
DVC-002891,2891,2025-01-18
DVC-002892,2892,2025-03-02
DVC-002893,2893,2025-01-11
DVC-002894,2894,2025-06-05
DVC-002895,2895,2025-03-20
DVC-002896,2896,2025-02-08
DVC-002897,2897,2025-03-10
DVC-002898,2898,2025-01-11
DVC-002899,2899,2025-04-28
DVC-002900,2900,2025-05-19
DVC-002901,2901,2025-01-13
DVC-002902,2902,2025-01-03
DVC-002903,2903,2025-01-27
DVC-002904,2904,2025-03-08
DVC-002905,2905,2025-06-29
DVC-002906,2906,2025-01-25
DVC-002907,2907,2025-01-24
DVC-002908,2908,2025-01-08
DVC-002909,2909,2025-05-02
DVC-002910,2910,2025-06-29
DVC-002911,2911,2025-01-05
DVC-002912,2912,2025-01-06
DVC-002913,2913,2025-01-19
DVC-002914,2914,2025-05-14
DVC-002915,2915,2025-06-29
DVC-002916,2916,2025-01-27
DVC-002917,2917,2025-03-25
DVC-002918,2918,2025-02-23
DVC-002919,2919,2025-01-15
DVC-002920,2920,2025-02-17
DVC-002921,2921,2025-06-24
DVC-002922,2922,2025-03-27
DVC-002923,2923,2025-04-01
DVC-002924,2924,2025-03-24
DVC-002925,2925,2025-01-10
DVC-002926,2926,2025-02-12
DVC-002927,2927,2025-03-11
DVC-002929,2929,2025-01-01
DVC-002930,2930,2025-01-06
DVC-002931,2931,2025-05-21
DVC-002932,2932,2025-03-27
DVC-002933,2933,2025-03-23
DVC-002934,2934,2025-05-10
DVC-002935,2935,2025-03-14
DVC-002936,2936,2025-06-29
DVC-002937,2937,2025-05-22
DVC-002938,2938,2025-01-20
DVC-002939,2939,2025-01-25
DVC-002940,2940,2025-02-14
DVC-002941,2941,2025-01-19
DVC-002942,2942,2025-04-28
DVC-002943,2943,2025-01-12
DVC-002944,2944,2025-02-23
DVC-002945,2945,2025-03-24
DVC-002946,2946,2025-02-23
DVC-002947,2947,2025-01-18
DVC-002948,2948,2025-02-11
DVC-002949,2949,2025-01-10
DVC-002950,2950,2025-02-13
DVC-002951,2951,2025-02-18
DVC-002952,2952,2025-02-11
DVC-002953,2953,2025-02-17
DVC-002954,2954,2025-01-17
DVC-002955,2955,2025-06-29
DVC-002956,2956,2025-03-19
DVC-002957,2957,2025-02-28
DVC-002958,2958,2025-03-07
DVC-002959,2959,2025-01-29
DVC-002960,2960,2025-06-04
DVC-002961,2961,2025-01-10
DVC-002962,2962,2025-01-03
DVC-002963,2963,2025-03-08
DVC-002964,2964,2025-02-22
DVC-002965,2965,2025-01-24
DVC-002966,2966,2025-06-29
DVC-002967,2967,2025-03-16
DVC-002968,2968,2025-02-13
DVC-002969,2969,2025-04-05
DVC-002970,2970,2025-01-11
DVC-002971,2971,2025-01-26
DVC-002972,2972,2025-01-14
DVC-002973,2973,2025-01-15
DVC-002974,2974,2025-04-01
DVC-002975,2975,2025-02-07
DVC-002976,2976,2025-02-19
DVC-002977,2977,2025-01-23
DVC-002978,2978,2025-01-08
DVC-002979,2979,2025-01-19
DVC-002980,2980,2025-01-19
DVC-002981,2981,2025-02-26
DVC-002982,2982,2025-03-20
DVC-002983,2983,2025-06-29
DVC-002984,2984,2025-05-14
DVC-002985,2985,2025-06-29
DVC-002986,2986,2025-04-03
DVC-002987,2987,2025-01-01
DVC-002988,2988,2025-01-07
DVC-002989,2989,2025-02-24
DVC-002990,2990,2025-02-11
DVC-002991,2991,2025-01-15
DVC-002992,2992,2025-01-16
DVC-002993,2993,2025-03-23
DVC-002994,2994,2025-01-27
DVC-002996,2996,2025-03-16
DVC-002997,2997,2025-01-31
DVC-002998,2998,2025-02-16
DVC-002999,2999,2025-01-23
DVC-003000,3000,2025-02-27
DVC-003002,3002,2025-04-01
DVC-003003,3003,2025-03-02
DVC-003004,3004,2025-03-25
DVC-003005,3005,2025-02-02
DVC-003006,3006,2025-02-02
DVC-003007,3007,2025-01-09
DVC-003008,3008,2025-01-30
DVC-003009,3009,2025-02-17
DVC-003010,3010,2025-01-26
DVC-003011,3011,2025-01-04
DVC-003012,3012,2025-01-03
DVC-003013,3013,2025-01-22
DVC-003015,3015,2025-02-07
DVC-003016,3016,2025-02-24
DVC-003017,3017,2025-02-23
DVC-003018,3018,2025-01-13
DVC-003019,3019,2025-03-31
DVC-003020,3020,2025-05-24
DVC-003021,3021,2025-02-26
DVC-003022,3022,2025-02-17
DVC-003023,3023,2025-01-13
DVC-003024,3024,2025-01-02
DVC-003025,3025,2025-03-22
DVC-003026,3026,2025-06-04
DVC-003027,3027,2025-06-29
DVC-003028,3028,2025-01-04
DVC-003029,3029,2025-03-08
DVC-003030,3030,2025-02-07
DVC-003031,3031,2025-01-02
DVC-003032,3032,2025-01-31
DVC-003033,3033,2025-01-17
DVC-003034,3034,2025-02-14
DVC-003035,3035,2025-03-09
DVC-003036,3036,2025-02-14
DVC-003037,3037,2025-02-26
DVC-003038,3038,2025-02-24
DVC-003039,3039,2025-01-01
DVC-003040,3040,2025-06-29
DVC-003041,3041,2025-04-04
DVC-003042,3042,2025-01-02
DVC-003043,3043,2025-01-16
DVC-003044,3044,2025-01-16
DVC-003046,3046,2025-01-05
DVC-003047,3047,2025-02-11
DVC-003048,3048,2025-01-07
DVC-003049,3049,2025-03-26
DVC-003050,3050,2025-02-11
DVC-003051,3051,2025-01-16
DVC-003052,3052,2025-03-20
DVC-003053,3053,2025-03-09
DVC-003054,3054,2025-06-21
DVC-003055,3055,2025-01-11
DVC-003056,3056,2025-01-09
DVC-003057,3057,2025-01-10
DVC-003058,3058,2025-01-27
DVC-003059,3059,2025-04-21
DVC-003060,3060,2025-06-29
DVC-003061,3061,2025-02-24
DVC-003062,3062,2025-04-11
DVC-003063,3063,2025-06-29
DVC-003064,3064,2025-01-02
DVC-003065,3065,2025-05-25
DVC-003066,3066,2025-01-23
DVC-003067,3067,2025-01-01
DVC-003068,3068,2025-01-30
DVC-003069,3069,2025-06-21
DVC-003070,3070,2025-02-01
DVC-003071,3071,2025-02-12
DVC-003072,3072,2025-01-17
DVC-003073,3073,2025-01-01
DVC-003074,3074,2025-05-24
DVC-003075,3075,2025-02-21
DVC-003076,3076,2025-01-05
DVC-003077,3077,2025-03-01
DVC-003078,3078,2025-01-17
DVC-003079,3079,2025-01-04
DVC-003080,3080,2025-01-28
DVC-003081,3081,2025-04-17
DVC-003082,3082,2025-05-06
DVC-003083,3083,2025-03-16
DVC-003084,3084,2025-03-04
DVC-003085,3085,2025-01-16
DVC-003086,3086,2025-01-10
DVC-003087,3087,2025-04-11
DVC-003088,3088,2025-01-28
DVC-003089,3089,2025-06-07
DVC-003090,3090,2025-02-18
DVC-003091,3091,2025-03-18
DVC-003092,3092,2025-03-04
DVC-003093,3093,2025-02-09
DVC-003094,3094,2025-01-01
DVC-003095,3095,2025-01-09
DVC-003097,3097,2025-01-05
DVC-003098,3098,2025-01-09
DVC-003099,3099,2025-02-18
DVC-003100,3100,2025-02-24
DVC-003101,3101,2025-03-15
DVC-003102,3102,2025-01-13
DVC-003103,3103,2025-04-05
DVC-003104,3104,2025-01-14
DVC-003105,3105,2025-01-02
DVC-003106,3106,2025-01-30
DVC-003107,3107,2025-01-13
DVC-003108,3108,2025-02-23
DVC-003109,3109,2025-06-02
DVC-003110,3110,2025-02-04
DVC-003111,3111,2025-05-29
DVC-003112,3112,2025-01-28
DVC-003113,3113,2025-01-02
DVC-003114,3114,2025-05-24
DVC-003115,3115,2025-02-08
DVC-003116,3116,2025-04-27
DVC-003117,3117,2025-01-15
DVC-003118,3118,2025-02-17
DVC-003119,3119,2025-01-05
DVC-003120,3120,2025-02-25
DVC-003121,3121,2025-01-31
DVC-003122,3122,2025-04-09
DVC-003123,3123,2025-02-26
DVC-003124,3124,2025-02-28
DVC-003125,3125,2025-01-27
DVC-003126,3126,2025-03-05
DVC-003127,3127,2025-03-24
DVC-003128,3128,2025-02-14
DVC-003129,3129,2025-04-16
DVC-003130,3130,2025-01-16
DVC-003131,3131,2025-02-11
DVC-003132,3132,2025-02-28
DVC-003133,3133,2025-01-26
DVC-003134,3134,2025-01-14
DVC-003135,3135,2025-01-07
DVC-003136,3136,2025-02-22
DVC-003137,3137,2025-01-17
DVC-003138,3138,2025-01-04
DVC-003139,3139,2025-02-19
DVC-003140,3140,2025-01-07
DVC-003141,3141,2025-05-05
DVC-003142,3142,2025-01-06
DVC-003143,3143,2025-03-23
DVC-003144,3144,2025-03-01
DVC-003145,3145,2025-01-04
DVC-003146,3146,2025-01-27
DVC-003147,3147,2025-04-12
DVC-003148,3148,2025-01-10
DVC-003149,3149,2025-02-07
DVC-003150,3150,2025-04-13
DVC-003151,3151,2025-01-12
DVC-003152,3152,2025-01-17
DVC-003153,3153,2025-01-07
DVC-003154,3154,2025-05-22
DVC-003155,3155,2025-01-06
DVC-003156,3156,2025-06-27
DVC-003157,3157,2025-01-29
DVC-003158,3158,2025-04-02
DVC-003159,3159,2025-03-21
DVC-003160,3160,2025-02-25
DVC-003161,3161,2025-02-02
DVC-003162,3162,2025-02-22
DVC-003163,3163,2025-01-23
DVC-003164,3164,2025-03-04
DVC-003165,3165,2025-01-01
DVC-003166,3166,2025-01-04
DVC-003167,3167,2025-01-07
DVC-003169,3169,2025-01-16
DVC-003170,3170,2025-04-14
DVC-003171,3171,2025-06-29
DVC-003172,3172,2025-01-12
DVC-003173,3173,2025-01-05
DVC-003174,3174,2025-01-14
DVC-003175,3175,2025-03-10
DVC-003176,3176,2025-04-12
DVC-003177,3177,2025-01-31
DVC-003178,3178,2025-01-29
DVC-003179,3179,2025-02-21
DVC-003180,3180,2025-03-14
DVC-003181,3181,2025-02-15
DVC-003182,3182,2025-01-02
DVC-003183,3183,2025-06-29
DVC-003184,3184,2025-01-29
DVC-003185,3185,2025-02-05
DVC-003186,3186,2025-01-06
DVC-003187,3187,2025-01-04
DVC-003188,3188,2025-01-04
DVC-003189,3189,2025-02-12
DVC-003190,3190,2025-01-04
DVC-003191,3191,2025-06-29
DVC-003192,3192,2025-02-07
DVC-003193,3193,2025-02-06
DVC-003194,3194,2025-04-18
DVC-003195,3195,2025-02-05
DVC-003196,3196,2025-01-13
DVC-003197,3197,2025-03-04
DVC-003198,3198,2025-01-02
DVC-003199,3199,2025-01-08
DVC-003200,3200,2025-02-20
DVC-003201,3201,2025-01-01
DVC-003202,3202,2025-02-15
DVC-003203,3203,2025-04-26
DVC-003204,3204,2025-06-29
DVC-003205,3205,2025-03-28
DVC-003206,3206,2025-01-13
DVC-003207,3207,2025-01-24
DVC-003208,3208,2025-01-19
DVC-003209,3209,2025-01-20
DVC-003210,3210,2025-03-06
DVC-003211,3211,2025-04-19
DVC-003212,3212,2025-01-26
DVC-003213,3213,2025-01-01
DVC-003214,3214,2025-01-20
DVC-003215,3215,2025-02-12
DVC-003216,3216,2025-01-15
DVC-003217,3217,2025-01-26
DVC-003218,3218,2025-04-12
DVC-003219,3219,2025-01-17
DVC-003220,3220,2025-02-07
DVC-003221,3221,2025-02-11
DVC-003222,3222,2025-04-18
DVC-003223,3223,2025-01-29
DVC-003224,3224,2025-02-17
DVC-003225,3225,2025-01-24
DVC-003226,3226,2025-01-26
DVC-003227,3227,2025-06-29
DVC-003228,3228,2025-02-09
DVC-003229,3229,2025-06-29
DVC-003230,3230,2025-02-03
DVC-003231,3231,2025-01-03
DVC-003232,3232,2025-01-07
DVC-003233,3233,2025-01-03
DVC-003234,3234,2025-03-02
DVC-003235,3235,2025-02-17
DVC-003236,3236,2025-01-14
DVC-003237,3237,2025-03-15
DVC-003238,3238,2025-04-06
DVC-003239,3239,2025-02-17
DVC-003240,3240,2025-02-01
DVC-003241,3241,2025-01-24
DVC-003242,3242,2025-01-14
DVC-003243,3243,2025-02-08
DVC-003244,3244,2025-02-24
DVC-003245,3245,2025-02-07
DVC-003246,3246,2025-02-12
DVC-003247,3247,2025-06-29
DVC-003248,3248,2025-06-08
DVC-003249,3249,2025-01-29
DVC-003250,3250,2025-01-18
DVC-003251,3251,2025-06-29
DVC-003252,3252,2025-01-08
DVC-003253,3253,2025-03-09
DVC-003254,3254,2025-04-12
DVC-003255,3255,2025-01-02
DVC-003256,3256,2025-06-23
DVC-003257,3257,2025-02-05
DVC-003258,3258,2025-03-05
DVC-003259,3259,2025-01-11
DVC-003260,3260,2025-06-29
DVC-003261,3261,2025-04-12
DVC-003262,3262,2025-02-28
DVC-003263,3263,2025-01-22
DVC-003264,3264,2025-03-06
DVC-003265,3265,2025-03-15
DVC-003266,3266,2025-06-29
DVC-003267,3267,2025-01-08
DVC-003269,3269,2025-01-16
DVC-003270,3270,2025-01-20
DVC-003271,3271,2025-06-16
DVC-003272,3272,2025-01-07
DVC-003273,3273,2025-04-06
DVC-003274,3274,2025-06-29
DVC-003275,3275,2025-01-02
DVC-003276,3276,2025-01-17
DVC-003277,3277,2025-01-26
DVC-003278,3278,2025-01-08
DVC-003279,3279,2025-01-05
DVC-003280,3280,2025-01-17
DVC-003281,3281,2025-01-12
DVC-003282,3282,2025-03-08
DVC-003283,3283,2025-03-08
DVC-003285,3285,2025-06-14
DVC-003286,3286,2025-01-06
DVC-003287,3287,2025-02-10
DVC-003288,3288,2025-02-05
DVC-003289,3289,2025-06-21
DVC-003290,3290,2025-01-14
DVC-003291,3291,2025-03-23
DVC-003292,3292,2025-01-12
DVC-003293,3293,2025-01-06
DVC-003294,3294,2025-02-26
DVC-003295,3295,2025-02-25
DVC-003296,3296,2025-06-29
DVC-003297,3297,2025-01-07
DVC-003298,3298,2025-01-26
DVC-003299,3299,2025-05-24
DVC-003300,3300,2025-02-21
DVC-003301,3301,2025-03-27
DVC-003302,3302,2025-01-07
DVC-003303,3303,2025-01-02
DVC-003304,3304,2025-02-09
DVC-003305,3305,2025-01-22
DVC-003306,3306,2025-03-07
DVC-003307,3307,2025-04-08
DVC-003308,3308,2025-05-30
DVC-003309,3309,2025-06-03
DVC-003310,3310,2025-03-14
DVC-003311,3311,2025-01-06
DVC-003312,3312,2025-01-23
DVC-003313,3313,2025-02-17
DVC-003314,3314,2025-06-18
DVC-003315,3315,2025-01-01
DVC-003316,3316,2025-04-05
DVC-003317,3317,2025-01-19
DVC-003318,3318,2025-01-10
DVC-003319,3319,2025-01-08
DVC-003320,3320,2025-02-01
DVC-003321,3321,2025-05-28
DVC-003322,3322,2025-03-14
DVC-003324,3324,2025-02-26
DVC-003326,3326,2025-06-29
DVC-003327,3327,2025-04-20
DVC-003328,3328,2025-05-18
DVC-003329,3329,2025-01-01
DVC-003330,3330,2025-01-04
DVC-003331,3331,2025-02-27
DVC-003332,3332,2025-05-20
DVC-003333,3333,2025-03-18
DVC-003334,3334,2025-01-01
DVC-003335,3335,2025-03-24
DVC-003336,3336,2025-04-07
DVC-003337,3337,2025-06-29
DVC-003338,3338,2025-01-01
DVC-003339,3339,2025-01-06
DVC-003340,3340,2025-04-26
DVC-003341,3341,2025-03-11
DVC-003342,3342,2025-01-30
DVC-003343,3343,2025-02-11
DVC-003344,3344,2025-02-17
DVC-003345,3345,2025-05-30
DVC-003348,3348,2025-02-06
DVC-003349,3349,2025-01-30
DVC-003350,3350,2025-02-22
DVC-003351,3351,2025-04-05
DVC-003352,3352,2025-03-24
DVC-003353,3353,2025-05-14
DVC-003354,3354,2025-02-25
DVC-003355,3355,2025-03-06
DVC-003356,3356,2025-02-07
DVC-003357,3357,2025-05-12
DVC-003358,3358,2025-06-29
DVC-003359,3359,2025-01-31
DVC-003360,3360,2025-03-16
DVC-003361,3361,2025-01-14
DVC-003362,3362,2025-02-24
DVC-003363,3363,2025-03-28
DVC-003364,3364,2025-01-22
DVC-003365,3365,2025-02-08
DVC-003366,3366,2025-06-29
DVC-003367,3367,2025-01-01
DVC-003368,3368,2025-05-15
DVC-003369,3369,2025-06-29
DVC-003370,3370,2025-03-09
DVC-003371,3371,2025-03-06
DVC-003372,3372,2025-02-02
DVC-003373,3373,2025-05-09
DVC-003374,3374,2025-03-07
DVC-003376,3376,2025-02-11
DVC-003377,3377,2025-03-10
DVC-003378,3378,2025-01-01
DVC-003379,3379,2025-01-24
DVC-003380,3380,2025-02-17
DVC-003381,3381,2025-02-22
DVC-003382,3382,2025-02-07
DVC-003383,3383,2025-05-14
DVC-003384,3384,2025-03-12
DVC-003385,3385,2025-02-27
DVC-003386,3386,2025-06-29
DVC-003387,3387,2025-05-03
DVC-003388,3388,2025-05-26
DVC-003389,3389,2025-04-24
DVC-003390,3390,2025-03-17
DVC-003391,3391,2025-04-03
DVC-003392,3392,2025-01-28
DVC-003393,3393,2025-01-12
DVC-003394,3394,2025-03-22
DVC-003395,3395,2025-01-07
DVC-003396,3396,2025-03-04
DVC-003397,3397,2025-01-04
DVC-003398,3398,2025-03-06
DVC-003399,3399,2025-01-10
DVC-003400,3400,2025-02-04
DVC-003401,3401,2025-01-20
DVC-003402,3402,2025-02-09
DVC-003403,3403,2025-01-31
DVC-003404,3404,2025-01-08
DVC-003405,3405,2025-01-07
DVC-003406,3406,2025-01-04
DVC-003407,3407,2025-02-14
DVC-003408,3408,2025-01-06
DVC-003409,3409,2025-01-25
DVC-003410,3410,2025-01-24
DVC-003411,3411,2025-01-27
DVC-003412,3412,2025-02-19
DVC-003413,3413,2025-01-17
DVC-003414,3414,2025-01-30
DVC-003415,3415,2025-06-29
DVC-003416,3416,2025-04-21
DVC-003417,3417,2025-06-03
DVC-003418,3418,2025-02-03
DVC-003419,3419,2025-01-18
DVC-003420,3420,2025-02-13
DVC-003421,3421,2025-01-28
DVC-003422,3422,2025-05-01
DVC-003423,3423,2025-05-13
DVC-003424,3424,2025-02-28
DVC-003425,3425,2025-02-10
DVC-003426,3426,2025-02-02
DVC-003427,3427,2025-02-18
DVC-003428,3428,2025-01-11
DVC-003429,3429,2025-05-24
DVC-003431,3431,2025-01-21
DVC-003432,3432,2025-06-29
DVC-003433,3433,2025-06-05
DVC-003434,3434,2025-03-23
DVC-003435,3435,2025-01-14
DVC-003436,3436,2025-03-03
DVC-003437,3437,2025-03-03
DVC-003438,3438,2025-01-11
DVC-003439,3439,2025-01-09
DVC-003440,3440,2025-01-12
DVC-003441,3441,2025-02-19
DVC-003442,3442,2025-01-09
DVC-003443,3443,2025-01-14
DVC-003444,3444,2025-01-31
DVC-003445,3445,2025-02-10
DVC-003446,3446,2025-03-12
DVC-003447,3447,2025-01-13
DVC-003448,3448,2025-06-21
DVC-003449,3449,2025-01-21
DVC-003450,3450,2025-03-20
DVC-003451,3451,2025-01-03
DVC-003452,3452,2025-02-08
DVC-003453,3453,2025-01-22
DVC-003454,3454,2025-04-06
DVC-003455,3455,2025-05-16
DVC-003456,3456,2025-03-07
DVC-003457,3457,2025-06-29
DVC-003458,3458,2025-01-08
DVC-003459,3459,2025-02-27
DVC-003460,3460,2025-01-30
DVC-003461,3461,2025-02-21
DVC-003462,3462,2025-01-15
DVC-003463,3463,2025-04-02
DVC-003464,3464,2025-03-27
DVC-003465,3465,2025-01-27
DVC-003466,3466,2025-01-13
DVC-003467,3467,2025-02-15
DVC-003468,3468,2025-02-24
DVC-003469,3469,2025-02-25
DVC-003470,3470,2025-02-22
DVC-003471,3471,2025-01-12
DVC-003472,3472,2025-02-24
DVC-003473,3473,2025-02-06
DVC-003474,3474,2025-05-13
DVC-003475,3475,2025-01-01
DVC-003476,3476,2025-01-08
DVC-003477,3477,2025-02-05
DVC-003478,3478,2025-02-23
DVC-003479,3479,2025-02-14
DVC-003480,3480,2025-03-15
DVC-003481,3481,2025-01-18
DVC-003482,3482,2025-01-30
DVC-003483,3483,2025-02-04
DVC-003484,3484,2025-03-12
DVC-003485,3485,2025-05-31
DVC-003486,3486,2025-03-07
DVC-003487,3487,2025-01-03
DVC-003488,3488,2025-02-03
DVC-003489,3489,2025-02-18
DVC-003490,3490,2025-01-08
DVC-003491,3491,2025-01-13
DVC-003492,3492,2025-02-19
DVC-003493,3493,2025-02-05
DVC-003494,3494,2025-04-19
DVC-003495,3495,2025-04-02
DVC-003496,3496,2025-05-13
DVC-003497,3497,2025-01-10
DVC-003498,3498,2025-04-06
DVC-003499,3499,2025-01-09
DVC-003500,3500,2025-01-08
DVC-003501,3501,2025-01-21
DVC-003502,3502,2025-01-11
DVC-003503,3503,2025-03-20
DVC-003504,3504,2025-01-07
DVC-003505,3505,2025-04-06
DVC-003506,3506,2025-01-21
DVC-003507,3507,2025-04-07
DVC-003508,3508,2025-02-13
DVC-003509,3509,2025-03-06
DVC-003510,3510,2025-01-04
DVC-003511,3511,2025-03-28
DVC-003512,3512,2025-01-27
DVC-003513,3513,2025-01-10
DVC-003514,3514,2025-01-25
DVC-003515,3515,2025-02-01
DVC-003516,3516,2025-01-18
DVC-003517,3517,2025-02-14
DVC-003518,3518,2025-04-12
DVC-003519,3519,2025-02-05
DVC-003520,3520,2025-01-11
DVC-003521,3521,2025-02-02
DVC-003522,3522,2025-01-23
DVC-003523,3523,2025-01-07
DVC-003524,3524,2025-01-15
DVC-003525,3525,2025-01-29
DVC-003526,3526,2025-02-22
DVC-003527,3527,2025-04-30
DVC-003528,3528,2025-01-03
DVC-003529,3529,2025-01-12
DVC-003530,3530,2025-01-17
DVC-003531,3531,2025-04-11
DVC-003532,3532,2025-02-13
DVC-003533,3533,2025-01-21
DVC-003534,3534,2025-01-30
DVC-003535,3535,2025-02-15
DVC-003536,3536,2025-01-17
DVC-003537,3537,2025-04-13
DVC-003538,3538,2025-04-04
DVC-003539,3539,2025-02-13
DVC-003540,3540,2025-05-28
DVC-003541,3541,2025-01-02
DVC-003542,3542,2025-06-29
DVC-003543,3543,2025-06-29
DVC-003544,3544,2025-01-11
DVC-003545,3545,2025-01-21
DVC-003546,3546,2025-02-03
DVC-003547,3547,2025-01-07
DVC-003548,3548,2025-02-26
DVC-003549,3549,2025-01-15
DVC-003550,3550,2025-03-01
DVC-003551,3551,2025-02-15
DVC-003552,3552,2025-02-09
DVC-003553,3553,2025-01-11
DVC-003554,3554,2025-01-27
DVC-003555,3555,2025-04-02
DVC-003556,3556,2025-04-24
DVC-003557,3557,2025-01-08
DVC-003558,3558,2025-01-05
DVC-003559,3559,2025-02-01
DVC-003560,3560,2025-01-07
DVC-003561,3561,2025-04-22
DVC-003562,3562,2025-04-28
DVC-003563,3563,2025-03-21
DVC-003564,3564,2025-01-28
DVC-003565,3565,2025-01-07
DVC-003566,3566,2025-01-03
DVC-003567,3567,2025-03-11
DVC-003568,3568,2025-03-05
DVC-003569,3569,2025-01-23
DVC-003570,3570,2025-03-05
DVC-003571,3571,2025-02-21
DVC-003572,3572,2025-01-06
DVC-003573,3573,2025-01-18
DVC-003574,3574,2025-03-13
DVC-003575,3575,2025-02-10
DVC-003576,3576,2025-04-18
DVC-003577,3577,2025-01-30
DVC-003578,3578,2025-05-30
DVC-003579,3579,2025-04-10
DVC-003581,3581,2025-02-28
DVC-003582,3582,2025-01-07
DVC-003583,3583,2025-01-21
DVC-003584,3584,2025-06-29
DVC-003585,3585,2025-01-18
DVC-003586,3586,2025-02-23
DVC-003587,3587,2025-05-14
DVC-003588,3588,2025-05-03
DVC-003589,3589,2025-04-05
DVC-003590,3590,2025-04-11
DVC-003591,3591,2025-03-22
DVC-003592,3592,2025-03-31
DVC-003593,3593,2025-02-05
DVC-003594,3594,2025-03-29
DVC-003595,3595,2025-02-05
DVC-003596,3596,2025-05-10
DVC-003597,3597,2025-02-06
DVC-003598,3598,2025-03-31
DVC-003599,3599,2025-02-12
DVC-003600,3600,2025-01-08
DVC-003601,3601,2025-06-29
DVC-003602,3602,2025-01-28
DVC-003603,3603,2025-01-20
DVC-003604,3604,2025-01-06
DVC-003605,3605,2025-02-06
DVC-003606,3606,2025-02-03
DVC-003607,3607,2025-05-19
DVC-003608,3608,2025-03-23
DVC-003609,3609,2025-01-12
DVC-003610,3610,2025-01-31
DVC-003611,3611,2025-02-23
DVC-003612,3612,2025-06-06
DVC-003613,3613,2025-01-04
DVC-003614,3614,2025-01-26
DVC-003615,3615,2025-01-14
DVC-003616,3616,2025-02-17
DVC-003617,3617,2025-02-14
DVC-003618,3618,2025-03-20
DVC-003619,3619,2025-02-11
DVC-003620,3620,2025-02-23
DVC-003621,3621,2025-02-17
DVC-003622,3622,2025-01-09
DVC-003623,3623,2025-01-17
DVC-003624,3624,2025-01-20
DVC-003625,3625,2025-06-29
DVC-003626,3626,2025-01-07
DVC-003627,3627,2025-01-11
DVC-003628,3628,2025-01-02
DVC-003629,3629,2025-02-11
DVC-003630,3630,2025-03-26
DVC-003631,3631,2025-03-19
DVC-003632,3632,2025-02-17
DVC-003633,3633,2025-02-18
DVC-003634,3634,2025-02-06
DVC-003635,3635,2025-02-14
DVC-003636,3636,2025-03-10
DVC-003637,3637,2025-06-29
DVC-003638,3638,2025-05-19
DVC-003639,3639,2025-04-15
DVC-003640,3640,2025-05-22
DVC-003641,3641,2025-01-09
DVC-003642,3642,2025-04-15
DVC-003643,3643,2025-06-02
DVC-003644,3644,2025-01-05
DVC-003645,3645,2025-01-23
DVC-003646,3646,2025-03-26
DVC-003647,3647,2025-01-19
DVC-003648,3648,2025-01-21
DVC-003649,3649,2025-04-01
DVC-003650,3650,2025-03-29
DVC-003651,3651,2025-01-07
DVC-003652,3652,2025-01-30
DVC-003653,3653,2025-01-31
DVC-003654,3654,2025-01-09
DVC-003655,3655,2025-01-20
DVC-003656,3656,2025-01-02
DVC-003657,3657,2025-01-20
DVC-003658,3658,2025-02-05
DVC-003659,3659,2025-01-25
DVC-003660,3660,2025-04-02
DVC-003661,3661,2025-04-04
DVC-003662,3662,2025-02-19
DVC-003663,3663,2025-01-22
DVC-003664,3664,2025-01-03
DVC-003665,3665,2025-01-09
DVC-003666,3666,2025-03-30
DVC-003667,3667,2025-01-05
DVC-003668,3668,2025-01-03
DVC-003669,3669,2025-01-30
DVC-003670,3670,2025-04-22
DVC-003671,3671,2025-03-09
DVC-003672,3672,2025-04-14
DVC-003673,3673,2025-01-27
DVC-003675,3675,2025-02-01
DVC-003676,3676,2025-03-12
DVC-003677,3677,2025-02-02
DVC-003678,3678,2025-03-19
DVC-003679,3679,2025-01-30
DVC-003680,3680,2025-01-25
DVC-003681,3681,2025-02-14
DVC-003682,3682,2025-01-15
DVC-003683,3683,2025-06-29
DVC-003684,3684,2025-02-12
DVC-003685,3685,2025-02-18
DVC-003686,3686,2025-02-16
DVC-003687,3687,2025-01-02
DVC-003688,3688,2025-02-21
DVC-003689,3689,2025-03-22
DVC-003690,3690,2025-02-12
DVC-003691,3691,2025-02-21
DVC-003692,3692,2025-02-13
DVC-003693,3693,2025-04-02
DVC-003694,3694,2025-01-29
DVC-003695,3695,2025-01-22
DVC-003696,3696,2025-02-04
DVC-003697,3697,2025-02-15
DVC-003698,3698,2025-02-06
DVC-003699,3699,2025-02-08
DVC-003700,3700,2025-02-21
DVC-003701,3701,2025-01-02
DVC-003702,3702,2025-06-29
DVC-003703,3703,2025-02-06
DVC-003704,3704,2025-02-16
DVC-003705,3705,2025-04-03
DVC-003706,3706,2025-02-04
DVC-003707,3707,2025-03-02
DVC-003708,3708,2025-06-29
DVC-003709,3709,2025-02-20
DVC-003710,3710,2025-04-14
DVC-003711,3711,2025-03-13
DVC-003712,3712,2025-02-05
DVC-003714,3714,2025-01-12
DVC-003715,3715,2025-02-19
DVC-003716,3716,2025-02-07
DVC-003717,3717,2025-01-31
DVC-003718,3718,2025-01-13
DVC-003719,3719,2025-02-08
DVC-003720,3720,2025-05-17
DVC-003721,3721,2025-01-12
DVC-003722,3722,2025-02-14
DVC-003723,3723,2025-01-19
DVC-003724,3724,2025-01-24
DVC-003725,3725,2025-01-02
DVC-003726,3726,2025-05-01
DVC-003728,3728,2025-02-14
DVC-003729,3729,2025-02-15
DVC-003730,3730,2025-02-28
DVC-003731,3731,2025-01-11
DVC-003732,3732,2025-04-04
DVC-003733,3733,2025-01-27
DVC-003734,3734,2025-02-04
DVC-003735,3735,2025-01-10
DVC-003736,3736,2025-01-13
DVC-003737,3737,2025-01-04
DVC-003738,3738,2025-01-01
DVC-003739,3739,2025-04-29
DVC-003740,3740,2025-01-02
DVC-003741,3741,2025-02-05
DVC-003742,3742,2025-05-23
DVC-003743,3743,2025-02-08
DVC-003744,3744,2025-01-10
DVC-003745,3745,2025-05-29
DVC-003746,3746,2025-03-17
DVC-003747,3747,2025-01-02
DVC-003748,3748,2025-04-01
DVC-003749,3749,2025-03-14
DVC-003750,3750,2025-04-20
DVC-003751,3751,2025-03-05
DVC-003752,3752,2025-01-14
DVC-003753,3753,2025-03-06
DVC-003754,3754,2025-03-17
DVC-003755,3755,2025-04-08
DVC-003756,3756,2025-01-31
DVC-003757,3757,2025-02-04
DVC-003758,3758,2025-02-15
DVC-003759,3759,2025-02-11
DVC-003760,3760,2025-02-04
DVC-003761,3761,2025-01-20
DVC-003762,3762,2025-01-11
DVC-003763,3763,2025-03-06
DVC-003764,3764,2025-04-02
DVC-003765,3765,2025-02-13
DVC-003766,3766,2025-02-10
DVC-003767,3767,2025-06-13
DVC-003768,3768,2025-03-12
DVC-003769,3769,2025-02-07
DVC-003770,3770,2025-02-01
DVC-003771,3771,2025-01-29
DVC-003772,3772,2025-02-20
DVC-003773,3773,2025-02-20
DVC-003774,3774,2025-04-05
DVC-003775,3775,2025-01-15
DVC-003776,3776,2025-04-08
DVC-003777,3777,2025-03-10
DVC-003778,3778,2025-01-26
DVC-003779,3779,2025-01-18
DVC-003780,3780,2025-03-09
DVC-003781,3781,2025-02-13
DVC-003782,3782,2025-01-11
DVC-003783,3783,2025-02-05
DVC-003784,3784,2025-03-15
DVC-003785,3785,2025-03-13
DVC-003786,3786,2025-02-20
DVC-003787,3787,2025-03-12
DVC-003788,3788,2025-02-25
DVC-003789,3789,2025-02-19
DVC-003790,3790,2025-01-19
DVC-003791,3791,2025-03-17
DVC-003792,3792,2025-02-12
DVC-003793,3793,2025-03-30
DVC-003794,3794,2025-03-10
DVC-003795,3795,2025-01-03
DVC-003796,3796,2025-02-05
DVC-003797,3797,2025-01-28
DVC-003798,3798,2025-01-20
DVC-003799,3799,2025-02-20
DVC-003800,3800,2025-01-18
DVC-003801,3801,2025-01-10
DVC-003802,3802,2025-01-11
DVC-003803,3803,2025-01-12
DVC-003805,3805,2025-06-13
DVC-003806,3806,2025-01-24
DVC-003807,3807,2025-04-12
DVC-003808,3808,2025-01-12
DVC-003809,3809,2025-01-25
DVC-003810,3810,2025-04-11
DVC-003811,3811,2025-03-12
DVC-003812,3812,2025-03-14
DVC-003813,3813,2025-03-29
DVC-003814,3814,2025-06-16
DVC-003815,3815,2025-03-06
DVC-003816,3816,2025-01-09
DVC-003817,3817,2025-04-03
DVC-003818,3818,2025-03-24
DVC-003819,3819,2025-04-07
DVC-003820,3820,2025-01-21
DVC-003821,3821,2025-02-16
DVC-003822,3822,2025-01-05
DVC-003823,3823,2025-01-21
DVC-003824,3824,2025-02-04
DVC-003825,3825,2025-01-27
DVC-003826,3826,2025-04-05
DVC-003827,3827,2025-01-27
DVC-003828,3828,2025-06-29
DVC-003829,3829,2025-01-23
DVC-003830,3830,2025-02-12
DVC-003831,3831,2025-01-05
DVC-003832,3832,2025-02-19
DVC-003833,3833,2025-01-29
DVC-003834,3834,2025-06-29
DVC-003835,3835,2025-02-10
DVC-003836,3836,2025-01-05
DVC-003837,3837,2025-01-06
DVC-003838,3838,2025-01-05
DVC-003839,3839,2025-01-23
DVC-003840,3840,2025-01-21
DVC-003841,3841,2025-06-29
DVC-003842,3842,2025-01-12
DVC-003843,3843,2025-03-03
DVC-003844,3844,2025-01-30
DVC-003845,3845,2025-03-06
DVC-003846,3846,2025-01-21
DVC-003847,3847,2025-01-04
DVC-003848,3848,2025-01-14
DVC-003849,3849,2025-01-25
DVC-003850,3850,2025-05-07
DVC-003851,3851,2025-03-12
DVC-003852,3852,2025-01-14
DVC-003853,3853,2025-02-04
DVC-003854,3854,2025-01-22
DVC-003855,3855,2025-01-02
DVC-003856,3856,2025-01-10
DVC-003857,3857,2025-03-15
DVC-003858,3858,2025-02-22
DVC-003859,3859,2025-01-28
DVC-003860,3860,2025-03-04
DVC-003861,3861,2025-04-12
DVC-003862,3862,2025-04-08
DVC-003863,3863,2025-01-09
DVC-003864,3864,2025-05-25
DVC-003865,3865,2025-01-11
DVC-003866,3866,2025-03-18
DVC-003867,3867,2025-01-07
DVC-003868,3868,2025-01-14
DVC-003869,3869,2025-03-20
DVC-003870,3870,2025-01-19
DVC-003871,3871,2025-01-19
DVC-003872,3872,2025-06-03
DVC-003873,3873,2025-01-10
DVC-003874,3874,2025-02-23
DVC-003875,3875,2025-04-15
DVC-003876,3876,2025-02-22
DVC-003877,3877,2025-01-30
DVC-003879,3879,2025-03-08
DVC-003880,3880,2025-03-07
DVC-003881,3881,2025-02-19
DVC-003882,3882,2025-02-17
DVC-003883,3883,2025-03-11
DVC-003884,3884,2025-01-10
DVC-003885,3885,2025-01-27
DVC-003886,3886,2025-05-07
DVC-003887,3887,2025-01-05
DVC-003888,3888,2025-06-26
DVC-003889,3889,2025-03-26
DVC-003890,3890,2025-01-25
DVC-003891,3891,2025-02-08
DVC-003892,3892,2025-03-13
DVC-003893,3893,2025-01-05
DVC-003894,3894,2025-02-13
DVC-003895,3895,2025-02-26
DVC-003896,3896,2025-04-07
DVC-003897,3897,2025-04-16
DVC-003899,3899,2025-02-14
DVC-003900,3900,2025-04-24
DVC-003901,3901,2025-01-18
DVC-003902,3902,2025-02-16
DVC-003903,3903,2025-03-02
DVC-003904,3904,2025-02-03
DVC-003905,3905,2025-02-22
DVC-003906,3906,2025-05-19
DVC-003907,3907,2025-03-04
DVC-003908,3908,2025-02-09
DVC-003909,3909,2025-05-11
DVC-003910,3910,2025-05-22
DVC-003911,3911,2025-02-19
DVC-003912,3912,2025-02-08
DVC-003913,3913,2025-04-10
DVC-003914,3914,2025-06-09
DVC-003915,3915,2025-02-02
DVC-003916,3916,2025-02-05
DVC-003917,3917,2025-04-15
DVC-003918,3918,2025-02-10
DVC-003919,3919,2025-02-12
DVC-003920,3920,2025-03-05
DVC-003921,3921,2025-01-09
DVC-003922,3922,2025-02-21
DVC-003923,3923,2025-01-06
DVC-003924,3924,2025-01-05
DVC-003925,3925,2025-03-29
DVC-003926,3926,2025-02-18
DVC-003927,3927,2025-01-02
DVC-003928,3928,2025-02-17
DVC-003929,3929,2025-02-26
DVC-003930,3930,2025-01-13
DVC-003931,3931,2025-01-13
DVC-003932,3932,2025-01-06
DVC-003933,3933,2025-02-03
DVC-003935,3935,2025-06-29
DVC-003936,3936,2025-01-16
DVC-003937,3937,2025-03-01
DVC-003938,3938,2025-01-31
DVC-003939,3939,2025-02-25
DVC-003940,3940,2025-03-23
DVC-003941,3941,2025-01-29
DVC-003942,3942,2025-01-06
DVC-003944,3944,2025-02-14
DVC-003945,3945,2025-05-19
DVC-003946,3946,2025-01-13
DVC-003947,3947,2025-01-09
DVC-003948,3948,2025-01-11
DVC-003949,3949,2025-06-29
DVC-003950,3950,2025-04-20
DVC-003951,3951,2025-01-19
DVC-003952,3952,2025-01-22
DVC-003953,3953,2025-03-01
DVC-003954,3954,2025-02-03
DVC-003955,3955,2025-01-20
DVC-003956,3956,2025-01-24
DVC-003957,3957,2025-05-05
DVC-003958,3958,2025-03-08
DVC-003959,3959,2025-05-06
DVC-003960,3960,2025-06-09
DVC-003961,3961,2025-03-06
DVC-003962,3962,2025-03-01
DVC-003963,3963,2025-01-10
DVC-003964,3964,2025-02-13
DVC-003965,3965,2025-01-22
DVC-003966,3966,2025-05-29
DVC-003967,3967,2025-01-20
DVC-003968,3968,2025-01-25
DVC-003969,3969,2025-06-02
DVC-003970,3970,2025-06-29
DVC-003971,3971,2025-03-01
DVC-003972,3972,2025-02-19
DVC-003973,3973,2025-01-21
DVC-003974,3974,2025-03-29
DVC-003975,3975,2025-02-11
DVC-003976,3976,2025-02-15
DVC-003977,3977,2025-02-10
DVC-003978,3978,2025-02-08
DVC-003979,3979,2025-01-20
DVC-003980,3980,2025-06-29
DVC-003981,3981,2025-03-21
DVC-003982,3982,2025-06-29
DVC-003983,3983,2025-06-29
DVC-003984,3984,2025-01-28
DVC-003985,3985,2025-02-09
DVC-003986,3986,2025-04-02
DVC-003987,3987,2025-01-25
DVC-003988,3988,2025-06-03
DVC-003990,3990,2025-01-27
DVC-003991,3991,2025-02-02
DVC-003992,3992,2025-01-05
DVC-003993,3993,2025-01-22
DVC-003994,3994,2025-06-29
DVC-003995,3995,2025-02-02
DVC-003996,3996,2025-01-29
DVC-003997,3997,2025-02-24
DVC-003998,3998,2025-02-21
DVC-003999,3999,2025-01-08
DVC-004000,4000,2025-03-06
DVC-004001,4001,2025-01-08
DVC-004002,4002,2025-01-14
DVC-004003,4003,2025-01-04
DVC-004004,4004,2025-04-03
DVC-004006,4006,2025-01-27
DVC-004007,4007,2025-03-07
DVC-004008,4008,2025-05-14
DVC-004009,4009,2025-01-12
DVC-004010,4010,2025-01-29
DVC-004011,4011,2025-01-07
DVC-004012,4012,2025-01-01
DVC-004013,4013,2025-01-11
DVC-004014,4014,2025-03-02
DVC-004016,4016,2025-02-01
DVC-004017,4017,2025-02-23
DVC-004018,4018,2025-04-24
DVC-004019,4019,2025-02-20
DVC-004020,4020,2025-03-25
DVC-004021,4021,2025-02-08
DVC-004022,4022,2025-01-03
DVC-004025,4025,2025-02-24
DVC-004026,4026,2025-06-29
DVC-004027,4027,2025-03-01
DVC-004028,4028,2025-04-09
DVC-004029,4029,2025-04-19
DVC-004030,4030,2025-02-16
DVC-004031,4031,2025-02-08
DVC-004032,4032,2025-03-01
DVC-004033,4033,2025-04-16
DVC-004034,4034,2025-03-25
DVC-004035,4035,2025-03-20
DVC-004036,4036,2025-01-11
DVC-004037,4037,2025-02-01
DVC-004038,4038,2025-03-14
DVC-004039,4039,2025-02-09
DVC-004040,4040,2025-06-01
DVC-004041,4041,2025-01-04
DVC-004042,4042,2025-01-23
DVC-004043,4043,2025-01-04
DVC-004044,4044,2025-01-22
DVC-004045,4045,2025-01-01
DVC-004046,4046,2025-06-29
DVC-004047,4047,2025-03-02
DVC-004048,4048,2025-02-22
DVC-004049,4049,2025-02-24
DVC-004050,4050,2025-01-24
DVC-004051,4051,2025-01-12
DVC-004052,4052,2025-03-07
DVC-004053,4053,2025-01-09
DVC-004054,4054,2025-01-04
DVC-004055,4055,2025-01-27
DVC-004056,4056,2025-02-25
DVC-004057,4057,2025-01-06
DVC-004058,4058,2025-04-21
DVC-004059,4059,2025-02-19
DVC-004060,4060,2025-06-10
DVC-004061,4061,2025-01-03
DVC-004064,4064,2025-01-03
DVC-004065,4065,2025-04-07
DVC-004066,4066,2025-03-20
DVC-004067,4067,2025-02-01
DVC-004068,4068,2025-01-12
DVC-004069,4069,2025-02-18
DVC-004070,4070,2025-02-19
DVC-004071,4071,2025-04-07
DVC-004072,4072,2025-01-13
DVC-004073,4073,2025-03-24
DVC-004074,4074,2025-03-12
DVC-004075,4075,2025-02-04
DVC-004076,4076,2025-01-04
DVC-004077,4077,2025-01-08
DVC-004078,4078,2025-01-07
DVC-004079,4079,2025-02-17
DVC-004080,4080,2025-04-26
DVC-004081,4081,2025-03-07
DVC-004082,4082,2025-01-17
DVC-004083,4083,2025-02-27
DVC-004084,4084,2025-03-10
DVC-004085,4085,2025-06-29
DVC-004086,4086,2025-01-04
DVC-004087,4087,2025-02-19
DVC-004088,4088,2025-05-14
DVC-004089,4089,2025-01-04
DVC-004090,4090,2025-01-18
DVC-004091,4091,2025-02-27
DVC-004092,4092,2025-01-31
DVC-004093,4093,2025-02-12
DVC-004094,4094,2025-02-11
DVC-004095,4095,2025-03-10
DVC-004096,4096,2025-01-26
DVC-004097,4097,2025-03-15
DVC-004098,4098,2025-04-01
DVC-004099,4099,2025-02-24
DVC-004100,4100,2025-01-22
DVC-004101,4101,2025-05-10
DVC-004102,4102,2025-01-03
DVC-004103,4103,2025-02-11
DVC-004104,4104,2025-03-25
DVC-004105,4105,2025-01-29
DVC-004106,4106,2025-01-24
DVC-004107,4107,2025-01-08
DVC-004108,4108,2025-02-05
DVC-004109,4109,2025-06-10
DVC-004110,4110,2025-01-02
DVC-004111,4111,2025-01-04
DVC-004112,4112,2025-05-18
DVC-004113,4113,2025-06-29
DVC-004114,4114,2025-02-27
DVC-004115,4115,2025-06-29
DVC-004116,4116,2025-02-17
DVC-004117,4117,2025-02-18
DVC-004118,4118,2025-03-19
DVC-004119,4119,2025-06-29
DVC-004120,4120,2025-01-21
DVC-004121,4121,2025-02-15
DVC-004122,4122,2025-06-12
DVC-004123,4123,2025-06-01
DVC-004124,4124,2025-05-15
DVC-004125,4125,2025-03-14
DVC-004126,4126,2025-03-14
DVC-004127,4127,2025-02-17
DVC-004128,4128,2025-01-05
DVC-004129,4129,2025-01-27
DVC-004130,4130,2025-03-25
DVC-004131,4131,2025-01-29
DVC-004132,4132,2025-01-21
DVC-004133,4133,2025-01-02
DVC-004134,4134,2025-04-10
DVC-004135,4135,2025-02-16
DVC-004136,4136,2025-01-30
DVC-004137,4137,2025-03-08
DVC-004138,4138,2025-01-11
DVC-004139,4139,2025-05-06
DVC-004140,4140,2025-02-20
DVC-004141,4141,2025-05-01
DVC-004142,4142,2025-01-02
DVC-004143,4143,2025-01-12
DVC-004144,4144,2025-01-07
DVC-004145,4145,2025-01-16
DVC-004146,4146,2025-03-16
DVC-004147,4147,2025-01-08
DVC-004148,4148,2025-06-29
DVC-004149,4149,2025-02-28
DVC-004150,4150,2025-04-03
DVC-004151,4151,2025-06-29
DVC-004152,4152,2025-01-26
DVC-004153,4153,2025-03-15
DVC-004154,4154,2025-01-05
DVC-004155,4155,2025-01-04
DVC-004156,4156,2025-02-10
DVC-004157,4157,2025-03-05
DVC-004158,4158,2025-03-16
DVC-004159,4159,2025-04-30
DVC-004160,4160,2025-04-11
DVC-004161,4161,2025-02-22
DVC-004162,4162,2025-02-08
DVC-004163,4163,2025-01-30
DVC-004164,4164,2025-01-01
DVC-004165,4165,2025-03-10
DVC-004166,4166,2025-04-26
DVC-004167,4167,2025-03-30
DVC-004168,4168,2025-01-26
DVC-004170,4170,2025-01-29
DVC-004171,4171,2025-02-05
DVC-004172,4172,2025-02-17
DVC-004173,4173,2025-01-06
DVC-004175,4175,2025-01-08
DVC-004176,4176,2025-01-01
DVC-004177,4177,2025-01-23
DVC-004178,4178,2025-02-02
DVC-004179,4179,2025-01-31
DVC-004180,4180,2025-01-03
DVC-004181,4181,2025-04-13
DVC-004182,4182,2025-01-10
DVC-004183,4183,2025-02-25
DVC-004184,4184,2025-02-28
DVC-004185,4185,2025-01-08
DVC-004186,4186,2025-01-03
DVC-004187,4187,2025-01-02
DVC-004188,4188,2025-01-20
DVC-004189,4189,2025-02-21
DVC-004190,4190,2025-01-09
DVC-004191,4191,2025-01-05
DVC-004192,4192,2025-02-23
DVC-004193,4193,2025-01-10
DVC-004194,4194,2025-04-10
DVC-004195,4195,2025-02-10
DVC-004196,4196,2025-02-23
DVC-004197,4197,2025-05-06
DVC-004198,4198,2025-01-11
DVC-004199,4199,2025-02-19
DVC-004200,4200,2025-01-26
DVC-004201,4201,2025-01-09
DVC-004202,4202,2025-02-24
DVC-004203,4203,2025-01-03
DVC-004204,4204,2025-04-23
DVC-004205,4205,2025-03-10
DVC-004206,4206,2025-06-29
DVC-004207,4207,2025-02-06
DVC-004208,4208,2025-06-01
DVC-004209,4209,2025-01-13
DVC-004211,4211,2025-02-15
DVC-004212,4212,2025-03-11
DVC-004213,4213,2025-06-24
DVC-004215,4215,2025-01-05
DVC-004216,4216,2025-02-20
DVC-004217,4217,2025-01-24
DVC-004218,4218,2025-01-09
DVC-004219,4219,2025-02-09
DVC-004220,4220,2025-01-31
DVC-004221,4221,2025-01-03
DVC-004222,4222,2025-02-17
DVC-004223,4223,2025-01-06
DVC-004224,4224,2025-03-25
DVC-004225,4225,2025-01-19
DVC-004226,4226,2025-02-23
DVC-004227,4227,2025-01-12
DVC-004228,4228,2025-05-18
DVC-004229,4229,2025-01-04
DVC-004230,4230,2025-05-12
DVC-004231,4231,2025-01-12
DVC-004232,4232,2025-01-10
DVC-004233,4233,2025-02-25
DVC-004234,4234,2025-02-17
DVC-004235,4235,2025-06-29
DVC-004236,4236,2025-02-10
DVC-004237,4237,2025-01-14
DVC-004238,4238,2025-02-23
DVC-004239,4239,2025-02-17
DVC-004240,4240,2025-02-17
DVC-004241,4241,2025-06-29
DVC-004242,4242,2025-01-18
DVC-004243,4243,2025-02-03
DVC-004244,4244,2025-04-15
DVC-004245,4245,2025-03-05
DVC-004246,4246,2025-01-14
DVC-004247,4247,2025-03-26
DVC-004248,4248,2025-01-11
DVC-004249,4249,2025-03-07
DVC-004250,4250,2025-04-27
DVC-004251,4251,2025-03-28
DVC-004252,4252,2025-01-01
DVC-004253,4253,2025-02-12
DVC-004254,4254,2025-01-11
DVC-004255,4255,2025-01-24
DVC-004256,4256,2025-03-24
DVC-004257,4257,2025-01-12
DVC-004258,4258,2025-06-08
DVC-004259,4259,2025-01-02
DVC-004260,4260,2025-01-12
DVC-004261,4261,2025-01-04
DVC-004262,4262,2025-02-10
DVC-004263,4263,2025-01-18
DVC-004264,4264,2025-02-12
DVC-004265,4265,2025-05-06
DVC-004266,4266,2025-02-28
DVC-004267,4267,2025-01-03
DVC-004268,4268,2025-01-01
DVC-004269,4269,2025-03-07
DVC-004270,4270,2025-01-07
DVC-004271,4271,2025-02-14
DVC-004272,4272,2025-05-25
DVC-004273,4273,2025-02-18
DVC-004274,4274,2025-03-20
DVC-004275,4275,2025-01-29
DVC-004276,4276,2025-01-30
DVC-004277,4277,2025-01-03
DVC-004278,4278,2025-01-10
DVC-004279,4279,2025-01-03
DVC-004280,4280,2025-01-23
DVC-004281,4281,2025-03-08
DVC-004282,4282,2025-01-09
DVC-004283,4283,2025-04-18
DVC-004284,4284,2025-02-14
DVC-004285,4285,2025-02-24
DVC-004286,4286,2025-04-12
DVC-004287,4287,2025-02-10
DVC-004288,4288,2025-02-24
DVC-004289,4289,2025-02-15
DVC-004290,4290,2025-01-05
DVC-004291,4291,2025-01-13
DVC-004292,4292,2025-04-05
DVC-004293,4293,2025-06-29
DVC-004294,4294,2025-01-11
DVC-004295,4295,2025-02-01
DVC-004296,4296,2025-01-19
DVC-004297,4297,2025-03-04
DVC-004298,4298,2025-02-17
DVC-004299,4299,2025-01-03
DVC-004300,4300,2025-06-29
DVC-004301,4301,2025-06-04
DVC-004302,4302,2025-03-17
DVC-004303,4303,2025-02-16
DVC-004304,4304,2025-01-21
DVC-004305,4305,2025-01-31
DVC-004306,4306,2025-01-25
DVC-004307,4307,2025-01-31
DVC-004308,4308,2025-01-05
DVC-004309,4309,2025-04-23
DVC-004310,4310,2025-02-21
DVC-004311,4311,2025-02-04
DVC-004312,4312,2025-03-14
DVC-004313,4313,2025-03-15
DVC-004314,4314,2025-01-02
DVC-004315,4315,2025-01-11
DVC-004316,4316,2025-02-09
DVC-004317,4317,2025-04-12
DVC-004318,4318,2025-04-16
DVC-004319,4319,2025-01-23
DVC-004320,4320,2025-03-25
DVC-004321,4321,2025-01-02
DVC-004322,4322,2025-03-13
DVC-004323,4323,2025-02-05
DVC-004324,4324,2025-01-20
DVC-004325,4325,2025-02-16
DVC-004326,4326,2025-02-24
DVC-004327,4327,2025-06-18
DVC-004328,4328,2025-06-29
DVC-004329,4329,2025-02-03
DVC-004330,4330,2025-04-15
DVC-004331,4331,2025-01-31
DVC-004332,4332,2025-02-27
DVC-004333,4333,2025-01-15
DVC-004334,4334,2025-01-10
DVC-004335,4335,2025-02-16
DVC-004336,4336,2025-01-24
DVC-004337,4337,2025-01-21
DVC-004338,4338,2025-01-04
DVC-004339,4339,2025-01-08
DVC-004340,4340,2025-03-07
DVC-004341,4341,2025-03-07
DVC-004342,4342,2025-02-07
DVC-004343,4343,2025-02-21
DVC-004344,4344,2025-01-04
DVC-004345,4345,2025-04-11
DVC-004346,4346,2025-02-20
DVC-004348,4348,2025-01-11
DVC-004349,4349,2025-03-04
DVC-004350,4350,2025-03-05
DVC-004351,4351,2025-01-24
DVC-004352,4352,2025-06-29
DVC-004353,4353,2025-01-24
DVC-004355,4355,2025-04-11
DVC-004356,4356,2025-05-20
DVC-004357,4357,2025-02-04
DVC-004358,4358,2025-01-13
DVC-004359,4359,2025-01-11
DVC-004360,4360,2025-03-23
DVC-004361,4361,2025-02-14
DVC-004362,4362,2025-02-05
DVC-004363,4363,2025-02-02
DVC-004364,4364,2025-01-03
DVC-004365,4365,2025-01-26
DVC-004366,4366,2025-06-02
DVC-004367,4367,2025-02-28
DVC-004368,4368,2025-01-15
DVC-004369,4369,2025-04-15
DVC-004370,4370,2025-03-08
DVC-004371,4371,2025-06-29
DVC-004372,4372,2025-01-20
DVC-004373,4373,2025-01-15
DVC-004374,4374,2025-05-12
DVC-004375,4375,2025-02-01
DVC-004376,4376,2025-01-25
DVC-004377,4377,2025-03-12
DVC-004378,4378,2025-01-27
DVC-004379,4379,2025-01-14
DVC-004380,4380,2025-03-17
DVC-004381,4381,2025-02-19
DVC-004382,4382,2025-01-10
DVC-004383,4383,2025-03-14
DVC-004384,4384,2025-01-10
DVC-004385,4385,2025-01-03
DVC-004386,4386,2025-02-28
DVC-004387,4387,2025-01-15
DVC-004388,4388,2025-02-21
DVC-004389,4389,2025-06-29
DVC-004390,4390,2025-06-29
DVC-004391,4391,2025-01-17
DVC-004392,4392,2025-01-22
DVC-004393,4393,2025-03-13
DVC-004394,4394,2025-01-01
DVC-004395,4395,2025-02-22
DVC-004396,4396,2025-01-19
DVC-004397,4397,2025-03-01
DVC-004398,4398,2025-03-10
DVC-004399,4399,2025-03-07
DVC-004400,4400,2025-01-03
DVC-004401,4401,2025-01-09
DVC-004402,4402,2025-05-03
DVC-004403,4403,2025-01-10
DVC-004404,4404,2025-02-08
DVC-004405,4405,2025-04-20
DVC-004407,4407,2025-01-13
DVC-004408,4408,2025-03-06
DVC-004409,4409,2025-01-08
DVC-004410,4410,2025-02-18
DVC-004411,4411,2025-04-18
DVC-004412,4412,2025-02-23
DVC-004413,4413,2025-04-28
DVC-004414,4414,2025-01-22
DVC-004415,4415,2025-03-18
DVC-004416,4416,2025-04-24
DVC-004417,4417,2025-01-20
DVC-004418,4418,2025-04-23
DVC-004419,4419,2025-01-07
DVC-004420,4420,2025-02-21
DVC-004421,4421,2025-01-11
DVC-004422,4422,2025-03-15
DVC-004423,4423,2025-02-16
DVC-004424,4424,2025-03-09
DVC-004425,4425,2025-04-12
DVC-004426,4426,2025-02-11
DVC-004427,4427,2025-01-16
DVC-004428,4428,2025-04-27
DVC-004429,4429,2025-06-15
DVC-004430,4430,2025-04-28
DVC-004431,4431,2025-01-09
DVC-004432,4432,2025-04-05
DVC-004433,4433,2025-03-03
DVC-004434,4434,2025-02-03
DVC-004435,4435,2025-01-08
DVC-004436,4436,2025-03-13
DVC-004437,4437,2025-03-06
DVC-004438,4438,2025-01-17
DVC-004439,4439,2025-01-30
DVC-004440,4440,2025-01-11
DVC-004441,4441,2025-06-09
DVC-004442,4442,2025-02-09
DVC-004443,4443,2025-02-26
DVC-004444,4444,2025-02-20
DVC-004445,4445,2025-04-04
DVC-004446,4446,2025-03-05
DVC-004447,4447,2025-01-18
DVC-004448,4448,2025-02-07
DVC-004449,4449,2025-01-23
DVC-004450,4450,2025-02-05
DVC-004451,4451,2025-03-07
DVC-004452,4452,2025-02-09
DVC-004453,4453,2025-02-25
DVC-004454,4454,2025-01-12
DVC-004455,4455,2025-02-11
DVC-004456,4456,2025-03-11
DVC-004457,4457,2025-03-03
DVC-004458,4458,2025-01-31
DVC-004459,4459,2025-01-14
DVC-004460,4460,2025-06-24
DVC-004461,4461,2025-02-25
DVC-004463,4463,2025-01-11
DVC-004464,4464,2025-03-21
DVC-004465,4465,2025-02-21
DVC-004466,4466,2025-01-16
DVC-004467,4467,2025-01-01
DVC-004468,4468,2025-02-14
DVC-004469,4469,2025-01-12
DVC-004470,4470,2025-01-31
DVC-004471,4471,2025-03-11
DVC-004472,4472,2025-03-09
DVC-004473,4473,2025-01-05
DVC-004474,4474,2025-01-25
DVC-004475,4475,2025-05-11
DVC-004476,4476,2025-01-18
DVC-004477,4477,2025-01-27
DVC-004478,4478,2025-02-01
DVC-004479,4479,2025-01-01
DVC-004481,4481,2025-01-04
DVC-004482,4482,2025-01-19
DVC-004483,4483,2025-01-15
DVC-004484,4484,2025-02-20
DVC-004485,4485,2025-01-26
DVC-004486,4486,2025-03-13
DVC-004487,4487,2025-03-29
DVC-004488,4488,2025-01-10
DVC-004489,4489,2025-01-13
DVC-004490,4490,2025-02-24
DVC-004491,4491,2025-04-05
DVC-004493,4493,2025-01-15
DVC-004494,4494,2025-04-19
DVC-004495,4495,2025-01-09
DVC-004496,4496,2025-01-31
DVC-004497,4497,2025-04-07
DVC-004498,4498,2025-01-16
DVC-004499,4499,2025-01-11
DVC-004500,4500,2025-01-03
DVC-004501,4501,2025-02-25
DVC-004502,4502,2025-02-19
DVC-004503,4503,2025-06-29
DVC-004504,4504,2025-02-09
DVC-004505,4505,2025-01-12
DVC-004506,4506,2025-01-28
DVC-004507,4507,2025-01-04
DVC-004508,4508,2025-03-06
DVC-004509,4509,2025-03-18
DVC-004510,4510,2025-01-15
DVC-004511,4511,2025-01-18
DVC-004512,4512,2025-01-05
DVC-004513,4513,2025-01-05
DVC-004514,4514,2025-02-03
DVC-004515,4515,2025-02-14
DVC-004516,4516,2025-01-01
DVC-004517,4517,2025-03-06
DVC-004518,4518,2025-01-21
DVC-004519,4519,2025-02-19
DVC-004520,4520,2025-02-16
DVC-004521,4521,2025-04-03
DVC-004522,4522,2025-04-28
DVC-004523,4523,2025-04-24
DVC-004524,4524,2025-01-24
DVC-004525,4525,2025-02-26
DVC-004526,4526,2025-01-10
DVC-004527,4527,2025-02-06
DVC-004528,4528,2025-01-22
DVC-004529,4529,2025-01-24
DVC-004530,4530,2025-03-30
DVC-004531,4531,2025-05-19
DVC-004532,4532,2025-01-25
DVC-004533,4533,2025-04-09
DVC-004534,4534,2025-02-03
DVC-004535,4535,2025-01-19
DVC-004536,4536,2025-01-30
DVC-004537,4537,2025-01-22
DVC-004538,4538,2025-01-10
DVC-004539,4539,2025-01-03
DVC-004540,4540,2025-01-02
DVC-004541,4541,2025-03-16
DVC-004542,4542,2025-02-18
DVC-004543,4543,2025-01-26
DVC-004544,4544,2025-02-07
DVC-004545,4545,2025-06-29
DVC-004546,4546,2025-02-02
DVC-004547,4547,2025-01-15
DVC-004548,4548,2025-03-13
DVC-004549,4549,2025-01-08
DVC-004550,4550,2025-02-22
DVC-004551,4551,2025-02-02
DVC-004552,4552,2025-02-16
DVC-004553,4553,2025-01-20
DVC-004554,4554,2025-01-30
DVC-004555,4555,2025-03-24
DVC-004556,4556,2025-01-06
DVC-004557,4557,2025-04-04
DVC-004558,4558,2025-04-17
DVC-004559,4559,2025-01-29
DVC-004560,4560,2025-03-15
DVC-004561,4561,2025-02-28
DVC-004562,4562,2025-02-13
DVC-004563,4563,2025-03-24
DVC-004564,4564,2025-01-26
DVC-004565,4565,2025-04-20
DVC-004566,4566,2025-05-26
DVC-004567,4567,2025-02-26
DVC-004568,4568,2025-01-13
DVC-004569,4569,2025-01-03
DVC-004570,4570,2025-01-30
DVC-004571,4571,2025-01-05
DVC-004572,4572,2025-01-28
DVC-004573,4573,2025-05-27
DVC-004574,4574,2025-03-26
DVC-004575,4575,2025-01-05
DVC-004576,4576,2025-01-14
DVC-004577,4577,2025-03-08
DVC-004578,4578,2025-06-29
DVC-004579,4579,2025-03-20
DVC-004580,4580,2025-01-10
DVC-004581,4581,2025-01-30
DVC-004582,4582,2025-04-04
DVC-004583,4583,2025-02-20
DVC-004584,4584,2025-01-28
DVC-004585,4585,2025-06-29
DVC-004586,4586,2025-03-16
DVC-004587,4587,2025-02-08
DVC-004588,4588,2025-03-09
DVC-004589,4589,2025-01-16
DVC-004590,4590,2025-04-20
DVC-004591,4591,2025-02-13
DVC-004592,4592,2025-03-12
DVC-004593,4593,2025-06-29
DVC-004594,4594,2025-02-11
DVC-004595,4595,2025-02-08
DVC-004596,4596,2025-02-15
DVC-004597,4597,2025-01-26
DVC-004598,4598,2025-02-21
DVC-004599,4599,2025-01-05
DVC-004600,4600,2025-04-27
DVC-004601,4601,2025-06-29
DVC-004602,4602,2025-02-10
DVC-004603,4603,2025-01-01
DVC-004604,4604,2025-01-21
DVC-004605,4605,2025-01-01
DVC-004606,4606,2025-01-11
DVC-004607,4607,2025-05-22
DVC-004608,4608,2025-01-31
DVC-004609,4609,2025-02-10
DVC-004610,4610,2025-02-18
DVC-004611,4611,2025-01-15
DVC-004612,4612,2025-04-25
DVC-004613,4613,2025-03-01
DVC-004614,4614,2025-03-04
DVC-004615,4615,2025-02-14
DVC-004616,4616,2025-03-15
DVC-004617,4617,2025-02-02
DVC-004618,4618,2025-03-31
DVC-004619,4619,2025-02-19
DVC-004620,4620,2025-01-03
DVC-004621,4621,2025-01-06
DVC-004622,4622,2025-01-29
DVC-004623,4623,2025-01-02
DVC-004624,4624,2025-01-05
DVC-004625,4625,2025-01-28
DVC-004626,4626,2025-01-21
DVC-004627,4627,2025-03-03
DVC-004628,4628,2025-01-18
DVC-004629,4629,2025-01-19
DVC-004630,4630,2025-01-28
DVC-004631,4631,2025-01-03
DVC-004632,4632,2025-03-03
DVC-004634,4634,2025-06-29
DVC-004635,4635,2025-04-01
DVC-004636,4636,2025-01-23
DVC-004637,4637,2025-03-30
DVC-004638,4638,2025-06-29
DVC-004639,4639,2025-01-15
DVC-004641,4641,2025-01-26
DVC-004642,4642,2025-01-04
DVC-004644,4644,2025-01-13
DVC-004645,4645,2025-03-08
DVC-004646,4646,2025-03-16
DVC-004647,4647,2025-03-12
DVC-004648,4648,2025-01-31
DVC-004649,4649,2025-02-19
DVC-004650,4650,2025-03-15
DVC-004651,4651,2025-02-15
DVC-004652,4652,2025-02-05
DVC-004653,4653,2025-01-17
DVC-004654,4654,2025-01-29
DVC-004655,4655,2025-03-29
DVC-004656,4656,2025-02-17
DVC-004657,4657,2025-01-14
DVC-004658,4658,2025-01-16
DVC-004659,4659,2025-04-04
DVC-004660,4660,2025-05-22
DVC-004661,4661,2025-01-22
DVC-004662,4662,2025-01-31
DVC-004663,4663,2025-01-01
DVC-004664,4664,2025-01-07
DVC-004665,4665,2025-03-14
DVC-004666,4666,2025-06-29
DVC-004667,4667,2025-02-25
DVC-004668,4668,2025-02-18
DVC-004669,4669,2025-03-31
DVC-004670,4670,2025-01-21
DVC-004671,4671,2025-02-17
DVC-004673,4673,2025-01-29
DVC-004674,4674,2025-01-13
DVC-004675,4675,2025-02-05
DVC-004676,4676,2025-02-13
DVC-004677,4677,2025-04-26
DVC-004678,4678,2025-06-29
DVC-004679,4679,2025-01-06
DVC-004680,4680,2025-01-08
DVC-004681,4681,2025-04-17
DVC-004682,4682,2025-02-19
DVC-004683,4683,2025-03-26
DVC-004684,4684,2025-01-07
DVC-004685,4685,2025-01-11
DVC-004686,4686,2025-02-19
DVC-004687,4687,2025-02-04
DVC-004688,4688,2025-02-06
DVC-004689,4689,2025-05-16
DVC-004690,4690,2025-03-24
DVC-004691,4691,2025-01-30
DVC-004692,4692,2025-05-16
DVC-004693,4693,2025-02-05
DVC-004694,4694,2025-03-24
DVC-004695,4695,2025-03-21
DVC-004696,4696,2025-01-27
DVC-004697,4697,2025-03-06
DVC-004698,4698,2025-05-30
DVC-004699,4699,2025-05-15
DVC-004700,4700,2025-02-24
DVC-004701,4701,2025-01-17
DVC-004702,4702,2025-01-19
DVC-004703,4703,2025-04-03
DVC-004704,4704,2025-02-14
DVC-004706,4706,2025-01-04
DVC-004707,4707,2025-01-18
DVC-004708,4708,2025-03-08
DVC-004709,4709,2025-01-18
DVC-004710,4710,2025-01-10
DVC-004711,4711,2025-01-24
DVC-004712,4712,2025-03-12
DVC-004713,4713,2025-03-13
DVC-004714,4714,2025-02-17
DVC-004715,4715,2025-02-08
DVC-004716,4716,2025-05-04
DVC-004717,4717,2025-04-22
DVC-004718,4718,2025-02-02
DVC-004719,4719,2025-05-10
DVC-004720,4720,2025-05-24
DVC-004721,4721,2025-03-06
DVC-004722,4722,2025-02-01
DVC-004723,4723,2025-02-15
DVC-004724,4724,2025-01-19
DVC-004725,4725,2025-04-19
DVC-004726,4726,2025-02-08
DVC-004727,4727,2025-03-30
DVC-004728,4728,2025-03-30
DVC-004729,4729,2025-01-04
DVC-004730,4730,2025-04-30
DVC-004731,4731,2025-01-12
DVC-004732,4732,2025-01-20
DVC-004733,4733,2025-02-18
DVC-004734,4734,2025-02-21
DVC-004735,4735,2025-01-29
DVC-004736,4736,2025-01-29
DVC-004737,4737,2025-03-24
DVC-004738,4738,2025-02-14
DVC-004739,4739,2025-03-14
DVC-004740,4740,2025-05-06
DVC-004741,4741,2025-02-06
DVC-004742,4742,2025-02-09
DVC-004743,4743,2025-01-29
DVC-004744,4744,2025-01-21
DVC-004745,4745,2025-04-22
DVC-004746,4746,2025-01-09
DVC-004747,4747,2025-03-17
DVC-004748,4748,2025-02-02
DVC-004749,4749,2025-02-05
DVC-004750,4750,2025-06-12
DVC-004751,4751,2025-01-27
DVC-004752,4752,2025-01-31
DVC-004753,4753,2025-01-17
DVC-004754,4754,2025-02-04
DVC-004756,4756,2025-02-20
DVC-004757,4757,2025-01-26
DVC-004759,4759,2025-05-29
DVC-004760,4760,2025-06-29
DVC-004761,4761,2025-01-12
DVC-004762,4762,2025-05-04
DVC-004763,4763,2025-01-03
DVC-004764,4764,2025-02-17
DVC-004765,4765,2025-06-29
DVC-004766,4766,2025-02-21
DVC-004767,4767,2025-06-04
DVC-004768,4768,2025-03-19
DVC-004769,4769,2025-02-08
DVC-004770,4770,2025-02-23
DVC-004771,4771,2025-02-21
DVC-004772,4772,2025-03-22
DVC-004773,4773,2025-02-03
DVC-004774,4774,2025-02-06
DVC-004775,4775,2025-06-29
DVC-004776,4776,2025-01-19
DVC-004777,4777,2025-01-22
DVC-004778,4778,2025-02-03
DVC-004779,4779,2025-02-07
DVC-004780,4780,2025-01-15
DVC-004781,4781,2025-01-18
DVC-004782,4782,2025-01-04
DVC-004783,4783,2025-01-17
DVC-004784,4784,2025-03-07
DVC-004785,4785,2025-02-05
DVC-004786,4786,2025-01-11
DVC-004787,4787,2025-01-02
DVC-004788,4788,2025-01-23
DVC-004789,4789,2025-01-08
DVC-004790,4790,2025-01-02
DVC-004791,4791,2025-03-22
DVC-004792,4792,2025-03-15
DVC-004793,4793,2025-01-16
DVC-004794,4794,2025-01-12
DVC-004795,4795,2025-03-05
DVC-004796,4796,2025-02-02
DVC-004797,4797,2025-02-02
DVC-004798,4798,2025-02-01
DVC-004799,4799,2025-03-12
DVC-004800,4800,2025-06-29
DVC-004801,4801,2025-02-13
DVC-004802,4802,2025-06-29
DVC-004803,4803,2025-01-12
DVC-004804,4804,2025-02-24
DVC-004805,4805,2025-01-06
DVC-004806,4806,2025-02-22
DVC-004807,4807,2025-03-24
DVC-004808,4808,2025-01-13
DVC-004809,4809,2025-01-18
DVC-004810,4810,2025-03-16
DVC-004811,4811,2025-01-22
DVC-004812,4812,2025-01-02
DVC-004813,4813,2025-03-15
DVC-004814,4814,2025-03-12
DVC-004815,4815,2025-01-17
DVC-004817,4817,2025-01-20
DVC-004818,4818,2025-01-08
DVC-004820,4820,2025-01-03
DVC-004821,4821,2025-02-05
DVC-004822,4822,2025-02-26
DVC-004823,4823,2025-06-29
DVC-004824,4824,2025-06-01
DVC-004825,4825,2025-02-20
DVC-004826,4826,2025-01-04
DVC-004827,4827,2025-02-15
DVC-004828,4828,2025-03-12
DVC-004829,4829,2025-04-23
DVC-004830,4830,2025-05-28
DVC-004831,4831,2025-02-02
DVC-004833,4833,2025-04-19
DVC-004834,4834,2025-01-11
DVC-004836,4836,2025-01-18
DVC-004837,4837,2025-01-17
DVC-004838,4838,2025-05-24
DVC-004839,4839,2025-02-19
DVC-004840,4840,2025-04-21
DVC-004841,4841,2025-01-26
DVC-004842,4842,2025-02-09
DVC-004843,4843,2025-02-16
DVC-004844,4844,2025-04-16
DVC-004845,4845,2025-02-06
DVC-004846,4846,2025-02-17
DVC-004847,4847,2025-02-15
DVC-004848,4848,2025-02-23
DVC-004849,4849,2025-01-07
DVC-004850,4850,2025-01-26
DVC-004851,4851,2025-01-03
DVC-004852,4852,2025-01-03
DVC-004853,4853,2025-06-29
DVC-004854,4854,2025-01-06
DVC-004855,4855,2025-03-02
DVC-004856,4856,2025-01-26
DVC-004857,4857,2025-01-15
DVC-004858,4858,2025-04-01
DVC-004859,4859,2025-01-11
DVC-004860,4860,2025-04-24
DVC-004862,4862,2025-01-04
DVC-004863,4863,2025-01-22
DVC-004864,4864,2025-02-28
DVC-004865,4865,2025-01-25
DVC-004866,4866,2025-01-11
DVC-004867,4867,2025-01-23
DVC-004868,4868,2025-01-10
DVC-004869,4869,2025-04-24
DVC-004870,4870,2025-02-09
DVC-004871,4871,2025-02-19
DVC-004872,4872,2025-06-19
DVC-004873,4873,2025-01-14
DVC-004874,4874,2025-01-11
DVC-004875,4875,2025-01-15
DVC-004876,4876,2025-06-03
DVC-004877,4877,2025-04-01
DVC-004878,4878,2025-06-29
DVC-004879,4879,2025-01-07
DVC-004880,4880,2025-01-17
DVC-004881,4881,2025-01-11
DVC-004882,4882,2025-03-16
DVC-004883,4883,2025-01-14
DVC-004884,4884,2025-05-19
DVC-004885,4885,2025-01-24
DVC-004886,4886,2025-05-02
DVC-004887,4887,2025-01-25
DVC-004888,4888,2025-01-07
DVC-004889,4889,2025-03-08
DVC-004890,4890,2025-01-22
DVC-004891,4891,2025-01-08
DVC-004892,4892,2025-01-20
DVC-004893,4893,2025-01-25
DVC-004894,4894,2025-06-29
DVC-004895,4895,2025-03-01
DVC-004898,4898,2025-02-12
DVC-004899,4899,2025-01-17
DVC-004900,4900,2025-01-24
DVC-004901,4901,2025-01-12
DVC-004902,4902,2025-01-06
DVC-004903,4903,2025-05-05
DVC-004904,4904,2025-01-22
DVC-004905,4905,2025-02-14
DVC-004906,4906,2025-01-18
DVC-004907,4907,2025-05-25
DVC-004908,4908,2025-02-08
DVC-004909,4909,2025-01-07
DVC-004910,4910,2025-02-11
DVC-004911,4911,2025-02-21
DVC-004912,4912,2025-01-06
DVC-004913,4913,2025-04-04
DVC-004914,4914,2025-02-09
DVC-004915,4915,2025-01-10
DVC-004916,4916,2025-06-01
DVC-004917,4917,2025-03-20
DVC-004918,4918,2025-02-25
DVC-004919,4919,2025-01-03
DVC-004920,4920,2025-06-29
DVC-004921,4921,2025-01-29
DVC-004922,4922,2025-01-25
DVC-004923,4923,2025-01-04
DVC-004924,4924,2025-01-19
DVC-004925,4925,2025-04-20
DVC-004927,4927,2025-01-06
DVC-004928,4928,2025-01-30
DVC-004929,4929,2025-03-15
DVC-004930,4930,2025-02-09
DVC-004931,4931,2025-01-16
DVC-004932,4932,2025-02-26
DVC-004933,4933,2025-02-08
DVC-004934,4934,2025-02-12
DVC-004935,4935,2025-01-11
DVC-004936,4936,2025-01-31
DVC-004937,4937,2025-03-23
DVC-004938,4938,2025-02-09
DVC-004939,4939,2025-02-25
DVC-004940,4940,2025-01-27
DVC-004941,4941,2025-04-04
DVC-004942,4942,2025-01-07
DVC-004943,4943,2025-03-12
DVC-004944,4944,2025-01-12
DVC-004945,4945,2025-01-17
DVC-004946,4946,2025-05-10
DVC-004947,4947,2025-01-31
DVC-004948,4948,2025-02-04
DVC-004949,4949,2025-03-03
DVC-004950,4950,2025-03-11
DVC-004951,4951,2025-03-01
DVC-004952,4952,2025-02-17
DVC-004953,4953,2025-01-01
DVC-004954,4954,2025-01-10
DVC-004955,4955,2025-01-19
DVC-004956,4956,2025-04-19
DVC-004957,4957,2025-06-02
DVC-004958,4958,2025-02-08
DVC-004960,4960,2025-06-29
DVC-004961,4961,2025-02-12
DVC-004962,4962,2025-03-16
DVC-004963,4963,2025-02-19
DVC-004964,4964,2025-01-28
DVC-004965,4965,2025-02-03
DVC-004966,4966,2025-03-04
DVC-004968,4968,2025-02-04
DVC-004969,4969,2025-02-01
DVC-004970,4970,2025-01-04
DVC-004971,4971,2025-01-08
DVC-004972,4972,2025-01-01
DVC-004973,4973,2025-01-09
DVC-004974,4974,2025-03-31
DVC-004975,4975,2025-03-20
DVC-004977,4977,2025-01-02
DVC-004978,4978,2025-03-07
DVC-004979,4979,2025-01-19
DVC-004980,4980,2025-02-08
DVC-004981,4981,2025-05-10
DVC-004982,4982,2025-02-18
DVC-004983,4983,2025-01-08
DVC-004984,4984,2025-01-30
DVC-004985,4985,2025-06-29
DVC-004986,4986,2025-05-17
DVC-004987,4987,2025-04-04
DVC-004988,4988,2025-01-09
DVC-004989,4989,2025-01-10
DVC-004990,4990,2025-01-07
DVC-004991,4991,2025-01-09
DVC-004992,4992,2025-01-01
DVC-004993,4993,2025-04-21
DVC-004994,4994,2025-03-13
DVC-004995,4995,2025-04-04
DVC-004996,4996,2025-02-10
DVC-004997,4997,2025-01-01
DVC-004998,4998,2025-02-07
DVC-004999,4999,2025-01-04
DVC-005000,5000,2025-04-26
DVC-005001,5001,2025-01-02
DVC-005002,5002,2025-01-23
DVC-005003,5003,2025-04-19
DVC-005004,5004,2025-04-02
DVC-005005,5005,2025-04-14
DVC-005006,5006,2025-03-01
DVC-005007,5007,2025-01-14
DVC-005008,5008,2025-04-02
DVC-005009,5009,2025-04-29
DVC-005010,5010,2025-04-30
DVC-005012,5012,2025-03-06
DVC-005013,5013,2025-05-17
DVC-005014,5014,2025-04-06
DVC-005015,5015,2025-01-05
DVC-005016,5016,2025-01-21
DVC-005017,5017,2025-01-26
DVC-005018,5018,2025-04-30
DVC-005019,5019,2025-02-19
DVC-005020,5020,2025-01-04
DVC-005021,5021,2025-01-07
DVC-005022,5022,2025-01-23
DVC-005023,5023,2025-01-15
DVC-005024,5024,2025-01-11
DVC-005025,5025,2025-01-19
DVC-005026,5026,2025-03-06
DVC-005027,5027,2025-03-15
DVC-005028,5028,2025-06-05
DVC-005029,5029,2025-02-18
DVC-005030,5030,2025-01-24
DVC-005031,5031,2025-02-01
DVC-005032,5032,2025-01-03
DVC-005033,5033,2025-01-24
DVC-005034,5034,2025-01-14
DVC-005035,5035,2025-01-08
DVC-005036,5036,2025-01-29
DVC-005037,5037,2025-01-09
DVC-005038,5038,2025-01-05
DVC-005039,5039,2025-02-26
DVC-005040,5040,2025-03-28
DVC-005041,5041,2025-02-04
DVC-005042,5042,2025-01-01
DVC-005043,5043,2025-01-28
DVC-005044,5044,2025-01-04
DVC-005045,5045,2025-03-06
DVC-005046,5046,2025-04-29
DVC-005047,5047,2025-02-19
DVC-005048,5048,2025-01-16
DVC-005049,5049,2025-06-04
DVC-005050,5050,2025-03-05
DVC-005051,5051,2025-01-05
DVC-005052,5052,2025-01-13
DVC-005053,5053,2025-03-18
DVC-005054,5054,2025-01-14
DVC-005055,5055,2025-02-11
DVC-005056,5056,2025-01-28
DVC-005057,5057,2025-01-21
DVC-005058,5058,2025-01-08
DVC-005059,5059,2025-03-11
DVC-005060,5060,2025-02-26
DVC-005061,5061,2025-05-02
DVC-005062,5062,2025-01-17
DVC-005063,5063,2025-01-03
DVC-005064,5064,2025-05-17
DVC-005066,5066,2025-01-01
DVC-005067,5067,2025-06-29
DVC-005068,5068,2025-05-06
DVC-005069,5069,2025-01-26
DVC-005070,5070,2025-02-24
DVC-005071,5071,2025-01-19
DVC-005072,5072,2025-01-17
DVC-005073,5073,2025-02-02
DVC-005074,5074,2025-01-21
DVC-005075,5075,2025-01-23
DVC-005076,5076,2025-01-05
DVC-005077,5077,2025-06-29
DVC-005078,5078,2025-02-28
DVC-005079,5079,2025-01-07
DVC-005080,5080,2025-01-09
DVC-005081,5081,2025-03-20
DVC-005082,5082,2025-06-29
DVC-005083,5083,2025-02-10
DVC-005084,5084,2025-01-14
DVC-005085,5085,2025-06-29
DVC-005086,5086,2025-03-02
DVC-005087,5087,2025-01-18
DVC-005088,5088,2025-02-15
DVC-005089,5089,2025-02-12
DVC-005090,5090,2025-03-16
DVC-005091,5091,2025-02-26
DVC-005092,5092,2025-06-13
DVC-005093,5093,2025-04-09
DVC-005094,5094,2025-01-27
DVC-005095,5095,2025-06-02
DVC-005096,5096,2025-01-20
DVC-005098,5098,2025-01-03
DVC-005099,5099,2025-03-21
DVC-005100,5100,2025-02-22
DVC-005101,5101,2025-03-23
DVC-005102,5102,2025-06-29
DVC-005103,5103,2025-01-30
DVC-005104,5104,2025-03-27
DVC-005105,5105,2025-03-06
DVC-005106,5106,2025-05-15
DVC-005107,5107,2025-06-24
DVC-005108,5108,2025-05-10
DVC-005109,5109,2025-02-09
DVC-005110,5110,2025-01-14
DVC-005111,5111,2025-01-08
DVC-005112,5112,2025-01-20
DVC-005113,5113,2025-02-01
DVC-005114,5114,2025-06-14
DVC-005115,5115,2025-01-28
DVC-005116,5116,2025-01-02
DVC-005117,5117,2025-01-26
DVC-005118,5118,2025-01-29
DVC-005119,5119,2025-01-17
DVC-005120,5120,2025-02-17
DVC-005121,5121,2025-02-01
DVC-005122,5122,2025-01-05
DVC-005123,5123,2025-02-09
DVC-005124,5124,2025-03-30
DVC-005125,5125,2025-03-06
DVC-005126,5126,2025-01-05
DVC-005127,5127,2025-06-04
DVC-005128,5128,2025-02-19
DVC-005129,5129,2025-02-09
DVC-005130,5130,2025-01-16
DVC-005131,5131,2025-04-18
DVC-005132,5132,2025-03-15
DVC-005133,5133,2025-01-03
DVC-005134,5134,2025-01-07
DVC-005135,5135,2025-01-04
DVC-005136,5136,2025-02-17
DVC-005137,5137,2025-06-29
DVC-005138,5138,2025-06-04
DVC-005139,5139,2025-02-22
DVC-005140,5140,2025-06-29
DVC-005141,5141,2025-02-04
DVC-005142,5142,2025-01-21
DVC-005143,5143,2025-02-11
DVC-005144,5144,2025-01-17
DVC-005145,5145,2025-01-22
DVC-005146,5146,2025-02-14
DVC-005147,5147,2025-03-01
DVC-005148,5148,2025-04-17
DVC-005149,5149,2025-02-04
DVC-005150,5150,2025-03-20
DVC-005151,5151,2025-01-03
DVC-005152,5152,2025-01-16
DVC-005153,5153,2025-01-12
DVC-005154,5154,2025-02-25
DVC-005155,5155,2025-01-08
DVC-005156,5156,2025-06-29
DVC-005157,5157,2025-02-18
DVC-005158,5158,2025-04-26
DVC-005160,5160,2025-02-28
DVC-005161,5161,2025-03-30
DVC-005162,5162,2025-02-24
DVC-005163,5163,2025-02-15
DVC-005164,5164,2025-03-19
DVC-005165,5165,2025-06-29
DVC-005166,5166,2025-02-26
DVC-005167,5167,2025-04-24
DVC-005168,5168,2025-01-27
DVC-005169,5169,2025-02-03
DVC-005170,5170,2025-02-26
DVC-005171,5171,2025-01-11
DVC-005172,5172,2025-01-11
DVC-005173,5173,2025-06-29
DVC-005174,5174,2025-05-19
DVC-005175,5175,2025-06-21
DVC-005176,5176,2025-04-30
DVC-005177,5177,2025-04-08
DVC-005178,5178,2025-05-27
DVC-005179,5179,2025-03-04
DVC-005180,5180,2025-01-25
DVC-005181,5181,2025-05-06
DVC-005182,5182,2025-03-07
DVC-005183,5183,2025-01-16
DVC-005184,5184,2025-06-29
DVC-005185,5185,2025-03-26
DVC-005186,5186,2025-01-20
DVC-005187,5187,2025-02-14
DVC-005188,5188,2025-03-03
DVC-005189,5189,2025-02-07
DVC-005190,5190,2025-04-18
DVC-005191,5191,2025-02-25
DVC-005192,5192,2025-01-30
DVC-005193,5193,2025-03-08
DVC-005194,5194,2025-05-12
DVC-005195,5195,2025-01-06
DVC-005196,5196,2025-01-14
DVC-005197,5197,2025-03-17
DVC-005198,5198,2025-04-10
DVC-005199,5199,2025-01-29
DVC-005200,5200,2025-01-16
DVC-005201,5201,2025-06-29
DVC-005202,5202,2025-01-26
DVC-005203,5203,2025-01-11
DVC-005205,5205,2025-03-01
DVC-005206,5206,2025-01-09
DVC-005207,5207,2025-02-28
DVC-005208,5208,2025-01-03
DVC-005209,5209,2025-03-01
DVC-005210,5210,2025-01-21
DVC-005211,5211,2025-01-27
DVC-005213,5213,2025-02-15
DVC-005214,5214,2025-03-31
DVC-005215,5215,2025-02-22
DVC-005216,5216,2025-01-18
DVC-005217,5217,2025-01-10
DVC-005218,5218,2025-04-04
DVC-005219,5219,2025-02-02
DVC-005220,5220,2025-02-25
DVC-005221,5221,2025-01-29
DVC-005222,5222,2025-01-17
DVC-005223,5223,2025-01-12
DVC-005224,5224,2025-01-16
DVC-005226,5226,2025-05-13
DVC-005227,5227,2025-01-11
DVC-005228,5228,2025-02-14
DVC-005229,5229,2025-01-25
DVC-005230,5230,2025-04-02
DVC-005231,5231,2025-03-18
DVC-005232,5232,2025-01-01
DVC-005233,5233,2025-01-19
DVC-005234,5234,2025-03-20
DVC-005235,5235,2025-02-11
DVC-005236,5236,2025-06-29
DVC-005237,5237,2025-06-29
DVC-005238,5238,2025-03-08
DVC-005239,5239,2025-01-10
DVC-005240,5240,2025-02-25
DVC-005241,5241,2025-03-08
DVC-005242,5242,2025-04-06
DVC-005243,5243,2025-05-16
DVC-005244,5244,2025-01-06
DVC-005245,5245,2025-06-29
DVC-005246,5246,2025-01-10
DVC-005247,5247,2025-01-10
DVC-005248,5248,2025-01-17
DVC-005249,5249,2025-04-08
DVC-005250,5250,2025-01-17
DVC-005251,5251,2025-03-24
DVC-005252,5252,2025-04-05
DVC-005253,5253,2025-01-19
DVC-005254,5254,2025-02-21
DVC-005255,5255,2025-02-02
DVC-005256,5256,2025-06-29
DVC-005257,5257,2025-02-09
DVC-005258,5258,2025-01-01
DVC-005259,5259,2025-02-13
DVC-005260,5260,2025-02-24
DVC-005261,5261,2025-01-27
DVC-005262,5262,2025-06-11
DVC-005263,5263,2025-04-19
DVC-005264,5264,2025-01-30
DVC-005265,5265,2025-01-21
DVC-005266,5266,2025-01-20
DVC-005267,5267,2025-01-14
DVC-005268,5268,2025-05-21
DVC-005269,5269,2025-01-27
DVC-005270,5270,2025-01-07
DVC-005271,5271,2025-03-19
DVC-005272,5272,2025-01-06
DVC-005273,5273,2025-06-16
DVC-005274,5274,2025-01-04
DVC-005275,5275,2025-01-31
DVC-005276,5276,2025-02-07
DVC-005277,5277,2025-02-24
DVC-005278,5278,2025-01-06
DVC-005279,5279,2025-03-31
DVC-005280,5280,2025-01-26
DVC-005281,5281,2025-03-14
DVC-005282,5282,2025-01-31
DVC-005283,5283,2025-02-17
DVC-005284,5284,2025-05-11
DVC-005285,5285,2025-01-01
DVC-005286,5286,2025-01-05
DVC-005287,5287,2025-04-27
DVC-005288,5288,2025-06-29
DVC-005289,5289,2025-05-09
DVC-005290,5290,2025-05-21
DVC-005291,5291,2025-01-23
DVC-005292,5292,2025-06-29
DVC-005293,5293,2025-02-23
DVC-005294,5294,2025-01-12
DVC-005295,5295,2025-01-08
DVC-005296,5296,2025-01-18
DVC-005297,5297,2025-03-16
DVC-005298,5298,2025-06-21
DVC-005299,5299,2025-01-28
DVC-005300,5300,2025-03-14
DVC-005301,5301,2025-02-05
DVC-005302,5302,2025-01-02
DVC-005303,5303,2025-01-13
DVC-005304,5304,2025-01-09
DVC-005305,5305,2025-02-25
DVC-005306,5306,2025-01-02
DVC-005307,5307,2025-01-30
DVC-005308,5308,2025-06-29
DVC-005309,5309,2025-01-09
DVC-005310,5310,2025-01-14
DVC-005311,5311,2025-01-18
DVC-005312,5312,2025-03-02
DVC-005313,5313,2025-03-09
DVC-005314,5314,2025-01-14
DVC-005315,5315,2025-01-29
DVC-005316,5316,2025-01-27
DVC-005317,5317,2025-01-11
DVC-005318,5318,2025-01-12
DVC-005319,5319,2025-05-18
DVC-005320,5320,2025-01-07
DVC-005321,5321,2025-01-29
DVC-005322,5322,2025-01-07
DVC-005323,5323,2025-02-13
DVC-005324,5324,2025-03-11
DVC-005326,5326,2025-01-20
DVC-005327,5327,2025-03-06
DVC-005328,5328,2025-01-18
DVC-005329,5329,2025-04-18
DVC-005330,5330,2025-01-19
DVC-005331,5331,2025-01-16
DVC-005332,5332,2025-06-10
DVC-005333,5333,2025-06-18
DVC-005334,5334,2025-01-19
DVC-005335,5335,2025-06-06
DVC-005336,5336,2025-06-15
DVC-005337,5337,2025-01-21
DVC-005338,5338,2025-05-05
DVC-005339,5339,2025-06-29
DVC-005340,5340,2025-01-02
DVC-005341,5341,2025-04-13
DVC-005342,5342,2025-01-01
DVC-005343,5343,2025-05-18
DVC-005344,5344,2025-01-11
DVC-005345,5345,2025-04-12
DVC-005346,5346,2025-01-15
DVC-005348,5348,2025-01-23
DVC-005349,5349,2025-01-26
DVC-005350,5350,2025-05-07
DVC-005351,5351,2025-01-31
DVC-005352,5352,2025-02-07
DVC-005353,5353,2025-01-04
DVC-005354,5354,2025-02-07
DVC-005355,5355,2025-01-18
DVC-005356,5356,2025-01-25
DVC-005357,5357,2025-03-16
DVC-005358,5358,2025-01-21
DVC-005359,5359,2025-01-27
DVC-005360,5360,2025-03-04
DVC-005361,5361,2025-01-25
DVC-005362,5362,2025-03-11
DVC-005363,5363,2025-01-12
DVC-005364,5364,2025-01-06
DVC-005365,5365,2025-01-18
DVC-005366,5366,2025-02-20
DVC-005367,5367,2025-01-16
DVC-005368,5368,2025-06-29
DVC-005369,5369,2025-03-07
DVC-005370,5370,2025-01-26
DVC-005371,5371,2025-06-29
DVC-005372,5372,2025-01-29
DVC-005373,5373,2025-01-01
DVC-005374,5374,2025-02-09
DVC-005376,5376,2025-01-21
DVC-005377,5377,2025-01-07
DVC-005378,5378,2025-06-25
DVC-005379,5379,2025-02-02
DVC-005380,5380,2025-03-21
DVC-005381,5381,2025-04-24
DVC-005382,5382,2025-02-21
DVC-005383,5383,2025-02-16
DVC-005384,5384,2025-02-11
DVC-005385,5385,2025-06-23
DVC-005386,5386,2025-01-24
DVC-005388,5388,2025-02-18
DVC-005389,5389,2025-01-08
DVC-005390,5390,2025-03-16
DVC-005391,5391,2025-04-21
DVC-005392,5392,2025-01-29
DVC-005394,5394,2025-02-04
DVC-005395,5395,2025-01-02
DVC-005396,5396,2025-01-29
DVC-005397,5397,2025-02-02
DVC-005398,5398,2025-06-29
DVC-005399,5399,2025-03-04
DVC-005400,5400,2025-01-14
DVC-005401,5401,2025-02-05
DVC-005402,5402,2025-01-08
DVC-005403,5403,2025-05-10
DVC-005404,5404,2025-05-12
DVC-005405,5405,2025-04-07
DVC-005406,5406,2025-01-22
DVC-005407,5407,2025-01-04
DVC-005408,5408,2025-01-27
DVC-005409,5409,2025-05-18
DVC-005410,5410,2025-04-30
DVC-005411,5411,2025-01-10
DVC-005412,5412,2025-03-04
DVC-005414,5414,2025-03-05
DVC-005415,5415,2025-03-07
DVC-005416,5416,2025-01-06
DVC-005417,5417,2025-01-30
DVC-005418,5418,2025-01-14
DVC-005419,5419,2025-02-14
DVC-005420,5420,2025-01-10
DVC-005421,5421,2025-01-22
DVC-005422,5422,2025-01-28
DVC-005423,5423,2025-02-02
DVC-005424,5424,2025-04-07
DVC-005425,5425,2025-01-01
DVC-005426,5426,2025-05-15
DVC-005427,5427,2025-02-13
DVC-005428,5428,2025-02-27
DVC-005429,5429,2025-01-09
DVC-005430,5430,2025-02-24
DVC-005431,5431,2025-01-31
DVC-005432,5432,2025-01-09
DVC-005433,5433,2025-02-28
DVC-005434,5434,2025-01-10
DVC-005435,5435,2025-01-10
DVC-005436,5436,2025-06-29
DVC-005437,5437,2025-02-13
DVC-005438,5438,2025-04-09
DVC-005439,5439,2025-01-05
DVC-005440,5440,2025-01-31
DVC-005441,5441,2025-01-08
DVC-005442,5442,2025-01-13
DVC-005443,5443,2025-03-29
DVC-005444,5444,2025-01-29
DVC-005445,5445,2025-06-29
DVC-005446,5446,2025-01-06
DVC-005447,5447,2025-02-01
DVC-005448,5448,2025-01-19
DVC-005449,5449,2025-01-17
DVC-005450,5450,2025-01-15
DVC-005451,5451,2025-02-24
DVC-005452,5452,2025-01-15
DVC-005453,5453,2025-03-04
DVC-005454,5454,2025-01-30
DVC-005455,5455,2025-02-28
DVC-005456,5456,2025-01-13
DVC-005457,5457,2025-05-25
DVC-005458,5458,2025-04-07
DVC-005459,5459,2025-02-19
DVC-005460,5460,2025-04-15
DVC-005461,5461,2025-02-15
DVC-005462,5462,2025-01-01
DVC-005463,5463,2025-02-13
DVC-005464,5464,2025-01-30
DVC-005465,5465,2025-01-28
DVC-005466,5466,2025-03-15
DVC-005467,5467,2025-01-10
DVC-005468,5468,2025-06-06
DVC-005470,5470,2025-02-10
DVC-005471,5471,2025-01-25
DVC-005472,5472,2025-05-15
DVC-005473,5473,2025-01-22
DVC-005474,5474,2025-06-29
DVC-005475,5475,2025-02-24
DVC-005476,5476,2025-06-18
DVC-005477,5477,2025-01-20
DVC-005478,5478,2025-06-25
DVC-005479,5479,2025-04-22
DVC-005480,5480,2025-01-10
DVC-005481,5481,2025-04-12
DVC-005482,5482,2025-03-05
DVC-005483,5483,2025-01-02
DVC-005484,5484,2025-06-04
DVC-005485,5485,2025-01-13
DVC-005486,5486,2025-01-04
DVC-005487,5487,2025-01-05
DVC-005488,5488,2025-01-09
DVC-005489,5489,2025-04-14
DVC-005491,5491,2025-02-25
DVC-005492,5492,2025-01-01
DVC-005493,5493,2025-02-10
DVC-005494,5494,2025-03-27
DVC-005495,5495,2025-02-01
DVC-005496,5496,2025-01-16
DVC-005497,5497,2025-01-28
DVC-005498,5498,2025-03-18
DVC-005499,5499,2025-01-05
DVC-005500,5500,2025-01-09
DVC-005501,5501,2025-01-12
DVC-005502,5502,2025-01-07
DVC-005503,5503,2025-03-11
DVC-005504,5504,2025-01-04
DVC-005505,5505,2025-02-01
DVC-005506,5506,2025-02-11
DVC-005507,5507,2025-02-14
DVC-005508,5508,2025-01-11
DVC-005509,5509,2025-03-08
DVC-005510,5510,2025-06-17
DVC-005511,5511,2025-04-04
DVC-005512,5512,2025-06-29
DVC-005513,5513,2025-06-29
DVC-005514,5514,2025-01-07
DVC-005516,5516,2025-05-17
DVC-005517,5517,2025-01-04
DVC-005518,5518,2025-01-17
DVC-005519,5519,2025-01-16
DVC-005520,5520,2025-01-05
DVC-005521,5521,2025-03-22
DVC-005522,5522,2025-03-19
DVC-005523,5523,2025-04-06
DVC-005524,5524,2025-02-08
DVC-005525,5525,2025-02-06
DVC-005526,5526,2025-06-17
DVC-005527,5527,2025-01-05
DVC-005528,5528,2025-02-20
DVC-005529,5529,2025-02-15
DVC-005530,5530,2025-06-29
DVC-005531,5531,2025-06-20
DVC-005532,5532,2025-01-22
DVC-005533,5533,2025-06-29
DVC-005534,5534,2025-02-10
DVC-005535,5535,2025-03-20
DVC-005536,5536,2025-06-10
DVC-005537,5537,2025-02-26
DVC-005538,5538,2025-03-06
DVC-005539,5539,2025-06-29
DVC-005540,5540,2025-02-14
DVC-005541,5541,2025-04-08
DVC-005542,5542,2025-04-27
DVC-005543,5543,2025-01-13
DVC-005545,5545,2025-02-08
DVC-005546,5546,2025-03-10
DVC-005547,5547,2025-04-13
DVC-005548,5548,2025-01-04
DVC-005549,5549,2025-04-21
DVC-005550,5550,2025-04-16
DVC-005551,5551,2025-03-24
DVC-005553,5553,2025-05-10
DVC-005554,5554,2025-01-03
DVC-005555,5555,2025-01-04
DVC-005556,5556,2025-01-23
DVC-005557,5557,2025-01-08
DVC-005558,5558,2025-01-03
DVC-005559,5559,2025-03-01
DVC-005560,5560,2025-05-01
DVC-005561,5561,2025-04-23
DVC-005563,5563,2025-01-13
DVC-005564,5564,2025-01-12
DVC-005565,5565,2025-06-29
DVC-005566,5566,2025-01-10
DVC-005567,5567,2025-06-29
DVC-005568,5568,2025-06-14
DVC-005569,5569,2025-02-07
DVC-005570,5570,2025-02-07
DVC-005571,5571,2025-01-16
DVC-005572,5572,2025-02-10
DVC-005573,5573,2025-01-07
DVC-005574,5574,2025-02-12
DVC-005575,5575,2025-05-10
DVC-005576,5576,2025-02-08
DVC-005577,5577,2025-01-10
DVC-005578,5578,2025-01-26
DVC-005579,5579,2025-03-19
DVC-005580,5580,2025-01-20
DVC-005581,5581,2025-02-06
DVC-005582,5582,2025-01-17
DVC-005583,5583,2025-01-29
DVC-005584,5584,2025-01-12
DVC-005585,5585,2025-06-12
DVC-005586,5586,2025-02-25
DVC-005587,5587,2025-02-07
DVC-005588,5588,2025-06-29
DVC-005589,5589,2025-05-04
DVC-005590,5590,2025-01-08
DVC-005591,5591,2025-04-11
DVC-005592,5592,2025-03-10
DVC-005593,5593,2025-04-17
DVC-005594,5594,2025-01-25
DVC-005595,5595,2025-02-07
DVC-005596,5596,2025-04-13
DVC-005597,5597,2025-04-02
DVC-005598,5598,2025-02-19
DVC-005599,5599,2025-04-05
DVC-005600,5600,2025-01-06
DVC-005601,5601,2025-03-08
DVC-005603,5603,2025-01-05
DVC-005604,5604,2025-01-03
DVC-005605,5605,2025-06-14
DVC-005606,5606,2025-04-21
DVC-005607,5607,2025-03-04
DVC-005608,5608,2025-02-16
DVC-005609,5609,2025-01-10
DVC-005610,5610,2025-01-08
DVC-005611,5611,2025-03-13
DVC-005612,5612,2025-04-14
DVC-005613,5613,2025-04-10
DVC-005614,5614,2025-06-29
DVC-005616,5616,2025-01-10
DVC-005617,5617,2025-01-08
DVC-005618,5618,2025-01-12
DVC-005619,5619,2025-06-29
DVC-005620,5620,2025-01-07
DVC-005621,5621,2025-02-17
DVC-005622,5622,2025-06-27
DVC-005623,5623,2025-02-08
DVC-005624,5624,2025-01-08
DVC-005625,5625,2025-03-13
DVC-005626,5626,2025-01-10
DVC-005628,5628,2025-01-04
DVC-005629,5629,2025-02-13
DVC-005630,5630,2025-03-23
DVC-005631,5631,2025-01-11
DVC-005632,5632,2025-01-03
DVC-005633,5633,2025-02-10
DVC-005634,5634,2025-01-30
DVC-005635,5635,2025-01-18
DVC-005636,5636,2025-03-08
DVC-005637,5637,2025-03-17
DVC-005638,5638,2025-06-11
DVC-005639,5639,2025-06-29
DVC-005640,5640,2025-02-07
DVC-005641,5641,2025-01-04
DVC-005642,5642,2025-01-16
DVC-005643,5643,2025-01-03
DVC-005644,5644,2025-02-02
DVC-005645,5645,2025-01-06
DVC-005646,5646,2025-06-08
DVC-005647,5647,2025-01-04
DVC-005648,5648,2025-04-03
DVC-005649,5649,2025-01-16
DVC-005650,5650,2025-01-27
DVC-005651,5651,2025-04-08
DVC-005652,5652,2025-01-02
DVC-005653,5653,2025-01-11
DVC-005654,5654,2025-02-07
DVC-005655,5655,2025-02-28
DVC-005657,5657,2025-02-13
DVC-005658,5658,2025-03-13
DVC-005659,5659,2025-01-03
DVC-005660,5660,2025-01-25
DVC-005661,5661,2025-02-06
DVC-005662,5662,2025-03-10
DVC-005663,5663,2025-02-06
DVC-005664,5664,2025-01-31
DVC-005665,5665,2025-01-20
DVC-005666,5666,2025-02-15
DVC-005667,5667,2025-01-12
DVC-005668,5668,2025-01-05
DVC-005669,5669,2025-05-13
DVC-005670,5670,2025-02-27
DVC-005671,5671,2025-01-07
DVC-005672,5672,2025-01-02
DVC-005673,5673,2025-03-02
DVC-005674,5674,2025-04-05
DVC-005675,5675,2025-02-13
DVC-005676,5676,2025-01-03
DVC-005677,5677,2025-01-13
DVC-005678,5678,2025-01-04
DVC-005679,5679,2025-03-26
DVC-005680,5680,2025-01-10
DVC-005681,5681,2025-04-20
DVC-005682,5682,2025-03-22
DVC-005683,5683,2025-02-05
DVC-005684,5684,2025-02-04
DVC-005685,5685,2025-01-07
DVC-005686,5686,2025-01-18
DVC-005687,5687,2025-01-07
DVC-005688,5688,2025-04-16
DVC-005689,5689,2025-02-09
DVC-005690,5690,2025-01-06
DVC-005691,5691,2025-04-15
DVC-005692,5692,2025-01-04
DVC-005693,5693,2025-01-15
DVC-005694,5694,2025-04-20
DVC-005695,5695,2025-02-26
DVC-005696,5696,2025-02-15
DVC-005697,5697,2025-05-02
DVC-005698,5698,2025-01-11
DVC-005699,5699,2025-01-21
DVC-005700,5700,2025-01-30
DVC-005701,5701,2025-04-20
DVC-005702,5702,2025-01-09
DVC-005703,5703,2025-04-05
DVC-005704,5704,2025-01-02
DVC-005705,5705,2025-01-18
DVC-005706,5706,2025-01-16
DVC-005708,5708,2025-02-03
DVC-005709,5709,2025-06-29
DVC-005710,5710,2025-01-30
DVC-005711,5711,2025-03-01
DVC-005712,5712,2025-01-03
DVC-005713,5713,2025-03-28
DVC-005714,5714,2025-02-02
DVC-005715,5715,2025-01-29
DVC-005716,5716,2025-01-09
DVC-005717,5717,2025-06-19
DVC-005718,5718,2025-03-01
DVC-005719,5719,2025-01-19
DVC-005720,5720,2025-01-02
DVC-005721,5721,2025-04-17
DVC-005722,5722,2025-02-27
DVC-005723,5723,2025-02-01
DVC-005724,5724,2025-01-19
DVC-005725,5725,2025-03-19
DVC-005727,5727,2025-02-01
DVC-005728,5728,2025-02-19
DVC-005729,5729,2025-06-29
DVC-005730,5730,2025-06-29
DVC-005731,5731,2025-05-03
DVC-005732,5732,2025-02-09
DVC-005733,5733,2025-01-08
DVC-005734,5734,2025-04-15
DVC-005735,5735,2025-01-03
DVC-005736,5736,2025-01-23
DVC-005737,5737,2025-01-03
DVC-005738,5738,2025-03-08
DVC-005739,5739,2025-01-27
DVC-005740,5740,2025-02-17
DVC-005741,5741,2025-02-05
DVC-005742,5742,2025-02-19
DVC-005743,5743,2025-01-08
DVC-005744,5744,2025-01-07
DVC-005745,5745,2025-03-11
DVC-005746,5746,2025-02-03
DVC-005747,5747,2025-02-04
DVC-005748,5748,2025-01-05
DVC-005749,5749,2025-02-25
DVC-005750,5750,2025-02-19
DVC-005751,5751,2025-01-02
DVC-005752,5752,2025-01-06
DVC-005753,5753,2025-02-16
DVC-005754,5754,2025-01-05
DVC-005755,5755,2025-01-18
DVC-005756,5756,2025-01-09
DVC-005757,5757,2025-02-10
DVC-005758,5758,2025-02-12
DVC-005759,5759,2025-02-21
DVC-005760,5760,2025-03-22
DVC-005761,5761,2025-01-29
DVC-005762,5762,2025-01-03
DVC-005763,5763,2025-04-28
DVC-005764,5764,2025-02-21
DVC-005765,5765,2025-01-29
DVC-005766,5766,2025-02-21
DVC-005767,5767,2025-01-16
DVC-005768,5768,2025-01-26
DVC-005769,5769,2025-03-13
DVC-005770,5770,2025-03-02
DVC-005771,5771,2025-06-19
DVC-005772,5772,2025-01-21
DVC-005773,5773,2025-02-20
DVC-005775,5775,2025-01-03
DVC-005776,5776,2025-01-18
DVC-005777,5777,2025-06-28
DVC-005778,5778,2025-01-31
DVC-005780,5780,2025-02-08
DVC-005781,5781,2025-03-22
DVC-005782,5782,2025-05-02
DVC-005783,5783,2025-03-04
DVC-005784,5784,2025-01-20
DVC-005785,5785,2025-03-09
DVC-005786,5786,2025-03-03
DVC-005787,5787,2025-06-03
DVC-005788,5788,2025-03-02
DVC-005789,5789,2025-02-10
DVC-005790,5790,2025-01-12
DVC-005791,5791,2025-02-15
DVC-005792,5792,2025-01-19
DVC-005793,5793,2025-01-09
DVC-005794,5794,2025-05-19
DVC-005795,5795,2025-01-28
DVC-005796,5796,2025-04-08
DVC-005797,5797,2025-04-01
DVC-005798,5798,2025-01-28
DVC-005799,5799,2025-01-24
DVC-005800,5800,2025-03-12
DVC-005801,5801,2025-01-02
DVC-005802,5802,2025-03-19
DVC-005803,5803,2025-01-17
DVC-005804,5804,2025-01-13
DVC-005805,5805,2025-01-15
DVC-005807,5807,2025-05-13
DVC-005808,5808,2025-01-28
DVC-005809,5809,2025-03-05
DVC-005810,5810,2025-06-29
DVC-005811,5811,2025-01-11
DVC-005812,5812,2025-02-16
DVC-005813,5813,2025-01-13
DVC-005814,5814,2025-06-12
DVC-005815,5815,2025-01-04
DVC-005816,5816,2025-01-04
DVC-005817,5817,2025-01-30
DVC-005818,5818,2025-01-07
DVC-005819,5819,2025-01-22
DVC-005820,5820,2025-04-06
DVC-005821,5821,2025-01-25
DVC-005822,5822,2025-01-02
DVC-005823,5823,2025-06-29
DVC-005824,5824,2025-01-09
DVC-005825,5825,2025-02-14
DVC-005826,5826,2025-02-14
DVC-005827,5827,2025-01-27
DVC-005828,5828,2025-01-01
DVC-005829,5829,2025-02-04
DVC-005830,5830,2025-01-18
DVC-005831,5831,2025-03-07
DVC-005832,5832,2025-01-04
DVC-005833,5833,2025-03-20
DVC-005834,5834,2025-03-05
DVC-005835,5835,2025-03-06
DVC-005836,5836,2025-03-06
DVC-005837,5837,2025-06-11
DVC-005838,5838,2025-01-07
DVC-005839,5839,2025-01-05
DVC-005840,5840,2025-01-05
DVC-005841,5841,2025-02-12
DVC-005842,5842,2025-01-07
DVC-005843,5843,2025-02-13
DVC-005844,5844,2025-02-17
DVC-005845,5845,2025-01-07
DVC-005846,5846,2025-04-06
DVC-005847,5847,2025-01-26
DVC-005848,5848,2025-03-08
DVC-005849,5849,2025-03-09
DVC-005850,5850,2025-01-11
DVC-005851,5851,2025-05-14
DVC-005852,5852,2025-01-19
DVC-005853,5853,2025-06-29
DVC-005854,5854,2025-01-06
DVC-005856,5856,2025-01-12
DVC-005857,5857,2025-02-06
DVC-005859,5859,2025-03-04
DVC-005860,5860,2025-02-22
DVC-005861,5861,2025-01-23
DVC-005862,5862,2025-03-15
DVC-005863,5863,2025-01-05
DVC-005864,5864,2025-01-02
DVC-005865,5865,2025-01-09
DVC-005866,5866,2025-01-09
DVC-005867,5867,2025-01-30
DVC-005868,5868,2025-02-24
DVC-005869,5869,2025-06-29
DVC-005870,5870,2025-01-16
DVC-005871,5871,2025-02-24
DVC-005872,5872,2025-01-10
DVC-005873,5873,2025-01-04
DVC-005874,5874,2025-01-02
DVC-005875,5875,2025-03-19
DVC-005876,5876,2025-06-29
DVC-005877,5877,2025-06-12
DVC-005878,5878,2025-02-04
DVC-005879,5879,2025-01-03
DVC-005880,5880,2025-01-11
DVC-005881,5881,2025-04-06
DVC-005882,5882,2025-01-15
DVC-005883,5883,2025-02-22
DVC-005884,5884,2025-01-22
DVC-005885,5885,2025-02-12
DVC-005886,5886,2025-04-08
DVC-005887,5887,2025-02-04
DVC-005888,5888,2025-06-29
DVC-005889,5889,2025-01-28
DVC-005890,5890,2025-01-27
DVC-005891,5891,2025-02-09
DVC-005892,5892,2025-01-04
DVC-005893,5893,2025-04-08
DVC-005894,5894,2025-01-29
DVC-005895,5895,2025-03-13
DVC-005896,5896,2025-02-16
DVC-005897,5897,2025-02-22
DVC-005898,5898,2025-03-01
DVC-005899,5899,2025-01-18
DVC-005900,5900,2025-04-06
DVC-005901,5901,2025-01-01
DVC-005902,5902,2025-01-05
DVC-005903,5903,2025-03-21
DVC-005904,5904,2025-06-13
DVC-005905,5905,2025-01-18
DVC-005907,5907,2025-02-09
DVC-005908,5908,2025-01-09
DVC-005909,5909,2025-01-02
DVC-005910,5910,2025-02-10
DVC-005911,5911,2025-01-07
DVC-005912,5912,2025-02-26
DVC-005913,5913,2025-01-28
DVC-005914,5914,2025-06-08
DVC-005915,5915,2025-02-19
DVC-005916,5916,2025-03-15
DVC-005917,5917,2025-02-07
DVC-005918,5918,2025-03-04
DVC-005919,5919,2025-04-10
DVC-005920,5920,2025-02-10
DVC-005921,5921,2025-02-10
DVC-005922,5922,2025-01-11
DVC-005923,5923,2025-01-02
DVC-005924,5924,2025-01-20
DVC-005925,5925,2025-02-13
DVC-005926,5926,2025-03-29
DVC-005927,5927,2025-02-10
DVC-005928,5928,2025-06-17
DVC-005929,5929,2025-02-28
DVC-005930,5930,2025-04-16
DVC-005931,5931,2025-06-29
DVC-005932,5932,2025-05-22
DVC-005933,5933,2025-06-29
DVC-005934,5934,2025-02-02
DVC-005935,5935,2025-01-11
DVC-005936,5936,2025-01-26
DVC-005937,5937,2025-01-06
DVC-005938,5938,2025-01-08
DVC-005939,5939,2025-01-02
DVC-005940,5940,2025-01-01
DVC-005941,5941,2025-05-19
DVC-005942,5942,2025-06-29
DVC-005943,5943,2025-03-09
DVC-005944,5944,2025-02-21
DVC-005945,5945,2025-02-10
DVC-005946,5946,2025-06-29
DVC-005947,5947,2025-01-24
DVC-005948,5948,2025-04-02
DVC-005949,5949,2025-01-17
DVC-005950,5950,2025-01-17
DVC-005951,5951,2025-03-15
DVC-005952,5952,2025-03-28
DVC-005953,5953,2025-01-08
DVC-005954,5954,2025-03-06
DVC-005955,5955,2025-03-02
DVC-005956,5956,2025-01-14
DVC-005957,5957,2025-06-03
DVC-005958,5958,2025-02-10
DVC-005959,5959,2025-01-26
DVC-005960,5960,2025-01-25
DVC-005961,5961,2025-01-26
DVC-005962,5962,2025-01-04
DVC-005963,5963,2025-03-25
DVC-005964,5964,2025-06-27
DVC-005965,5965,2025-05-10
DVC-005966,5966,2025-01-28
DVC-005967,5967,2025-03-17
DVC-005969,5969,2025-01-10
DVC-005970,5970,2025-01-28
DVC-005972,5972,2025-01-12
DVC-005973,5973,2025-01-31
DVC-005974,5974,2025-02-05
DVC-005975,5975,2025-01-18
DVC-005976,5976,2025-01-04
DVC-005977,5977,2025-01-16
DVC-005978,5978,2025-05-04
DVC-005979,5979,2025-02-18
DVC-005980,5980,2025-01-23
DVC-005981,5981,2025-01-18
DVC-005982,5982,2025-03-03
DVC-005983,5983,2025-01-13
DVC-005984,5984,2025-01-15
DVC-005985,5985,2025-04-16
DVC-005986,5986,2025-02-04
DVC-005987,5987,2025-01-11
DVC-005988,5988,2025-01-02
DVC-005989,5989,2025-06-29
DVC-005990,5990,2025-01-01
DVC-005991,5991,2025-02-13
DVC-005992,5992,2025-03-02
DVC-005993,5993,2025-02-16
DVC-005994,5994,2025-01-29
DVC-005995,5995,2025-04-21
DVC-005996,5996,2025-05-03
DVC-005997,5997,2025-01-30
DVC-005998,5998,2025-02-10
DVC-005999,5999,2025-02-11
DVC-006000,6000,2025-03-06
DVC-006001,6001,2025-01-13
DVC-006002,6002,2025-01-04
DVC-006003,6003,2025-02-01
DVC-006004,6004,2025-01-07
DVC-006005,6005,2025-02-06
DVC-006006,6006,2025-04-01
DVC-006007,6007,2025-02-04
DVC-006008,6008,2025-02-13
DVC-006009,6009,2025-02-21
DVC-006010,6010,2025-03-18
DVC-006011,6011,2025-02-17
DVC-006012,6012,2025-02-01
DVC-006013,6013,2025-01-30
DVC-006014,6014,2025-01-12
DVC-006015,6015,2025-01-31
DVC-006016,6016,2025-03-21
DVC-006017,6017,2025-01-29
DVC-006018,6018,2025-01-25
DVC-006019,6019,2025-02-14
DVC-006020,6020,2025-01-10
DVC-006021,6021,2025-01-05
DVC-006022,6022,2025-03-12
DVC-006023,6023,2025-01-19
DVC-006024,6024,2025-01-17
DVC-006025,6025,2025-04-22
DVC-006027,6027,2025-02-07
DVC-006028,6028,2025-02-23
DVC-006030,6030,2025-01-28
DVC-006031,6031,2025-04-17
DVC-006032,6032,2025-03-13
DVC-006033,6033,2025-06-11
DVC-006034,6034,2025-01-14
DVC-006035,6035,2025-03-30
DVC-006037,6037,2025-03-30
DVC-006038,6038,2025-01-21
DVC-006039,6039,2025-01-04
DVC-006040,6040,2025-04-05
DVC-006041,6041,2025-01-03
DVC-006042,6042,2025-04-11
DVC-006043,6043,2025-01-12
DVC-006044,6044,2025-02-14
DVC-006045,6045,2025-01-02
DVC-006046,6046,2025-01-05
DVC-006047,6047,2025-01-16
DVC-006048,6048,2025-01-25
DVC-006049,6049,2025-01-11
DVC-006050,6050,2025-01-07
DVC-006051,6051,2025-01-09
DVC-006052,6052,2025-02-05
DVC-006053,6053,2025-01-04
DVC-006054,6054,2025-05-10
DVC-006055,6055,2025-05-13
DVC-006056,6056,2025-01-04
DVC-006057,6057,2025-03-08
DVC-006058,6058,2025-03-03
DVC-006059,6059,2025-02-13
DVC-006060,6060,2025-01-16
DVC-006061,6061,2025-02-13
DVC-006062,6062,2025-04-13
DVC-006063,6063,2025-01-19
DVC-006064,6064,2025-03-25
DVC-006065,6065,2025-02-03
DVC-006066,6066,2025-04-29
DVC-006067,6067,2025-02-21
DVC-006068,6068,2025-04-04
DVC-006069,6069,2025-06-11
DVC-006070,6070,2025-01-31
DVC-006071,6071,2025-03-02
DVC-006072,6072,2025-06-29
DVC-006073,6073,2025-06-29
DVC-006074,6074,2025-02-14
DVC-006075,6075,2025-06-03
DVC-006076,6076,2025-01-25
DVC-006077,6077,2025-01-28
DVC-006078,6078,2025-05-29
DVC-006079,6079,2025-02-23
DVC-006080,6080,2025-04-06
DVC-006081,6081,2025-01-25
DVC-006082,6082,2025-03-29
DVC-006083,6083,2025-04-13
DVC-006084,6084,2025-01-27
DVC-006085,6085,2025-02-08
DVC-006086,6086,2025-01-22
DVC-006087,6087,2025-04-28
DVC-006088,6088,2025-03-06
DVC-006089,6089,2025-01-10
DVC-006090,6090,2025-06-17
DVC-006091,6091,2025-02-27
DVC-006092,6092,2025-01-27
DVC-006093,6093,2025-02-23
DVC-006094,6094,2025-01-14
DVC-006095,6095,2025-01-21
DVC-006096,6096,2025-04-15
DVC-006097,6097,2025-01-21
DVC-006098,6098,2025-06-29
DVC-006099,6099,2025-01-15
DVC-006100,6100,2025-05-01
DVC-006101,6101,2025-05-03
DVC-006102,6102,2025-03-10
DVC-006103,6103,2025-01-14
DVC-006104,6104,2025-01-26
DVC-006105,6105,2025-02-10
DVC-006106,6106,2025-03-24
DVC-006107,6107,2025-06-29
DVC-006108,6108,2025-03-04
DVC-006109,6109,2025-03-07
DVC-006110,6110,2025-03-26
DVC-006111,6111,2025-02-03
DVC-006112,6112,2025-01-14
DVC-006113,6113,2025-05-09
DVC-006114,6114,2025-06-29
DVC-006115,6115,2025-04-05
DVC-006116,6116,2025-01-19
DVC-006117,6117,2025-02-26
DVC-006119,6119,2025-01-31
DVC-006120,6120,2025-03-03
DVC-006121,6121,2025-06-29
DVC-006122,6122,2025-02-08
DVC-006123,6123,2025-02-12
DVC-006124,6124,2025-03-07
DVC-006125,6125,2025-02-09
DVC-006126,6126,2025-04-15
DVC-006127,6127,2025-01-31
DVC-006128,6128,2025-02-27
DVC-006129,6129,2025-03-30
DVC-006130,6130,2025-01-16
DVC-006131,6131,2025-02-12
DVC-006132,6132,2025-02-07
DVC-006133,6133,2025-02-03
DVC-006134,6134,2025-01-29
DVC-006135,6135,2025-01-12
DVC-006136,6136,2025-03-12
DVC-006137,6137,2025-01-07
DVC-006138,6138,2025-05-07
DVC-006139,6139,2025-01-25
DVC-006140,6140,2025-01-21
DVC-006141,6141,2025-01-24
DVC-006142,6142,2025-05-24
DVC-006143,6143,2025-01-26
DVC-006144,6144,2025-02-17
DVC-006145,6145,2025-01-08
DVC-006146,6146,2025-04-20
DVC-006147,6147,2025-05-10
DVC-006148,6148,2025-01-03
DVC-006149,6149,2025-01-22
DVC-006150,6150,2025-01-12
DVC-006151,6151,2025-06-29
DVC-006152,6152,2025-01-15
DVC-006153,6153,2025-03-23
DVC-006154,6154,2025-04-05
DVC-006155,6155,2025-06-09
DVC-006156,6156,2025-01-28
DVC-006157,6157,2025-01-08
DVC-006158,6158,2025-01-06
DVC-006159,6159,2025-02-25
DVC-006160,6160,2025-03-13
DVC-006161,6161,2025-01-31
DVC-006162,6162,2025-03-02
DVC-006163,6163,2025-02-17
DVC-006164,6164,2025-02-04
DVC-006165,6165,2025-03-09
DVC-006166,6166,2025-01-08
DVC-006167,6167,2025-01-12
DVC-006168,6168,2025-03-14
DVC-006169,6169,2025-06-29
DVC-006170,6170,2025-03-04
DVC-006171,6171,2025-02-04
DVC-006172,6172,2025-03-30
DVC-006173,6173,2025-06-29
DVC-006174,6174,2025-01-24
DVC-006175,6175,2025-01-24
DVC-006176,6176,2025-01-01
DVC-006177,6177,2025-01-29
DVC-006178,6178,2025-01-07
DVC-006179,6179,2025-05-23
DVC-006180,6180,2025-06-29
DVC-006181,6181,2025-01-10
DVC-006182,6182,2025-06-29
DVC-006183,6183,2025-02-14
DVC-006184,6184,2025-01-02
DVC-006185,6185,2025-06-14
DVC-006186,6186,2025-01-29
DVC-006187,6187,2025-04-20
DVC-006188,6188,2025-01-28
DVC-006189,6189,2025-01-17
DVC-006190,6190,2025-02-20
DVC-006191,6191,2025-01-11
DVC-006192,6192,2025-03-30
DVC-006193,6193,2025-04-16
DVC-006194,6194,2025-01-16
DVC-006195,6195,2025-03-25
DVC-006196,6196,2025-03-15
DVC-006197,6197,2025-06-29
DVC-006198,6198,2025-01-07
DVC-006199,6199,2025-01-12
DVC-006200,6200,2025-01-29
DVC-006201,6201,2025-01-14
DVC-006202,6202,2025-02-01
DVC-006203,6203,2025-01-06
DVC-006204,6204,2025-04-02
DVC-006205,6205,2025-03-14
DVC-006206,6206,2025-02-08
DVC-006207,6207,2025-06-20
DVC-006208,6208,2025-06-29
DVC-006209,6209,2025-02-02
DVC-006210,6210,2025-06-16
DVC-006212,6212,2025-04-12
DVC-006213,6213,2025-04-18
DVC-006214,6214,2025-01-27
DVC-006215,6215,2025-03-07
DVC-006216,6216,2025-01-30
DVC-006217,6217,2025-03-29
DVC-006218,6218,2025-02-01
DVC-006219,6219,2025-01-10
DVC-006220,6220,2025-04-18
DVC-006221,6221,2025-03-30
DVC-006222,6222,2025-04-14
DVC-006223,6223,2025-03-20
DVC-006224,6224,2025-04-15
DVC-006225,6225,2025-01-15
DVC-006226,6226,2025-04-02
DVC-006227,6227,2025-01-16
DVC-006228,6228,2025-03-02
DVC-006229,6229,2025-03-04
DVC-006231,6231,2025-03-06
DVC-006232,6232,2025-04-02
DVC-006233,6233,2025-02-16
DVC-006234,6234,2025-01-09
DVC-006235,6235,2025-01-20
DVC-006236,6236,2025-04-05
DVC-006237,6237,2025-02-09
DVC-006238,6238,2025-01-31
DVC-006239,6239,2025-05-29
DVC-006240,6240,2025-02-03
DVC-006241,6241,2025-06-29
DVC-006242,6242,2025-03-15
DVC-006243,6243,2025-05-10
DVC-006244,6244,2025-02-05
DVC-006245,6245,2025-04-21
DVC-006246,6246,2025-01-21
DVC-006247,6247,2025-01-24
DVC-006248,6248,2025-03-24
DVC-006249,6249,2025-01-09
DVC-006250,6250,2025-01-29
DVC-006251,6251,2025-03-14
DVC-006252,6252,2025-06-28
DVC-006253,6253,2025-01-18
DVC-006254,6254,2025-04-25
DVC-006255,6255,2025-02-15
DVC-006256,6256,2025-06-29
DVC-006257,6257,2025-05-18
DVC-006258,6258,2025-02-23
DVC-006259,6259,2025-04-08
DVC-006260,6260,2025-01-03
DVC-006261,6261,2025-05-04
DVC-006262,6262,2025-01-23
DVC-006263,6263,2025-04-03
DVC-006264,6264,2025-02-24
DVC-006265,6265,2025-01-27
DVC-006266,6266,2025-06-14
DVC-006267,6267,2025-01-02
DVC-006268,6268,2025-02-04
DVC-006269,6269,2025-01-26
DVC-006270,6270,2025-01-18
DVC-006271,6271,2025-02-27
DVC-006272,6272,2025-02-27
DVC-006273,6273,2025-02-20
DVC-006274,6274,2025-03-10
DVC-006275,6275,2025-01-21
DVC-006276,6276,2025-06-29
DVC-006277,6277,2025-01-04
DVC-006279,6279,2025-01-05
DVC-006280,6280,2025-01-27
DVC-006281,6281,2025-02-11
DVC-006282,6282,2025-01-14
DVC-006283,6283,2025-02-06
DVC-006284,6284,2025-02-02
DVC-006285,6285,2025-03-17
DVC-006286,6286,2025-01-30
DVC-006287,6287,2025-02-08
DVC-006288,6288,2025-01-25
DVC-006289,6289,2025-06-29
DVC-006290,6290,2025-01-16
DVC-006291,6291,2025-02-08
DVC-006292,6292,2025-03-01
DVC-006293,6293,2025-01-29
DVC-006294,6294,2025-01-02
DVC-006295,6295,2025-02-22
DVC-006296,6296,2025-02-08
DVC-006297,6297,2025-01-02
DVC-006298,6298,2025-02-21
DVC-006299,6299,2025-01-19
DVC-006300,6300,2025-03-21
DVC-006301,6301,2025-01-03
DVC-006302,6302,2025-02-04
DVC-006303,6303,2025-01-20
DVC-006304,6304,2025-01-04
DVC-006305,6305,2025-05-11
DVC-006306,6306,2025-02-08
DVC-006307,6307,2025-01-28
DVC-006308,6308,2025-04-05
DVC-006309,6309,2025-02-06
DVC-006310,6310,2025-03-06
DVC-006311,6311,2025-02-08
DVC-006312,6312,2025-02-03
DVC-006313,6313,2025-03-08
DVC-006314,6314,2025-01-03
DVC-006315,6315,2025-02-07
DVC-006316,6316,2025-06-29
DVC-006317,6317,2025-01-09
DVC-006318,6318,2025-04-16
DVC-006319,6319,2025-01-17
DVC-006320,6320,2025-05-08
DVC-006321,6321,2025-01-11
DVC-006322,6322,2025-01-30
DVC-006323,6323,2025-02-23
DVC-006324,6324,2025-06-29
DVC-006325,6325,2025-01-18
DVC-006326,6326,2025-03-28
DVC-006327,6327,2025-01-29
DVC-006328,6328,2025-04-08
DVC-006329,6329,2025-03-05
DVC-006330,6330,2025-01-06
DVC-006331,6331,2025-02-17
DVC-006332,6332,2025-01-10
DVC-006333,6333,2025-01-21
DVC-006334,6334,2025-02-21
DVC-006335,6335,2025-01-13
DVC-006336,6336,2025-06-12
DVC-006337,6337,2025-02-05
DVC-006338,6338,2025-02-15
DVC-006339,6339,2025-02-17
DVC-006340,6340,2025-01-31
DVC-006341,6341,2025-01-27
DVC-006342,6342,2025-03-02
DVC-006343,6343,2025-04-30
DVC-006344,6344,2025-03-25
DVC-006345,6345,2025-01-13
DVC-006346,6346,2025-05-15
DVC-006347,6347,2025-03-16
DVC-006348,6348,2025-05-11
DVC-006349,6349,2025-01-26
DVC-006350,6350,2025-05-14
DVC-006351,6351,2025-01-14
DVC-006352,6352,2025-04-08
DVC-006353,6353,2025-02-06
DVC-006354,6354,2025-01-01
DVC-006355,6355,2025-06-11
DVC-006356,6356,2025-05-18
DVC-006357,6357,2025-01-15
DVC-006358,6358,2025-01-23
DVC-006359,6359,2025-03-28
DVC-006360,6360,2025-03-27
DVC-006361,6361,2025-03-20
DVC-006362,6362,2025-01-05
DVC-006363,6363,2025-01-14
DVC-006364,6364,2025-01-08
DVC-006365,6365,2025-02-12
DVC-006366,6366,2025-01-02
DVC-006367,6367,2025-01-08
DVC-006368,6368,2025-02-23
DVC-006369,6369,2025-01-10
DVC-006370,6370,2025-03-19
DVC-006371,6371,2025-01-07
DVC-006372,6372,2025-05-25
DVC-006373,6373,2025-01-16
DVC-006374,6374,2025-01-18
DVC-006375,6375,2025-01-01
DVC-006376,6376,2025-03-24
DVC-006377,6377,2025-02-07
DVC-006378,6378,2025-06-29
DVC-006379,6379,2025-01-08
DVC-006380,6380,2025-04-26
DVC-006381,6381,2025-01-13
DVC-006382,6382,2025-02-28
DVC-006383,6383,2025-01-23
DVC-006384,6384,2025-02-10
DVC-006385,6385,2025-01-09
DVC-006386,6386,2025-03-05
DVC-006387,6387,2025-02-01
DVC-006388,6388,2025-01-01
DVC-006389,6389,2025-01-20
DVC-006390,6390,2025-01-01
DVC-006391,6391,2025-01-11
DVC-006392,6392,2025-04-14
DVC-006393,6393,2025-01-25
DVC-006394,6394,2025-03-21
DVC-006395,6395,2025-03-29
DVC-006396,6396,2025-01-02
DVC-006397,6397,2025-06-15
DVC-006398,6398,2025-01-30
DVC-006399,6399,2025-04-05
DVC-006400,6400,2025-01-30
DVC-006401,6401,2025-01-26
DVC-006402,6402,2025-03-27
DVC-006403,6403,2025-06-08
DVC-006404,6404,2025-02-18
DVC-006405,6405,2025-01-02
DVC-006406,6406,2025-02-10
DVC-006407,6407,2025-01-21
DVC-006408,6408,2025-02-16
DVC-006409,6409,2025-02-01
DVC-006410,6410,2025-01-16
DVC-006411,6411,2025-01-03
DVC-006412,6412,2025-01-02
DVC-006413,6413,2025-03-14
DVC-006414,6414,2025-01-27
DVC-006415,6415,2025-06-09
DVC-006416,6416,2025-06-29
DVC-006417,6417,2025-03-20
DVC-006418,6418,2025-02-21
DVC-006419,6419,2025-01-19
DVC-006420,6420,2025-02-04
DVC-006421,6421,2025-02-18
DVC-006422,6422,2025-05-09
DVC-006423,6423,2025-03-02
DVC-006424,6424,2025-01-18
DVC-006425,6425,2025-01-30
DVC-006426,6426,2025-06-29
DVC-006427,6427,2025-01-15
DVC-006428,6428,2025-03-24
DVC-006429,6429,2025-01-11
DVC-006430,6430,2025-01-12
DVC-006431,6431,2025-05-17
DVC-006432,6432,2025-02-06
DVC-006433,6433,2025-02-09
DVC-006434,6434,2025-01-24
DVC-006435,6435,2025-01-29
DVC-006436,6436,2025-02-05
DVC-006437,6437,2025-01-16
DVC-006438,6438,2025-01-13
DVC-006439,6439,2025-04-03
DVC-006440,6440,2025-01-24
DVC-006441,6441,2025-02-07
DVC-006442,6442,2025-06-29
DVC-006443,6443,2025-01-02
DVC-006444,6444,2025-01-19
DVC-006445,6445,2025-02-13
DVC-006446,6446,2025-05-03
DVC-006447,6447,2025-04-04
DVC-006448,6448,2025-05-09
DVC-006449,6449,2025-01-20
DVC-006450,6450,2025-02-17
DVC-006451,6451,2025-06-05
DVC-006452,6452,2025-04-20
DVC-006453,6453,2025-02-11
DVC-006454,6454,2025-01-06
DVC-006455,6455,2025-02-22
DVC-006456,6456,2025-01-02
DVC-006457,6457,2025-04-10
DVC-006458,6458,2025-06-11
DVC-006459,6459,2025-03-24
DVC-006460,6460,2025-01-19
DVC-006461,6461,2025-02-09
DVC-006462,6462,2025-02-13
DVC-006463,6463,2025-01-26
DVC-006464,6464,2025-05-04
DVC-006465,6465,2025-01-26
DVC-006466,6466,2025-04-27
DVC-006467,6467,2025-02-17
DVC-006468,6468,2025-01-09
DVC-006469,6469,2025-05-11
DVC-006470,6470,2025-02-11
DVC-006471,6471,2025-01-07
DVC-006472,6472,2025-05-11
DVC-006473,6473,2025-03-31
DVC-006474,6474,2025-01-20
DVC-006476,6476,2025-05-31
DVC-006477,6477,2025-01-26
DVC-006478,6478,2025-02-21
DVC-006479,6479,2025-04-06
DVC-006480,6480,2025-01-27
DVC-006481,6481,2025-04-29
DVC-006482,6482,2025-03-14
DVC-006483,6483,2025-02-18
DVC-006484,6484,2025-02-11
DVC-006485,6485,2025-04-22
DVC-006486,6486,2025-03-24
DVC-006487,6487,2025-02-08
DVC-006488,6488,2025-01-26
DVC-006489,6489,2025-01-29
DVC-006490,6490,2025-03-01
DVC-006491,6491,2025-01-02
DVC-006492,6492,2025-01-11
DVC-006493,6493,2025-06-14
DVC-006494,6494,2025-04-02
DVC-006495,6495,2025-03-26
DVC-006496,6496,2025-02-16
DVC-006497,6497,2025-01-20
DVC-006498,6498,2025-02-24
DVC-006499,6499,2025-01-03
DVC-006500,6500,2025-02-11
DVC-006501,6501,2025-01-01
DVC-006502,6502,2025-01-29
DVC-006503,6503,2025-06-29
DVC-006504,6504,2025-01-24
DVC-006505,6505,2025-03-12
DVC-006506,6506,2025-01-31
DVC-006507,6507,2025-01-03
DVC-006508,6508,2025-01-01
DVC-006509,6509,2025-01-10
DVC-006510,6510,2025-01-16
DVC-006511,6511,2025-01-31
DVC-006512,6512,2025-01-17
DVC-006513,6513,2025-02-15
DVC-006514,6514,2025-04-01
DVC-006515,6515,2025-01-02
DVC-006516,6516,2025-01-09
DVC-006517,6517,2025-06-22
DVC-006518,6518,2025-03-19
DVC-006519,6519,2025-01-11
DVC-006520,6520,2025-01-05
DVC-006521,6521,2025-04-26
DVC-006522,6522,2025-05-23
DVC-006523,6523,2025-02-14
DVC-006524,6524,2025-02-16
DVC-006525,6525,2025-01-06
DVC-006526,6526,2025-02-10
DVC-006527,6527,2025-02-18
DVC-006528,6528,2025-06-16
DVC-006529,6529,2025-01-12
DVC-006530,6530,2025-01-26
DVC-006531,6531,2025-02-08
DVC-006532,6532,2025-01-12
DVC-006533,6533,2025-04-03
DVC-006534,6534,2025-01-21
DVC-006535,6535,2025-01-21
DVC-006536,6536,2025-04-05
DVC-006537,6537,2025-01-06
DVC-006538,6538,2025-02-16
DVC-006539,6539,2025-01-22
DVC-006540,6540,2025-01-31
DVC-006541,6541,2025-02-09
DVC-006542,6542,2025-03-20
DVC-006543,6543,2025-02-26
DVC-006544,6544,2025-03-04
DVC-006545,6545,2025-02-22
DVC-006546,6546,2025-02-09
DVC-006548,6548,2025-01-04
DVC-006549,6549,2025-03-07
DVC-006550,6550,2025-02-10
DVC-006551,6551,2025-01-13
DVC-006552,6552,2025-06-11
DVC-006553,6553,2025-04-26
DVC-006554,6554,2025-04-28
DVC-006555,6555,2025-01-25
DVC-006556,6556,2025-02-22
DVC-006557,6557,2025-03-14
DVC-006558,6558,2025-02-17
DVC-006559,6559,2025-03-02
DVC-006560,6560,2025-03-01
DVC-006561,6561,2025-02-04
DVC-006562,6562,2025-01-26
DVC-006563,6563,2025-01-26
DVC-006564,6564,2025-01-11
DVC-006565,6565,2025-04-15
DVC-006566,6566,2025-06-22
DVC-006567,6567,2025-02-12
DVC-006568,6568,2025-02-15
DVC-006569,6569,2025-06-29
DVC-006570,6570,2025-04-24
DVC-006571,6571,2025-03-30
DVC-006572,6572,2025-01-17
DVC-006573,6573,2025-04-02
DVC-006574,6574,2025-01-07
DVC-006575,6575,2025-01-15
DVC-006576,6576,2025-02-17
DVC-006577,6577,2025-01-24
DVC-006578,6578,2025-02-02
DVC-006579,6579,2025-01-28
DVC-006580,6580,2025-03-10
DVC-006582,6582,2025-02-04
DVC-006583,6583,2025-05-17
DVC-006584,6584,2025-04-29
DVC-006585,6585,2025-01-04
DVC-006586,6586,2025-01-19
DVC-006587,6587,2025-05-07
DVC-006588,6588,2025-01-03
DVC-006589,6589,2025-01-15
DVC-006590,6590,2025-02-27
DVC-006591,6591,2025-02-23
DVC-006592,6592,2025-02-07
DVC-006593,6593,2025-02-04
DVC-006594,6594,2025-03-12
DVC-006595,6595,2025-03-20
DVC-006596,6596,2025-04-10
DVC-006597,6597,2025-02-11
DVC-006598,6598,2025-01-11
DVC-006599,6599,2025-02-23
DVC-006600,6600,2025-03-23
DVC-006601,6601,2025-06-29
DVC-006602,6602,2025-02-11
DVC-006603,6603,2025-01-26
DVC-006604,6604,2025-05-15
DVC-006605,6605,2025-01-03
DVC-006606,6606,2025-01-28
DVC-006607,6607,2025-02-26
DVC-006608,6608,2025-01-21
DVC-006609,6609,2025-04-30
DVC-006610,6610,2025-02-27
DVC-006611,6611,2025-06-29
DVC-006612,6612,2025-02-05
DVC-006613,6613,2025-01-14
DVC-006614,6614,2025-05-05
DVC-006615,6615,2025-02-09
DVC-006616,6616,2025-04-04
DVC-006617,6617,2025-02-12
DVC-006618,6618,2025-01-09
DVC-006619,6619,2025-01-08
DVC-006620,6620,2025-01-25
DVC-006621,6621,2025-01-08
DVC-006622,6622,2025-01-05
DVC-006623,6623,2025-06-29
DVC-006624,6624,2025-01-16
DVC-006625,6625,2025-02-18
DVC-006626,6626,2025-01-02
DVC-006627,6627,2025-02-01
DVC-006628,6628,2025-01-16
DVC-006629,6629,2025-02-03
DVC-006630,6630,2025-05-02
DVC-006631,6631,2025-01-25
DVC-006632,6632,2025-03-11
DVC-006633,6633,2025-01-20
DVC-006634,6634,2025-03-16
DVC-006635,6635,2025-01-10
DVC-006636,6636,2025-03-13
DVC-006637,6637,2025-03-21
DVC-006638,6638,2025-01-03
DVC-006639,6639,2025-01-03
DVC-006640,6640,2025-03-02
DVC-006641,6641,2025-01-25
DVC-006642,6642,2025-04-30
DVC-006643,6643,2025-06-29
DVC-006644,6644,2025-02-16
DVC-006645,6645,2025-02-26
DVC-006646,6646,2025-01-20
DVC-006647,6647,2025-06-29
DVC-006648,6648,2025-02-27
DVC-006649,6649,2025-02-11
DVC-006650,6650,2025-02-08
DVC-006651,6651,2025-01-06
DVC-006652,6652,2025-03-09
DVC-006653,6653,2025-01-12
DVC-006654,6654,2025-01-12
DVC-006655,6655,2025-03-12
DVC-006656,6656,2025-01-05
DVC-006657,6657,2025-02-14
DVC-006658,6658,2025-02-23
DVC-006659,6659,2025-01-06
DVC-006660,6660,2025-01-19
DVC-006661,6661,2025-03-30
DVC-006662,6662,2025-02-19
DVC-006663,6663,2025-01-28
DVC-006665,6665,2025-02-22
DVC-006666,6666,2025-01-25
DVC-006667,6667,2025-02-06
DVC-006668,6668,2025-03-06
DVC-006669,6669,2025-04-26
DVC-006670,6670,2025-06-29
DVC-006671,6671,2025-03-26
DVC-006672,6672,2025-03-08
DVC-006673,6673,2025-06-29
DVC-006674,6674,2025-01-21
DVC-006675,6675,2025-02-13
DVC-006676,6676,2025-02-08
DVC-006677,6677,2025-03-03
DVC-006678,6678,2025-03-09
DVC-006679,6679,2025-06-29
DVC-006680,6680,2025-01-12
DVC-006681,6681,2025-02-17
DVC-006682,6682,2025-01-28
DVC-006683,6683,2025-01-12
DVC-006684,6684,2025-01-10
DVC-006685,6685,2025-01-23
DVC-006686,6686,2025-01-26
DVC-006687,6687,2025-05-18
DVC-006688,6688,2025-01-29
DVC-006689,6689,2025-02-21
DVC-006690,6690,2025-03-06
DVC-006691,6691,2025-02-25
DVC-006692,6692,2025-02-02
DVC-006693,6693,2025-05-23
DVC-006694,6694,2025-05-08
DVC-006695,6695,2025-02-17
DVC-006697,6697,2025-02-04
DVC-006698,6698,2025-01-24
DVC-006699,6699,2025-02-13
DVC-006700,6700,2025-02-05
DVC-006701,6701,2025-02-15
DVC-006702,6702,2025-03-04
DVC-006703,6703,2025-03-08
DVC-006704,6704,2025-03-05
DVC-006705,6705,2025-03-21
DVC-006706,6706,2025-04-06
DVC-006707,6707,2025-02-03
DVC-006708,6708,2025-06-12
DVC-006709,6709,2025-06-29
DVC-006710,6710,2025-01-21
DVC-006711,6711,2025-05-19
DVC-006712,6712,2025-03-05
DVC-006713,6713,2025-02-25
DVC-006714,6714,2025-01-13
DVC-006715,6715,2025-02-24
DVC-006716,6716,2025-02-03
DVC-006717,6717,2025-06-29
DVC-006718,6718,2025-04-12
DVC-006719,6719,2025-02-17
DVC-006720,6720,2025-04-12
DVC-006721,6721,2025-02-07
DVC-006722,6722,2025-01-06
DVC-006723,6723,2025-05-25
DVC-006724,6724,2025-02-23
DVC-006725,6725,2025-01-24
DVC-006726,6726,2025-03-15
DVC-006727,6727,2025-05-06
DVC-006728,6728,2025-04-03
DVC-006729,6729,2025-02-02
DVC-006730,6730,2025-01-06
DVC-006731,6731,2025-05-04
DVC-006732,6732,2025-02-11
DVC-006733,6733,2025-01-03
DVC-006734,6734,2025-01-12
DVC-006735,6735,2025-01-04
DVC-006736,6736,2025-03-11
DVC-006737,6737,2025-05-14
DVC-006738,6738,2025-03-21
DVC-006739,6739,2025-01-14
DVC-006740,6740,2025-06-10
DVC-006741,6741,2025-01-13
DVC-006742,6742,2025-04-26
DVC-006743,6743,2025-02-21
DVC-006744,6744,2025-01-01
DVC-006745,6745,2025-01-14
DVC-006746,6746,2025-01-07
DVC-006747,6747,2025-02-22
DVC-006748,6748,2025-03-30
DVC-006749,6749,2025-03-09
DVC-006750,6750,2025-05-06
DVC-006751,6751,2025-03-06
DVC-006752,6752,2025-01-13
DVC-006753,6753,2025-03-19
DVC-006754,6754,2025-02-25
DVC-006755,6755,2025-02-08
DVC-006756,6756,2025-04-29
DVC-006757,6757,2025-06-29
DVC-006758,6758,2025-01-30
DVC-006759,6759,2025-02-13
DVC-006760,6760,2025-03-03
DVC-006761,6761,2025-03-24
DVC-006762,6762,2025-03-20
DVC-006763,6763,2025-01-06
DVC-006764,6764,2025-01-01
DVC-006765,6765,2025-03-01
DVC-006766,6766,2025-01-10
DVC-006767,6767,2025-01-26
DVC-006768,6768,2025-02-23
DVC-006769,6769,2025-01-10
DVC-006770,6770,2025-04-12
DVC-006771,6771,2025-02-21
DVC-006772,6772,2025-01-04
DVC-006773,6773,2025-01-01
DVC-006774,6774,2025-01-21
DVC-006775,6775,2025-01-24
DVC-006776,6776,2025-02-23
DVC-006777,6777,2025-01-11
DVC-006778,6778,2025-02-17
DVC-006779,6779,2025-02-14
DVC-006780,6780,2025-02-08
DVC-006781,6781,2025-06-09
DVC-006783,6783,2025-01-01
DVC-006784,6784,2025-02-26
DVC-006785,6785,2025-01-07
DVC-006786,6786,2025-01-26
DVC-006787,6787,2025-01-31
DVC-006788,6788,2025-01-29
DVC-006789,6789,2025-01-15
DVC-006790,6790,2025-03-27
DVC-006791,6791,2025-02-22
DVC-006792,6792,2025-02-04
DVC-006793,6793,2025-05-06
DVC-006794,6794,2025-02-15
DVC-006796,6796,2025-01-24
DVC-006797,6797,2025-02-19
DVC-006798,6798,2025-01-23
DVC-006799,6799,2025-03-05
DVC-006800,6800,2025-01-28
DVC-006801,6801,2025-02-06
DVC-006802,6802,2025-03-27
DVC-006803,6803,2025-01-03
DVC-006804,6804,2025-01-15
DVC-006805,6805,2025-02-27
DVC-006806,6806,2025-01-10
DVC-006808,6808,2025-03-22
DVC-006809,6809,2025-01-13
DVC-006810,6810,2025-01-10
DVC-006811,6811,2025-02-27
DVC-006812,6812,2025-01-22
DVC-006813,6813,2025-01-03
DVC-006814,6814,2025-01-22
DVC-006815,6815,2025-01-20
DVC-006816,6816,2025-03-01
DVC-006818,6818,2025-02-02
DVC-006819,6819,2025-02-05
DVC-006820,6820,2025-01-25
DVC-006821,6821,2025-01-15
DVC-006822,6822,2025-05-25
DVC-006823,6823,2025-01-19
DVC-006824,6824,2025-06-08
DVC-006826,6826,2025-06-29
DVC-006827,6827,2025-01-22
DVC-006828,6828,2025-01-12
DVC-006829,6829,2025-06-29
DVC-006830,6830,2025-03-21
DVC-006831,6831,2025-03-26
DVC-006832,6832,2025-06-29
DVC-006833,6833,2025-02-28
DVC-006834,6834,2025-01-19
DVC-006835,6835,2025-02-06
DVC-006836,6836,2025-01-10
DVC-006837,6837,2025-02-25
DVC-006838,6838,2025-02-04
DVC-006839,6839,2025-01-08
DVC-006840,6840,2025-02-04
DVC-006841,6841,2025-01-17
DVC-006842,6842,2025-04-02
DVC-006843,6843,2025-02-05
DVC-006844,6844,2025-03-10
DVC-006845,6845,2025-02-25
DVC-006847,6847,2025-05-09
DVC-006848,6848,2025-01-10
DVC-006849,6849,2025-01-21
DVC-006850,6850,2025-01-02
DVC-006851,6851,2025-03-03
DVC-006852,6852,2025-01-10
DVC-006854,6854,2025-01-26
DVC-006855,6855,2025-01-24
DVC-006856,6856,2025-01-05
DVC-006857,6857,2025-04-29
DVC-006858,6858,2025-06-29
DVC-006859,6859,2025-01-22
DVC-006860,6860,2025-01-25
DVC-006861,6861,2025-02-24
DVC-006862,6862,2025-02-12
DVC-006863,6863,2025-06-07
DVC-006864,6864,2025-02-22
DVC-006865,6865,2025-06-29
DVC-006866,6866,2025-05-01
DVC-006867,6867,2025-02-03
DVC-006868,6868,2025-02-02
DVC-006869,6869,2025-03-26
DVC-006870,6870,2025-04-13
DVC-006871,6871,2025-02-16
DVC-006872,6872,2025-01-01
DVC-006873,6873,2025-03-09
DVC-006874,6874,2025-04-14
DVC-006875,6875,2025-01-10
DVC-006876,6876,2025-04-07
DVC-006877,6877,2025-01-28
DVC-006878,6878,2025-01-23
DVC-006879,6879,2025-02-18
DVC-006880,6880,2025-03-27
DVC-006881,6881,2025-01-30
DVC-006882,6882,2025-02-03
DVC-006883,6883,2025-02-24
DVC-006884,6884,2025-06-29
DVC-006885,6885,2025-01-21
DVC-006886,6886,2025-01-13
DVC-006887,6887,2025-02-23
DVC-006888,6888,2025-02-05
DVC-006889,6889,2025-01-27
DVC-006890,6890,2025-03-27
DVC-006891,6891,2025-02-27
DVC-006892,6892,2025-01-12
DVC-006893,6893,2025-06-29
DVC-006894,6894,2025-04-02
DVC-006895,6895,2025-01-08
DVC-006896,6896,2025-03-31
DVC-006897,6897,2025-05-19
DVC-006898,6898,2025-03-26
DVC-006899,6899,2025-02-13
DVC-006900,6900,2025-01-19
DVC-006901,6901,2025-05-20
DVC-006902,6902,2025-03-30
DVC-006903,6903,2025-05-07
DVC-006904,6904,2025-02-02
DVC-006905,6905,2025-01-08
DVC-006906,6906,2025-01-24
DVC-006907,6907,2025-03-28
DVC-006908,6908,2025-02-11
DVC-006909,6909,2025-02-03
DVC-006910,6910,2025-02-14
DVC-006911,6911,2025-06-23
DVC-006912,6912,2025-02-09
DVC-006913,6913,2025-04-14
DVC-006914,6914,2025-01-08
DVC-006915,6915,2025-02-03
DVC-006917,6917,2025-01-08
DVC-006918,6918,2025-01-16
DVC-006919,6919,2025-02-16
DVC-006920,6920,2025-06-24
DVC-006921,6921,2025-03-28
DVC-006922,6922,2025-01-01
DVC-006923,6923,2025-01-12
DVC-006924,6924,2025-05-25
DVC-006925,6925,2025-06-29
DVC-006927,6927,2025-04-18
DVC-006928,6928,2025-03-04
DVC-006929,6929,2025-03-17
DVC-006930,6930,2025-04-16
DVC-006931,6931,2025-01-29
DVC-006932,6932,2025-01-19
DVC-006933,6933,2025-01-25
DVC-006934,6934,2025-04-30
DVC-006935,6935,2025-01-16
DVC-006936,6936,2025-06-24
DVC-006937,6937,2025-01-27
DVC-006938,6938,2025-01-04
DVC-006939,6939,2025-05-29
DVC-006940,6940,2025-04-02
DVC-006942,6942,2025-02-10
DVC-006943,6943,2025-01-27
DVC-006944,6944,2025-04-12
DVC-006945,6945,2025-02-20
DVC-006946,6946,2025-01-29
DVC-006947,6947,2025-02-08
DVC-006948,6948,2025-02-02
DVC-006949,6949,2025-01-01
DVC-006950,6950,2025-01-25
DVC-006951,6951,2025-03-12
DVC-006952,6952,2025-01-01
DVC-006953,6953,2025-02-07
DVC-006954,6954,2025-02-13
DVC-006955,6955,2025-01-04
DVC-006956,6956,2025-03-09
DVC-006957,6957,2025-06-29
DVC-006958,6958,2025-06-08
DVC-006959,6959,2025-01-12
DVC-006960,6960,2025-01-07
DVC-006961,6961,2025-03-24
DVC-006962,6962,2025-06-29
DVC-006963,6963,2025-01-02
DVC-006964,6964,2025-01-24
DVC-006966,6966,2025-01-25
DVC-006967,6967,2025-03-22
DVC-006968,6968,2025-01-04
DVC-006969,6969,2025-02-17
DVC-006970,6970,2025-01-07
DVC-006971,6971,2025-01-01
DVC-006972,6972,2025-01-09
DVC-006973,6973,2025-01-03
DVC-006974,6974,2025-03-12
DVC-006975,6975,2025-01-20
DVC-006976,6976,2025-01-28
DVC-006977,6977,2025-01-23
DVC-006978,6978,2025-01-19
DVC-006979,6979,2025-05-10
DVC-006980,6980,2025-02-11
DVC-006981,6981,2025-02-11
DVC-006982,6982,2025-02-18
DVC-006983,6983,2025-01-09
DVC-006984,6984,2025-02-02
DVC-006985,6985,2025-03-02
DVC-006986,6986,2025-03-06
DVC-006987,6987,2025-01-24
DVC-006988,6988,2025-01-07
DVC-006989,6989,2025-02-02
DVC-006990,6990,2025-05-11
DVC-006991,6991,2025-03-06
DVC-006992,6992,2025-01-24
DVC-006993,6993,2025-06-29
DVC-006994,6994,2025-02-26
DVC-006995,6995,2025-06-29
DVC-006996,6996,2025-02-08
DVC-006997,6997,2025-01-12
DVC-006998,6998,2025-01-21
DVC-006999,6999,2025-04-09
DVC-007000,7000,2025-02-19
DVC-007001,7001,2025-01-11
DVC-007002,7002,2025-05-11
DVC-007003,7003,2025-01-18
DVC-007004,7004,2025-04-23
DVC-007005,7005,2025-01-03
DVC-007006,7006,2025-03-20
DVC-007007,7007,2025-01-03
DVC-007008,7008,2025-02-28
DVC-007009,7009,2025-01-28
DVC-007010,7010,2025-05-27
DVC-007012,7012,2025-05-25
DVC-007013,7013,2025-02-12
DVC-007014,7014,2025-01-05
DVC-007015,7015,2025-01-16
DVC-007016,7016,2025-02-05
DVC-007017,7017,2025-06-21
DVC-007018,7018,2025-01-17
DVC-007019,7019,2025-05-01
DVC-007020,7020,2025-03-09
DVC-007021,7021,2025-04-14
DVC-007022,7022,2025-02-12
DVC-007023,7023,2025-01-16
DVC-007024,7024,2025-01-21
DVC-007025,7025,2025-02-15
DVC-007026,7026,2025-04-08
DVC-007027,7027,2025-02-26
DVC-007028,7028,2025-05-28
DVC-007029,7029,2025-01-01
DVC-007030,7030,2025-01-06
DVC-007031,7031,2025-02-09
DVC-007032,7032,2025-01-18
DVC-007033,7033,2025-03-22
DVC-007034,7034,2025-02-02
DVC-007035,7035,2025-04-22
DVC-007036,7036,2025-03-25
DVC-007037,7037,2025-06-02
DVC-007038,7038,2025-01-08
DVC-007040,7040,2025-01-10
DVC-007041,7041,2025-03-13
DVC-007042,7042,2025-01-13
DVC-007043,7043,2025-02-12
DVC-007044,7044,2025-03-20
DVC-007045,7045,2025-02-17
DVC-007046,7046,2025-03-04
DVC-007047,7047,2025-01-04
DVC-007048,7048,2025-02-08
DVC-007049,7049,2025-01-24
DVC-007050,7050,2025-01-24
DVC-007051,7051,2025-02-28
DVC-007052,7052,2025-03-23
DVC-007053,7053,2025-01-20
DVC-007054,7054,2025-03-18
DVC-007055,7055,2025-03-25
DVC-007056,7056,2025-01-08
DVC-007057,7057,2025-06-29
DVC-007058,7058,2025-04-09
DVC-007059,7059,2025-05-27
DVC-007060,7060,2025-02-05
DVC-007061,7061,2025-01-18
DVC-007062,7062,2025-01-03
DVC-007063,7063,2025-04-13
DVC-007064,7064,2025-06-29
DVC-007065,7065,2025-02-21
DVC-007066,7066,2025-02-05
DVC-007067,7067,2025-03-04
DVC-007068,7068,2025-01-06
DVC-007069,7069,2025-01-15
DVC-007070,7070,2025-02-17
DVC-007071,7071,2025-02-10
DVC-007072,7072,2025-06-13
DVC-007073,7073,2025-02-13
DVC-007074,7074,2025-01-24
DVC-007075,7075,2025-01-28
DVC-007076,7076,2025-02-26
DVC-007077,7077,2025-01-09
DVC-007078,7078,2025-01-22
DVC-007079,7079,2025-01-19
DVC-007080,7080,2025-06-02
DVC-007081,7081,2025-01-23
DVC-007082,7082,2025-01-18
DVC-007083,7083,2025-01-11
DVC-007084,7084,2025-02-04
DVC-007085,7085,2025-01-03
DVC-007086,7086,2025-02-27
DVC-007087,7087,2025-03-06
DVC-007088,7088,2025-01-07
DVC-007089,7089,2025-01-02
DVC-007090,7090,2025-01-24
DVC-007091,7091,2025-06-29
DVC-007092,7092,2025-04-29
DVC-007093,7093,2025-03-21
DVC-007094,7094,2025-04-10
DVC-007095,7095,2025-04-30
DVC-007096,7096,2025-01-23
DVC-007097,7097,2025-02-06
DVC-007098,7098,2025-03-13
DVC-007099,7099,2025-01-18
DVC-007100,7100,2025-05-23
DVC-007101,7101,2025-02-26
DVC-007102,7102,2025-02-20
DVC-007103,7103,2025-01-26
DVC-007104,7104,2025-01-06
DVC-007105,7105,2025-03-07
DVC-007106,7106,2025-03-16
DVC-007107,7107,2025-05-14
DVC-007108,7108,2025-02-20
DVC-007109,7109,2025-03-04
DVC-007110,7110,2025-03-14
DVC-007111,7111,2025-02-22
DVC-007112,7112,2025-01-26
DVC-007113,7113,2025-02-17
DVC-007114,7114,2025-01-13
DVC-007115,7115,2025-01-12
DVC-007116,7116,2025-06-19
DVC-007117,7117,2025-01-13
DVC-007118,7118,2025-02-06
DVC-007119,7119,2025-02-06
DVC-007120,7120,2025-02-16
DVC-007122,7122,2025-01-18
DVC-007123,7123,2025-01-03
DVC-007124,7124,2025-01-26
DVC-007125,7125,2025-01-27
DVC-007126,7126,2025-01-09
DVC-007127,7127,2025-01-02
DVC-007128,7128,2025-01-20
DVC-007129,7129,2025-02-21
DVC-007130,7130,2025-01-02
DVC-007131,7131,2025-01-30
DVC-007132,7132,2025-02-04
DVC-007133,7133,2025-05-07
DVC-007134,7134,2025-05-16
DVC-007135,7135,2025-03-28
DVC-007136,7136,2025-01-29
DVC-007137,7137,2025-01-17
DVC-007138,7138,2025-01-24
DVC-007139,7139,2025-02-03
DVC-007140,7140,2025-03-14
DVC-007141,7141,2025-02-22
DVC-007142,7142,2025-01-02
DVC-007143,7143,2025-02-17
DVC-007144,7144,2025-04-06
DVC-007146,7146,2025-01-05
DVC-007147,7147,2025-06-29
DVC-007148,7148,2025-02-16
DVC-007149,7149,2025-01-05
DVC-007150,7150,2025-03-19
DVC-007151,7151,2025-04-30
DVC-007152,7152,2025-01-22
DVC-007153,7153,2025-01-16
DVC-007154,7154,2025-01-26
DVC-007155,7155,2025-02-27
DVC-007156,7156,2025-01-21
DVC-007157,7157,2025-01-07
DVC-007158,7158,2025-01-29
DVC-007159,7159,2025-01-20
DVC-007160,7160,2025-02-18
DVC-007161,7161,2025-04-11
DVC-007162,7162,2025-02-01
DVC-007163,7163,2025-05-19
DVC-007164,7164,2025-03-05
DVC-007165,7165,2025-02-08
DVC-007166,7166,2025-03-14
DVC-007167,7167,2025-04-13
DVC-007168,7168,2025-03-03
DVC-007169,7169,2025-01-06
DVC-007170,7170,2025-01-02
DVC-007171,7171,2025-04-07
DVC-007172,7172,2025-01-07
DVC-007173,7173,2025-02-16
DVC-007174,7174,2025-01-06
DVC-007175,7175,2025-05-27
DVC-007176,7176,2025-01-24
DVC-007177,7177,2025-03-01
DVC-007178,7178,2025-01-18
DVC-007179,7179,2025-02-14
DVC-007180,7180,2025-01-02
DVC-007181,7181,2025-01-18
DVC-007182,7182,2025-03-23
DVC-007183,7183,2025-01-29
DVC-007184,7184,2025-02-07
DVC-007185,7185,2025-03-22
DVC-007186,7186,2025-01-18
DVC-007187,7187,2025-01-04
DVC-007188,7188,2025-01-29
DVC-007189,7189,2025-03-03
DVC-007190,7190,2025-02-20
DVC-007191,7191,2025-04-09
DVC-007192,7192,2025-06-26
DVC-007193,7193,2025-04-21
DVC-007194,7194,2025-01-14
DVC-007195,7195,2025-03-29
DVC-007196,7196,2025-03-04
DVC-007197,7197,2025-02-11
DVC-007198,7198,2025-01-18
DVC-007199,7199,2025-03-24
DVC-007200,7200,2025-01-28
DVC-007201,7201,2025-01-01
DVC-007202,7202,2025-03-14
DVC-007203,7203,2025-01-20
DVC-007204,7204,2025-04-22
DVC-007205,7205,2025-04-28
DVC-007206,7206,2025-01-09
DVC-007207,7207,2025-04-08
DVC-007208,7208,2025-01-26
DVC-007209,7209,2025-01-20
DVC-007210,7210,2025-02-06
DVC-007211,7211,2025-01-17
DVC-007212,7212,2025-01-20
DVC-007213,7213,2025-02-19
DVC-007214,7214,2025-02-03
DVC-007215,7215,2025-04-30
DVC-007216,7216,2025-03-02
DVC-007217,7217,2025-04-02
DVC-007218,7218,2025-01-26
DVC-007220,7220,2025-03-25
DVC-007221,7221,2025-04-26
DVC-007222,7222,2025-01-22
DVC-007223,7223,2025-01-05
DVC-007224,7224,2025-02-13
DVC-007225,7225,2025-01-02
DVC-007226,7226,2025-06-01
DVC-007227,7227,2025-01-05
DVC-007228,7228,2025-02-10
DVC-007229,7229,2025-04-08
DVC-007230,7230,2025-01-25
DVC-007231,7231,2025-03-27
DVC-007232,7232,2025-03-08
DVC-007233,7233,2025-01-09
DVC-007234,7234,2025-03-10
DVC-007235,7235,2025-02-02
DVC-007236,7236,2025-01-24
DVC-007237,7237,2025-03-06
DVC-007238,7238,2025-05-06
DVC-007239,7239,2025-04-27
DVC-007240,7240,2025-03-27
DVC-007241,7241,2025-03-01
DVC-007242,7242,2025-03-06
DVC-007243,7243,2025-03-11
DVC-007244,7244,2025-02-11
DVC-007245,7245,2025-03-05
DVC-007246,7246,2025-01-08
DVC-007247,7247,2025-04-13
DVC-007248,7248,2025-01-17
DVC-007249,7249,2025-01-30
DVC-007250,7250,2025-06-29
DVC-007251,7251,2025-02-24
DVC-007252,7252,2025-01-12
DVC-007253,7253,2025-01-01
DVC-007254,7254,2025-01-08
DVC-007255,7255,2025-01-11
DVC-007256,7256,2025-02-10
DVC-007257,7257,2025-02-13
DVC-007258,7258,2025-01-29
DVC-007259,7259,2025-02-02
DVC-007260,7260,2025-06-15
DVC-007261,7261,2025-03-06
DVC-007262,7262,2025-02-09
DVC-007263,7263,2025-01-20
DVC-007264,7264,2025-01-11
DVC-007265,7265,2025-01-11
DVC-007266,7266,2025-03-03
DVC-007267,7267,2025-01-06
DVC-007268,7268,2025-02-26
DVC-007269,7269,2025-04-25
DVC-007270,7270,2025-01-25
DVC-007271,7271,2025-06-29
DVC-007272,7272,2025-01-25
DVC-007273,7273,2025-01-30
DVC-007274,7274,2025-06-29
DVC-007275,7275,2025-01-29
DVC-007276,7276,2025-02-02
DVC-007277,7277,2025-03-29
DVC-007278,7278,2025-04-14
DVC-007279,7279,2025-03-17
DVC-007280,7280,2025-02-17
DVC-007281,7281,2025-01-13
DVC-007282,7282,2025-01-08
DVC-007283,7283,2025-01-02
DVC-007284,7284,2025-02-24
DVC-007285,7285,2025-04-01
DVC-007286,7286,2025-02-21
DVC-007287,7287,2025-01-06
DVC-007288,7288,2025-01-14
DVC-007289,7289,2025-01-26
DVC-007290,7290,2025-01-07
DVC-007291,7291,2025-02-01
DVC-007292,7292,2025-03-12
DVC-007293,7293,2025-05-05
DVC-007294,7294,2025-05-22
DVC-007295,7295,2025-05-16
DVC-007296,7296,2025-01-07
DVC-007297,7297,2025-06-21
DVC-007298,7298,2025-03-07
DVC-007299,7299,2025-06-29
DVC-007300,7300,2025-01-06
DVC-007301,7301,2025-01-10
DVC-007302,7302,2025-06-29
DVC-007303,7303,2025-03-05
DVC-007304,7304,2025-03-26
DVC-007305,7305,2025-04-12
DVC-007306,7306,2025-01-08
DVC-007307,7307,2025-01-17
DVC-007308,7308,2025-01-01
DVC-007309,7309,2025-06-29
DVC-007310,7310,2025-02-02
DVC-007311,7311,2025-01-03
DVC-007312,7312,2025-01-01
DVC-007313,7313,2025-01-17
DVC-007314,7314,2025-01-15
DVC-007315,7315,2025-05-16
DVC-007316,7316,2025-01-05
DVC-007317,7317,2025-03-02
DVC-007318,7318,2025-01-27
DVC-007319,7319,2025-01-05
DVC-007320,7320,2025-01-16
DVC-007321,7321,2025-05-08
DVC-007322,7322,2025-01-13
DVC-007323,7323,2025-02-07
DVC-007324,7324,2025-05-12
DVC-007325,7325,2025-02-04
DVC-007326,7326,2025-06-29
DVC-007327,7327,2025-03-08
DVC-007328,7328,2025-02-05
DVC-007329,7329,2025-04-09
DVC-007330,7330,2025-02-07
DVC-007331,7331,2025-02-07
DVC-007332,7332,2025-02-19
DVC-007333,7333,2025-01-25
DVC-007334,7334,2025-02-13
DVC-007335,7335,2025-03-27
DVC-007336,7336,2025-03-22
DVC-007337,7337,2025-01-03
DVC-007338,7338,2025-02-03
DVC-007340,7340,2025-01-16
DVC-007341,7341,2025-02-04
DVC-007342,7342,2025-03-16
DVC-007343,7343,2025-01-17
DVC-007344,7344,2025-01-16
DVC-007345,7345,2025-04-09
DVC-007346,7346,2025-01-16
DVC-007347,7347,2025-01-24
DVC-007348,7348,2025-01-20
DVC-007349,7349,2025-01-11
DVC-007350,7350,2025-04-01
DVC-007351,7351,2025-06-29
DVC-007352,7352,2025-01-07
DVC-007353,7353,2025-01-24
DVC-007354,7354,2025-01-23
DVC-007355,7355,2025-01-12
DVC-007356,7356,2025-02-13
DVC-007357,7357,2025-05-16
DVC-007358,7358,2025-01-04
DVC-007359,7359,2025-04-30
DVC-007360,7360,2025-01-24
DVC-007361,7361,2025-05-15
DVC-007362,7362,2025-01-28
DVC-007363,7363,2025-01-18
DVC-007364,7364,2025-01-03
DVC-007365,7365,2025-01-01
DVC-007366,7366,2025-03-19
DVC-007367,7367,2025-05-21
DVC-007368,7368,2025-02-06
DVC-007369,7369,2025-02-23
DVC-007370,7370,2025-01-02
DVC-007371,7371,2025-04-07
DVC-007372,7372,2025-02-09
DVC-007373,7373,2025-06-11
DVC-007374,7374,2025-02-28
DVC-007375,7375,2025-02-06
DVC-007376,7376,2025-01-01
DVC-007377,7377,2025-04-27
DVC-007378,7378,2025-03-04
DVC-007379,7379,2025-03-02
DVC-007380,7380,2025-05-13
DVC-007381,7381,2025-01-12
DVC-007382,7382,2025-04-15
DVC-007383,7383,2025-01-06
DVC-007384,7384,2025-01-04
DVC-007385,7385,2025-05-21
DVC-007386,7386,2025-06-11
DVC-007387,7387,2025-01-09
DVC-007389,7389,2025-01-26
DVC-007390,7390,2025-04-28
DVC-007391,7391,2025-04-18
DVC-007392,7392,2025-01-23
DVC-007393,7393,2025-03-30
DVC-007394,7394,2025-01-03
DVC-007395,7395,2025-01-17
DVC-007396,7396,2025-02-13
DVC-007397,7397,2025-02-08
DVC-007398,7398,2025-02-02
DVC-007399,7399,2025-01-09
DVC-007400,7400,2025-04-09
DVC-007401,7401,2025-01-15
DVC-007402,7402,2025-04-06
DVC-007403,7403,2025-03-23
DVC-007404,7404,2025-01-30
DVC-007405,7405,2025-02-12
DVC-007407,7407,2025-06-29
DVC-007408,7408,2025-02-03
DVC-007409,7409,2025-05-20
DVC-007410,7410,2025-04-04
DVC-007412,7412,2025-01-03
DVC-007414,7414,2025-05-28
DVC-007415,7415,2025-03-24
DVC-007416,7416,2025-05-08
DVC-007417,7417,2025-01-29
DVC-007418,7418,2025-01-02
DVC-007419,7419,2025-04-24
DVC-007420,7420,2025-02-12
DVC-007421,7421,2025-01-19
DVC-007422,7422,2025-02-06
DVC-007423,7423,2025-01-25
DVC-007424,7424,2025-01-15
DVC-007425,7425,2025-02-04
DVC-007426,7426,2025-01-12
DVC-007427,7427,2025-06-29
DVC-007428,7428,2025-01-10
DVC-007429,7429,2025-02-23
DVC-007430,7430,2025-04-24
DVC-007431,7431,2025-03-26
DVC-007432,7432,2025-01-31
DVC-007433,7433,2025-03-20
DVC-007434,7434,2025-01-31
DVC-007435,7435,2025-01-25
DVC-007436,7436,2025-01-21
DVC-007437,7437,2025-01-11
DVC-007438,7438,2025-02-15
DVC-007439,7439,2025-02-26
DVC-007440,7440,2025-02-06
DVC-007441,7441,2025-01-17
DVC-007442,7442,2025-01-15
DVC-007443,7443,2025-01-01
DVC-007444,7444,2025-03-05
DVC-007445,7445,2025-06-24
DVC-007446,7446,2025-03-14
DVC-007447,7447,2025-04-19
DVC-007448,7448,2025-01-20
DVC-007449,7449,2025-03-01
DVC-007450,7450,2025-01-01
DVC-007451,7451,2025-02-18
DVC-007452,7452,2025-06-29
DVC-007453,7453,2025-01-30
DVC-007454,7454,2025-01-31
DVC-007455,7455,2025-02-07
DVC-007457,7457,2025-01-08
DVC-007458,7458,2025-02-28
DVC-007459,7459,2025-04-16
DVC-007460,7460,2025-02-01
DVC-007461,7461,2025-02-15
DVC-007462,7462,2025-05-14
DVC-007464,7464,2025-01-08
DVC-007465,7465,2025-03-15
DVC-007466,7466,2025-01-15
DVC-007467,7467,2025-02-17
DVC-007468,7468,2025-03-03
DVC-007469,7469,2025-01-28
DVC-007470,7470,2025-01-17
DVC-007471,7471,2025-05-29
DVC-007472,7472,2025-03-04
DVC-007473,7473,2025-02-13
DVC-007474,7474,2025-01-25
DVC-007475,7475,2025-05-14
DVC-007476,7476,2025-02-21
DVC-007477,7477,2025-06-29
DVC-007478,7478,2025-02-03
DVC-007479,7479,2025-04-14
DVC-007480,7480,2025-03-28
DVC-007481,7481,2025-02-12
DVC-007482,7482,2025-03-03
DVC-007483,7483,2025-06-04
DVC-007484,7484,2025-01-14
DVC-007485,7485,2025-01-01
DVC-007486,7486,2025-02-04
DVC-007487,7487,2025-01-10
DVC-007488,7488,2025-01-14
DVC-007489,7489,2025-06-06
DVC-007490,7490,2025-02-02
DVC-007491,7491,2025-01-11
DVC-007492,7492,2025-02-24
DVC-007493,7493,2025-01-01
DVC-007494,7494,2025-01-18
DVC-007495,7495,2025-01-31
DVC-007496,7496,2025-03-05
DVC-007497,7497,2025-05-13
DVC-007498,7498,2025-01-02
DVC-007499,7499,2025-02-04
DVC-007500,7500,2025-01-10
DVC-007501,7501,2025-03-17
DVC-007502,7502,2025-02-15
DVC-007503,7503,2025-01-23
DVC-007504,7504,2025-01-11
DVC-007505,7505,2025-03-04
DVC-007506,7506,2025-01-29
DVC-007507,7507,2025-03-23
DVC-007508,7508,2025-02-17
DVC-007509,7509,2025-01-25
DVC-007510,7510,2025-05-01
DVC-007511,7511,2025-03-04
DVC-007512,7512,2025-03-24
DVC-007513,7513,2025-02-14
DVC-007514,7514,2025-02-24
DVC-007515,7515,2025-02-23
DVC-007517,7517,2025-01-22
DVC-007518,7518,2025-05-05
DVC-007519,7519,2025-01-24
DVC-007520,7520,2025-01-08
DVC-007521,7521,2025-01-31
DVC-007522,7522,2025-03-02
DVC-007523,7523,2025-04-12
DVC-007524,7524,2025-02-17
DVC-007525,7525,2025-03-25
DVC-007526,7526,2025-05-10
DVC-007527,7527,2025-04-10
DVC-007528,7528,2025-01-24
DVC-007529,7529,2025-04-20
DVC-007530,7530,2025-04-15
DVC-007531,7531,2025-01-19
DVC-007532,7532,2025-01-16
DVC-007533,7533,2025-05-11
DVC-007534,7534,2025-03-05
DVC-007535,7535,2025-02-09
DVC-007536,7536,2025-04-14
DVC-007537,7537,2025-01-03
DVC-007538,7538,2025-01-08
DVC-007539,7539,2025-04-05
DVC-007540,7540,2025-03-02
DVC-007541,7541,2025-01-03
DVC-007542,7542,2025-01-04
DVC-007543,7543,2025-02-20
DVC-007544,7544,2025-01-20
DVC-007545,7545,2025-01-28
DVC-007546,7546,2025-04-16
DVC-007547,7547,2025-03-14
DVC-007548,7548,2025-03-03
DVC-007549,7549,2025-03-16
DVC-007550,7550,2025-02-06
DVC-007551,7551,2025-02-07
DVC-007552,7552,2025-04-28
DVC-007553,7553,2025-01-03
DVC-007554,7554,2025-03-09
DVC-007555,7555,2025-01-10
DVC-007556,7556,2025-03-06
DVC-007557,7557,2025-01-05
DVC-007558,7558,2025-06-29
DVC-007559,7559,2025-04-10
DVC-007560,7560,2025-01-10
DVC-007561,7561,2025-02-21
DVC-007562,7562,2025-06-29
DVC-007563,7563,2025-01-25
DVC-007564,7564,2025-03-13
DVC-007565,7565,2025-06-29
DVC-007566,7566,2025-03-15
DVC-007567,7567,2025-01-18
DVC-007568,7568,2025-03-24
DVC-007569,7569,2025-02-28
DVC-007570,7570,2025-01-08
DVC-007571,7571,2025-01-23
DVC-007572,7572,2025-01-05
DVC-007573,7573,2025-01-14
DVC-007574,7574,2025-01-30
DVC-007575,7575,2025-01-03
DVC-007576,7576,2025-02-21
DVC-007577,7577,2025-01-16
DVC-007578,7578,2025-02-19
DVC-007580,7580,2025-02-16
DVC-007581,7581,2025-02-22
DVC-007582,7582,2025-01-12
DVC-007583,7583,2025-06-29
DVC-007584,7584,2025-01-23
DVC-007585,7585,2025-01-19
DVC-007586,7586,2025-05-16
DVC-007587,7587,2025-03-23
DVC-007588,7588,2025-01-10
DVC-007589,7589,2025-01-04
DVC-007590,7590,2025-01-24
DVC-007591,7591,2025-06-29
DVC-007592,7592,2025-04-04
DVC-007593,7593,2025-02-12
DVC-007594,7594,2025-01-01
DVC-007595,7595,2025-01-26
DVC-007596,7596,2025-01-22
DVC-007597,7597,2025-06-25
DVC-007598,7598,2025-01-02
DVC-007599,7599,2025-01-02
DVC-007600,7600,2025-03-07
DVC-007601,7601,2025-01-09
DVC-007602,7602,2025-01-29
DVC-007603,7603,2025-01-06
DVC-007604,7604,2025-01-12
DVC-007605,7605,2025-01-25
DVC-007606,7606,2025-02-25
DVC-007607,7607,2025-03-23
DVC-007608,7608,2025-02-18
DVC-007609,7609,2025-01-02
DVC-007610,7610,2025-01-31
DVC-007611,7611,2025-01-11
DVC-007612,7612,2025-01-12
DVC-007613,7613,2025-02-07
DVC-007614,7614,2025-03-22
DVC-007616,7616,2025-04-02
DVC-007617,7617,2025-03-23
DVC-007618,7618,2025-06-05
DVC-007619,7619,2025-04-28
DVC-007620,7620,2025-02-12
DVC-007621,7621,2025-01-14
DVC-007622,7622,2025-03-10
DVC-007623,7623,2025-06-29
DVC-007624,7624,2025-05-03
DVC-007625,7625,2025-01-24
DVC-007626,7626,2025-06-29
DVC-007627,7627,2025-01-16
DVC-007628,7628,2025-02-16
DVC-007629,7629,2025-02-08
DVC-007630,7630,2025-04-28
DVC-007631,7631,2025-02-05
DVC-007632,7632,2025-03-21
DVC-007633,7633,2025-01-30
DVC-007634,7634,2025-01-13
DVC-007635,7635,2025-04-07
DVC-007636,7636,2025-02-14
DVC-007637,7637,2025-04-08
DVC-007638,7638,2025-02-15
DVC-007639,7639,2025-01-26
DVC-007640,7640,2025-01-30
DVC-007641,7641,2025-06-29
DVC-007642,7642,2025-05-09
DVC-007643,7643,2025-04-26
DVC-007644,7644,2025-03-29
DVC-007645,7645,2025-01-11
DVC-007646,7646,2025-03-03
DVC-007647,7647,2025-02-11
DVC-007649,7649,2025-02-01
DVC-007650,7650,2025-05-01
DVC-007651,7651,2025-03-24
DVC-007652,7652,2025-03-02
DVC-007653,7653,2025-01-29
DVC-007654,7654,2025-02-07
DVC-007655,7655,2025-02-27
DVC-007656,7656,2025-01-01
DVC-007657,7657,2025-02-12
DVC-007658,7658,2025-03-22
DVC-007659,7659,2025-04-08
DVC-007660,7660,2025-02-02
DVC-007661,7661,2025-01-30
DVC-007662,7662,2025-06-29
DVC-007663,7663,2025-01-12
DVC-007664,7664,2025-02-07
DVC-007665,7665,2025-02-07
DVC-007666,7666,2025-03-04
DVC-007667,7667,2025-02-22
DVC-007668,7668,2025-02-22
DVC-007669,7669,2025-01-29
DVC-007670,7670,2025-03-27
DVC-007671,7671,2025-04-08
DVC-007672,7672,2025-04-05
DVC-007673,7673,2025-02-07
DVC-007674,7674,2025-02-24
DVC-007675,7675,2025-01-17
DVC-007676,7676,2025-02-24
DVC-007677,7677,2025-02-24
DVC-007678,7678,2025-02-04
DVC-007679,7679,2025-06-29
DVC-007680,7680,2025-01-19
DVC-007681,7681,2025-01-04
DVC-007682,7682,2025-06-29
DVC-007683,7683,2025-04-27
DVC-007684,7684,2025-01-09
DVC-007685,7685,2025-02-03
DVC-007686,7686,2025-01-11
DVC-007687,7687,2025-02-22
DVC-007688,7688,2025-01-10
DVC-007689,7689,2025-02-28
DVC-007690,7690,2025-01-23
DVC-007691,7691,2025-06-09
DVC-007692,7692,2025-02-06
DVC-007693,7693,2025-02-28
DVC-007694,7694,2025-01-22
DVC-007695,7695,2025-02-07
DVC-007696,7696,2025-01-04
DVC-007697,7697,2025-01-20
DVC-007698,7698,2025-02-20
DVC-007699,7699,2025-01-18
DVC-007700,7700,2025-01-11
DVC-007701,7701,2025-01-03
DVC-007702,7702,2025-01-30
DVC-007703,7703,2025-05-02
DVC-007704,7704,2025-03-16
DVC-007705,7705,2025-06-29
DVC-007706,7706,2025-03-15
DVC-007707,7707,2025-01-28
DVC-007708,7708,2025-04-26
DVC-007709,7709,2025-03-26
DVC-007710,7710,2025-02-08
DVC-007711,7711,2025-06-29
DVC-007712,7712,2025-06-29
DVC-007713,7713,2025-01-08
DVC-007714,7714,2025-06-29
DVC-007715,7715,2025-02-19
DVC-007716,7716,2025-03-02
DVC-007717,7717,2025-03-27
DVC-007719,7719,2025-02-14
DVC-007720,7720,2025-01-12
DVC-007721,7721,2025-02-03
DVC-007722,7722,2025-01-07
DVC-007723,7723,2025-02-07
DVC-007724,7724,2025-01-13
DVC-007725,7725,2025-02-13
DVC-007726,7726,2025-03-05
DVC-007727,7727,2025-06-21
DVC-007728,7728,2025-02-24
DVC-007730,7730,2025-01-02
DVC-007731,7731,2025-02-27
DVC-007732,7732,2025-02-02
DVC-007733,7733,2025-02-23
DVC-007734,7734,2025-01-16
DVC-007735,7735,2025-02-02
DVC-007736,7736,2025-05-08
DVC-007737,7737,2025-02-27
DVC-007738,7738,2025-04-10
DVC-007739,7739,2025-02-12
DVC-007740,7740,2025-01-09
DVC-007741,7741,2025-01-01
DVC-007742,7742,2025-02-11
DVC-007743,7743,2025-02-19
DVC-007744,7744,2025-01-23
DVC-007745,7745,2025-02-17
DVC-007746,7746,2025-04-02
DVC-007747,7747,2025-02-03
DVC-007748,7748,2025-03-16
DVC-007749,7749,2025-06-29
DVC-007750,7750,2025-04-16
DVC-007751,7751,2025-01-30
DVC-007752,7752,2025-01-16
DVC-007753,7753,2025-02-18
DVC-007754,7754,2025-04-30
DVC-007755,7755,2025-03-08
DVC-007756,7756,2025-06-11
DVC-007757,7757,2025-06-21
DVC-007758,7758,2025-02-09
DVC-007759,7759,2025-04-02
DVC-007760,7760,2025-02-10
DVC-007761,7761,2025-01-01
DVC-007762,7762,2025-06-29
DVC-007763,7763,2025-02-24
DVC-007764,7764,2025-02-09
DVC-007765,7765,2025-01-06
DVC-007766,7766,2025-01-18
DVC-007767,7767,2025-01-20
DVC-007768,7768,2025-03-15
DVC-007769,7769,2025-05-08
DVC-007770,7770,2025-01-05
DVC-007771,7771,2025-03-02
DVC-007772,7772,2025-01-06
DVC-007773,7773,2025-01-25
DVC-007774,7774,2025-06-29
DVC-007775,7775,2025-03-01
DVC-007776,7776,2025-02-12
DVC-007777,7777,2025-05-12
DVC-007778,7778,2025-03-15
DVC-007779,7779,2025-01-18
DVC-007780,7780,2025-02-19
DVC-007781,7781,2025-02-21
DVC-007782,7782,2025-02-21
DVC-007783,7783,2025-01-25
DVC-007784,7784,2025-03-06
DVC-007785,7785,2025-02-03
DVC-007786,7786,2025-05-31
DVC-007787,7787,2025-01-19
DVC-007788,7788,2025-03-08
DVC-007789,7789,2025-03-05
DVC-007790,7790,2025-01-28
DVC-007792,7792,2025-01-06
DVC-007793,7793,2025-03-03
DVC-007794,7794,2025-02-02
DVC-007795,7795,2025-02-07
DVC-007796,7796,2025-01-31
DVC-007797,7797,2025-01-09
DVC-007798,7798,2025-02-06
DVC-007799,7799,2025-01-01
DVC-007800,7800,2025-01-28
DVC-007801,7801,2025-02-13
DVC-007802,7802,2025-05-23
DVC-007803,7803,2025-01-09
DVC-007804,7804,2025-02-24
DVC-007805,7805,2025-01-27
DVC-007806,7806,2025-04-08
DVC-007807,7807,2025-01-17
DVC-007808,7808,2025-02-01
DVC-007809,7809,2025-03-16
DVC-007810,7810,2025-01-25
DVC-007811,7811,2025-04-05
DVC-007812,7812,2025-01-05
DVC-007813,7813,2025-01-17
DVC-007814,7814,2025-01-02
DVC-007815,7815,2025-03-20
DVC-007816,7816,2025-02-01
DVC-007817,7817,2025-02-22
DVC-007818,7818,2025-01-06
DVC-007819,7819,2025-02-20
DVC-007820,7820,2025-01-19
DVC-007821,7821,2025-03-05
DVC-007822,7822,2025-01-21
DVC-007823,7823,2025-01-29
DVC-007824,7824,2025-01-31
DVC-007825,7825,2025-06-29
DVC-007826,7826,2025-04-29
DVC-007827,7827,2025-01-02
DVC-007828,7828,2025-01-25
DVC-007829,7829,2025-05-11
DVC-007830,7830,2025-02-21
DVC-007831,7831,2025-03-18
DVC-007832,7832,2025-01-15
DVC-007833,7833,2025-01-06
DVC-007834,7834,2025-01-18
DVC-007835,7835,2025-06-29
DVC-007836,7836,2025-02-19
DVC-007837,7837,2025-02-02
DVC-007838,7838,2025-03-01
DVC-007839,7839,2025-03-09
DVC-007840,7840,2025-03-10
DVC-007841,7841,2025-01-25
DVC-007842,7842,2025-06-29
DVC-007843,7843,2025-01-16
DVC-007844,7844,2025-05-06
DVC-007845,7845,2025-02-03
DVC-007846,7846,2025-02-21
DVC-007847,7847,2025-03-01
DVC-007848,7848,2025-01-11
DVC-007849,7849,2025-01-20
DVC-007850,7850,2025-03-06
DVC-007851,7851,2025-04-12
DVC-007852,7852,2025-02-22
DVC-007853,7853,2025-05-26
DVC-007854,7854,2025-02-05
DVC-007855,7855,2025-01-28
DVC-007856,7856,2025-04-16
DVC-007857,7857,2025-01-03
DVC-007859,7859,2025-01-18
DVC-007860,7860,2025-02-28
DVC-007861,7861,2025-01-01
DVC-007862,7862,2025-01-24
DVC-007863,7863,2025-06-21
DVC-007864,7864,2025-03-13
DVC-007865,7865,2025-01-21
DVC-007866,7866,2025-01-12
DVC-007867,7867,2025-01-31
DVC-007868,7868,2025-01-15
DVC-007869,7869,2025-05-10
DVC-007870,7870,2025-03-04
DVC-007871,7871,2025-03-03
DVC-007872,7872,2025-05-18
DVC-007873,7873,2025-03-01
DVC-007874,7874,2025-06-29
DVC-007875,7875,2025-01-27
DVC-007876,7876,2025-02-26
DVC-007877,7877,2025-01-17
DVC-007878,7878,2025-02-17
DVC-007880,7880,2025-01-12
DVC-007881,7881,2025-01-19
DVC-007882,7882,2025-01-27
DVC-007883,7883,2025-02-12
DVC-007884,7884,2025-03-14
DVC-007885,7885,2025-01-26
DVC-007886,7886,2025-01-16
DVC-007887,7887,2025-04-29
DVC-007888,7888,2025-06-16
DVC-007889,7889,2025-02-06
DVC-007890,7890,2025-02-06
DVC-007891,7891,2025-01-04
DVC-007892,7892,2025-01-20
DVC-007893,7893,2025-01-18
DVC-007894,7894,2025-02-20
DVC-007895,7895,2025-01-09
DVC-007896,7896,2025-01-25
DVC-007897,7897,2025-03-19
DVC-007898,7898,2025-03-09
DVC-007899,7899,2025-01-22
DVC-007900,7900,2025-01-09
DVC-007901,7901,2025-01-24
DVC-007902,7902,2025-02-12
DVC-007903,7903,2025-02-16
DVC-007904,7904,2025-01-06
DVC-007905,7905,2025-01-28
DVC-007906,7906,2025-04-22
DVC-007907,7907,2025-06-23
DVC-007908,7908,2025-06-28
DVC-007909,7909,2025-01-06
DVC-007910,7910,2025-06-07
DVC-007911,7911,2025-04-06
DVC-007912,7912,2025-03-04
DVC-007913,7913,2025-02-09
DVC-007914,7914,2025-01-17
DVC-007915,7915,2025-02-23
DVC-007916,7916,2025-01-08
DVC-007917,7917,2025-01-04
DVC-007918,7918,2025-05-31
DVC-007919,7919,2025-01-17
DVC-007920,7920,2025-05-20
DVC-007921,7921,2025-01-11
DVC-007922,7922,2025-01-19
DVC-007923,7923,2025-01-13
DVC-007924,7924,2025-02-02
DVC-007925,7925,2025-04-27
DVC-007926,7926,2025-05-22
DVC-007927,7927,2025-02-10
DVC-007928,7928,2025-03-08
DVC-007929,7929,2025-01-07
DVC-007930,7930,2025-01-06
DVC-007931,7931,2025-04-10
DVC-007932,7932,2025-02-01
DVC-007934,7934,2025-02-02
DVC-007935,7935,2025-02-16
DVC-007936,7936,2025-02-28
DVC-007937,7937,2025-02-06
DVC-007938,7938,2025-01-31
DVC-007939,7939,2025-01-31
DVC-007940,7940,2025-01-09
DVC-007941,7941,2025-03-14
DVC-007942,7942,2025-01-10
DVC-007943,7943,2025-01-15
DVC-007944,7944,2025-02-02
DVC-007945,7945,2025-02-02
DVC-007946,7946,2025-01-29
DVC-007947,7947,2025-04-15
DVC-007948,7948,2025-01-22
DVC-007949,7949,2025-05-06
DVC-007950,7950,2025-02-23
DVC-007951,7951,2025-02-18
DVC-007952,7952,2025-02-26
DVC-007953,7953,2025-01-15
DVC-007954,7954,2025-02-25
DVC-007955,7955,2025-04-09
DVC-007956,7956,2025-03-09
DVC-007957,7957,2025-01-06
DVC-007958,7958,2025-01-29
DVC-007959,7959,2025-01-02
DVC-007960,7960,2025-01-27
DVC-007961,7961,2025-01-10
DVC-007963,7963,2025-01-02
DVC-007964,7964,2025-06-13
DVC-007965,7965,2025-01-24
DVC-007966,7966,2025-03-28
DVC-007967,7967,2025-01-15
DVC-007968,7968,2025-03-18
DVC-007969,7969,2025-01-26
DVC-007970,7970,2025-02-27
DVC-007971,7971,2025-06-14
DVC-007972,7972,2025-03-07
DVC-007973,7973,2025-01-09
DVC-007974,7974,2025-05-15
DVC-007975,7975,2025-03-21
DVC-007976,7976,2025-04-28
DVC-007977,7977,2025-05-17
DVC-007978,7978,2025-01-19
DVC-007979,7979,2025-01-24
DVC-007980,7980,2025-03-28
DVC-007981,7981,2025-01-04
DVC-007982,7982,2025-01-23
DVC-007983,7983,2025-01-26
DVC-007984,7984,2025-05-01
DVC-007985,7985,2025-06-20
DVC-007986,7986,2025-01-10
DVC-007987,7987,2025-02-11
DVC-007988,7988,2025-03-20
DVC-007989,7989,2025-01-26
DVC-007990,7990,2025-02-15
DVC-007991,7991,2025-01-16
DVC-007992,7992,2025-03-29
DVC-007993,7993,2025-03-27
DVC-007994,7994,2025-02-03
DVC-007995,7995,2025-01-26
DVC-007996,7996,2025-01-19
DVC-007997,7997,2025-01-05
DVC-007998,7998,2025-02-18
DVC-007999,7999,2025-05-05
DVC-008000,8000,2025-01-08
DVC-008001,8001,2025-02-01
DVC-008002,8002,2025-05-08
DVC-008003,8003,2025-04-11
DVC-008004,8004,2025-03-19
DVC-008005,8005,2025-01-01
DVC-008006,8006,2025-03-09
DVC-008008,8008,2025-03-27
DVC-008009,8009,2025-01-16
DVC-008010,8010,2025-01-01
DVC-008011,8011,2025-02-12
DVC-008012,8012,2025-01-21
DVC-008013,8013,2025-02-22
DVC-008014,8014,2025-01-20
DVC-008015,8015,2025-03-31
DVC-008016,8016,2025-02-11
DVC-008017,8017,2025-01-18
DVC-008018,8018,2025-03-17
DVC-008019,8019,2025-05-23
DVC-008020,8020,2025-05-17
DVC-008021,8021,2025-06-29
DVC-008022,8022,2025-03-12
DVC-008023,8023,2025-02-26
DVC-008024,8024,2025-01-05
DVC-008025,8025,2025-01-16
DVC-008026,8026,2025-01-22
DVC-008027,8027,2025-02-16
DVC-008028,8028,2025-04-14
DVC-008029,8029,2025-02-06
DVC-008030,8030,2025-01-18
DVC-008031,8031,2025-01-30
DVC-008032,8032,2025-01-03
DVC-008033,8033,2025-01-19
DVC-008034,8034,2025-01-03
DVC-008035,8035,2025-02-13
DVC-008036,8036,2025-06-07
DVC-008037,8037,2025-02-02
DVC-008038,8038,2025-03-26
DVC-008039,8039,2025-03-11
DVC-008040,8040,2025-02-28
DVC-008041,8041,2025-04-18
DVC-008042,8042,2025-02-20
DVC-008043,8043,2025-02-28
DVC-008044,8044,2025-01-25
DVC-008045,8045,2025-03-23
DVC-008046,8046,2025-01-13
DVC-008047,8047,2025-03-17
DVC-008048,8048,2025-06-29
DVC-008049,8049,2025-01-19
DVC-008050,8050,2025-03-23
DVC-008051,8051,2025-03-26
DVC-008052,8052,2025-01-05
DVC-008053,8053,2025-03-09
DVC-008054,8054,2025-02-13
DVC-008055,8055,2025-02-08
DVC-008056,8056,2025-05-06
DVC-008057,8057,2025-01-24
DVC-008058,8058,2025-06-29
DVC-008059,8059,2025-02-12
DVC-008060,8060,2025-01-05
DVC-008061,8061,2025-01-06
DVC-008062,8062,2025-04-14
DVC-008064,8064,2025-03-14
DVC-008065,8065,2025-01-06
DVC-008066,8066,2025-03-02
DVC-008067,8067,2025-06-29
DVC-008068,8068,2025-03-28
DVC-008069,8069,2025-01-18
DVC-008070,8070,2025-03-31
DVC-008071,8071,2025-01-05
DVC-008072,8072,2025-01-22
DVC-008073,8073,2025-05-24
DVC-008074,8074,2025-04-03
DVC-008075,8075,2025-04-01
DVC-008076,8076,2025-03-05
DVC-008077,8077,2025-05-02
DVC-008078,8078,2025-01-21
DVC-008079,8079,2025-06-15
DVC-008080,8080,2025-04-04
DVC-008081,8081,2025-01-06
DVC-008082,8082,2025-04-11
DVC-008083,8083,2025-02-20
DVC-008084,8084,2025-02-19
DVC-008085,8085,2025-04-13
DVC-008086,8086,2025-01-27
DVC-008087,8087,2025-01-05
DVC-008088,8088,2025-06-29
DVC-008089,8089,2025-06-29
DVC-008090,8090,2025-03-31
DVC-008091,8091,2025-04-03
DVC-008092,8092,2025-04-08
DVC-008093,8093,2025-06-29
DVC-008094,8094,2025-01-06
DVC-008095,8095,2025-01-04
DVC-008096,8096,2025-01-20
DVC-008097,8097,2025-02-24
DVC-008098,8098,2025-03-28
DVC-008099,8099,2025-02-14
DVC-008100,8100,2025-03-09
DVC-008101,8101,2025-02-05
DVC-008102,8102,2025-02-08
DVC-008103,8103,2025-01-28
DVC-008104,8104,2025-02-25
DVC-008105,8105,2025-01-08
DVC-008106,8106,2025-01-06
DVC-008107,8107,2025-02-11
DVC-008108,8108,2025-01-27
DVC-008109,8109,2025-01-27
DVC-008110,8110,2025-05-20
DVC-008111,8111,2025-06-29
DVC-008112,8112,2025-02-27
DVC-008113,8113,2025-01-11
DVC-008114,8114,2025-04-02
DVC-008115,8115,2025-02-19
DVC-008116,8116,2025-03-27
DVC-008117,8117,2025-03-02
DVC-008118,8118,2025-01-08
DVC-008119,8119,2025-03-05
DVC-008120,8120,2025-03-04
DVC-008121,8121,2025-06-29
DVC-008122,8122,2025-05-24
DVC-008123,8123,2025-06-29
DVC-008124,8124,2025-06-21
DVC-008125,8125,2025-01-08
DVC-008126,8126,2025-01-04
DVC-008127,8127,2025-05-06
DVC-008128,8128,2025-04-02
DVC-008129,8129,2025-01-06
DVC-008130,8130,2025-01-09
DVC-008131,8131,2025-03-17
DVC-008132,8132,2025-02-05
DVC-008133,8133,2025-03-23
DVC-008134,8134,2025-01-26
DVC-008135,8135,2025-01-18
DVC-008136,8136,2025-06-29
DVC-008137,8137,2025-01-24
DVC-008138,8138,2025-05-24
DVC-008139,8139,2025-01-24
DVC-008140,8140,2025-01-01
DVC-008141,8141,2025-01-01
DVC-008142,8142,2025-02-12
DVC-008143,8143,2025-03-14
DVC-008144,8144,2025-01-07
DVC-008145,8145,2025-01-29
DVC-008146,8146,2025-02-03
DVC-008147,8147,2025-02-02
DVC-008148,8148,2025-04-04
DVC-008149,8149,2025-01-30
DVC-008150,8150,2025-02-22
DVC-008151,8151,2025-02-18
DVC-008152,8152,2025-01-30
DVC-008153,8153,2025-01-09
DVC-008154,8154,2025-01-21
DVC-008155,8155,2025-01-01
DVC-008156,8156,2025-02-04
DVC-008157,8157,2025-03-10
DVC-008158,8158,2025-02-27
DVC-008159,8159,2025-05-06
DVC-008160,8160,2025-02-19
DVC-008162,8162,2025-01-16
DVC-008163,8163,2025-03-20
DVC-008164,8164,2025-01-08
DVC-008165,8165,2025-01-07
DVC-008166,8166,2025-06-29
DVC-008167,8167,2025-02-10
DVC-008168,8168,2025-02-08
DVC-008169,8169,2025-03-02
DVC-008170,8170,2025-05-20
DVC-008171,8171,2025-04-19
DVC-008172,8172,2025-02-10
DVC-008173,8173,2025-03-21
DVC-008174,8174,2025-02-10
DVC-008175,8175,2025-05-16
DVC-008176,8176,2025-03-09
DVC-008177,8177,2025-02-25
DVC-008178,8178,2025-02-28
DVC-008179,8179,2025-01-09
DVC-008180,8180,2025-05-20
DVC-008181,8181,2025-06-29
DVC-008182,8182,2025-01-13
DVC-008183,8183,2025-01-04
DVC-008184,8184,2025-02-02
DVC-008185,8185,2025-01-30
DVC-008186,8186,2025-02-25
DVC-008187,8187,2025-01-13
DVC-008188,8188,2025-01-24
DVC-008189,8189,2025-02-12
DVC-008190,8190,2025-01-07
DVC-008191,8191,2025-01-13
DVC-008192,8192,2025-03-26
DVC-008193,8193,2025-01-08
DVC-008194,8194,2025-06-29
DVC-008196,8196,2025-04-30
DVC-008197,8197,2025-01-12
DVC-008198,8198,2025-01-25
DVC-008199,8199,2025-04-11
DVC-008200,8200,2025-02-05
DVC-008201,8201,2025-06-29
DVC-008202,8202,2025-03-21
DVC-008203,8203,2025-06-29
DVC-008204,8204,2025-01-17
DVC-008205,8205,2025-06-13
DVC-008206,8206,2025-01-10
DVC-008207,8207,2025-04-18
DVC-008208,8208,2025-02-21
DVC-008209,8209,2025-01-02
DVC-008210,8210,2025-01-01
DVC-008211,8211,2025-03-17
DVC-008213,8213,2025-01-13
DVC-008214,8214,2025-06-21
DVC-008215,8215,2025-01-10
DVC-008216,8216,2025-02-02
DVC-008217,8217,2025-01-22
DVC-008218,8218,2025-04-09
DVC-008219,8219,2025-05-04
DVC-008220,8220,2025-02-04
DVC-008221,8221,2025-03-23
DVC-008222,8222,2025-01-13
DVC-008223,8223,2025-05-24
DVC-008224,8224,2025-01-04
DVC-008225,8225,2025-04-19
DVC-008226,8226,2025-02-16
DVC-008227,8227,2025-02-20
DVC-008228,8228,2025-04-05
DVC-008229,8229,2025-01-18
DVC-008231,8231,2025-02-14
DVC-008232,8232,2025-02-26
DVC-008233,8233,2025-01-31
DVC-008234,8234,2025-01-07
DVC-008235,8235,2025-05-13
DVC-008236,8236,2025-02-21
DVC-008237,8237,2025-01-28
DVC-008238,8238,2025-03-17
DVC-008239,8239,2025-01-14
DVC-008240,8240,2025-06-25
DVC-008241,8241,2025-01-07
DVC-008242,8242,2025-02-19
DVC-008243,8243,2025-06-29
DVC-008244,8244,2025-06-29
DVC-008245,8245,2025-01-18
DVC-008246,8246,2025-01-04
DVC-008247,8247,2025-02-02
DVC-008248,8248,2025-01-13
DVC-008249,8249,2025-02-06
DVC-008250,8250,2025-01-14
DVC-008251,8251,2025-01-03
DVC-008252,8252,2025-01-18
DVC-008253,8253,2025-06-29
DVC-008254,8254,2025-01-08
DVC-008255,8255,2025-01-20
DVC-008256,8256,2025-02-02
DVC-008257,8257,2025-03-19
DVC-008258,8258,2025-04-21
DVC-008259,8259,2025-02-20
DVC-008260,8260,2025-06-29
DVC-008261,8261,2025-01-14
DVC-008262,8262,2025-05-03
DVC-008263,8263,2025-02-06
DVC-008264,8264,2025-03-22
DVC-008265,8265,2025-01-08
DVC-008266,8266,2025-02-18
DVC-008267,8267,2025-03-05
DVC-008268,8268,2025-04-01
DVC-008269,8269,2025-06-29
DVC-008270,8270,2025-06-09
DVC-008271,8271,2025-02-07
DVC-008272,8272,2025-01-25
DVC-008273,8273,2025-01-30
DVC-008274,8274,2025-06-29
DVC-008275,8275,2025-01-15
DVC-008276,8276,2025-06-29
DVC-008277,8277,2025-03-23
DVC-008278,8278,2025-01-28
DVC-008280,8280,2025-01-23
DVC-008281,8281,2025-03-19
DVC-008282,8282,2025-02-04
DVC-008283,8283,2025-02-14
DVC-008284,8284,2025-03-26
DVC-008285,8285,2025-03-06
DVC-008286,8286,2025-01-02
DVC-008287,8287,2025-01-30
DVC-008288,8288,2025-02-10
DVC-008289,8289,2025-01-13
DVC-008290,8290,2025-03-05
DVC-008291,8291,2025-02-03
DVC-008292,8292,2025-03-19
DVC-008293,8293,2025-01-01
DVC-008294,8294,2025-06-25
DVC-008295,8295,2025-01-20
DVC-008296,8296,2025-02-01
DVC-008297,8297,2025-02-03
DVC-008298,8298,2025-01-19
DVC-008299,8299,2025-02-03
DVC-008300,8300,2025-02-05
DVC-008302,8302,2025-01-27
DVC-008303,8303,2025-01-03
DVC-008304,8304,2025-03-14
DVC-008305,8305,2025-03-06
DVC-008306,8306,2025-02-24
DVC-008307,8307,2025-02-12
DVC-008308,8308,2025-02-17
DVC-008309,8309,2025-05-16
DVC-008310,8310,2025-01-15
DVC-008312,8312,2025-06-29
DVC-008313,8313,2025-02-05
DVC-008314,8314,2025-01-15
DVC-008315,8315,2025-01-27
DVC-008317,8317,2025-02-02
DVC-008318,8318,2025-01-10
DVC-008319,8319,2025-02-13
DVC-008320,8320,2025-03-07
DVC-008321,8321,2025-01-07
DVC-008322,8322,2025-01-13
DVC-008323,8323,2025-01-28
DVC-008324,8324,2025-03-05
DVC-008325,8325,2025-01-15
DVC-008326,8326,2025-01-27
DVC-008327,8327,2025-04-08
DVC-008328,8328,2025-06-16
DVC-008329,8329,2025-01-22
DVC-008330,8330,2025-01-14
DVC-008332,8332,2025-03-03
DVC-008333,8333,2025-01-06
DVC-008334,8334,2025-01-02
DVC-008335,8335,2025-06-29
DVC-008336,8336,2025-01-04
DVC-008337,8337,2025-02-25
DVC-008338,8338,2025-04-24
DVC-008339,8339,2025-01-30
DVC-008340,8340,2025-01-01
DVC-008341,8341,2025-03-11
DVC-008342,8342,2025-01-08
DVC-008343,8343,2025-01-11
DVC-008344,8344,2025-02-13
DVC-008345,8345,2025-02-14
DVC-008346,8346,2025-06-29
DVC-008347,8347,2025-01-04
DVC-008348,8348,2025-01-31
DVC-008349,8349,2025-06-16
DVC-008350,8350,2025-01-07
DVC-008351,8351,2025-04-10
DVC-008352,8352,2025-01-09
DVC-008353,8353,2025-02-07
DVC-008354,8354,2025-03-06
DVC-008355,8355,2025-01-17
DVC-008356,8356,2025-01-15
DVC-008357,8357,2025-02-14
DVC-008358,8358,2025-01-21
DVC-008359,8359,2025-04-14
DVC-008360,8360,2025-03-09
DVC-008361,8361,2025-01-01
DVC-008362,8362,2025-01-17
DVC-008363,8363,2025-01-27
DVC-008364,8364,2025-01-14
DVC-008365,8365,2025-04-18
DVC-008366,8366,2025-06-25
DVC-008367,8367,2025-01-08
DVC-008368,8368,2025-01-25
DVC-008369,8369,2025-01-06
DVC-008370,8370,2025-01-12
DVC-008371,8371,2025-05-01
DVC-008372,8372,2025-01-18
DVC-008373,8373,2025-03-11
DVC-008374,8374,2025-01-30
DVC-008375,8375,2025-05-17
DVC-008376,8376,2025-01-08
DVC-008377,8377,2025-01-21
DVC-008378,8378,2025-02-07
DVC-008379,8379,2025-01-22
DVC-008380,8380,2025-02-27
DVC-008381,8381,2025-01-16
DVC-008382,8382,2025-03-28
DVC-008383,8383,2025-01-17
DVC-008384,8384,2025-06-29
DVC-008385,8385,2025-03-22
DVC-008386,8386,2025-03-05
DVC-008387,8387,2025-01-22
DVC-008388,8388,2025-01-03
DVC-008389,8389,2025-01-31
DVC-008390,8390,2025-01-19
DVC-008391,8391,2025-01-02
DVC-008392,8392,2025-02-28
DVC-008393,8393,2025-04-07
DVC-008394,8394,2025-01-24
DVC-008395,8395,2025-01-03
DVC-008396,8396,2025-01-02
DVC-008397,8397,2025-06-29
DVC-008398,8398,2025-06-02
DVC-008399,8399,2025-01-10
DVC-008400,8400,2025-03-15
DVC-008401,8401,2025-01-19
DVC-008402,8402,2025-01-01
DVC-008403,8403,2025-02-11
DVC-008404,8404,2025-01-21
DVC-008405,8405,2025-01-14
DVC-008406,8406,2025-01-27
DVC-008407,8407,2025-01-13
DVC-008408,8408,2025-01-14
DVC-008409,8409,2025-01-14
DVC-008410,8410,2025-01-07
DVC-008411,8411,2025-01-02
DVC-008412,8412,2025-02-02
DVC-008413,8413,2025-03-05
DVC-008414,8414,2025-01-02
DVC-008415,8415,2025-03-06
DVC-008416,8416,2025-02-07
DVC-008417,8417,2025-01-01
DVC-008418,8418,2025-01-08
DVC-008419,8419,2025-01-11
DVC-008420,8420,2025-01-13
DVC-008421,8421,2025-02-15
DVC-008422,8422,2025-01-13
DVC-008423,8423,2025-01-26
DVC-008424,8424,2025-06-03
DVC-008425,8425,2025-06-29
DVC-008426,8426,2025-02-13
DVC-008427,8427,2025-01-14
DVC-008428,8428,2025-01-15
DVC-008429,8429,2025-01-30
DVC-008430,8430,2025-01-29
DVC-008431,8431,2025-01-17
DVC-008432,8432,2025-05-12
DVC-008433,8433,2025-02-05
DVC-008434,8434,2025-02-06
DVC-008435,8435,2025-06-29
DVC-008436,8436,2025-02-28
DVC-008437,8437,2025-04-19
DVC-008438,8438,2025-02-05
DVC-008439,8439,2025-05-15
DVC-008440,8440,2025-01-16
DVC-008441,8441,2025-01-01
DVC-008442,8442,2025-04-11
DVC-008443,8443,2025-01-18
DVC-008444,8444,2025-02-24
DVC-008445,8445,2025-02-11
DVC-008446,8446,2025-01-09
DVC-008447,8447,2025-01-17
DVC-008448,8448,2025-06-29
DVC-008449,8449,2025-06-29
DVC-008451,8451,2025-01-21
DVC-008452,8452,2025-03-06
DVC-008453,8453,2025-04-23
DVC-008454,8454,2025-06-27
DVC-008455,8455,2025-01-15
DVC-008456,8456,2025-01-18
DVC-008457,8457,2025-01-05
DVC-008458,8458,2025-01-02
DVC-008459,8459,2025-01-21
DVC-008460,8460,2025-01-05
DVC-008461,8461,2025-03-11
DVC-008462,8462,2025-01-26
DVC-008463,8463,2025-01-15
DVC-008464,8464,2025-02-20
DVC-008465,8465,2025-02-21
DVC-008466,8466,2025-01-19
DVC-008468,8468,2025-06-22
DVC-008469,8469,2025-05-09
DVC-008470,8470,2025-01-05
DVC-008471,8471,2025-01-27
DVC-008472,8472,2025-03-23
DVC-008473,8473,2025-04-20
DVC-008474,8474,2025-01-19
DVC-008475,8475,2025-04-15
DVC-008476,8476,2025-02-19
DVC-008477,8477,2025-05-11
DVC-008478,8478,2025-02-20
DVC-008479,8479,2025-05-13
DVC-008480,8480,2025-01-10
DVC-008481,8481,2025-06-29
DVC-008482,8482,2025-01-04
DVC-008483,8483,2025-04-05
DVC-008484,8484,2025-01-07
DVC-008485,8485,2025-05-24
DVC-008486,8486,2025-01-07
DVC-008487,8487,2025-02-27
DVC-008488,8488,2025-02-10
DVC-008489,8489,2025-01-16
DVC-008490,8490,2025-05-06
DVC-008491,8491,2025-02-08
DVC-008492,8492,2025-02-26
DVC-008493,8493,2025-01-20
DVC-008494,8494,2025-06-16
DVC-008495,8495,2025-03-04
DVC-008496,8496,2025-02-03
DVC-008498,8498,2025-03-21
DVC-008499,8499,2025-01-15
DVC-008500,8500,2025-04-02
DVC-008501,8501,2025-01-14
DVC-008502,8502,2025-03-04
DVC-008503,8503,2025-01-14
DVC-008504,8504,2025-01-13
DVC-008505,8505,2025-02-15
DVC-008506,8506,2025-01-21
DVC-008507,8507,2025-01-02
DVC-008508,8508,2025-04-08
DVC-008509,8509,2025-06-29
DVC-008510,8510,2025-03-17
DVC-008511,8511,2025-06-12
DVC-008512,8512,2025-03-25
DVC-008513,8513,2025-06-29
DVC-008514,8514,2025-02-04
DVC-008515,8515,2025-02-16
DVC-008516,8516,2025-01-29
DVC-008517,8517,2025-06-29
DVC-008518,8518,2025-02-12
DVC-008519,8519,2025-05-17
DVC-008521,8521,2025-01-19
DVC-008522,8522,2025-02-23
DVC-008523,8523,2025-01-27
DVC-008524,8524,2025-01-20
DVC-008525,8525,2025-01-30
DVC-008526,8526,2025-01-15
DVC-008527,8527,2025-04-24
DVC-008528,8528,2025-01-23
DVC-008529,8529,2025-03-03
DVC-008530,8530,2025-01-10
DVC-008531,8531,2025-04-16
DVC-008532,8532,2025-01-21
DVC-008533,8533,2025-01-30
DVC-008534,8534,2025-04-15
DVC-008535,8535,2025-01-17
DVC-008536,8536,2025-04-20
DVC-008537,8537,2025-01-20
DVC-008538,8538,2025-01-26
DVC-008540,8540,2025-01-09
DVC-008541,8541,2025-01-28
DVC-008542,8542,2025-01-26
DVC-008543,8543,2025-03-03
DVC-008544,8544,2025-02-17
DVC-008545,8545,2025-02-18
DVC-008546,8546,2025-02-27
DVC-008547,8547,2025-03-14
DVC-008548,8548,2025-06-29
DVC-008549,8549,2025-04-04
DVC-008551,8551,2025-01-14
DVC-008552,8552,2025-02-06
DVC-008553,8553,2025-03-02
DVC-008554,8554,2025-03-16
DVC-008556,8556,2025-02-13
DVC-008557,8557,2025-01-30
DVC-008558,8558,2025-01-28
DVC-008559,8559,2025-03-04
DVC-008560,8560,2025-01-31
DVC-008561,8561,2025-02-12
DVC-008562,8562,2025-04-29
DVC-008563,8563,2025-06-29
DVC-008564,8564,2025-01-02
DVC-008565,8565,2025-02-18
DVC-008566,8566,2025-01-20
DVC-008567,8567,2025-03-12
DVC-008568,8568,2025-01-04
DVC-008569,8569,2025-02-19
DVC-008570,8570,2025-01-13
DVC-008571,8571,2025-02-18
DVC-008572,8572,2025-01-04
DVC-008573,8573,2025-02-03
DVC-008574,8574,2025-01-03
DVC-008575,8575,2025-02-09
DVC-008576,8576,2025-05-30
DVC-008577,8577,2025-01-15
DVC-008578,8578,2025-01-18
DVC-008579,8579,2025-03-10
DVC-008580,8580,2025-05-21
DVC-008581,8581,2025-03-11
DVC-008582,8582,2025-04-02
DVC-008583,8583,2025-01-04
DVC-008584,8584,2025-01-28
DVC-008585,8585,2025-01-20
DVC-008586,8586,2025-01-02
DVC-008587,8587,2025-03-29
DVC-008588,8588,2025-03-23
DVC-008589,8589,2025-01-04
DVC-008590,8590,2025-06-14
DVC-008591,8591,2025-01-22
DVC-008592,8592,2025-03-09
DVC-008593,8593,2025-02-20
DVC-008594,8594,2025-03-14
DVC-008595,8595,2025-01-06
DVC-008596,8596,2025-02-22
DVC-008597,8597,2025-01-25
DVC-008598,8598,2025-01-05
DVC-008599,8599,2025-01-10
DVC-008600,8600,2025-02-11
DVC-008601,8601,2025-02-04
DVC-008602,8602,2025-02-07
DVC-008603,8603,2025-01-22
DVC-008604,8604,2025-02-28
DVC-008605,8605,2025-01-05
DVC-008606,8606,2025-01-18
DVC-008607,8607,2025-03-02
DVC-008608,8608,2025-06-13
DVC-008609,8609,2025-02-03
DVC-008610,8610,2025-02-01
DVC-008611,8611,2025-01-13
DVC-008612,8612,2025-04-19
DVC-008613,8613,2025-02-09
DVC-008614,8614,2025-02-27
DVC-008615,8615,2025-01-14
DVC-008616,8616,2025-02-08
DVC-008617,8617,2025-01-18
DVC-008618,8618,2025-04-21
DVC-008619,8619,2025-02-03
DVC-008620,8620,2025-03-04
DVC-008621,8621,2025-03-22
DVC-008622,8622,2025-01-01
DVC-008623,8623,2025-01-29
DVC-008624,8624,2025-02-02
DVC-008625,8625,2025-03-02
DVC-008626,8626,2025-01-17
DVC-008628,8628,2025-02-11
DVC-008630,8630,2025-05-08
DVC-008631,8631,2025-02-01
DVC-008632,8632,2025-01-08
DVC-008633,8633,2025-04-17
DVC-008634,8634,2025-01-18
DVC-008635,8635,2025-04-24
DVC-008636,8636,2025-01-18
DVC-008638,8638,2025-02-12
DVC-008639,8639,2025-06-17
DVC-008640,8640,2025-01-30
DVC-008641,8641,2025-01-13
DVC-008642,8642,2025-01-12
DVC-008643,8643,2025-04-15
DVC-008645,8645,2025-02-02
DVC-008646,8646,2025-01-04
DVC-008647,8647,2025-02-21
DVC-008648,8648,2025-04-13
DVC-008649,8649,2025-01-05
DVC-008650,8650,2025-01-19
DVC-008651,8651,2025-02-21
DVC-008652,8652,2025-05-02
DVC-008653,8653,2025-06-29
DVC-008654,8654,2025-04-21
DVC-008655,8655,2025-02-27
DVC-008656,8656,2025-01-24
DVC-008657,8657,2025-01-18
DVC-008658,8658,2025-01-01
DVC-008659,8659,2025-02-03
DVC-008660,8660,2025-03-15
DVC-008661,8661,2025-02-01
DVC-008662,8662,2025-03-30
DVC-008663,8663,2025-05-28
DVC-008664,8664,2025-01-23
DVC-008665,8665,2025-02-12
DVC-008666,8666,2025-02-02
DVC-008667,8667,2025-01-24
DVC-008668,8668,2025-05-03
DVC-008669,8669,2025-01-30
DVC-008670,8670,2025-01-20
DVC-008671,8671,2025-06-29
DVC-008672,8672,2025-04-07
DVC-008673,8673,2025-01-03
DVC-008674,8674,2025-01-11
DVC-008675,8675,2025-01-05
DVC-008676,8676,2025-01-01
DVC-008677,8677,2025-06-29
DVC-008678,8678,2025-04-04
DVC-008679,8679,2025-02-18
DVC-008681,8681,2025-02-01
DVC-008682,8682,2025-06-29
DVC-008683,8683,2025-02-01
DVC-008684,8684,2025-02-06
DVC-008685,8685,2025-02-28
DVC-008686,8686,2025-05-17
DVC-008687,8687,2025-01-06
DVC-008688,8688,2025-02-12
DVC-008689,8689,2025-03-15
DVC-008690,8690,2025-01-03
DVC-008691,8691,2025-01-25
DVC-008692,8692,2025-02-28
DVC-008693,8693,2025-04-06
DVC-008694,8694,2025-06-06
DVC-008695,8695,2025-01-27
DVC-008696,8696,2025-04-06
DVC-008698,8698,2025-04-12
DVC-008699,8699,2025-03-19
DVC-008700,8700,2025-01-06
DVC-008701,8701,2025-03-26
DVC-008702,8702,2025-01-01
DVC-008703,8703,2025-01-01
DVC-008704,8704,2025-03-26
DVC-008705,8705,2025-01-03
DVC-008706,8706,2025-01-20
DVC-008707,8707,2025-04-26
DVC-008709,8709,2025-01-09
DVC-008710,8710,2025-02-17
DVC-008712,8712,2025-03-09
DVC-008713,8713,2025-06-26
DVC-008714,8714,2025-06-21
DVC-008715,8715,2025-06-29
DVC-008716,8716,2025-04-29
DVC-008717,8717,2025-03-13
DVC-008718,8718,2025-01-10
DVC-008719,8719,2025-03-16
DVC-008720,8720,2025-02-19
DVC-008721,8721,2025-02-23
DVC-008722,8722,2025-02-20
DVC-008723,8723,2025-04-11
DVC-008724,8724,2025-05-06
DVC-008725,8725,2025-01-01
DVC-008726,8726,2025-01-28
DVC-008727,8727,2025-02-27
DVC-008728,8728,2025-04-10
DVC-008729,8729,2025-02-26
DVC-008730,8730,2025-06-29
DVC-008731,8731,2025-03-21
DVC-008732,8732,2025-01-17
DVC-008733,8733,2025-04-05
DVC-008734,8734,2025-03-04
DVC-008736,8736,2025-01-09
DVC-008737,8737,2025-01-06
DVC-008738,8738,2025-01-12
DVC-008739,8739,2025-02-01
DVC-008740,8740,2025-03-11
DVC-008741,8741,2025-04-24
DVC-008742,8742,2025-01-11
DVC-008743,8743,2025-01-05
DVC-008744,8744,2025-01-20
DVC-008745,8745,2025-03-30
DVC-008746,8746,2025-01-09
DVC-008747,8747,2025-03-25
DVC-008748,8748,2025-03-24
DVC-008749,8749,2025-04-09
DVC-008750,8750,2025-01-23
DVC-008751,8751,2025-02-01
DVC-008752,8752,2025-02-27
DVC-008753,8753,2025-06-29
DVC-008754,8754,2025-01-26
DVC-008755,8755,2025-02-26
DVC-008756,8756,2025-06-14
DVC-008757,8757,2025-02-11
DVC-008758,8758,2025-02-08
DVC-008759,8759,2025-01-25
DVC-008760,8760,2025-02-24
DVC-008761,8761,2025-01-16
DVC-008762,8762,2025-02-07
DVC-008763,8763,2025-01-28
DVC-008764,8764,2025-04-02
DVC-008765,8765,2025-02-13
DVC-008766,8766,2025-01-19
DVC-008767,8767,2025-02-26
DVC-008768,8768,2025-02-07
DVC-008769,8769,2025-01-24
DVC-008770,8770,2025-01-07
DVC-008771,8771,2025-03-03
DVC-008772,8772,2025-05-12
DVC-008773,8773,2025-01-11
DVC-008774,8774,2025-01-27
DVC-008775,8775,2025-02-25
DVC-008776,8776,2025-01-09
DVC-008777,8777,2025-01-07
DVC-008778,8778,2025-01-03
DVC-008779,8779,2025-01-01
DVC-008780,8780,2025-01-05
DVC-008781,8781,2025-01-20
DVC-008782,8782,2025-03-21
DVC-008783,8783,2025-03-23
DVC-008784,8784,2025-02-09
DVC-008785,8785,2025-04-06
DVC-008786,8786,2025-02-12
DVC-008787,8787,2025-01-05
DVC-008788,8788,2025-01-31
DVC-008789,8789,2025-02-13
DVC-008790,8790,2025-02-04
DVC-008791,8791,2025-02-27
DVC-008792,8792,2025-01-19
DVC-008793,8793,2025-03-17
DVC-008794,8794,2025-03-14
DVC-008795,8795,2025-01-13
DVC-008796,8796,2025-05-05
DVC-008798,8798,2025-04-14
DVC-008799,8799,2025-02-13
DVC-008800,8800,2025-01-05
DVC-008801,8801,2025-01-11
DVC-008802,8802,2025-06-19
DVC-008803,8803,2025-02-06
DVC-008804,8804,2025-03-22
DVC-008805,8805,2025-02-14
DVC-008806,8806,2025-01-24
DVC-008807,8807,2025-05-18
DVC-008808,8808,2025-01-28
DVC-008809,8809,2025-03-03
DVC-008810,8810,2025-01-10
DVC-008811,8811,2025-01-16
DVC-008812,8812,2025-06-29
DVC-008813,8813,2025-04-19
DVC-008814,8814,2025-06-29
DVC-008815,8815,2025-06-15
DVC-008817,8817,2025-04-06
DVC-008818,8818,2025-05-20
DVC-008819,8819,2025-01-24
DVC-008820,8820,2025-01-15
DVC-008821,8821,2025-01-04
DVC-008822,8822,2025-02-23
DVC-008823,8823,2025-01-14
DVC-008824,8824,2025-02-12
DVC-008825,8825,2025-01-30
DVC-008826,8826,2025-03-05
DVC-008827,8827,2025-01-05
DVC-008828,8828,2025-03-07
DVC-008829,8829,2025-01-04
DVC-008830,8830,2025-01-24
DVC-008831,8831,2025-03-14
DVC-008832,8832,2025-01-14
DVC-008833,8833,2025-04-24
DVC-008834,8834,2025-06-25
DVC-008835,8835,2025-01-21
DVC-008836,8836,2025-03-07
DVC-008837,8837,2025-01-05
DVC-008838,8838,2025-05-25
DVC-008839,8839,2025-01-15
DVC-008840,8840,2025-06-25
DVC-008841,8841,2025-02-10
DVC-008842,8842,2025-01-13
DVC-008843,8843,2025-01-17
DVC-008844,8844,2025-06-11
DVC-008845,8845,2025-02-10
DVC-008846,8846,2025-04-19
DVC-008847,8847,2025-02-26
DVC-008848,8848,2025-04-01
DVC-008849,8849,2025-01-16
DVC-008850,8850,2025-02-11
DVC-008851,8851,2025-02-19
DVC-008852,8852,2025-02-06
DVC-008853,8853,2025-02-08
DVC-008854,8854,2025-06-05
DVC-008855,8855,2025-05-18
DVC-008856,8856,2025-02-24
DVC-008857,8857,2025-01-06
DVC-008858,8858,2025-01-14
DVC-008859,8859,2025-02-26
DVC-008860,8860,2025-01-07
DVC-008861,8861,2025-01-16
DVC-008862,8862,2025-02-07
DVC-008863,8863,2025-02-07
DVC-008864,8864,2025-02-08
DVC-008865,8865,2025-01-04
DVC-008866,8866,2025-01-11
DVC-008867,8867,2025-04-25
DVC-008868,8868,2025-01-31
DVC-008869,8869,2025-06-29
DVC-008870,8870,2025-01-09
DVC-008871,8871,2025-03-13
DVC-008872,8872,2025-01-26
DVC-008873,8873,2025-01-27
DVC-008874,8874,2025-05-20
DVC-008875,8875,2025-06-29
DVC-008876,8876,2025-05-17
DVC-008877,8877,2025-06-29
DVC-008878,8878,2025-03-13
DVC-008879,8879,2025-05-24
DVC-008880,8880,2025-01-06
DVC-008881,8881,2025-02-15
DVC-008882,8882,2025-02-12
DVC-008883,8883,2025-01-18
DVC-008884,8884,2025-01-20
DVC-008885,8885,2025-02-17
DVC-008886,8886,2025-01-03
DVC-008887,8887,2025-02-27
DVC-008888,8888,2025-01-05
DVC-008889,8889,2025-01-15
DVC-008890,8890,2025-02-17
DVC-008891,8891,2025-01-17
DVC-008892,8892,2025-06-29
DVC-008893,8893,2025-02-18
DVC-008894,8894,2025-02-26
DVC-008895,8895,2025-01-02
DVC-008896,8896,2025-06-14
DVC-008897,8897,2025-02-08
DVC-008898,8898,2025-01-15
DVC-008899,8899,2025-01-23
DVC-008901,8901,2025-06-29
DVC-008902,8902,2025-02-15
DVC-008903,8903,2025-01-15
DVC-008904,8904,2025-01-10
DVC-008905,8905,2025-01-01
DVC-008906,8906,2025-02-01
DVC-008907,8907,2025-06-26
DVC-008909,8909,2025-01-16
DVC-008910,8910,2025-02-25
DVC-008911,8911,2025-02-02
DVC-008912,8912,2025-02-10
DVC-008913,8913,2025-03-06
DVC-008914,8914,2025-01-12
DVC-008915,8915,2025-03-29
DVC-008916,8916,2025-06-29
DVC-008917,8917,2025-01-02
DVC-008918,8918,2025-03-13
DVC-008919,8919,2025-03-02
DVC-008920,8920,2025-01-06
DVC-008921,8921,2025-02-21
DVC-008922,8922,2025-01-24
DVC-008923,8923,2025-04-16
DVC-008924,8924,2025-04-01
DVC-008925,8925,2025-06-29
DVC-008926,8926,2025-02-20
DVC-008927,8927,2025-01-04
DVC-008928,8928,2025-01-03
DVC-008929,8929,2025-01-06
DVC-008930,8930,2025-01-29
DVC-008931,8931,2025-04-26
DVC-008932,8932,2025-02-01
DVC-008933,8933,2025-01-04
DVC-008934,8934,2025-04-30
DVC-008935,8935,2025-05-09
DVC-008936,8936,2025-01-06
DVC-008937,8937,2025-02-17
DVC-008938,8938,2025-01-28
DVC-008939,8939,2025-02-28
DVC-008940,8940,2025-06-14
DVC-008941,8941,2025-01-19
DVC-008942,8942,2025-05-28
DVC-008943,8943,2025-02-21
DVC-008944,8944,2025-02-24
DVC-008946,8946,2025-02-26
DVC-008947,8947,2025-01-19
DVC-008948,8948,2025-01-30
DVC-008949,8949,2025-05-03
DVC-008950,8950,2025-01-22
DVC-008951,8951,2025-06-27
DVC-008952,8952,2025-01-28
DVC-008953,8953,2025-02-19
DVC-008954,8954,2025-03-24
DVC-008956,8956,2025-01-06
DVC-008957,8957,2025-04-26
DVC-008958,8958,2025-03-05
DVC-008959,8959,2025-02-07
DVC-008960,8960,2025-02-10
DVC-008961,8961,2025-01-08
DVC-008962,8962,2025-01-15
DVC-008963,8963,2025-01-14
DVC-008964,8964,2025-01-22
DVC-008965,8965,2025-03-10
DVC-008966,8966,2025-03-13
DVC-008967,8967,2025-04-01
DVC-008968,8968,2025-04-24
DVC-008969,8969,2025-02-04
DVC-008971,8971,2025-01-01
DVC-008972,8972,2025-03-17
DVC-008973,8973,2025-03-01
DVC-008974,8974,2025-01-08
DVC-008975,8975,2025-05-14
DVC-008976,8976,2025-04-21
DVC-008977,8977,2025-06-15
DVC-008978,8978,2025-01-12
DVC-008979,8979,2025-01-14
DVC-008980,8980,2025-02-07
DVC-008981,8981,2025-01-08
DVC-008982,8982,2025-02-05
DVC-008983,8983,2025-03-15
DVC-008984,8984,2025-01-22
DVC-008985,8985,2025-03-15
DVC-008986,8986,2025-01-19
DVC-008987,8987,2025-01-22
DVC-008988,8988,2025-06-29
DVC-008989,8989,2025-01-01
DVC-008990,8990,2025-03-27
DVC-008991,8991,2025-02-15
DVC-008992,8992,2025-02-10
DVC-008993,8993,2025-01-18
DVC-008994,8994,2025-03-01
DVC-008995,8995,2025-01-25
DVC-008996,8996,2025-01-22
DVC-008997,8997,2025-01-23
DVC-008998,8998,2025-01-20
DVC-008999,8999,2025-01-03
DVC-009000,9000,2025-06-29
DVC-009001,9001,2025-01-23
DVC-009002,9002,2025-02-15
DVC-009003,9003,2025-02-25
DVC-009004,9004,2025-01-06
DVC-009005,9005,2025-06-29
DVC-009006,9006,2025-01-29
DVC-009007,9007,2025-01-12
DVC-009008,9008,2025-01-13
DVC-009009,9009,2025-01-30
DVC-009010,9010,2025-02-08
DVC-009011,9011,2025-01-26
DVC-009012,9012,2025-01-08
DVC-009013,9013,2025-01-03
DVC-009014,9014,2025-03-28
DVC-009015,9015,2025-04-10
DVC-009016,9016,2025-01-09
DVC-009017,9017,2025-03-01
DVC-009018,9018,2025-03-22
DVC-009019,9019,2025-05-02
DVC-009020,9020,2025-05-13
DVC-009021,9021,2025-02-08
DVC-009022,9022,2025-02-04
DVC-009023,9023,2025-03-25
DVC-009024,9024,2025-02-22
DVC-009025,9025,2025-01-14
DVC-009026,9026,2025-01-01
DVC-009027,9027,2025-05-20
DVC-009028,9028,2025-01-23
DVC-009029,9029,2025-01-20
DVC-009030,9030,2025-05-26
DVC-009031,9031,2025-02-08
DVC-009032,9032,2025-01-10
DVC-009033,9033,2025-04-12
DVC-009034,9034,2025-01-06
DVC-009037,9037,2025-03-28
DVC-009038,9038,2025-03-11
DVC-009039,9039,2025-02-12
DVC-009040,9040,2025-02-06
DVC-009041,9041,2025-02-20
DVC-009042,9042,2025-01-19
DVC-009044,9044,2025-01-12
DVC-009045,9045,2025-01-14
DVC-009046,9046,2025-03-06
DVC-009047,9047,2025-05-01
DVC-009048,9048,2025-04-17
DVC-009049,9049,2025-01-09
DVC-009050,9050,2025-01-25
DVC-009051,9051,2025-06-29
DVC-009052,9052,2025-03-25
DVC-009053,9053,2025-05-04
DVC-009055,9055,2025-05-31
DVC-009056,9056,2025-01-11
DVC-009057,9057,2025-01-29
DVC-009058,9058,2025-04-22
DVC-009059,9059,2025-01-25
DVC-009060,9060,2025-02-09
DVC-009061,9061,2025-01-26
DVC-009062,9062,2025-01-19
DVC-009063,9063,2025-04-24
DVC-009064,9064,2025-02-04
DVC-009065,9065,2025-02-23
DVC-009066,9066,2025-03-09
DVC-009067,9067,2025-01-21
DVC-009068,9068,2025-01-22
DVC-009069,9069,2025-04-17
DVC-009070,9070,2025-03-08
DVC-009071,9071,2025-02-20
DVC-009073,9073,2025-02-27
DVC-009074,9074,2025-01-20
DVC-009075,9075,2025-05-06
DVC-009076,9076,2025-01-14
DVC-009077,9077,2025-04-19
DVC-009078,9078,2025-04-02
DVC-009079,9079,2025-04-22
DVC-009080,9080,2025-06-13
DVC-009081,9081,2025-02-13
DVC-009082,9082,2025-04-16
DVC-009083,9083,2025-05-08
DVC-009084,9084,2025-04-11
DVC-009085,9085,2025-01-24
DVC-009086,9086,2025-01-30
DVC-009087,9087,2025-06-09
DVC-009088,9088,2025-02-28
DVC-009089,9089,2025-05-06
DVC-009090,9090,2025-01-13
DVC-009091,9091,2025-02-09
DVC-009092,9092,2025-03-01
DVC-009093,9093,2025-04-14
DVC-009094,9094,2025-02-11
DVC-009095,9095,2025-02-20
DVC-009096,9096,2025-02-24
DVC-009097,9097,2025-02-06
DVC-009098,9098,2025-02-23
DVC-009099,9099,2025-01-26
DVC-009100,9100,2025-03-02
DVC-009101,9101,2025-03-15
DVC-009102,9102,2025-03-13
DVC-009103,9103,2025-01-05
DVC-009104,9104,2025-01-02
DVC-009105,9105,2025-03-24
DVC-009106,9106,2025-02-09
DVC-009107,9107,2025-01-22
DVC-009108,9108,2025-06-29
DVC-009109,9109,2025-01-11
DVC-009110,9110,2025-02-07
DVC-009111,9111,2025-01-18
DVC-009112,9112,2025-04-07
DVC-009113,9113,2025-05-10
DVC-009114,9114,2025-01-26
DVC-009115,9115,2025-01-31
DVC-009116,9116,2025-01-14
DVC-009117,9117,2025-02-15
DVC-009118,9118,2025-02-16
DVC-009119,9119,2025-01-26
DVC-009120,9120,2025-04-10
DVC-009121,9121,2025-02-27
DVC-009122,9122,2025-03-02
DVC-009123,9123,2025-01-21
DVC-009124,9124,2025-05-11
DVC-009125,9125,2025-06-29
DVC-009126,9126,2025-02-15
DVC-009127,9127,2025-03-06
DVC-009128,9128,2025-01-14
DVC-009129,9129,2025-04-06
DVC-009130,9130,2025-02-23
DVC-009131,9131,2025-01-30
DVC-009132,9132,2025-02-25
DVC-009133,9133,2025-02-26
DVC-009134,9134,2025-01-05
DVC-009135,9135,2025-06-07
DVC-009136,9136,2025-02-18
DVC-009137,9137,2025-02-12
DVC-009138,9138,2025-01-16
DVC-009139,9139,2025-02-19
DVC-009141,9141,2025-02-02
DVC-009142,9142,2025-03-01
DVC-009143,9143,2025-05-01
DVC-009144,9144,2025-01-02
DVC-009145,9145,2025-01-24
DVC-009146,9146,2025-01-13
DVC-009147,9147,2025-06-29
DVC-009148,9148,2025-01-19
DVC-009149,9149,2025-01-24
DVC-009150,9150,2025-02-18
DVC-009151,9151,2025-01-12
DVC-009152,9152,2025-02-07
DVC-009153,9153,2025-06-29
DVC-009154,9154,2025-01-09
DVC-009155,9155,2025-01-03
DVC-009156,9156,2025-01-06
DVC-009157,9157,2025-02-23
DVC-009158,9158,2025-05-09
DVC-009159,9159,2025-02-06
DVC-009160,9160,2025-02-16
DVC-009161,9161,2025-01-25
DVC-009162,9162,2025-02-05
DVC-009163,9163,2025-05-02
DVC-009164,9164,2025-02-22
DVC-009165,9165,2025-06-28
DVC-009166,9166,2025-03-27
DVC-009167,9167,2025-03-24
DVC-009168,9168,2025-03-20
DVC-009169,9169,2025-03-23
DVC-009170,9170,2025-04-16
DVC-009171,9171,2025-01-20
DVC-009172,9172,2025-01-27
DVC-009173,9173,2025-03-27
DVC-009174,9174,2025-05-29
DVC-009175,9175,2025-02-01
DVC-009176,9176,2025-01-21
DVC-009177,9177,2025-01-08
DVC-009178,9178,2025-01-06
DVC-009179,9179,2025-02-22
DVC-009180,9180,2025-01-17
DVC-009181,9181,2025-05-24
DVC-009182,9182,2025-01-10
DVC-009183,9183,2025-02-06
DVC-009184,9184,2025-03-22
DVC-009185,9185,2025-01-25
DVC-009186,9186,2025-01-31
DVC-009187,9187,2025-06-29
DVC-009188,9188,2025-01-08
DVC-009189,9189,2025-02-22
DVC-009190,9190,2025-01-26
DVC-009191,9191,2025-01-12
DVC-009192,9192,2025-06-15
DVC-009193,9193,2025-03-01
DVC-009194,9194,2025-01-17
DVC-009195,9195,2025-02-10
DVC-009196,9196,2025-03-26
DVC-009197,9197,2025-02-01
DVC-009198,9198,2025-01-31
DVC-009199,9199,2025-02-16
DVC-009200,9200,2025-01-19
DVC-009201,9201,2025-01-02
DVC-009202,9202,2025-05-26
DVC-009203,9203,2025-01-04
DVC-009204,9204,2025-02-24
DVC-009205,9205,2025-01-08
DVC-009206,9206,2025-01-07
DVC-009207,9207,2025-02-11
DVC-009208,9208,2025-01-15
DVC-009209,9209,2025-04-21
DVC-009210,9210,2025-01-16
DVC-009211,9211,2025-05-05
DVC-009212,9212,2025-04-19
DVC-009213,9213,2025-06-27
DVC-009214,9214,2025-02-26
DVC-009215,9215,2025-05-25
DVC-009216,9216,2025-01-13
DVC-009217,9217,2025-04-19
DVC-009218,9218,2025-01-20
DVC-009219,9219,2025-05-02
DVC-009220,9220,2025-03-14
DVC-009221,9221,2025-02-18
DVC-009222,9222,2025-03-03
DVC-009223,9223,2025-02-27
DVC-009224,9224,2025-01-17
DVC-009225,9225,2025-02-28
DVC-009226,9226,2025-06-28
DVC-009227,9227,2025-02-23
DVC-009228,9228,2025-01-09
DVC-009229,9229,2025-04-24
DVC-009230,9230,2025-01-18
DVC-009231,9231,2025-03-18
DVC-009232,9232,2025-01-05
DVC-009233,9233,2025-01-23
DVC-009234,9234,2025-01-02
DVC-009235,9235,2025-02-19
DVC-009236,9236,2025-02-11
DVC-009237,9237,2025-02-14
DVC-009238,9238,2025-04-08
DVC-009240,9240,2025-01-20
DVC-009241,9241,2025-01-03
DVC-009242,9242,2025-02-16
DVC-009244,9244,2025-05-21
DVC-009245,9245,2025-01-07
DVC-009246,9246,2025-01-09
DVC-009247,9247,2025-01-17
DVC-009248,9248,2025-05-12
DVC-009249,9249,2025-01-29
DVC-009250,9250,2025-03-02
DVC-009252,9252,2025-03-06
DVC-009253,9253,2025-01-01
DVC-009254,9254,2025-02-16
DVC-009255,9255,2025-01-08
DVC-009256,9256,2025-06-17
DVC-009257,9257,2025-01-16
DVC-009258,9258,2025-01-07
DVC-009259,9259,2025-04-24
DVC-009260,9260,2025-01-07
DVC-009261,9261,2025-01-24
DVC-009262,9262,2025-06-17
DVC-009264,9264,2025-04-07
DVC-009265,9265,2025-01-06
DVC-009266,9266,2025-01-21
DVC-009267,9267,2025-04-18
DVC-009268,9268,2025-01-10
DVC-009269,9269,2025-01-12
DVC-009270,9270,2025-01-10
DVC-009271,9271,2025-06-29
DVC-009272,9272,2025-02-28
DVC-009273,9273,2025-01-15
DVC-009274,9274,2025-03-20
DVC-009275,9275,2025-01-29
DVC-009276,9276,2025-01-06
DVC-009277,9277,2025-04-30
DVC-009278,9278,2025-04-01
DVC-009279,9279,2025-03-27
DVC-009280,9280,2025-01-14
DVC-009281,9281,2025-03-18
DVC-009282,9282,2025-01-28
DVC-009283,9283,2025-02-18
DVC-009284,9284,2025-06-04
DVC-009285,9285,2025-05-05
DVC-009286,9286,2025-02-15
DVC-009287,9287,2025-02-04
DVC-009288,9288,2025-03-07
DVC-009289,9289,2025-04-10
DVC-009290,9290,2025-03-17
DVC-009291,9291,2025-01-30
DVC-009292,9292,2025-01-05
DVC-009293,9293,2025-02-08
DVC-009294,9294,2025-01-02
DVC-009295,9295,2025-01-09
DVC-009296,9296,2025-03-21
DVC-009297,9297,2025-02-15
DVC-009298,9298,2025-02-15
DVC-009299,9299,2025-02-13
DVC-009300,9300,2025-02-20
DVC-009301,9301,2025-03-11
DVC-009302,9302,2025-04-13
DVC-009303,9303,2025-04-21
DVC-009304,9304,2025-01-27
DVC-009305,9305,2025-01-18
DVC-009306,9306,2025-05-19
DVC-009307,9307,2025-01-15
DVC-009308,9308,2025-06-29
DVC-009309,9309,2025-05-27
DVC-009310,9310,2025-01-29
DVC-009311,9311,2025-04-02
DVC-009312,9312,2025-06-08
DVC-009313,9313,2025-01-04
DVC-009314,9314,2025-02-27
DVC-009315,9315,2025-04-09
DVC-009316,9316,2025-04-11
DVC-009317,9317,2025-01-06
DVC-009318,9318,2025-03-01
DVC-009319,9319,2025-01-08
DVC-009320,9320,2025-03-20
DVC-009321,9321,2025-01-07
DVC-009322,9322,2025-02-07
DVC-009323,9323,2025-02-06
DVC-009324,9324,2025-01-22
DVC-009325,9325,2025-01-25
DVC-009326,9326,2025-01-11
DVC-009327,9327,2025-01-24
DVC-009328,9328,2025-04-25
DVC-009329,9329,2025-06-29
DVC-009330,9330,2025-01-14
DVC-009331,9331,2025-06-29
DVC-009333,9333,2025-03-16
DVC-009334,9334,2025-03-22
DVC-009335,9335,2025-01-03
DVC-009336,9336,2025-02-17
DVC-009337,9337,2025-02-08
DVC-009338,9338,2025-01-23
DVC-009339,9339,2025-06-10
DVC-009340,9340,2025-03-01
DVC-009341,9341,2025-06-29
DVC-009342,9342,2025-01-08
DVC-009343,9343,2025-03-06
DVC-009345,9345,2025-04-24
DVC-009346,9346,2025-01-16
DVC-009348,9348,2025-05-21
DVC-009349,9349,2025-04-11
DVC-009350,9350,2025-04-12
DVC-009351,9351,2025-01-23
DVC-009352,9352,2025-02-10
DVC-009353,9353,2025-01-22
DVC-009354,9354,2025-02-20
DVC-009355,9355,2025-02-06
DVC-009356,9356,2025-02-04
DVC-009357,9357,2025-01-08
DVC-009358,9358,2025-06-29
DVC-009359,9359,2025-01-06
DVC-009360,9360,2025-01-05
DVC-009361,9361,2025-01-01
DVC-009362,9362,2025-03-04
DVC-009363,9363,2025-06-29
DVC-009364,9364,2025-01-08
DVC-009365,9365,2025-01-06
DVC-009366,9366,2025-02-13
DVC-009367,9367,2025-02-19
DVC-009368,9368,2025-06-29
DVC-009369,9369,2025-01-04
DVC-009370,9370,2025-03-28
DVC-009371,9371,2025-01-30
DVC-009373,9373,2025-04-29
DVC-009374,9374,2025-01-21
DVC-009375,9375,2025-03-04
DVC-009376,9376,2025-01-03
DVC-009377,9377,2025-01-04
DVC-009378,9378,2025-04-12
DVC-009379,9379,2025-01-12
DVC-009380,9380,2025-03-19
DVC-009381,9381,2025-01-21
DVC-009382,9382,2025-06-11
DVC-009383,9383,2025-03-18
DVC-009384,9384,2025-02-24
DVC-009385,9385,2025-03-23
DVC-009386,9386,2025-06-29
DVC-009387,9387,2025-01-28
DVC-009388,9388,2025-04-29
DVC-009389,9389,2025-02-26
DVC-009390,9390,2025-01-01
DVC-009391,9391,2025-03-15
DVC-009392,9392,2025-01-28
DVC-009393,9393,2025-01-05
DVC-009394,9394,2025-01-10
DVC-009395,9395,2025-01-02
DVC-009396,9396,2025-05-29
DVC-009397,9397,2025-01-20
DVC-009398,9398,2025-05-18
DVC-009399,9399,2025-03-21
DVC-009400,9400,2025-01-07
DVC-009401,9401,2025-01-24
DVC-009402,9402,2025-02-07
DVC-009403,9403,2025-02-04
DVC-009404,9404,2025-02-07
DVC-009405,9405,2025-02-28
DVC-009406,9406,2025-06-22
DVC-009407,9407,2025-01-22
DVC-009408,9408,2025-01-19
DVC-009409,9409,2025-01-02
DVC-009410,9410,2025-02-11
DVC-009411,9411,2025-03-03
DVC-009412,9412,2025-01-22
DVC-009413,9413,2025-01-09
DVC-009414,9414,2025-02-12
DVC-009415,9415,2025-01-22
DVC-009416,9416,2025-02-20
DVC-009417,9417,2025-06-29
DVC-009418,9418,2025-05-22
DVC-009419,9419,2025-03-20
DVC-009420,9420,2025-03-20
DVC-009421,9421,2025-05-30
DVC-009422,9422,2025-01-19
DVC-009423,9423,2025-03-18
DVC-009424,9424,2025-04-10
DVC-009425,9425,2025-02-20
DVC-009426,9426,2025-01-02
DVC-009427,9427,2025-01-31
DVC-009428,9428,2025-05-21
DVC-009429,9429,2025-04-24
DVC-009430,9430,2025-03-12
DVC-009431,9431,2025-01-06
DVC-009432,9432,2025-02-16
DVC-009433,9433,2025-02-14
DVC-009434,9434,2025-01-03
DVC-009435,9435,2025-01-25
DVC-009436,9436,2025-02-20
DVC-009437,9437,2025-03-03
DVC-009438,9438,2025-03-25
DVC-009439,9439,2025-01-16
DVC-009440,9440,2025-03-06
DVC-009441,9441,2025-01-28
DVC-009442,9442,2025-01-06
DVC-009443,9443,2025-02-09
DVC-009444,9444,2025-03-09
DVC-009445,9445,2025-01-30
DVC-009446,9446,2025-03-16
DVC-009447,9447,2025-03-01
DVC-009448,9448,2025-01-20
DVC-009449,9449,2025-01-05
DVC-009450,9450,2025-03-02
DVC-009451,9451,2025-02-25
DVC-009452,9452,2025-01-13
DVC-009453,9453,2025-01-09
DVC-009454,9454,2025-01-21
DVC-009455,9455,2025-02-27
DVC-009456,9456,2025-01-13
DVC-009457,9457,2025-03-28
DVC-009458,9458,2025-04-03
DVC-009460,9460,2025-01-07
DVC-009461,9461,2025-01-11
DVC-009462,9462,2025-06-29
DVC-009463,9463,2025-01-13
DVC-009464,9464,2025-01-11
DVC-009465,9465,2025-01-08
DVC-009466,9466,2025-01-04
DVC-009467,9467,2025-01-05
DVC-009468,9468,2025-06-29
DVC-009469,9469,2025-01-01
DVC-009470,9470,2025-02-11
DVC-009471,9471,2025-01-07
DVC-009472,9472,2025-02-20
DVC-009473,9473,2025-01-10
DVC-009474,9474,2025-04-27
DVC-009475,9475,2025-06-02
DVC-009476,9476,2025-03-24
DVC-009477,9477,2025-02-25
DVC-009478,9478,2025-03-14
DVC-009479,9479,2025-02-15
DVC-009480,9480,2025-01-27
DVC-009481,9481,2025-01-07
DVC-009482,9482,2025-03-20
DVC-009483,9483,2025-03-05
DVC-009484,9484,2025-01-16
DVC-009485,9485,2025-02-11
DVC-009486,9486,2025-01-01
DVC-009487,9487,2025-02-07
DVC-009488,9488,2025-01-26
DVC-009489,9489,2025-01-04
DVC-009490,9490,2025-01-01
DVC-009491,9491,2025-01-21
DVC-009492,9492,2025-04-29
DVC-009493,9493,2025-06-23
DVC-009494,9494,2025-06-29
DVC-009495,9495,2025-03-19
DVC-009496,9496,2025-03-13
DVC-009497,9497,2025-01-15
DVC-009498,9498,2025-01-04
DVC-009499,9499,2025-04-25
DVC-009500,9500,2025-06-29
DVC-009501,9501,2025-02-04
DVC-009502,9502,2025-01-31
DVC-009503,9503,2025-01-28
DVC-009504,9504,2025-01-14
DVC-009505,9505,2025-02-18
DVC-009506,9506,2025-05-09
DVC-009507,9507,2025-01-25
DVC-009508,9508,2025-01-02
DVC-009509,9509,2025-03-20
DVC-009510,9510,2025-03-20
DVC-009511,9511,2025-05-25
DVC-009512,9512,2025-06-29
DVC-009513,9513,2025-04-22
DVC-009514,9514,2025-01-27
DVC-009515,9515,2025-01-21
DVC-009516,9516,2025-01-19
DVC-009517,9517,2025-01-11
DVC-009518,9518,2025-02-02
DVC-009519,9519,2025-04-19
DVC-009520,9520,2025-02-15
DVC-009521,9521,2025-01-11
DVC-009522,9522,2025-01-01
DVC-009523,9523,2025-01-15
DVC-009524,9524,2025-03-21
DVC-009525,9525,2025-02-05
DVC-009526,9526,2025-01-17
DVC-009527,9527,2025-01-07
DVC-009528,9528,2025-01-04
DVC-009529,9529,2025-05-19
DVC-009530,9530,2025-01-17
DVC-009531,9531,2025-01-08
DVC-009532,9532,2025-03-28
DVC-009533,9533,2025-02-01
DVC-009534,9534,2025-04-21
DVC-009535,9535,2025-01-09
DVC-009536,9536,2025-05-08
DVC-009538,9538,2025-01-09
DVC-009539,9539,2025-01-01
DVC-009540,9540,2025-03-08
DVC-009542,9542,2025-06-29
DVC-009543,9543,2025-01-07
DVC-009544,9544,2025-02-18
DVC-009545,9545,2025-05-21
DVC-009546,9546,2025-01-11
DVC-009547,9547,2025-01-20
DVC-009548,9548,2025-04-05
DVC-009549,9549,2025-06-01
DVC-009550,9550,2025-02-10
DVC-009551,9551,2025-02-01
DVC-009553,9553,2025-02-15
DVC-009554,9554,2025-01-13
DVC-009555,9555,2025-04-28
DVC-009556,9556,2025-01-04
DVC-009557,9557,2025-01-14
DVC-009558,9558,2025-03-07
DVC-009559,9559,2025-02-10
DVC-009560,9560,2025-02-12
DVC-009561,9561,2025-01-09
DVC-009562,9562,2025-05-03
DVC-009563,9563,2025-01-18
DVC-009564,9564,2025-03-11
DVC-009565,9565,2025-01-02
DVC-009566,9566,2025-02-11
DVC-009567,9567,2025-02-17
DVC-009568,9568,2025-06-29
DVC-009569,9569,2025-04-23
DVC-009570,9570,2025-06-29
DVC-009571,9571,2025-01-18
DVC-009572,9572,2025-04-17
DVC-009573,9573,2025-01-25
DVC-009574,9574,2025-01-11
DVC-009575,9575,2025-04-22
DVC-009576,9576,2025-03-05
DVC-009577,9577,2025-05-09
DVC-009578,9578,2025-01-20
DVC-009579,9579,2025-02-17
DVC-009580,9580,2025-02-21
DVC-009581,9581,2025-01-21
DVC-009582,9582,2025-05-03
DVC-009583,9583,2025-01-13
DVC-009585,9585,2025-06-29
DVC-009586,9586,2025-01-16
DVC-009588,9588,2025-02-14
DVC-009589,9589,2025-06-29
DVC-009590,9590,2025-01-06
DVC-009591,9591,2025-01-17
DVC-009592,9592,2025-02-17
DVC-009593,9593,2025-01-06
DVC-009594,9594,2025-04-18
DVC-009595,9595,2025-01-13
DVC-009596,9596,2025-01-03
DVC-009597,9597,2025-01-21
DVC-009598,9598,2025-05-06
DVC-009599,9599,2025-01-12
DVC-009600,9600,2025-01-05
DVC-009601,9601,2025-01-28
DVC-009602,9602,2025-04-27
DVC-009603,9603,2025-01-16
DVC-009604,9604,2025-04-03
DVC-009605,9605,2025-03-31
DVC-009606,9606,2025-01-22
DVC-009607,9607,2025-02-10
DVC-009608,9608,2025-01-20
DVC-009609,9609,2025-01-18
DVC-009610,9610,2025-02-23
DVC-009611,9611,2025-06-29
DVC-009612,9612,2025-01-29
DVC-009613,9613,2025-06-29
DVC-009614,9614,2025-02-04
DVC-009615,9615,2025-03-02
DVC-009616,9616,2025-01-31
DVC-009617,9617,2025-01-12
DVC-009618,9618,2025-01-03
DVC-009619,9619,2025-05-30
DVC-009620,9620,2025-01-23
DVC-009621,9621,2025-06-29
DVC-009622,9622,2025-02-04
DVC-009623,9623,2025-01-01
DVC-009624,9624,2025-02-16
DVC-009625,9625,2025-05-12
DVC-009626,9626,2025-03-03
DVC-009627,9627,2025-04-21
DVC-009628,9628,2025-02-14
DVC-009629,9629,2025-01-14
DVC-009630,9630,2025-01-31
DVC-009631,9631,2025-02-27
DVC-009632,9632,2025-04-26
DVC-009633,9633,2025-01-09
DVC-009634,9634,2025-05-19
DVC-009635,9635,2025-01-03
DVC-009636,9636,2025-01-01
DVC-009637,9637,2025-01-18
DVC-009638,9638,2025-03-19
DVC-009639,9639,2025-01-08
DVC-009640,9640,2025-06-07
DVC-009641,9641,2025-03-20
DVC-009642,9642,2025-01-12
DVC-009643,9643,2025-01-15
DVC-009644,9644,2025-01-11
DVC-009645,9645,2025-02-15
DVC-009646,9646,2025-03-22
DVC-009647,9647,2025-01-14
DVC-009648,9648,2025-01-16
DVC-009649,9649,2025-02-02
DVC-009650,9650,2025-01-02
DVC-009651,9651,2025-06-29
DVC-009652,9652,2025-01-07
DVC-009653,9653,2025-02-05
DVC-009655,9655,2025-01-28
DVC-009656,9656,2025-04-27
DVC-009657,9657,2025-01-26
DVC-009658,9658,2025-01-26
DVC-009659,9659,2025-02-23
DVC-009660,9660,2025-02-07
DVC-009661,9661,2025-03-01
DVC-009662,9662,2025-01-13
DVC-009663,9663,2025-02-08
DVC-009664,9664,2025-01-31
DVC-009665,9665,2025-01-31
DVC-009666,9666,2025-01-22
DVC-009667,9667,2025-02-06
DVC-009668,9668,2025-01-28
DVC-009669,9669,2025-06-29
DVC-009670,9670,2025-05-13
DVC-009671,9671,2025-01-15
DVC-009672,9672,2025-01-04
DVC-009673,9673,2025-01-06
DVC-009674,9674,2025-01-21
DVC-009675,9675,2025-02-13
DVC-009676,9676,2025-02-13
DVC-009677,9677,2025-02-02
DVC-009678,9678,2025-05-28
DVC-009679,9679,2025-04-23
DVC-009680,9680,2025-05-22
DVC-009681,9681,2025-01-10
DVC-009682,9682,2025-01-10
DVC-009683,9683,2025-03-22
DVC-009684,9684,2025-01-08
DVC-009685,9685,2025-03-17
DVC-009686,9686,2025-01-05
DVC-009687,9687,2025-02-15
DVC-009688,9688,2025-01-05
DVC-009689,9689,2025-01-20
DVC-009690,9690,2025-01-21
DVC-009691,9691,2025-04-02
DVC-009692,9692,2025-01-07
DVC-009693,9693,2025-03-14
DVC-009694,9694,2025-01-20
DVC-009695,9695,2025-02-20
DVC-009696,9696,2025-05-18
DVC-009697,9697,2025-03-29
DVC-009698,9698,2025-04-10
DVC-009699,9699,2025-06-29
DVC-009700,9700,2025-01-07
DVC-009701,9701,2025-06-26
DVC-009702,9702,2025-06-14
DVC-009703,9703,2025-02-19
DVC-009704,9704,2025-04-25
DVC-009705,9705,2025-01-02
DVC-009706,9706,2025-02-14
DVC-009707,9707,2025-02-06
DVC-009708,9708,2025-06-29
DVC-009709,9709,2025-01-18
DVC-009710,9710,2025-02-15
DVC-009711,9711,2025-01-12
DVC-009712,9712,2025-02-16
DVC-009713,9713,2025-04-08
DVC-009714,9714,2025-03-15
DVC-009715,9715,2025-01-01
DVC-009716,9716,2025-01-04
DVC-009717,9717,2025-03-07
DVC-009718,9718,2025-02-27
DVC-009719,9719,2025-02-11
DVC-009720,9720,2025-01-17
DVC-009721,9721,2025-01-01
DVC-009722,9722,2025-04-03
DVC-009723,9723,2025-02-26
DVC-009724,9724,2025-03-30
DVC-009725,9725,2025-03-22
DVC-009726,9726,2025-02-13
DVC-009727,9727,2025-01-31
DVC-009728,9728,2025-01-06
DVC-009729,9729,2025-02-07
DVC-009730,9730,2025-02-08
DVC-009731,9731,2025-01-17
DVC-009732,9732,2025-05-04
DVC-009733,9733,2025-03-07
DVC-009734,9734,2025-01-09
DVC-009735,9735,2025-06-09
DVC-009736,9736,2025-02-21
DVC-009737,9737,2025-01-20
DVC-009738,9738,2025-06-25
DVC-009739,9739,2025-02-07
DVC-009740,9740,2025-04-20
DVC-009741,9741,2025-03-01
DVC-009742,9742,2025-01-16
DVC-009743,9743,2025-03-17
DVC-009744,9744,2025-01-20
DVC-009745,9745,2025-01-24
DVC-009746,9746,2025-01-31
DVC-009747,9747,2025-01-29
DVC-009748,9748,2025-02-25
DVC-009749,9749,2025-04-01
DVC-009750,9750,2025-02-03
DVC-009751,9751,2025-02-12
DVC-009752,9752,2025-01-07
DVC-009753,9753,2025-02-14
DVC-009754,9754,2025-01-13
DVC-009755,9755,2025-01-24
DVC-009756,9756,2025-01-26
DVC-009757,9757,2025-02-16
DVC-009758,9758,2025-03-23
DVC-009759,9759,2025-02-07
DVC-009760,9760,2025-01-05
DVC-009761,9761,2025-06-11
DVC-009762,9762,2025-01-15
DVC-009763,9763,2025-02-06
DVC-009764,9764,2025-06-29
DVC-009765,9765,2025-06-09
DVC-009766,9766,2025-02-20
DVC-009767,9767,2025-03-15
DVC-009768,9768,2025-04-22
DVC-009769,9769,2025-01-22
DVC-009770,9770,2025-03-15
DVC-009771,9771,2025-01-21
DVC-009772,9772,2025-03-23
DVC-009773,9773,2025-01-31
DVC-009774,9774,2025-01-20
DVC-009775,9775,2025-04-16
DVC-009776,9776,2025-01-11
DVC-009777,9777,2025-03-06
DVC-009778,9778,2025-01-01
DVC-009779,9779,2025-02-07
DVC-009780,9780,2025-04-30
DVC-009781,9781,2025-04-08
DVC-009782,9782,2025-02-14
DVC-009783,9783,2025-01-26
DVC-009784,9784,2025-01-16
DVC-009786,9786,2025-01-04
DVC-009787,9787,2025-01-22
DVC-009788,9788,2025-01-10
DVC-009789,9789,2025-03-21
DVC-009790,9790,2025-01-01
DVC-009791,9791,2025-04-10
DVC-009792,9792,2025-01-15
DVC-009793,9793,2025-04-27
DVC-009794,9794,2025-03-15
DVC-009795,9795,2025-01-13
DVC-009796,9796,2025-03-04
DVC-009797,9797,2025-06-29
DVC-009799,9799,2025-01-24
DVC-009800,9800,2025-03-15
DVC-009801,9801,2025-03-28
DVC-009802,9802,2025-02-15
DVC-009803,9803,2025-01-04
DVC-009804,9804,2025-01-02
DVC-009805,9805,2025-06-14
DVC-009806,9806,2025-02-19
DVC-009807,9807,2025-01-22
DVC-009808,9808,2025-02-20
DVC-009809,9809,2025-02-16
DVC-009810,9810,2025-01-02
DVC-009811,9811,2025-01-06
DVC-009812,9812,2025-01-27
DVC-009813,9813,2025-06-29
DVC-009814,9814,2025-01-25
DVC-009815,9815,2025-03-01
DVC-009816,9816,2025-01-04
DVC-009817,9817,2025-01-26
DVC-009818,9818,2025-01-27
DVC-009819,9819,2025-03-14
DVC-009820,9820,2025-01-20
DVC-009821,9821,2025-05-31
DVC-009822,9822,2025-01-08
DVC-009823,9823,2025-05-04
DVC-009824,9824,2025-01-08
DVC-009825,9825,2025-04-28
DVC-009826,9826,2025-02-08
DVC-009827,9827,2025-06-29
DVC-009828,9828,2025-01-06
DVC-009829,9829,2025-02-28
DVC-009830,9830,2025-06-29
DVC-009831,9831,2025-02-18
DVC-009832,9832,2025-06-17
DVC-009833,9833,2025-01-10
DVC-009834,9834,2025-01-24
DVC-009835,9835,2025-01-21
DVC-009836,9836,2025-02-15
DVC-009837,9837,2025-01-31
DVC-009838,9838,2025-01-02
DVC-009839,9839,2025-03-03
DVC-009840,9840,2025-01-27
DVC-009841,9841,2025-06-27
DVC-009842,9842,2025-01-20
DVC-009843,9843,2025-03-25
DVC-009844,9844,2025-02-15
DVC-009845,9845,2025-05-12
DVC-009846,9846,2025-01-15
DVC-009848,9848,2025-01-10
DVC-009850,9850,2025-03-04
DVC-009851,9851,2025-01-23
DVC-009852,9852,2025-04-12
DVC-009853,9853,2025-02-15
DVC-009854,9854,2025-06-12
DVC-009855,9855,2025-01-25
DVC-009856,9856,2025-01-16
DVC-009857,9857,2025-03-15
DVC-009858,9858,2025-01-01
DVC-009859,9859,2025-06-29
DVC-009860,9860,2025-01-01
DVC-009861,9861,2025-02-20
DVC-009862,9862,2025-03-04
DVC-009863,9863,2025-04-14
DVC-009864,9864,2025-01-22
DVC-009865,9865,2025-02-06
DVC-009866,9866,2025-01-17
DVC-009867,9867,2025-01-08
DVC-009868,9868,2025-03-25
DVC-009869,9869,2025-03-09
DVC-009870,9870,2025-06-01
DVC-009871,9871,2025-01-21
DVC-009872,9872,2025-01-14
DVC-009873,9873,2025-01-14
DVC-009874,9874,2025-01-02
DVC-009875,9875,2025-03-04
DVC-009876,9876,2025-01-01
DVC-009877,9877,2025-01-29
DVC-009878,9878,2025-02-06
DVC-009879,9879,2025-02-12
DVC-009880,9880,2025-06-29
DVC-009881,9881,2025-01-01
DVC-009882,9882,2025-01-12
DVC-009884,9884,2025-04-04
DVC-009885,9885,2025-04-26
DVC-009886,9886,2025-03-23
DVC-009887,9887,2025-01-22
DVC-009888,9888,2025-03-16
DVC-009889,9889,2025-04-23
DVC-009890,9890,2025-04-05
DVC-009891,9891,2025-01-08
DVC-009892,9892,2025-01-16
DVC-009893,9893,2025-01-10
DVC-009894,9894,2025-04-25
DVC-009895,9895,2025-02-15
DVC-009896,9896,2025-01-23
DVC-009897,9897,2025-01-11
DVC-009898,9898,2025-01-05
DVC-009900,9900,2025-01-06
DVC-009901,9901,2025-02-22
DVC-009902,9902,2025-01-18
DVC-009903,9903,2025-01-09
DVC-009904,9904,2025-01-01
DVC-009905,9905,2025-01-27
DVC-009906,9906,2025-02-02
DVC-009907,9907,2025-05-25
DVC-009908,9908,2025-01-27
DVC-009909,9909,2025-01-10
DVC-009910,9910,2025-02-26
DVC-009911,9911,2025-01-03
DVC-009912,9912,2025-06-25
DVC-009913,9913,2025-05-05
DVC-009914,9914,2025-03-20
DVC-009915,9915,2025-05-30
DVC-009916,9916,2025-02-06
DVC-009917,9917,2025-04-17
DVC-009918,9918,2025-02-08
DVC-009919,9919,2025-06-29
DVC-009920,9920,2025-02-15
DVC-009921,9921,2025-02-21
DVC-009922,9922,2025-02-14
DVC-009923,9923,2025-02-28
DVC-009924,9924,2025-06-29
DVC-009925,9925,2025-01-09
DVC-009926,9926,2025-01-12
DVC-009928,9928,2025-02-16
DVC-009929,9929,2025-01-27
DVC-009930,9930,2025-01-08
DVC-009931,9931,2025-04-02
DVC-009932,9932,2025-01-17
DVC-009933,9933,2025-04-06
DVC-009934,9934,2025-06-29
DVC-009936,9936,2025-01-14
DVC-009937,9937,2025-01-18
DVC-009938,9938,2025-01-24
DVC-009939,9939,2025-03-22
DVC-009940,9940,2025-04-04
DVC-009941,9941,2025-01-03
DVC-009942,9942,2025-02-02
DVC-009944,9944,2025-02-22
DVC-009945,9945,2025-02-23
DVC-009946,9946,2025-01-17
DVC-009947,9947,2025-02-01
DVC-009948,9948,2025-03-13
DVC-009949,9949,2025-03-19
DVC-009950,9950,2025-05-01
DVC-009951,9951,2025-01-07
DVC-009952,9952,2025-03-04
DVC-009953,9953,2025-02-19
DVC-009954,9954,2025-01-09
DVC-009955,9955,2025-02-11
DVC-009956,9956,2025-02-12
DVC-009957,9957,2025-01-08
DVC-009958,9958,2025-01-25
DVC-009959,9959,2025-06-04
DVC-009961,9961,2025-03-30
DVC-009963,9963,2025-02-08
DVC-009965,9965,2025-05-27
DVC-009966,9966,2025-04-16
DVC-009967,9967,2025-01-26
DVC-009968,9968,2025-01-12
DVC-009969,9969,2025-01-10
DVC-009970,9970,2025-01-02
DVC-009971,9971,2025-02-15
DVC-009972,9972,2025-02-23
DVC-009973,9973,2025-06-15
DVC-009974,9974,2025-02-26
DVC-009975,9975,2025-01-15
DVC-009976,9976,2025-04-02
DVC-009977,9977,2025-01-16
DVC-009978,9978,2025-05-11
DVC-009979,9979,2025-01-04
DVC-009980,9980,2025-01-18
DVC-009981,9981,2025-06-29
DVC-009982,9982,2025-01-26
DVC-009983,9983,2025-01-01
DVC-009984,9984,2025-01-23
DVC-009985,9985,2025-01-28
DVC-009986,9986,2025-01-17
DVC-009987,9987,2025-03-17
DVC-009988,9988,2025-02-16
DVC-009989,9989,2025-03-08
DVC-009991,9991,2025-01-01
DVC-009992,9992,2025-01-14
DVC-009993,9993,2025-05-01
DVC-009995,9995,2025-02-10
DVC-009996,9996,2025-01-29
DVC-009997,9997,2025-02-01
DVC-009999,9999,2025-05-29
DVC-010000,10000,2025-01-02
