event_id,user_id,event_type,event_time
1,1,가입,2025-05-25 00:00:00
2,2,가입,2025-05-21 00:00:00
3,2,첫결제,2025-06-02 23:47:00
4,3,가입,2025-05-24 00:00:00
5,3,튜토리얼완료,2025-05-24 19:00:00
6,4,가입,2025-01-17 00:00:00
7,4,튜토리얼완료,2025-01-20 06:00:00
8,4,첫결제,2025-01-30 20:57:00
9,5,가입,2025-01-06 00:00:00
10,5,튜토리얼완료,2025-01-07 06:00:00
11,5,첫결제,2025-01-06 02:09:00
12,6,가입,2025-03-29 00:00:00
13,6,튜토리얼완료,2025-03-31 16:00:00
14,7,가입,2025-03-26 00:00:00
15,7,튜토리얼완료,2025-03-29 02:00:00
16,8,가입,2025-06-29 00:00:00
17,8,튜토리얼완료,2025-06-30 00:00:00
18,9,가입,2025-01-05 00:00:00
19,9,튜토리얼완료,2025-01-08 15:00:00
20,10,가입,2025-03-04 00:00:00
21,10,튜토리얼완료,2025-03-07 22:00:00
22,10,첫결제,2025-03-20 20:53:00
23,11,가입,2025-01-05 00:00:00
24,11,튜토리얼완료,2025-01-05 01:00:00
25,12,가입,2025-03-07 00:00:00
26,12,튜토리얼완료,2025-03-10 14:00:00
27,13,가입,2025-04-14 00:00:00
28,13,튜토리얼완료,2025-04-16 05:00:00
29,14,가입,2025-01-24 00:00:00
30,15,가입,2025-03-15 00:00:00
31,15,튜토리얼완료,2025-03-17 06:00:00
32,16,가입,2025-01-10 00:00:00
33,17,가입,2025-01-06 00:00:00
34,17,튜토리얼완료,2025-01-09 11:00:00
35,17,첫결제,2025-01-15 11:40:00
36,18,가입,2025-01-19 00:00:00
37,19,가입,2025-02-24 00:00:00
38,19,튜토리얼완료,2025-02-27 10:00:00
39,20,가입,2025-01-25 00:00:00
40,20,튜토리얼완료,2025-01-26 03:00:00
41,21,가입,2025-03-16 00:00:00
42,21,튜토리얼완료,2025-03-18 07:00:00
43,21,첫결제,2025-05-15 17:06:00
44,22,가입,2025-01-14 00:00:00
45,22,튜토리얼완료,2025-01-14 20:00:00
46,22,첫결제,2025-01-27 12:10:00
47,23,가입,2025-04-21 00:00:00
48,23,튜토리얼완료,2025-04-22 19:00:00
49,24,가입,2025-03-15 00:00:00
50,24,튜토리얼완료,2025-03-17 15:00:00
51,25,가입,2025-02-09 00:00:00
52,25,튜토리얼완료,2025-02-10 09:00:00
53,25,첫결제,2025-02-13 19:24:00
54,26,가입,2025-01-26 00:00:00
55,26,튜토리얼완료,2025-01-26 18:00:00
56,26,첫결제,2025-01-26 14:26:00
57,27,가입,2025-01-28 00:00:00
58,27,튜토리얼완료,2025-01-29 08:00:00
59,27,첫결제,2025-02-01 15:46:00
60,28,가입,2025-01-05 00:00:00
61,28,튜토리얼완료,2025-01-08 05:00:00
62,28,첫결제,2025-01-07 19:46:00
63,29,가입,2025-01-11 00:00:00
64,29,튜토리얼완료,2025-01-14 10:00:00
65,30,가입,2025-02-11 00:00:00
66,31,가입,2025-01-24 00:00:00
67,31,첫결제,2025-01-30 19:04:00
68,32,가입,2025-03-17 00:00:00
69,32,튜토리얼완료,2025-03-20 09:00:00
70,33,가입,2025-02-12 00:00:00
71,34,가입,2025-01-15 00:00:00
72,34,첫결제,2025-01-24 16:50:00
73,35,가입,2025-01-28 00:00:00
74,35,튜토리얼완료,2025-01-29 06:00:00
75,35,첫결제,2025-02-13 19:32:00
76,36,가입,2025-02-08 00:00:00
77,36,튜토리얼완료,2025-02-11 12:00:00
78,37,가입,2025-01-21 00:00:00
79,37,튜토리얼완료,2025-01-23 07:00:00
80,37,첫결제,2025-01-30 20:46:00
81,38,가입,2025-01-20 00:00:00
82,38,튜토리얼완료,2025-01-20 08:00:00
83,39,가입,2025-02-22 00:00:00
84,39,튜토리얼완료,2025-02-24 17:00:00
85,39,첫결제,2025-03-03 22:14:00
86,40,가입,2025-01-18 00:00:00
87,40,튜토리얼완료,2025-01-20 21:00:00
88,40,첫결제,2025-01-19 16:50:00
89,41,가입,2025-03-22 00:00:00
90,41,튜토리얼완료,2025-03-24 05:00:00
91,41,첫결제,2025-04-23 22:20:00
92,42,가입,2025-03-25 00:00:00
93,42,튜토리얼완료,2025-03-27 02:00:00
94,42,첫결제,2025-04-25 05:49:00
95,43,가입,2025-03-07 00:00:00
96,43,튜토리얼완료,2025-03-07 08:00:00
97,43,첫결제,2025-03-10 02:09:00
98,44,가입,2025-01-05 00:00:00
99,44,튜토리얼완료,2025-01-07 15:00:00
100,44,첫결제,2025-01-16 23:13:00
101,45,가입,2025-03-10 00:00:00
102,45,튜토리얼완료,2025-03-10 04:00:00
103,46,가입,2025-03-23 00:00:00
104,47,가입,2025-03-09 00:00:00
105,48,가입,2025-01-17 00:00:00
106,48,튜토리얼완료,2025-01-19 17:00:00
107,49,가입,2025-01-20 00:00:00
108,49,튜토리얼완료,2025-01-20 13:00:00
109,49,첫결제,2025-02-07 07:17:00
110,50,가입,2025-01-10 00:00:00
111,50,튜토리얼완료,2025-01-10 04:00:00
112,51,가입,2025-01-22 00:00:00
113,51,튜토리얼완료,2025-01-22 13:00:00
114,51,첫결제,2025-01-28 00:15:00
115,52,가입,2025-01-02 00:00:00
116,52,튜토리얼완료,2025-01-03 14:00:00
117,53,가입,2025-01-11 00:00:00
118,53,튜토리얼완료,2025-01-13 04:00:00
119,54,가입,2025-03-20 00:00:00
120,54,튜토리얼완료,2025-03-22 21:00:00
121,55,가입,2025-06-29 00:00:00
122,55,튜토리얼완료,2025-07-02 19:00:00
123,56,가입,2025-02-03 00:00:00
124,56,튜토리얼완료,2025-02-06 11:00:00
125,57,가입,2025-01-18 00:00:00
126,57,튜토리얼완료,2025-01-21 02:00:00
127,58,가입,2025-01-24 00:00:00
128,58,튜토리얼완료,2025-01-25 04:00:00
129,59,가입,2025-01-22 00:00:00
130,59,튜토리얼완료,2025-01-25 09:00:00
131,59,첫결제,2025-02-16 05:42:00
132,60,가입,2025-01-08 00:00:00
133,60,튜토리얼완료,2025-01-09 14:00:00
134,61,가입,2025-03-06 00:00:00
135,61,튜토리얼완료,2025-03-06 07:00:00
136,61,첫결제,2025-03-18 21:36:00
137,62,가입,2025-03-24 00:00:00
138,62,튜토리얼완료,2025-03-24 19:00:00
139,62,첫결제,2025-04-04 19:26:00
140,63,가입,2025-04-01 00:00:00
141,63,튜토리얼완료,2025-04-03 08:00:00
142,64,가입,2025-06-29 00:00:00
143,64,튜토리얼완료,2025-07-02 13:00:00
144,65,가입,2025-05-07 00:00:00
145,65,튜토리얼완료,2025-05-08 08:00:00
146,65,첫결제,2025-05-14 23:45:00
147,66,가입,2025-04-09 00:00:00
148,66,튜토리얼완료,2025-04-11 00:00:00
149,66,첫결제,2025-04-24 02:24:00
150,67,가입,2025-03-04 00:00:00
151,67,튜토리얼완료,2025-03-07 05:00:00
152,68,가입,2025-02-05 00:00:00
153,68,첫결제,2025-05-06 12:53:00
154,69,가입,2025-01-03 00:00:00
155,70,가입,2025-02-27 00:00:00
156,70,튜토리얼완료,2025-03-02 16:00:00
157,71,가입,2025-02-07 00:00:00
158,71,튜토리얼완료,2025-02-07 01:00:00
159,72,가입,2025-04-01 00:00:00
160,72,튜토리얼완료,2025-04-02 16:00:00
161,72,첫결제,2025-04-10 06:53:00
162,73,가입,2025-05-02 00:00:00
163,74,가입,2025-01-20 00:00:00
164,74,튜토리얼완료,2025-01-21 06:00:00
165,75,가입,2025-01-03 00:00:00
166,75,튜토리얼완료,2025-01-06 09:00:00
167,76,가입,2025-02-25 00:00:00
168,76,튜토리얼완료,2025-02-28 03:00:00
169,77,가입,2025-06-03 00:00:00
170,77,튜토리얼완료,2025-06-04 08:00:00
171,78,가입,2025-02-19 00:00:00
172,78,튜토리얼완료,2025-02-20 11:00:00
173,79,가입,2025-05-08 00:00:00
174,79,튜토리얼완료,2025-05-09 11:00:00
175,79,첫결제,2025-05-08 02:06:00
176,80,가입,2025-02-15 00:00:00
177,80,튜토리얼완료,2025-02-16 22:00:00
178,80,첫결제,2025-03-04 17:33:00
179,81,가입,2025-03-20 00:00:00
180,81,튜토리얼완료,2025-03-21 03:00:00
181,82,가입,2025-01-18 00:00:00
182,82,튜토리얼완료,2025-01-21 17:00:00
183,83,가입,2025-01-09 00:00:00
184,83,튜토리얼완료,2025-01-12 23:00:00
185,84,가입,2025-01-09 00:00:00
186,84,첫결제,2025-01-11 13:54:00
187,85,가입,2025-01-08 00:00:00
188,85,튜토리얼완료,2025-01-11 22:00:00
189,86,가입,2025-01-04 00:00:00
190,86,튜토리얼완료,2025-01-07 19:00:00
191,86,첫결제,2025-01-07 00:42:00
192,87,가입,2025-04-13 00:00:00
193,88,가입,2025-01-27 00:00:00
194,88,튜토리얼완료,2025-01-28 18:00:00
195,89,가입,2025-01-24 00:00:00
196,89,튜토리얼완료,2025-01-27 12:00:00
197,90,가입,2025-02-26 00:00:00
198,90,튜토리얼완료,2025-02-28 02:00:00
199,90,첫결제,2025-03-12 21:58:00
200,91,가입,2025-01-12 00:00:00
201,91,튜토리얼완료,2025-01-12 13:00:00
202,92,가입,2025-04-26 00:00:00
203,93,가입,2025-03-19 00:00:00
204,94,가입,2025-01-20 00:00:00
205,94,튜토리얼완료,2025-01-20 06:00:00
206,94,첫결제,2025-01-20 23:39:00
207,95,가입,2025-01-13 00:00:00
208,95,튜토리얼완료,2025-01-15 14:00:00
209,96,가입,2025-02-01 00:00:00
210,96,튜토리얼완료,2025-02-03 21:00:00
211,96,첫결제,2025-03-13 20:29:00
212,97,가입,2025-01-19 00:00:00
213,97,첫결제,2025-01-19 23:24:00
214,98,가입,2025-01-05 00:00:00
215,98,튜토리얼완료,2025-01-06 09:00:00
216,99,가입,2025-01-31 00:00:00
217,99,튜토리얼완료,2025-02-02 22:00:00
218,100,가입,2025-05-16 00:00:00
219,100,튜토리얼완료,2025-05-16 15:00:00
220,101,가입,2025-03-02 00:00:00
221,101,튜토리얼완료,2025-03-04 04:00:00
222,101,첫결제,2025-03-13 05:29:00
223,102,가입,2025-06-29 00:00:00
224,102,튜토리얼완료,2025-07-01 00:00:00
225,102,첫결제,2025-06-29 02:00:00
226,103,가입,2025-05-03 00:00:00
227,103,튜토리얼완료,2025-05-05 20:00:00
228,103,첫결제,2025-05-03 14:46:00
229,104,가입,2025-03-09 00:00:00
230,105,가입,2025-04-22 00:00:00
231,105,튜토리얼완료,2025-04-23 06:00:00
232,105,첫결제,2025-04-27 09:10:00
233,106,가입,2025-02-13 00:00:00
234,106,튜토리얼완료,2025-02-14 04:00:00
235,107,가입,2025-03-06 00:00:00
236,107,튜토리얼완료,2025-03-09 13:00:00
237,107,첫결제,2025-03-24 08:17:00
238,108,가입,2025-01-23 00:00:00
239,108,튜토리얼완료,2025-01-24 00:00:00
240,109,가입,2025-01-14 00:00:00
241,109,튜토리얼완료,2025-01-17 11:00:00
242,110,가입,2025-05-09 00:00:00
243,110,튜토리얼완료,2025-05-10 11:00:00
244,110,첫결제,2025-05-21 20:12:00
245,111,가입,2025-01-09 00:00:00
246,111,튜토리얼완료,2025-01-09 21:00:00
247,112,가입,2025-01-12 00:00:00
248,112,튜토리얼완료,2025-01-14 21:00:00
249,112,첫결제,2025-01-12 22:37:00
250,113,가입,2025-01-19 00:00:00
251,113,튜토리얼완료,2025-01-22 16:00:00
252,114,가입,2025-02-28 00:00:00
253,114,튜토리얼완료,2025-03-02 13:00:00
254,114,첫결제,2025-03-15 15:15:00
255,115,가입,2025-01-25 00:00:00
256,115,튜토리얼완료,2025-01-25 05:00:00
257,116,가입,2025-02-11 00:00:00
258,116,튜토리얼완료,2025-02-12 04:00:00
259,117,가입,2025-05-10 00:00:00
260,118,가입,2025-04-03 00:00:00
261,118,첫결제,2025-04-06 02:39:00
262,119,가입,2025-03-12 00:00:00
263,119,튜토리얼완료,2025-03-15 01:00:00
264,119,첫결제,2025-04-19 20:36:00
265,120,가입,2025-01-11 00:00:00
266,120,튜토리얼완료,2025-01-13 08:00:00
267,121,가입,2025-03-13 00:00:00
268,121,튜토리얼완료,2025-03-15 15:00:00
269,122,가입,2025-01-28 00:00:00
270,122,튜토리얼완료,2025-01-29 19:00:00
271,123,가입,2025-01-08 00:00:00
272,123,튜토리얼완료,2025-01-11 04:00:00
273,123,첫결제,2025-01-25 08:06:00
274,124,가입,2025-01-24 00:00:00
275,124,튜토리얼완료,2025-01-25 21:00:00
276,124,첫결제,2025-01-26 21:39:00
277,125,가입,2025-01-05 00:00:00
278,125,튜토리얼완료,2025-01-06 19:00:00
279,125,첫결제,2025-01-14 03:36:00
280,126,가입,2025-02-24 00:00:00
281,126,튜토리얼완료,2025-02-25 22:00:00
282,127,가입,2025-02-28 00:00:00
283,127,튜토리얼완료,2025-03-02 20:00:00
284,128,가입,2025-01-18 00:00:00
285,129,가입,2025-01-03 00:00:00
286,129,튜토리얼완료,2025-01-03 15:00:00
287,129,첫결제,2025-02-06 15:18:00
288,130,가입,2025-06-13 00:00:00
289,131,가입,2025-02-18 00:00:00
290,132,가입,2025-03-31 00:00:00
291,132,첫결제,2025-04-18 21:56:00
292,133,가입,2025-01-22 00:00:00
293,133,튜토리얼완료,2025-01-22 15:00:00
294,134,가입,2025-04-11 00:00:00
295,134,튜토리얼완료,2025-04-11 13:00:00
296,135,가입,2025-04-09 00:00:00
297,135,튜토리얼완료,2025-04-09 10:00:00
298,136,가입,2025-01-06 00:00:00
299,136,튜토리얼완료,2025-01-09 09:00:00
300,136,첫결제,2025-01-13 15:38:00
301,137,가입,2025-06-29 00:00:00
302,137,튜토리얼완료,2025-07-01 03:00:00
303,137,첫결제,2025-06-29 02:12:00
304,138,가입,2025-02-10 00:00:00
305,138,튜토리얼완료,2025-02-13 01:00:00
306,139,가입,2025-03-25 00:00:00
307,139,튜토리얼완료,2025-03-26 00:00:00
308,140,가입,2025-01-15 00:00:00
309,140,튜토리얼완료,2025-01-18 00:00:00
310,141,가입,2025-03-01 00:00:00
311,141,튜토리얼완료,2025-03-03 22:00:00
312,141,첫결제,2025-03-13 23:52:00
313,142,가입,2025-01-18 00:00:00
314,143,가입,2025-04-07 00:00:00
315,143,튜토리얼완료,2025-04-09 07:00:00
316,144,가입,2025-01-28 00:00:00
317,145,가입,2025-02-16 00:00:00
318,145,튜토리얼완료,2025-02-19 16:00:00
319,145,첫결제,2025-02-24 13:36:00
320,146,가입,2025-02-01 00:00:00
321,146,튜토리얼완료,2025-02-04 05:00:00
322,147,가입,2025-02-15 00:00:00
323,147,튜토리얼완료,2025-02-17 13:00:00
324,148,가입,2025-01-29 00:00:00
325,149,가입,2025-02-06 00:00:00
326,149,첫결제,2025-02-22 16:34:00
327,150,가입,2025-01-02 00:00:00
328,150,튜토리얼완료,2025-01-03 02:00:00
329,150,첫결제,2025-01-20 21:57:00
330,151,가입,2025-04-06 00:00:00
331,151,첫결제,2025-04-11 21:58:00
332,152,가입,2025-05-31 00:00:00
333,152,튜토리얼완료,2025-06-02 14:00:00
334,153,가입,2025-02-04 00:00:00
335,153,튜토리얼완료,2025-02-06 14:00:00
336,154,가입,2025-06-29 00:00:00
337,154,튜토리얼완료,2025-06-30 17:00:00
338,155,가입,2025-01-11 00:00:00
339,155,튜토리얼완료,2025-01-12 23:00:00
340,155,첫결제,2025-02-13 13:35:00
341,156,가입,2025-06-17 00:00:00
342,156,튜토리얼완료,2025-06-18 06:00:00
343,156,첫결제,2025-06-21 21:00:00
344,157,가입,2025-01-22 00:00:00
345,158,가입,2025-02-10 00:00:00
346,159,가입,2025-05-27 00:00:00
347,159,튜토리얼완료,2025-05-28 19:00:00
348,160,가입,2025-01-08 00:00:00
349,160,튜토리얼완료,2025-01-09 13:00:00
350,160,첫결제,2025-01-16 22:28:00
351,161,가입,2025-01-12 00:00:00
352,161,튜토리얼완료,2025-01-12 21:00:00
353,162,가입,2025-03-22 00:00:00
354,162,튜토리얼완료,2025-03-24 20:00:00
355,163,가입,2025-02-28 00:00:00
356,163,튜토리얼완료,2025-03-03 17:00:00
357,164,가입,2025-01-18 00:00:00
358,164,튜토리얼완료,2025-01-18 20:00:00
359,165,가입,2025-01-27 00:00:00
360,165,튜토리얼완료,2025-01-30 14:00:00
361,166,가입,2025-02-14 00:00:00
362,166,튜토리얼완료,2025-02-15 18:00:00
363,166,첫결제,2025-02-16 22:35:00
364,167,가입,2025-04-24 00:00:00
365,167,튜토리얼완료,2025-04-25 00:00:00
366,167,첫결제,2025-05-09 22:16:00
367,168,가입,2025-01-22 00:00:00
368,168,튜토리얼완료,2025-01-23 20:00:00
369,169,가입,2025-02-15 00:00:00
370,169,튜토리얼완료,2025-02-16 09:00:00
371,170,가입,2025-01-22 00:00:00
372,170,튜토리얼완료,2025-01-22 06:00:00
373,170,첫결제,2025-01-26 23:10:00
374,171,가입,2025-01-19 00:00:00
375,171,첫결제,2025-01-19 02:52:00
376,172,가입,2025-05-09 00:00:00
377,172,첫결제,2025-05-10 05:00:00
378,173,가입,2025-02-03 00:00:00
379,173,튜토리얼완료,2025-02-04 14:00:00
380,173,첫결제,2025-02-09 04:05:00
381,174,가입,2025-03-22 00:00:00
382,174,튜토리얼완료,2025-03-25 21:00:00
383,174,첫결제,2025-04-04 23:57:00
384,175,가입,2025-01-19 00:00:00
385,175,튜토리얼완료,2025-01-21 13:00:00
386,175,첫결제,2025-02-13 05:26:00
387,176,가입,2025-01-12 00:00:00
388,176,튜토리얼완료,2025-01-14 17:00:00
389,177,가입,2025-03-10 00:00:00
390,177,튜토리얼완료,2025-03-11 05:00:00
391,178,가입,2025-03-27 00:00:00
392,178,튜토리얼완료,2025-03-30 03:00:00
393,179,가입,2025-02-27 00:00:00
394,179,튜토리얼완료,2025-03-02 15:00:00
395,179,첫결제,2025-03-05 21:28:00
396,180,가입,2025-03-13 00:00:00
397,180,튜토리얼완료,2025-03-16 21:00:00
398,180,첫결제,2025-03-29 23:11:00
399,181,가입,2025-03-03 00:00:00
400,181,튜토리얼완료,2025-03-03 10:00:00
401,181,첫결제,2025-03-03 23:40:00
402,182,가입,2025-03-07 00:00:00
403,183,가입,2025-05-16 00:00:00
404,183,튜토리얼완료,2025-05-18 19:00:00
405,184,가입,2025-06-19 00:00:00
406,185,가입,2025-02-09 00:00:00
407,185,튜토리얼완료,2025-02-12 07:00:00
408,185,첫결제,2025-02-13 20:21:00
409,186,가입,2025-01-06 00:00:00
410,186,튜토리얼완료,2025-01-09 13:00:00
411,186,첫결제,2025-01-15 19:51:00
412,187,가입,2025-03-26 00:00:00
413,188,가입,2025-02-20 00:00:00
414,188,튜토리얼완료,2025-02-21 21:00:00
415,188,첫결제,2025-02-22 19:08:00
416,189,가입,2025-05-27 00:00:00
417,189,튜토리얼완료,2025-05-30 05:00:00
418,189,첫결제,2025-06-02 12:29:00
419,190,가입,2025-03-04 00:00:00
420,190,튜토리얼완료,2025-03-04 19:00:00
421,190,첫결제,2025-03-05 14:39:00
422,191,가입,2025-01-09 00:00:00
423,191,첫결제,2025-02-09 19:37:00
424,192,가입,2025-03-04 00:00:00
425,192,튜토리얼완료,2025-03-06 16:00:00
426,192,첫결제,2025-03-08 13:20:00
427,193,가입,2025-02-04 00:00:00
428,194,가입,2025-01-07 00:00:00
429,194,튜토리얼완료,2025-01-10 12:00:00
430,195,가입,2025-01-17 00:00:00
431,195,튜토리얼완료,2025-01-20 11:00:00
432,196,가입,2025-06-29 00:00:00
433,196,튜토리얼완료,2025-06-30 04:00:00
434,197,가입,2025-01-25 00:00:00
435,197,튜토리얼완료,2025-01-27 08:00:00
436,197,첫결제,2025-01-26 01:54:00
437,198,가입,2025-01-16 00:00:00
438,198,튜토리얼완료,2025-01-18 22:00:00
439,198,첫결제,2025-01-23 05:41:00
440,199,가입,2025-01-27 00:00:00
441,200,가입,2025-05-05 00:00:00
442,200,첫결제,2025-06-11 07:44:00
443,201,가입,2025-03-07 00:00:00
444,202,가입,2025-01-12 00:00:00
445,202,튜토리얼완료,2025-01-15 18:00:00
446,203,가입,2025-01-01 00:00:00
447,203,튜토리얼완료,2025-01-03 03:00:00
448,203,첫결제,2025-02-07 20:31:00
449,204,가입,2025-01-27 00:00:00
450,204,튜토리얼완료,2025-01-29 18:00:00
451,205,가입,2025-01-10 00:00:00
452,205,첫결제,2025-01-15 21:23:00
453,206,가입,2025-05-05 00:00:00
454,206,튜토리얼완료,2025-05-05 19:00:00
455,206,첫결제,2025-05-05 07:39:00
456,207,가입,2025-01-07 00:00:00
457,207,튜토리얼완료,2025-01-09 12:00:00
458,208,가입,2025-02-11 00:00:00
459,208,튜토리얼완료,2025-02-14 14:00:00
460,209,가입,2025-03-03 00:00:00
461,209,튜토리얼완료,2025-03-04 12:00:00
462,210,가입,2025-06-22 00:00:00
463,210,튜토리얼완료,2025-06-24 12:00:00
464,210,첫결제,2025-06-24 00:12:00
465,211,가입,2025-01-18 00:00:00
466,211,튜토리얼완료,2025-01-21 16:00:00
467,212,가입,2025-04-15 00:00:00
468,212,튜토리얼완료,2025-04-16 04:00:00
469,212,첫결제,2025-04-18 17:53:00
470,213,가입,2025-02-15 00:00:00
471,213,튜토리얼완료,2025-02-18 03:00:00
472,213,첫결제,2025-02-20 21:28:00
473,214,가입,2025-04-14 00:00:00
474,214,튜토리얼완료,2025-04-15 01:00:00
475,215,가입,2025-01-22 00:00:00
476,215,튜토리얼완료,2025-01-22 18:00:00
477,216,가입,2025-01-20 00:00:00
478,216,튜토리얼완료,2025-01-20 15:00:00
479,217,가입,2025-01-16 00:00:00
480,218,가입,2025-03-04 00:00:00
481,218,튜토리얼완료,2025-03-06 13:00:00
482,219,가입,2025-02-08 00:00:00
483,219,튜토리얼완료,2025-02-11 00:00:00
484,219,첫결제,2025-02-21 20:49:00
485,220,가입,2025-02-21 00:00:00
486,220,튜토리얼완료,2025-02-21 03:00:00
487,220,첫결제,2025-02-22 09:57:00
488,221,가입,2025-03-18 00:00:00
489,221,튜토리얼완료,2025-03-21 18:00:00
490,222,가입,2025-03-11 00:00:00
491,222,튜토리얼완료,2025-03-11 21:00:00
492,223,가입,2025-03-04 00:00:00
493,223,튜토리얼완료,2025-03-04 02:00:00
494,224,가입,2025-03-25 00:00:00
495,224,튜토리얼완료,2025-03-28 02:00:00
496,224,첫결제,2025-03-26 01:39:00
497,225,가입,2025-01-03 00:00:00
498,225,튜토리얼완료,2025-01-04 10:00:00
499,225,첫결제,2025-01-03 12:15:00
500,226,가입,2025-04-01 00:00:00
501,226,튜토리얼완료,2025-04-02 07:00:00
502,226,첫결제,2025-05-31 12:41:00
503,227,가입,2025-03-20 00:00:00
504,227,튜토리얼완료,2025-03-20 05:00:00
505,228,가입,2025-01-27 00:00:00
506,228,튜토리얼완료,2025-01-30 14:00:00
507,228,첫결제,2025-02-01 06:00:00
508,229,가입,2025-01-15 00:00:00
509,229,튜토리얼완료,2025-01-17 15:00:00
510,229,첫결제,2025-03-27 20:30:00
511,230,가입,2025-02-12 00:00:00
512,230,튜토리얼완료,2025-02-14 10:00:00
513,231,가입,2025-05-02 00:00:00
514,231,튜토리얼완료,2025-05-02 19:00:00
515,232,가입,2025-01-20 00:00:00
516,232,튜토리얼완료,2025-01-21 08:00:00
517,233,가입,2025-03-27 00:00:00
518,233,첫결제,2025-05-18 14:02:00
519,234,가입,2025-06-28 00:00:00
520,234,튜토리얼완료,2025-06-29 06:00:00
521,235,가입,2025-01-24 00:00:00
522,235,튜토리얼완료,2025-01-24 08:00:00
523,236,가입,2025-06-29 00:00:00
524,237,가입,2025-01-04 00:00:00
525,237,튜토리얼완료,2025-01-06 23:00:00
526,238,가입,2025-01-03 00:00:00
527,238,튜토리얼완료,2025-01-06 18:00:00
528,238,첫결제,2025-01-10 23:23:00
529,239,가입,2025-04-22 00:00:00
530,239,튜토리얼완료,2025-04-23 03:00:00
531,240,가입,2025-02-08 00:00:00
532,240,튜토리얼완료,2025-02-08 10:00:00
533,241,가입,2025-02-06 00:00:00
534,241,튜토리얼완료,2025-02-07 06:00:00
535,241,첫결제,2025-02-12 13:12:00
536,242,가입,2025-04-28 00:00:00
537,242,튜토리얼완료,2025-05-01 11:00:00
538,242,첫결제,2025-04-28 13:21:00
539,243,가입,2025-05-29 00:00:00
540,243,튜토리얼완료,2025-06-01 07:00:00
541,244,가입,2025-02-19 00:00:00
542,244,튜토리얼완료,2025-02-22 22:00:00
543,245,가입,2025-05-07 00:00:00
544,245,튜토리얼완료,2025-05-08 13:00:00
545,246,가입,2025-03-02 00:00:00
546,247,가입,2025-01-31 00:00:00
547,247,첫결제,2025-02-02 14:11:00
548,248,가입,2025-01-15 00:00:00
549,248,튜토리얼완료,2025-01-16 22:00:00
550,248,첫결제,2025-01-26 20:22:00
551,249,가입,2025-03-24 00:00:00
552,249,튜토리얼완료,2025-03-27 20:00:00
553,250,가입,2025-05-09 00:00:00
554,250,튜토리얼완료,2025-05-11 07:00:00
555,251,가입,2025-06-10 00:00:00
556,252,가입,2025-01-19 00:00:00
557,252,튜토리얼완료,2025-01-21 16:00:00
558,252,첫결제,2025-03-02 15:26:00
559,253,가입,2025-03-03 00:00:00
560,253,튜토리얼완료,2025-03-04 04:00:00
561,254,가입,2025-01-31 00:00:00
562,254,튜토리얼완료,2025-02-03 15:00:00
563,255,가입,2025-04-13 00:00:00
564,255,튜토리얼완료,2025-04-16 15:00:00
565,256,가입,2025-01-14 00:00:00
566,256,튜토리얼완료,2025-01-15 06:00:00
567,256,첫결제,2025-02-23 20:53:00
568,257,가입,2025-01-04 00:00:00
569,257,튜토리얼완료,2025-01-04 14:00:00
570,257,첫결제,2025-01-05 06:55:00
571,258,가입,2025-01-22 00:00:00
572,258,튜토리얼완료,2025-01-23 12:00:00
573,259,가입,2025-01-05 00:00:00
574,259,튜토리얼완료,2025-01-07 04:00:00
575,259,첫결제,2025-01-09 04:57:00
576,260,가입,2025-01-29 00:00:00
577,260,튜토리얼완료,2025-02-01 14:00:00
578,260,첫결제,2025-03-01 21:04:00
579,261,가입,2025-01-30 00:00:00
580,261,튜토리얼완료,2025-01-31 02:00:00
581,262,가입,2025-01-07 00:00:00
582,262,튜토리얼완료,2025-01-07 08:00:00
583,262,첫결제,2025-01-12 05:04:00
584,263,가입,2025-06-29 00:00:00
585,263,튜토리얼완료,2025-07-02 22:00:00
586,264,가입,2025-01-19 00:00:00
587,264,튜토리얼완료,2025-01-22 10:00:00
588,265,가입,2025-03-13 00:00:00
589,265,튜토리얼완료,2025-03-14 02:00:00
590,265,첫결제,2025-04-22 08:21:00
591,266,가입,2025-01-13 00:00:00
592,266,튜토리얼완료,2025-01-15 10:00:00
593,267,가입,2025-01-31 00:00:00
594,267,튜토리얼완료,2025-02-03 17:00:00
595,268,가입,2025-01-06 00:00:00
596,269,가입,2025-01-08 00:00:00
597,269,튜토리얼완료,2025-01-08 19:00:00
598,269,첫결제,2025-03-18 19:55:00
599,270,가입,2025-01-01 00:00:00
600,270,첫결제,2025-01-03 19:33:00
601,271,가입,2025-04-07 00:00:00
602,271,튜토리얼완료,2025-04-10 03:00:00
603,272,가입,2025-01-22 00:00:00
604,272,튜토리얼완료,2025-01-23 02:00:00
605,273,가입,2025-02-11 00:00:00
606,274,가입,2025-02-22 00:00:00
607,274,튜토리얼완료,2025-02-24 14:00:00
608,274,첫결제,2025-03-04 01:48:00
609,275,가입,2025-01-11 00:00:00
610,275,튜토리얼완료,2025-01-14 21:00:00
611,276,가입,2025-06-25 00:00:00
612,276,튜토리얼완료,2025-06-25 11:00:00
613,276,첫결제,2025-06-25 02:31:00
614,277,가입,2025-02-02 00:00:00
615,277,튜토리얼완료,2025-02-05 00:00:00
616,278,가입,2025-01-05 00:00:00
617,278,튜토리얼완료,2025-01-08 09:00:00
618,279,가입,2025-01-07 00:00:00
619,280,가입,2025-01-30 00:00:00
620,280,튜토리얼완료,2025-02-01 12:00:00
621,281,가입,2025-01-08 00:00:00
622,281,튜토리얼완료,2025-01-09 07:00:00
623,282,가입,2025-01-20 00:00:00
624,282,튜토리얼완료,2025-01-22 00:00:00
625,282,첫결제,2025-02-09 14:30:00
626,283,가입,2025-02-14 00:00:00
627,283,튜토리얼완료,2025-02-16 17:00:00
628,284,가입,2025-01-03 00:00:00
629,284,튜토리얼완료,2025-01-05 03:00:00
630,285,가입,2025-01-22 00:00:00
631,285,튜토리얼완료,2025-01-23 21:00:00
632,285,첫결제,2025-02-04 20:08:00
633,286,가입,2025-04-05 00:00:00
634,286,튜토리얼완료,2025-04-07 08:00:00
635,287,가입,2025-01-05 00:00:00
636,287,튜토리얼완료,2025-01-05 01:00:00
637,287,첫결제,2025-01-07 05:16:00
638,288,가입,2025-02-28 00:00:00
639,288,튜토리얼완료,2025-03-03 00:00:00
640,288,첫결제,2025-03-02 05:23:00
641,289,가입,2025-01-04 00:00:00
642,289,튜토리얼완료,2025-01-04 05:00:00
643,289,첫결제,2025-01-07 10:23:00
644,290,가입,2025-06-10 00:00:00
645,290,튜토리얼완료,2025-06-12 22:00:00
646,291,가입,2025-01-16 00:00:00
647,291,튜토리얼완료,2025-01-17 07:00:00
648,292,가입,2025-01-15 00:00:00
649,293,가입,2025-03-07 00:00:00
650,293,튜토리얼완료,2025-03-07 22:00:00
651,294,가입,2025-05-16 00:00:00
652,294,튜토리얼완료,2025-05-19 15:00:00
653,295,가입,2025-06-29 00:00:00
654,296,가입,2025-03-24 00:00:00
655,296,튜토리얼완료,2025-03-27 10:00:00
656,297,가입,2025-04-14 00:00:00
657,297,튜토리얼완료,2025-04-16 14:00:00
658,297,첫결제,2025-04-15 09:20:00
659,298,가입,2025-03-07 00:00:00
660,298,튜토리얼완료,2025-03-08 17:00:00
661,298,첫결제,2025-03-22 13:18:00
662,299,가입,2025-01-12 00:00:00
663,299,튜토리얼완료,2025-01-14 08:00:00
664,300,가입,2025-03-11 00:00:00
665,300,첫결제,2025-03-12 07:35:00
666,301,가입,2025-01-11 00:00:00
667,301,튜토리얼완료,2025-01-12 19:00:00
668,301,첫결제,2025-01-14 10:19:00
669,302,가입,2025-03-01 00:00:00
670,303,가입,2025-02-16 00:00:00
671,303,튜토리얼완료,2025-02-18 00:00:00
672,303,첫결제,2025-02-26 04:07:00
673,304,가입,2025-01-22 00:00:00
674,304,첫결제,2025-01-29 19:43:00
675,305,가입,2025-02-12 00:00:00
676,305,튜토리얼완료,2025-02-13 07:00:00
677,305,첫결제,2025-02-28 20:40:00
678,306,가입,2025-02-24 00:00:00
679,306,튜토리얼완료,2025-02-27 13:00:00
680,306,첫결제,2025-03-26 11:13:00
681,307,가입,2025-01-14 00:00:00
682,307,튜토리얼완료,2025-01-16 20:00:00
683,308,가입,2025-01-26 00:00:00
684,309,가입,2025-01-26 00:00:00
685,309,튜토리얼완료,2025-01-29 07:00:00
686,309,첫결제,2025-01-31 19:06:00
687,310,가입,2025-01-07 00:00:00
688,310,튜토리얼완료,2025-01-07 04:00:00
689,311,가입,2025-01-18 00:00:00
690,311,튜토리얼완료,2025-01-18 05:00:00
691,312,가입,2025-03-03 00:00:00
692,312,튜토리얼완료,2025-03-04 16:00:00
693,312,첫결제,2025-04-20 15:08:00
694,313,가입,2025-03-13 00:00:00
695,313,튜토리얼완료,2025-03-13 11:00:00
696,313,첫결제,2025-04-30 17:52:00
697,314,가입,2025-02-04 00:00:00
698,314,튜토리얼완료,2025-02-07 17:00:00
699,314,첫결제,2025-02-10 02:55:00
700,315,가입,2025-02-05 00:00:00
701,315,튜토리얼완료,2025-02-08 04:00:00
702,316,가입,2025-01-24 00:00:00
703,316,튜토리얼완료,2025-01-26 13:00:00
704,317,가입,2025-03-11 00:00:00
705,317,튜토리얼완료,2025-03-14 22:00:00
706,318,가입,2025-01-25 00:00:00
707,318,튜토리얼완료,2025-01-27 19:00:00
708,318,첫결제,2025-02-06 19:35:00
709,319,가입,2025-02-27 00:00:00
710,319,튜토리얼완료,2025-03-02 04:00:00
711,320,가입,2025-02-08 00:00:00
712,320,튜토리얼완료,2025-02-09 03:00:00
713,320,첫결제,2025-02-20 14:28:00
714,321,가입,2025-02-06 00:00:00
715,321,튜토리얼완료,2025-02-07 08:00:00
716,321,첫결제,2025-02-08 12:41:00
717,322,가입,2025-06-22 00:00:00
718,323,가입,2025-05-09 00:00:00
719,323,튜토리얼완료,2025-05-09 02:00:00
720,323,첫결제,2025-05-09 22:00:00
721,324,가입,2025-02-27 00:00:00
722,324,튜토리얼완료,2025-03-02 22:00:00
723,325,가입,2025-03-13 00:00:00
724,325,튜토리얼완료,2025-03-14 21:00:00
725,326,가입,2025-01-09 00:00:00
726,326,튜토리얼완료,2025-01-12 05:00:00
727,327,가입,2025-01-28 00:00:00
728,327,튜토리얼완료,2025-01-31 13:00:00
729,328,가입,2025-03-20 00:00:00
730,328,튜토리얼완료,2025-03-23 23:00:00
731,328,첫결제,2025-03-22 17:17:00
732,329,가입,2025-03-03 00:00:00
733,330,가입,2025-01-15 00:00:00
734,330,튜토리얼완료,2025-01-15 20:00:00
735,330,첫결제,2025-01-27 06:00:00
736,331,가입,2025-06-29 00:00:00
737,331,튜토리얼완료,2025-07-02 07:00:00
738,332,가입,2025-01-03 00:00:00
739,332,튜토리얼완료,2025-01-04 22:00:00
740,333,가입,2025-03-08 00:00:00
741,333,튜토리얼완료,2025-03-11 19:00:00
742,333,첫결제,2025-03-13 20:04:00
743,334,가입,2025-01-06 00:00:00
744,334,튜토리얼완료,2025-01-09 04:00:00
745,334,첫결제,2025-01-15 20:12:00
746,335,가입,2025-05-28 00:00:00
747,335,튜토리얼완료,2025-05-29 12:00:00
748,335,첫결제,2025-06-03 14:17:00
749,336,가입,2025-01-06 00:00:00
750,336,튜토리얼완료,2025-01-07 15:00:00
751,336,첫결제,2025-03-31 17:56:00
752,337,가입,2025-04-04 00:00:00
753,337,튜토리얼완료,2025-04-05 20:00:00
754,338,가입,2025-01-11 00:00:00
755,338,튜토리얼완료,2025-01-13 16:00:00
756,339,가입,2025-06-29 00:00:00
757,340,가입,2025-02-04 00:00:00
758,340,튜토리얼완료,2025-02-06 21:00:00
759,340,첫결제,2025-02-23 13:30:00
760,341,가입,2025-03-12 00:00:00
761,341,튜토리얼완료,2025-03-15 08:00:00
762,342,가입,2025-02-28 00:00:00
763,342,튜토리얼완료,2025-02-28 17:00:00
764,343,가입,2025-02-10 00:00:00
765,343,튜토리얼완료,2025-02-13 17:00:00
766,344,가입,2025-03-28 00:00:00
767,344,튜토리얼완료,2025-03-31 18:00:00
768,345,가입,2025-02-14 00:00:00
769,345,튜토리얼완료,2025-02-15 14:00:00
770,345,첫결제,2025-03-26 20:09:00
771,346,가입,2025-06-14 00:00:00
772,346,튜토리얼완료,2025-06-14 23:00:00
773,347,가입,2025-01-04 00:00:00
774,347,튜토리얼완료,2025-01-06 08:00:00
775,347,첫결제,2025-01-07 21:33:00
776,348,가입,2025-06-29 00:00:00
777,349,가입,2025-02-19 00:00:00
778,349,튜토리얼완료,2025-02-20 09:00:00
779,349,첫결제,2025-03-03 23:56:00
780,350,가입,2025-01-18 00:00:00
781,350,튜토리얼완료,2025-01-21 02:00:00
782,351,가입,2025-02-05 00:00:00
783,352,가입,2025-03-16 00:00:00
784,352,튜토리얼완료,2025-03-19 19:00:00
785,353,가입,2025-03-01 00:00:00
786,354,가입,2025-05-06 00:00:00
787,354,튜토리얼완료,2025-05-08 02:00:00
788,354,첫결제,2025-05-12 22:21:00
789,355,가입,2025-05-17 00:00:00
790,355,튜토리얼완료,2025-05-19 06:00:00
791,355,첫결제,2025-05-17 21:46:00
792,356,가입,2025-02-26 00:00:00
793,356,튜토리얼완료,2025-02-27 15:00:00
794,357,가입,2025-04-05 00:00:00
795,357,튜토리얼완료,2025-04-06 02:00:00
796,358,가입,2025-02-10 00:00:00
797,358,튜토리얼완료,2025-02-13 10:00:00
798,359,가입,2025-01-07 00:00:00
799,359,튜토리얼완료,2025-01-08 20:00:00
800,359,첫결제,2025-02-08 22:53:00
801,360,가입,2025-02-02 00:00:00
802,361,가입,2025-01-18 00:00:00
803,361,튜토리얼완료,2025-01-18 00:00:00
804,362,가입,2025-04-29 00:00:00
805,362,튜토리얼완료,2025-05-02 22:00:00
806,363,가입,2025-01-14 00:00:00
807,363,튜토리얼완료,2025-01-17 12:00:00
808,363,첫결제,2025-01-22 19:08:00
809,364,가입,2025-03-18 00:00:00
810,364,튜토리얼완료,2025-03-21 21:00:00
811,365,가입,2025-05-17 00:00:00
812,365,첫결제,2025-05-29 11:45:00
813,366,가입,2025-01-09 00:00:00
814,366,튜토리얼완료,2025-01-11 09:00:00
815,366,첫결제,2025-01-11 19:46:00
816,367,가입,2025-02-26 00:00:00
817,368,가입,2025-06-06 00:00:00
818,368,튜토리얼완료,2025-06-08 17:00:00
819,369,가입,2025-01-31 00:00:00
820,369,튜토리얼완료,2025-02-01 12:00:00
821,370,가입,2025-01-30 00:00:00
822,370,튜토리얼완료,2025-02-02 10:00:00
823,370,첫결제,2025-02-04 11:12:00
824,371,가입,2025-02-09 00:00:00
825,371,튜토리얼완료,2025-02-10 12:00:00
826,372,가입,2025-01-13 00:00:00
827,372,튜토리얼완료,2025-01-16 04:00:00
828,373,가입,2025-01-11 00:00:00
829,373,튜토리얼완료,2025-01-13 09:00:00
830,374,가입,2025-06-29 00:00:00
831,374,튜토리얼완료,2025-06-29 10:00:00
832,375,가입,2025-05-25 00:00:00
833,375,튜토리얼완료,2025-05-26 17:00:00
834,375,첫결제,2025-05-27 09:55:00
835,376,가입,2025-02-05 00:00:00
836,377,가입,2025-01-20 00:00:00
837,377,튜토리얼완료,2025-01-22 19:00:00
838,377,첫결제,2025-02-05 07:19:00
839,378,가입,2025-03-22 00:00:00
840,379,가입,2025-06-29 00:00:00
841,379,튜토리얼완료,2025-07-02 00:00:00
842,380,가입,2025-05-11 00:00:00
843,380,튜토리얼완료,2025-05-14 21:00:00
844,381,가입,2025-01-30 00:00:00
845,381,튜토리얼완료,2025-01-30 09:00:00
846,381,첫결제,2025-02-10 16:50:00
847,382,가입,2025-02-09 00:00:00
848,382,튜토리얼완료,2025-02-11 21:00:00
849,382,첫결제,2025-02-17 17:33:00
850,383,가입,2025-03-07 00:00:00
851,383,튜토리얼완료,2025-03-09 01:00:00
852,384,가입,2025-02-15 00:00:00
853,384,튜토리얼완료,2025-02-15 19:00:00
854,385,가입,2025-01-20 00:00:00
855,385,튜토리얼완료,2025-01-22 08:00:00
856,386,가입,2025-01-20 00:00:00
857,386,튜토리얼완료,2025-01-20 17:00:00
858,387,가입,2025-03-06 00:00:00
859,387,튜토리얼완료,2025-03-07 17:00:00
860,388,가입,2025-06-29 00:00:00
861,388,튜토리얼완료,2025-07-02 06:00:00
862,389,가입,2025-01-12 00:00:00
863,389,튜토리얼완료,2025-01-14 00:00:00
864,390,가입,2025-03-13 00:00:00
865,391,가입,2025-06-07 00:00:00
866,391,튜토리얼완료,2025-06-09 16:00:00
867,392,가입,2025-01-01 00:00:00
868,393,가입,2025-02-02 00:00:00
869,393,첫결제,2025-02-02 19:32:00
870,394,가입,2025-03-22 00:00:00
871,395,가입,2025-05-17 00:00:00
872,395,튜토리얼완료,2025-05-17 18:00:00
873,395,첫결제,2025-05-26 06:00:00
874,396,가입,2025-06-19 00:00:00
875,396,튜토리얼완료,2025-06-20 07:00:00
876,397,가입,2025-01-21 00:00:00
877,397,튜토리얼완료,2025-01-23 21:00:00
878,398,가입,2025-01-05 00:00:00
879,398,튜토리얼완료,2025-01-07 05:00:00
880,399,가입,2025-01-21 00:00:00
881,399,튜토리얼완료,2025-01-21 02:00:00
882,400,가입,2025-02-18 00:00:00
883,400,튜토리얼완료,2025-02-20 04:00:00
884,400,첫결제,2025-04-04 19:42:00
885,401,가입,2025-01-16 00:00:00
886,401,튜토리얼완료,2025-01-18 22:00:00
887,402,가입,2025-01-26 00:00:00
888,402,튜토리얼완료,2025-01-27 14:00:00
889,403,가입,2025-03-27 00:00:00
890,403,튜토리얼완료,2025-03-30 21:00:00
891,404,가입,2025-01-02 00:00:00
892,405,가입,2025-04-17 00:00:00
893,405,튜토리얼완료,2025-04-19 13:00:00
894,405,첫결제,2025-05-10 21:54:00
895,406,가입,2025-01-02 00:00:00
896,406,튜토리얼완료,2025-01-02 04:00:00
897,406,첫결제,2025-01-05 05:45:00
898,407,가입,2025-02-27 00:00:00
899,407,튜토리얼완료,2025-03-01 12:00:00
900,408,가입,2025-01-04 00:00:00
901,408,튜토리얼완료,2025-01-06 03:00:00
902,409,가입,2025-01-20 00:00:00
903,410,가입,2025-02-05 00:00:00
904,411,가입,2025-05-11 00:00:00
905,411,튜토리얼완료,2025-05-11 11:00:00
906,412,가입,2025-01-13 00:00:00
907,412,튜토리얼완료,2025-01-15 19:00:00
908,413,가입,2025-06-29 00:00:00
909,413,튜토리얼완료,2025-06-29 01:00:00
910,414,가입,2025-05-11 00:00:00
911,414,튜토리얼완료,2025-05-12 11:00:00
912,415,가입,2025-01-05 00:00:00
913,415,튜토리얼완료,2025-01-07 13:00:00
914,416,가입,2025-01-01 00:00:00
915,416,튜토리얼완료,2025-01-01 17:00:00
916,417,가입,2025-01-11 00:00:00
917,417,튜토리얼완료,2025-01-14 06:00:00
918,417,첫결제,2025-01-16 23:24:00
919,418,가입,2025-02-28 00:00:00
920,418,튜토리얼완료,2025-03-03 21:00:00
921,419,가입,2025-06-29 00:00:00
922,419,튜토리얼완료,2025-07-01 15:00:00
923,420,가입,2025-01-22 00:00:00
924,420,튜토리얼완료,2025-01-24 19:00:00
925,421,가입,2025-03-25 00:00:00
926,421,튜토리얼완료,2025-03-25 07:00:00
927,422,가입,2025-01-06 00:00:00
928,422,튜토리얼완료,2025-01-07 13:00:00
929,422,첫결제,2025-02-19 23:51:00
930,423,가입,2025-04-04 00:00:00
931,424,가입,2025-04-30 00:00:00
932,424,첫결제,2025-05-02 21:35:00
933,425,가입,2025-05-14 00:00:00
934,425,튜토리얼완료,2025-05-15 16:00:00
935,425,첫결제,2025-05-18 20:49:00
936,426,가입,2025-05-16 00:00:00
937,426,튜토리얼완료,2025-05-19 14:00:00
938,427,가입,2025-04-09 00:00:00
939,427,튜토리얼완료,2025-04-10 08:00:00
940,428,가입,2025-01-06 00:00:00
941,428,튜토리얼완료,2025-01-09 22:00:00
942,429,가입,2025-02-19 00:00:00
943,429,첫결제,2025-03-06 23:54:00
944,430,가입,2025-01-27 00:00:00
945,431,가입,2025-01-29 00:00:00
946,431,튜토리얼완료,2025-02-01 06:00:00
947,431,첫결제,2025-02-17 05:43:00
948,432,가입,2025-05-15 00:00:00
949,432,튜토리얼완료,2025-05-17 02:00:00
950,433,가입,2025-05-10 00:00:00
951,433,튜토리얼완료,2025-05-13 19:00:00
952,434,가입,2025-03-12 00:00:00
953,434,튜토리얼완료,2025-03-15 19:00:00
954,435,가입,2025-01-16 00:00:00
955,435,첫결제,2025-01-23 11:26:00
956,436,가입,2025-03-08 00:00:00
957,436,튜토리얼완료,2025-03-09 12:00:00
958,436,첫결제,2025-04-10 01:14:00
959,437,가입,2025-01-18 00:00:00
960,437,튜토리얼완료,2025-01-21 18:00:00
961,438,가입,2025-03-31 00:00:00
962,438,튜토리얼완료,2025-04-01 15:00:00
963,439,가입,2025-01-12 00:00:00
964,439,튜토리얼완료,2025-01-15 12:00:00
965,440,가입,2025-03-13 00:00:00
966,440,튜토리얼완료,2025-03-15 15:00:00
967,441,가입,2025-01-29 00:00:00
968,441,튜토리얼완료,2025-01-30 23:00:00
969,441,첫결제,2025-02-06 06:54:00
970,442,가입,2025-01-06 00:00:00
971,443,가입,2025-03-24 00:00:00
972,443,튜토리얼완료,2025-03-26 19:00:00
973,443,첫결제,2025-03-29 18:59:00
974,444,가입,2025-01-08 00:00:00
975,444,튜토리얼완료,2025-01-09 21:00:00
976,445,가입,2025-06-29 00:00:00
977,446,가입,2025-02-09 00:00:00
978,446,튜토리얼완료,2025-02-10 02:00:00
979,446,첫결제,2025-02-25 20:43:00
980,447,가입,2025-01-22 00:00:00
981,447,첫결제,2025-02-03 10:48:00
982,448,가입,2025-01-12 00:00:00
983,448,튜토리얼완료,2025-01-13 17:00:00
984,448,첫결제,2025-01-12 21:28:00
985,449,가입,2025-02-13 00:00:00
986,449,튜토리얼완료,2025-02-16 10:00:00
987,450,가입,2025-03-25 00:00:00
988,450,첫결제,2025-04-08 04:23:00
989,451,가입,2025-04-17 00:00:00
990,452,가입,2025-02-22 00:00:00
991,453,가입,2025-06-29 00:00:00
992,453,튜토리얼완료,2025-07-01 09:00:00
993,454,가입,2025-04-04 00:00:00
994,454,튜토리얼완료,2025-04-06 07:00:00
995,454,첫결제,2025-04-10 05:48:00
996,455,가입,2025-01-11 00:00:00
997,455,튜토리얼완료,2025-01-13 20:00:00
998,455,첫결제,2025-01-12 22:01:00
999,456,가입,2025-06-29 00:00:00
1000,456,튜토리얼완료,2025-07-01 01:00:00
1001,457,가입,2025-01-25 00:00:00
1002,457,튜토리얼완료,2025-01-28 21:00:00
1003,457,첫결제,2025-01-29 23:57:00
1004,458,가입,2025-06-29 00:00:00
1005,458,튜토리얼완료,2025-06-30 01:00:00
1006,459,가입,2025-01-19 00:00:00
1007,459,튜토리얼완료,2025-01-22 12:00:00
1008,459,첫결제,2025-02-04 14:52:00
1009,460,가입,2025-02-01 00:00:00
1010,461,가입,2025-03-10 00:00:00
1011,461,튜토리얼완료,2025-03-10 08:00:00
1012,462,가입,2025-01-05 00:00:00
1013,462,튜토리얼완료,2025-01-06 15:00:00
1014,463,가입,2025-06-08 00:00:00
1015,463,튜토리얼완료,2025-06-11 13:00:00
1016,463,첫결제,2025-06-26 03:22:00
1017,464,가입,2025-01-27 00:00:00
1018,464,튜토리얼완료,2025-01-29 07:00:00
1019,465,가입,2025-01-16 00:00:00
1020,465,튜토리얼완료,2025-01-18 03:00:00
1021,465,첫결제,2025-01-26 22:35:00
1022,466,가입,2025-01-04 00:00:00
1023,466,첫결제,2025-01-04 20:37:00
1024,467,가입,2025-01-02 00:00:00
1025,467,튜토리얼완료,2025-01-02 10:00:00
1026,468,가입,2025-01-02 00:00:00
1027,468,첫결제,2025-01-08 19:26:00
1028,469,가입,2025-01-23 00:00:00
1029,469,튜토리얼완료,2025-01-23 02:00:00
1030,470,가입,2025-01-22 00:00:00
1031,470,튜토리얼완료,2025-01-23 15:00:00
1032,470,첫결제,2025-01-22 05:50:00
1033,471,가입,2025-03-03 00:00:00
1034,471,튜토리얼완료,2025-03-03 04:00:00
1035,472,가입,2025-05-18 00:00:00
1036,472,첫결제,2025-05-23 19:11:00
1037,473,가입,2025-03-12 00:00:00
1038,473,튜토리얼완료,2025-03-13 07:00:00
1039,473,첫결제,2025-03-12 21:05:00
1040,474,가입,2025-03-07 00:00:00
1041,474,튜토리얼완료,2025-03-08 11:00:00
1042,474,첫결제,2025-03-24 20:41:00
1043,475,가입,2025-02-03 00:00:00
1044,475,튜토리얼완료,2025-02-04 14:00:00
1045,476,가입,2025-02-28 00:00:00
1046,476,튜토리얼완료,2025-02-28 16:00:00
1047,477,가입,2025-02-18 00:00:00
1048,477,튜토리얼완료,2025-02-21 11:00:00
1049,477,첫결제,2025-02-22 16:14:00
1050,478,가입,2025-01-04 00:00:00
1051,478,튜토리얼완료,2025-01-05 04:00:00
1052,478,첫결제,2025-01-04 14:10:00
1053,479,가입,2025-01-17 00:00:00
1054,479,튜토리얼완료,2025-01-18 23:00:00
1055,479,첫결제,2025-01-18 21:02:00
1056,480,가입,2025-01-16 00:00:00
1057,480,튜토리얼완료,2025-01-18 00:00:00
1058,480,첫결제,2025-01-27 05:53:00
1059,481,가입,2025-01-05 00:00:00
1060,481,튜토리얼완료,2025-01-05 11:00:00
1061,481,첫결제,2025-01-10 20:25:00
1062,482,가입,2025-01-28 00:00:00
1063,482,튜토리얼완료,2025-01-29 18:00:00
1064,483,가입,2025-01-04 00:00:00
1065,483,튜토리얼완료,2025-01-04 08:00:00
1066,483,첫결제,2025-01-15 22:37:00
1067,484,가입,2025-04-01 00:00:00
1068,484,튜토리얼완료,2025-04-03 06:00:00
1069,485,가입,2025-04-03 00:00:00
1070,485,튜토리얼완료,2025-04-03 10:00:00
1071,485,첫결제,2025-04-03 01:06:00
1072,486,가입,2025-01-07 00:00:00
1073,486,튜토리얼완료,2025-01-10 12:00:00
1074,487,가입,2025-01-06 00:00:00
1075,487,튜토리얼완료,2025-01-08 13:00:00
1076,487,첫결제,2025-01-08 21:35:00
1077,488,가입,2025-06-29 00:00:00
1078,488,튜토리얼완료,2025-06-30 00:00:00
1079,489,가입,2025-01-19 00:00:00
1080,489,튜토리얼완료,2025-01-19 19:00:00
1081,490,가입,2025-02-12 00:00:00
1082,490,튜토리얼완료,2025-02-14 14:00:00
1083,490,첫결제,2025-03-08 17:27:00
1084,491,가입,2025-02-06 00:00:00
1085,491,튜토리얼완료,2025-02-08 17:00:00
1086,491,첫결제,2025-02-08 23:09:00
1087,492,가입,2025-03-18 00:00:00
1088,492,튜토리얼완료,2025-03-19 11:00:00
1089,492,첫결제,2025-03-30 20:05:00
1090,493,가입,2025-03-04 00:00:00
1091,493,튜토리얼완료,2025-03-05 23:00:00
1092,493,첫결제,2025-04-01 11:01:00
1093,494,가입,2025-05-18 00:00:00
1094,494,튜토리얼완료,2025-05-21 16:00:00
1095,495,가입,2025-01-12 00:00:00
1096,495,튜토리얼완료,2025-01-14 14:00:00
1097,496,가입,2025-03-03 00:00:00
1098,496,튜토리얼완료,2025-03-06 04:00:00
1099,496,첫결제,2025-03-09 13:37:00
1100,497,가입,2025-01-26 00:00:00
1101,497,튜토리얼완료,2025-01-29 13:00:00
1102,497,첫결제,2025-01-31 19:58:00
1103,498,가입,2025-02-12 00:00:00
1104,498,튜토리얼완료,2025-02-14 15:00:00
1105,498,첫결제,2025-02-23 19:02:00
1106,499,가입,2025-06-29 00:00:00
1107,499,튜토리얼완료,2025-06-30 17:00:00
1108,500,가입,2025-02-02 00:00:00
1109,500,튜토리얼완료,2025-02-02 00:00:00
1110,500,첫결제,2025-02-22 23:53:00
1111,501,가입,2025-03-12 00:00:00
1112,501,튜토리얼완료,2025-03-15 16:00:00
1113,502,가입,2025-02-08 00:00:00
1114,502,첫결제,2025-02-08 03:20:00
1115,503,가입,2025-01-12 00:00:00
1116,503,튜토리얼완료,2025-01-12 23:00:00
1117,504,가입,2025-01-02 00:00:00
1118,504,튜토리얼완료,2025-01-04 00:00:00
1119,505,가입,2025-04-04 00:00:00
1120,505,튜토리얼완료,2025-04-06 07:00:00
1121,506,가입,2025-01-06 00:00:00
1122,506,튜토리얼완료,2025-01-07 07:00:00
1123,506,첫결제,2025-01-11 02:42:00
1124,507,가입,2025-01-12 00:00:00
1125,507,튜토리얼완료,2025-01-14 06:00:00
1126,507,첫결제,2025-01-18 23:37:00
1127,508,가입,2025-02-24 00:00:00
1128,508,튜토리얼완료,2025-02-25 22:00:00
1129,508,첫결제,2025-02-27 21:52:00
1130,509,가입,2025-01-23 00:00:00
1131,509,튜토리얼완료,2025-01-23 08:00:00
1132,510,가입,2025-02-06 00:00:00
1133,510,첫결제,2025-02-20 20:20:00
1134,511,가입,2025-02-07 00:00:00
1135,511,튜토리얼완료,2025-02-08 05:00:00
1136,512,가입,2025-01-02 00:00:00
1137,512,튜토리얼완료,2025-01-03 08:00:00
1138,513,가입,2025-05-13 00:00:00
1139,513,튜토리얼완료,2025-05-14 22:00:00
1140,513,첫결제,2025-05-28 17:22:00
1141,514,가입,2025-06-29 00:00:00
1142,514,튜토리얼완료,2025-07-02 10:00:00
1143,515,가입,2025-02-11 00:00:00
1144,516,가입,2025-01-25 00:00:00
1145,516,튜토리얼완료,2025-01-26 16:00:00
1146,517,가입,2025-05-17 00:00:00
1147,517,첫결제,2025-06-05 22:10:00
1148,518,가입,2025-02-02 00:00:00
1149,518,튜토리얼완료,2025-02-03 23:00:00
1150,519,가입,2025-02-28 00:00:00
1151,519,튜토리얼완료,2025-03-01 15:00:00
1152,520,가입,2025-05-05 00:00:00
1153,521,가입,2025-01-26 00:00:00
1154,521,튜토리얼완료,2025-01-29 20:00:00
1155,521,첫결제,2025-02-06 22:20:00
1156,522,가입,2025-04-26 00:00:00
1157,522,튜토리얼완료,2025-04-29 04:00:00
1158,523,가입,2025-03-10 00:00:00
1159,523,튜토리얼완료,2025-03-11 16:00:00
1160,524,가입,2025-03-03 00:00:00
1161,524,튜토리얼완료,2025-03-06 03:00:00
1162,525,가입,2025-04-16 00:00:00
1163,525,튜토리얼완료,2025-04-17 05:00:00
1164,526,가입,2025-01-01 00:00:00
1165,526,튜토리얼완료,2025-01-01 03:00:00
1166,527,가입,2025-01-23 00:00:00
1167,527,튜토리얼완료,2025-01-25 06:00:00
1168,527,첫결제,2025-01-30 12:21:00
1169,528,가입,2025-01-14 00:00:00
1170,528,튜토리얼완료,2025-01-16 06:00:00
1171,529,가입,2025-01-20 00:00:00
1172,529,튜토리얼완료,2025-01-23 22:00:00
1173,530,가입,2025-01-26 00:00:00
1174,530,튜토리얼완료,2025-01-28 03:00:00
1175,531,가입,2025-01-16 00:00:00
1176,531,튜토리얼완료,2025-01-18 01:00:00
1177,532,가입,2025-02-05 00:00:00
1178,532,튜토리얼완료,2025-02-06 14:00:00
1179,532,첫결제,2025-02-07 05:07:00
1180,533,가입,2025-01-22 00:00:00
1181,533,튜토리얼완료,2025-01-24 09:00:00
1182,533,첫결제,2025-01-24 15:43:00
1183,534,가입,2025-02-03 00:00:00
1184,534,튜토리얼완료,2025-02-04 10:00:00
1185,534,첫결제,2025-03-16 22:14:00
1186,535,가입,2025-02-09 00:00:00
1187,535,튜토리얼완료,2025-02-09 02:00:00
1188,536,가입,2025-01-17 00:00:00
1189,537,가입,2025-02-28 00:00:00
1190,538,가입,2025-03-12 00:00:00
1191,538,튜토리얼완료,2025-03-13 20:00:00
1192,539,가입,2025-04-04 00:00:00
1193,539,튜토리얼완료,2025-04-05 02:00:00
1194,539,첫결제,2025-04-05 23:50:00
1195,540,가입,2025-01-14 00:00:00
1196,540,튜토리얼완료,2025-01-17 13:00:00
1197,541,가입,2025-03-01 00:00:00
1198,541,튜토리얼완료,2025-03-03 01:00:00
1199,542,가입,2025-03-24 00:00:00
1200,542,튜토리얼완료,2025-03-26 12:00:00
1201,542,첫결제,2025-03-24 04:35:00
1202,543,가입,2025-01-03 00:00:00
1203,544,가입,2025-02-04 00:00:00
1204,544,튜토리얼완료,2025-02-04 01:00:00
1205,544,첫결제,2025-02-05 21:12:00
1206,545,가입,2025-02-27 00:00:00
1207,545,튜토리얼완료,2025-02-27 10:00:00
1208,546,가입,2025-01-18 00:00:00
1209,546,튜토리얼완료,2025-01-18 20:00:00
1210,546,첫결제,2025-01-26 02:08:00
1211,547,가입,2025-04-21 00:00:00
1212,547,첫결제,2025-05-28 15:12:00
1213,548,가입,2025-03-19 00:00:00
1214,548,튜토리얼완료,2025-03-20 01:00:00
1215,548,첫결제,2025-05-03 20:32:00
1216,549,가입,2025-01-12 00:00:00
1217,549,튜토리얼완료,2025-01-13 00:00:00
1218,550,가입,2025-02-05 00:00:00
1219,550,튜토리얼완료,2025-02-07 07:00:00
1220,551,가입,2025-06-29 00:00:00
1221,551,튜토리얼완료,2025-07-01 23:00:00
1222,552,가입,2025-02-17 00:00:00
1223,552,튜토리얼완료,2025-02-19 01:00:00
1224,552,첫결제,2025-03-04 03:44:00
1225,553,가입,2025-03-27 00:00:00
1226,553,튜토리얼완료,2025-03-30 06:00:00
1227,554,가입,2025-05-29 00:00:00
1228,554,튜토리얼완료,2025-06-01 00:00:00
1229,555,가입,2025-02-05 00:00:00
1230,555,튜토리얼완료,2025-02-06 13:00:00
1231,556,가입,2025-01-06 00:00:00
1232,556,튜토리얼완료,2025-01-09 23:00:00
1233,556,첫결제,2025-01-24 07:56:00
1234,557,가입,2025-01-15 00:00:00
1235,557,튜토리얼완료,2025-01-15 18:00:00
1236,558,가입,2025-02-09 00:00:00
1237,558,튜토리얼완료,2025-02-09 22:00:00
1238,559,가입,2025-02-05 00:00:00
1239,559,튜토리얼완료,2025-02-08 01:00:00
1240,559,첫결제,2025-03-26 15:10:00
1241,560,가입,2025-02-18 00:00:00
1242,560,튜토리얼완료,2025-02-19 20:00:00
1243,560,첫결제,2025-02-23 22:18:00
1244,561,가입,2025-03-21 00:00:00
1245,561,첫결제,2025-03-23 23:30:00
1246,562,가입,2025-04-02 00:00:00
1247,562,튜토리얼완료,2025-04-05 20:00:00
1248,563,가입,2025-03-05 00:00:00
1249,563,튜토리얼완료,2025-03-05 18:00:00
1250,564,가입,2025-06-21 00:00:00
1251,564,튜토리얼완료,2025-06-23 05:00:00
1252,565,가입,2025-06-29 00:00:00
1253,566,가입,2025-03-20 00:00:00
1254,567,가입,2025-04-27 00:00:00
1255,567,튜토리얼완료,2025-04-28 02:00:00
1256,568,가입,2025-01-31 00:00:00
1257,568,튜토리얼완료,2025-02-03 05:00:00
1258,569,가입,2025-01-09 00:00:00
1259,569,튜토리얼완료,2025-01-09 13:00:00
1260,570,가입,2025-02-20 00:00:00
1261,570,튜토리얼완료,2025-02-22 18:00:00
1262,570,첫결제,2025-03-05 19:04:00
1263,571,가입,2025-06-05 00:00:00
1264,571,튜토리얼완료,2025-06-07 01:00:00
1265,572,가입,2025-01-10 00:00:00
1266,572,튜토리얼완료,2025-01-12 09:00:00
1267,572,첫결제,2025-01-12 14:02:00
1268,573,가입,2025-01-27 00:00:00
1269,573,튜토리얼완료,2025-01-28 07:00:00
1270,573,첫결제,2025-02-10 02:52:00
1271,574,가입,2025-03-01 00:00:00
1272,574,튜토리얼완료,2025-03-03 04:00:00
1273,575,가입,2025-02-04 00:00:00
1274,575,튜토리얼완료,2025-02-04 19:00:00
1275,576,가입,2025-01-04 00:00:00
1276,576,튜토리얼완료,2025-01-06 18:00:00
1277,576,첫결제,2025-01-07 20:45:00
1278,577,가입,2025-06-29 00:00:00
1279,577,튜토리얼완료,2025-07-01 03:00:00
1280,577,첫결제,2025-06-29 21:16:00
1281,578,가입,2025-02-16 00:00:00
1282,578,튜토리얼완료,2025-02-16 10:00:00
1283,579,가입,2025-01-18 00:00:00
1284,579,튜토리얼완료,2025-01-19 21:00:00
1285,580,가입,2025-01-30 00:00:00
1286,580,첫결제,2025-02-04 06:44:00
1287,581,가입,2025-01-02 00:00:00
1288,581,튜토리얼완료,2025-01-04 19:00:00
1289,581,첫결제,2025-02-13 05:08:00
1290,582,가입,2025-02-18 00:00:00
1291,582,튜토리얼완료,2025-02-19 06:00:00
1292,582,첫결제,2025-04-04 02:35:00
1293,583,가입,2025-04-09 00:00:00
1294,583,튜토리얼완료,2025-04-10 04:00:00
1295,584,가입,2025-02-18 00:00:00
1296,584,튜토리얼완료,2025-02-18 00:00:00
1297,584,첫결제,2025-03-25 21:10:00
1298,585,가입,2025-03-31 00:00:00
1299,585,튜토리얼완료,2025-03-31 21:00:00
1300,586,가입,2025-02-10 00:00:00
1301,586,튜토리얼완료,2025-02-12 17:00:00
1302,587,가입,2025-03-29 00:00:00
1303,587,튜토리얼완료,2025-03-29 14:00:00
1304,587,첫결제,2025-04-27 17:28:00
1305,588,가입,2025-02-12 00:00:00
1306,589,가입,2025-03-03 00:00:00
1307,589,튜토리얼완료,2025-03-03 19:00:00
1308,590,가입,2025-04-26 00:00:00
1309,590,튜토리얼완료,2025-04-28 09:00:00
1310,590,첫결제,2025-04-29 03:49:00
1311,591,가입,2025-06-29 00:00:00
1312,591,튜토리얼완료,2025-07-01 00:00:00
1313,592,가입,2025-02-02 00:00:00
1314,592,튜토리얼완료,2025-02-03 23:00:00
1315,592,첫결제,2025-02-03 19:36:00
1316,593,가입,2025-06-29 00:00:00
1317,593,튜토리얼완료,2025-06-29 12:00:00
1318,594,가입,2025-01-07 00:00:00
1319,594,튜토리얼완료,2025-01-08 14:00:00
1320,595,가입,2025-02-24 00:00:00
1321,595,튜토리얼완료,2025-02-24 00:00:00
1322,596,가입,2025-02-12 00:00:00
1323,596,튜토리얼완료,2025-02-14 04:00:00
1324,597,가입,2025-02-21 00:00:00
1325,598,가입,2025-04-21 00:00:00
1326,598,튜토리얼완료,2025-04-22 20:00:00
1327,599,가입,2025-01-30 00:00:00
1328,599,튜토리얼완료,2025-01-31 03:00:00
1329,600,가입,2025-06-29 00:00:00
1330,600,튜토리얼완료,2025-07-01 00:00:00
1331,601,가입,2025-02-17 00:00:00
1332,601,튜토리얼완료,2025-02-18 06:00:00
1333,602,가입,2025-03-29 00:00:00
1334,602,튜토리얼완료,2025-04-01 20:00:00
1335,603,가입,2025-02-23 00:00:00
1336,603,튜토리얼완료,2025-02-26 20:00:00
1337,604,가입,2025-02-14 00:00:00
1338,604,튜토리얼완료,2025-02-15 21:00:00
1339,604,첫결제,2025-03-14 19:11:00
1340,605,가입,2025-02-04 00:00:00
1341,605,튜토리얼완료,2025-02-07 10:00:00
1342,606,가입,2025-01-02 00:00:00
1343,606,튜토리얼완료,2025-01-02 04:00:00
1344,606,첫결제,2025-01-04 12:26:00
1345,607,가입,2025-06-29 00:00:00
1346,608,가입,2025-03-04 00:00:00
1347,608,튜토리얼완료,2025-03-05 08:00:00
1348,608,첫결제,2025-04-11 07:50:00
1349,609,가입,2025-06-15 00:00:00
1350,609,튜토리얼완료,2025-06-17 06:00:00
1351,609,첫결제,2025-06-22 11:42:00
1352,610,가입,2025-06-29 00:00:00
1353,610,첫결제,2025-06-29 19:39:00
1354,611,가입,2025-04-03 00:00:00
1355,611,튜토리얼완료,2025-04-05 04:00:00
1356,611,첫결제,2025-04-09 20:03:00
1357,612,가입,2025-01-29 00:00:00
1358,613,가입,2025-02-08 00:00:00
1359,613,튜토리얼완료,2025-02-09 20:00:00
1360,614,가입,2025-01-06 00:00:00
1361,614,튜토리얼완료,2025-01-07 05:00:00
1362,614,첫결제,2025-01-20 05:07:00
1363,615,가입,2025-05-23 00:00:00
1364,615,튜토리얼완료,2025-05-26 03:00:00
1365,616,가입,2025-03-12 00:00:00
1366,616,튜토리얼완료,2025-03-14 02:00:00
1367,616,첫결제,2025-04-10 19:19:00
1368,617,가입,2025-06-14 00:00:00
1369,617,튜토리얼완료,2025-06-14 02:00:00
1370,618,가입,2025-05-26 00:00:00
1371,618,튜토리얼완료,2025-05-27 14:00:00
1372,619,가입,2025-01-03 00:00:00
1373,619,튜토리얼완료,2025-01-04 23:00:00
1374,620,가입,2025-04-16 00:00:00
1375,620,첫결제,2025-04-25 15:58:00
1376,621,가입,2025-01-09 00:00:00
1377,621,튜토리얼완료,2025-01-11 03:00:00
1378,621,첫결제,2025-01-31 20:06:00
1379,622,가입,2025-01-05 00:00:00
1380,622,튜토리얼완료,2025-01-05 08:00:00
1381,622,첫결제,2025-01-29 14:11:00
1382,623,가입,2025-03-10 00:00:00
1383,623,튜토리얼완료,2025-03-13 07:00:00
1384,623,첫결제,2025-03-26 05:19:00
1385,624,가입,2025-02-06 00:00:00
1386,625,가입,2025-04-05 00:00:00
1387,625,튜토리얼완료,2025-04-07 00:00:00
1388,626,가입,2025-06-29 00:00:00
1389,626,튜토리얼완료,2025-07-01 09:00:00
1390,627,가입,2025-02-03 00:00:00
1391,628,가입,2025-02-25 00:00:00
1392,628,튜토리얼완료,2025-02-25 22:00:00
1393,628,첫결제,2025-03-03 03:15:00
1394,629,가입,2025-01-01 00:00:00
1395,629,튜토리얼완료,2025-01-01 07:00:00
1396,629,첫결제,2025-02-01 23:06:00
1397,630,가입,2025-01-14 00:00:00
1398,630,튜토리얼완료,2025-01-14 06:00:00
1399,630,첫결제,2025-01-16 10:27:00
1400,631,가입,2025-03-09 00:00:00
1401,632,가입,2025-01-01 00:00:00
1402,632,튜토리얼완료,2025-01-04 00:00:00
1403,633,가입,2025-03-04 00:00:00
1404,633,튜토리얼완료,2025-03-06 02:00:00
1405,634,가입,2025-03-01 00:00:00
1406,634,튜토리얼완료,2025-03-03 02:00:00
1407,635,가입,2025-01-06 00:00:00
1408,635,튜토리얼완료,2025-01-07 08:00:00
1409,636,가입,2025-06-06 00:00:00
1410,636,튜토리얼완료,2025-06-06 01:00:00
1411,637,가입,2025-03-29 00:00:00
1412,637,튜토리얼완료,2025-03-31 07:00:00
1413,638,가입,2025-05-24 00:00:00
1414,638,튜토리얼완료,2025-05-26 04:00:00
1415,639,가입,2025-01-10 00:00:00
1416,639,첫결제,2025-01-25 23:12:00
1417,640,가입,2025-03-26 00:00:00
1418,640,튜토리얼완료,2025-03-26 03:00:00
1419,640,첫결제,2025-04-22 19:06:00
1420,641,가입,2025-01-26 00:00:00
1421,641,튜토리얼완료,2025-01-29 21:00:00
1422,642,가입,2025-06-29 00:00:00
1423,642,튜토리얼완료,2025-07-01 13:00:00
1424,643,가입,2025-02-09 00:00:00
1425,644,가입,2025-02-27 00:00:00
1426,645,가입,2025-01-20 00:00:00
1427,645,튜토리얼완료,2025-01-21 15:00:00
1428,645,첫결제,2025-02-04 20:45:00
1429,646,가입,2025-02-08 00:00:00
1430,647,가입,2025-03-25 00:00:00
1431,647,튜토리얼완료,2025-03-27 07:00:00
1432,647,첫결제,2025-04-08 01:44:00
1433,648,가입,2025-03-05 00:00:00
1434,648,튜토리얼완료,2025-03-07 13:00:00
1435,649,가입,2025-01-01 00:00:00
1436,649,튜토리얼완료,2025-01-01 04:00:00
1437,650,가입,2025-01-03 00:00:00
1438,650,튜토리얼완료,2025-01-04 17:00:00
1439,651,가입,2025-02-06 00:00:00
1440,651,튜토리얼완료,2025-02-06 16:00:00
1441,652,가입,2025-04-01 00:00:00
1442,653,가입,2025-02-26 00:00:00
1443,653,튜토리얼완료,2025-03-01 20:00:00
1444,654,가입,2025-01-13 00:00:00
1445,655,가입,2025-04-08 00:00:00
1446,655,튜토리얼완료,2025-04-08 11:00:00
1447,656,가입,2025-06-29 00:00:00
1448,656,튜토리얼완료,2025-06-29 18:00:00
1449,657,가입,2025-01-25 00:00:00
1450,657,튜토리얼완료,2025-01-28 11:00:00
1451,657,첫결제,2025-02-03 05:33:00
1452,658,가입,2025-02-09 00:00:00
1453,658,튜토리얼완료,2025-02-12 01:00:00
1454,658,첫결제,2025-02-15 18:49:00
1455,659,가입,2025-02-05 00:00:00
1456,659,튜토리얼완료,2025-02-06 00:00:00
1457,659,첫결제,2025-03-15 20:27:00
1458,660,가입,2025-01-21 00:00:00
1459,660,튜토리얼완료,2025-01-21 15:00:00
1460,660,첫결제,2025-01-22 01:55:00
1461,661,가입,2025-01-26 00:00:00
1462,661,튜토리얼완료,2025-01-28 09:00:00
1463,662,가입,2025-01-22 00:00:00
1464,662,튜토리얼완료,2025-01-24 09:00:00
1465,662,첫결제,2025-01-30 23:30:00
1466,663,가입,2025-01-13 00:00:00
1467,663,튜토리얼완료,2025-01-13 08:00:00
1468,663,첫결제,2025-01-13 03:16:00
1469,664,가입,2025-01-04 00:00:00
1470,664,튜토리얼완료,2025-01-04 07:00:00
1471,664,첫결제,2025-02-24 19:26:00
1472,665,가입,2025-01-21 00:00:00
1473,665,튜토리얼완료,2025-01-24 17:00:00
1474,665,첫결제,2025-01-25 18:12:00
1475,666,가입,2025-05-11 00:00:00
1476,666,튜토리얼완료,2025-05-13 05:00:00
1477,666,첫결제,2025-05-11 23:45:00
1478,667,가입,2025-01-24 00:00:00
1479,668,가입,2025-01-17 00:00:00
1480,668,튜토리얼완료,2025-01-20 17:00:00
1481,668,첫결제,2025-01-22 20:42:00
1482,669,가입,2025-04-04 00:00:00
1483,669,튜토리얼완료,2025-04-04 09:00:00
1484,670,가입,2025-02-01 00:00:00
1485,670,튜토리얼완료,2025-02-02 22:00:00
1486,671,가입,2025-03-27 00:00:00
1487,672,가입,2025-03-11 00:00:00
1488,672,튜토리얼완료,2025-03-11 23:00:00
1489,673,가입,2025-03-11 00:00:00
1490,674,가입,2025-01-22 00:00:00
1491,674,튜토리얼완료,2025-01-24 03:00:00
1492,675,가입,2025-02-21 00:00:00
1493,675,튜토리얼완료,2025-02-22 21:00:00
1494,676,가입,2025-06-24 00:00:00
1495,676,튜토리얼완료,2025-06-25 05:00:00
1496,677,가입,2025-03-23 00:00:00
1497,678,가입,2025-03-15 00:00:00
1498,678,튜토리얼완료,2025-03-17 06:00:00
1499,679,가입,2025-02-06 00:00:00
1500,679,튜토리얼완료,2025-02-08 10:00:00
1501,679,첫결제,2025-02-07 20:34:00
1502,680,가입,2025-03-12 00:00:00
1503,680,튜토리얼완료,2025-03-15 02:00:00
1504,680,첫결제,2025-03-17 15:36:00
1505,681,가입,2025-02-13 00:00:00
1506,681,튜토리얼완료,2025-02-14 07:00:00
1507,681,첫결제,2025-04-14 11:17:00
1508,682,가입,2025-01-11 00:00:00
1509,682,튜토리얼완료,2025-01-11 21:00:00
1510,683,가입,2025-01-22 00:00:00
1511,683,튜토리얼완료,2025-01-22 07:00:00
1512,683,첫결제,2025-01-22 02:24:00
1513,684,가입,2025-01-11 00:00:00
1514,684,튜토리얼완료,2025-01-13 20:00:00
1515,684,첫결제,2025-01-27 15:30:00
1516,685,가입,2025-03-07 00:00:00
1517,686,가입,2025-01-07 00:00:00
1518,686,튜토리얼완료,2025-01-08 11:00:00
1519,687,가입,2025-01-06 00:00:00
1520,687,튜토리얼완료,2025-01-06 04:00:00
1521,688,가입,2025-01-13 00:00:00
1522,688,튜토리얼완료,2025-01-14 19:00:00
1523,688,첫결제,2025-01-16 19:12:00
1524,689,가입,2025-01-29 00:00:00
1525,689,튜토리얼완료,2025-01-29 00:00:00
1526,689,첫결제,2025-03-16 23:45:00
1527,690,가입,2025-01-11 00:00:00
1528,690,튜토리얼완료,2025-01-14 10:00:00
1529,690,첫결제,2025-01-23 23:37:00
1530,691,가입,2025-03-20 00:00:00
1531,691,튜토리얼완료,2025-03-21 14:00:00
1532,691,첫결제,2025-03-21 17:36:00
1533,692,가입,2025-02-16 00:00:00
1534,692,튜토리얼완료,2025-02-19 22:00:00
1535,692,첫결제,2025-02-28 22:40:00
1536,693,가입,2025-06-29 00:00:00
1537,693,튜토리얼완료,2025-06-30 15:00:00
1538,694,가입,2025-06-29 00:00:00
1539,694,튜토리얼완료,2025-07-02 08:00:00
1540,695,가입,2025-02-13 00:00:00
1541,695,튜토리얼완료,2025-02-15 06:00:00
1542,696,가입,2025-02-08 00:00:00
1543,696,튜토리얼완료,2025-02-10 02:00:00
1544,697,가입,2025-01-08 00:00:00
1545,698,가입,2025-04-09 00:00:00
1546,698,튜토리얼완료,2025-04-11 02:00:00
1547,699,가입,2025-06-29 00:00:00
1548,699,튜토리얼완료,2025-07-02 16:00:00
1549,700,가입,2025-02-09 00:00:00
1550,700,튜토리얼완료,2025-02-11 14:00:00
1551,701,가입,2025-04-05 00:00:00
1552,701,튜토리얼완료,2025-04-05 05:00:00
1553,701,첫결제,2025-05-18 22:02:00
1554,702,가입,2025-01-02 00:00:00
1555,702,첫결제,2025-01-09 23:41:00
1556,703,가입,2025-06-29 00:00:00
1557,703,튜토리얼완료,2025-07-01 03:00:00
1558,704,가입,2025-01-07 00:00:00
1559,704,튜토리얼완료,2025-01-10 14:00:00
1560,705,가입,2025-04-01 00:00:00
1561,705,튜토리얼완료,2025-04-03 08:00:00
1562,706,가입,2025-01-04 00:00:00
1563,706,튜토리얼완료,2025-01-04 10:00:00
1564,706,첫결제,2025-01-11 04:11:00
1565,707,가입,2025-01-21 00:00:00
1566,707,튜토리얼완료,2025-01-22 11:00:00
1567,707,첫결제,2025-01-26 03:09:00
1568,708,가입,2025-01-25 00:00:00
1569,709,가입,2025-03-05 00:00:00
1570,709,첫결제,2025-03-13 13:56:00
1571,710,가입,2025-01-04 00:00:00
1572,710,튜토리얼완료,2025-01-06 00:00:00
1573,710,첫결제,2025-01-29 19:01:00
1574,711,가입,2025-01-27 00:00:00
1575,711,튜토리얼완료,2025-01-27 13:00:00
1576,712,가입,2025-01-15 00:00:00
1577,712,튜토리얼완료,2025-01-16 23:00:00
1578,712,첫결제,2025-01-25 17:23:00
1579,713,가입,2025-01-08 00:00:00
1580,714,가입,2025-04-12 00:00:00
1581,715,가입,2025-01-29 00:00:00
1582,715,튜토리얼완료,2025-01-31 09:00:00
1583,715,첫결제,2025-02-13 21:40:00
1584,716,가입,2025-01-06 00:00:00
1585,717,가입,2025-02-04 00:00:00
1586,717,튜토리얼완료,2025-02-06 23:00:00
1587,717,첫결제,2025-03-04 19:38:00
1588,718,가입,2025-01-12 00:00:00
1589,718,첫결제,2025-01-15 23:46:00
1590,719,가입,2025-01-01 00:00:00
1591,719,튜토리얼완료,2025-01-03 00:00:00
1592,720,가입,2025-01-07 00:00:00
1593,720,튜토리얼완료,2025-01-10 08:00:00
1594,720,첫결제,2025-06-04 16:15:00
1595,721,가입,2025-03-13 00:00:00
1596,721,튜토리얼완료,2025-03-15 18:00:00
1597,722,가입,2025-01-01 00:00:00
1598,722,튜토리얼완료,2025-01-02 04:00:00
1599,723,가입,2025-01-29 00:00:00
1600,723,튜토리얼완료,2025-01-29 23:00:00
1601,724,가입,2025-02-12 00:00:00
1602,724,첫결제,2025-02-13 03:47:00
1603,725,가입,2025-01-18 00:00:00
1604,725,튜토리얼완료,2025-01-18 11:00:00
1605,725,첫결제,2025-01-23 23:54:00
1606,726,가입,2025-02-18 00:00:00
1607,727,가입,2025-04-20 00:00:00
1608,728,가입,2025-02-07 00:00:00
1609,728,튜토리얼완료,2025-02-10 14:00:00
1610,728,첫결제,2025-02-10 18:09:00
1611,729,가입,2025-02-05 00:00:00
1612,729,첫결제,2025-02-16 23:56:00
1613,730,가입,2025-01-10 00:00:00
1614,730,튜토리얼완료,2025-01-12 03:00:00
1615,731,가입,2025-02-07 00:00:00
1616,731,튜토리얼완료,2025-02-10 11:00:00
1617,732,가입,2025-05-20 00:00:00
1618,732,튜토리얼완료,2025-05-21 01:00:00
1619,733,가입,2025-02-04 00:00:00
1620,733,튜토리얼완료,2025-02-05 00:00:00
1621,734,가입,2025-02-13 00:00:00
1622,734,튜토리얼완료,2025-02-14 09:00:00
1623,735,가입,2025-06-22 00:00:00
1624,735,튜토리얼완료,2025-06-22 02:00:00
1625,736,가입,2025-01-24 00:00:00
1626,736,첫결제,2025-01-29 02:18:00
1627,737,가입,2025-01-03 00:00:00
1628,737,튜토리얼완료,2025-01-05 00:00:00
1629,738,가입,2025-05-07 00:00:00
1630,738,튜토리얼완료,2025-05-09 03:00:00
1631,738,첫결제,2025-06-17 18:51:00
1632,739,가입,2025-02-11 00:00:00
1633,739,튜토리얼완료,2025-02-12 09:00:00
1634,740,가입,2025-01-09 00:00:00
1635,740,튜토리얼완료,2025-01-10 07:00:00
1636,740,첫결제,2025-01-13 01:52:00
1637,741,가입,2025-01-06 00:00:00
1638,741,튜토리얼완료,2025-01-07 23:00:00
1639,742,가입,2025-02-10 00:00:00
1640,742,튜토리얼완료,2025-02-12 14:00:00
1641,743,가입,2025-04-05 00:00:00
1642,743,튜토리얼완료,2025-04-07 06:00:00
1643,744,가입,2025-01-02 00:00:00
1644,744,튜토리얼완료,2025-01-03 22:00:00
1645,745,가입,2025-01-05 00:00:00
1646,745,튜토리얼완료,2025-01-08 06:00:00
1647,745,첫결제,2025-01-05 13:50:00
1648,746,가입,2025-01-07 00:00:00
1649,747,가입,2025-01-11 00:00:00
1650,747,튜토리얼완료,2025-01-13 07:00:00
1651,748,가입,2025-03-01 00:00:00
1652,749,가입,2025-01-04 00:00:00
1653,749,튜토리얼완료,2025-01-06 12:00:00
1654,749,첫결제,2025-01-15 19:08:00
1655,750,가입,2025-04-25 00:00:00
1656,750,튜토리얼완료,2025-04-28 11:00:00
1657,750,첫결제,2025-04-29 15:00:00
1658,751,가입,2025-06-01 00:00:00
1659,751,튜토리얼완료,2025-06-03 04:00:00
1660,751,첫결제,2025-06-08 22:59:00
1661,752,가입,2025-06-29 00:00:00
1662,753,가입,2025-01-01 00:00:00
1663,753,튜토리얼완료,2025-01-04 20:00:00
1664,753,첫결제,2025-03-08 13:55:00
1665,754,가입,2025-01-13 00:00:00
1666,754,튜토리얼완료,2025-01-15 23:00:00
1667,755,가입,2025-02-14 00:00:00
1668,755,튜토리얼완료,2025-02-17 17:00:00
1669,755,첫결제,2025-02-18 03:51:00
1670,756,가입,2025-01-05 00:00:00
1671,756,튜토리얼완료,2025-01-05 13:00:00
1672,757,가입,2025-06-29 00:00:00
1673,757,튜토리얼완료,2025-06-29 03:00:00
1674,758,가입,2025-06-29 00:00:00
1675,758,튜토리얼완료,2025-06-29 13:00:00
1676,758,첫결제,2025-06-29 04:10:00
1677,759,가입,2025-02-11 00:00:00
1678,760,가입,2025-04-30 00:00:00
1679,760,튜토리얼완료,2025-05-01 07:00:00
1680,761,가입,2025-05-05 00:00:00
1681,761,튜토리얼완료,2025-05-06 20:00:00
1682,762,가입,2025-02-15 00:00:00
1683,762,튜토리얼완료,2025-02-16 15:00:00
1684,762,첫결제,2025-02-16 03:22:00
1685,763,가입,2025-01-30 00:00:00
1686,763,튜토리얼완료,2025-01-31 13:00:00
1687,764,가입,2025-05-01 00:00:00
1688,764,첫결제,2025-06-05 21:33:00
1689,765,가입,2025-02-05 00:00:00
1690,766,가입,2025-05-29 00:00:00
1691,766,튜토리얼완료,2025-05-30 23:00:00
1692,767,가입,2025-03-02 00:00:00
1693,767,튜토리얼완료,2025-03-02 01:00:00
1694,768,가입,2025-02-11 00:00:00
1695,768,튜토리얼완료,2025-02-11 08:00:00
1696,768,첫결제,2025-02-27 23:24:00
1697,769,가입,2025-01-31 00:00:00
1698,769,튜토리얼완료,2025-02-02 20:00:00
1699,770,가입,2025-01-21 00:00:00
1700,770,튜토리얼완료,2025-01-23 19:00:00
1701,770,첫결제,2025-01-21 22:56:00
1702,771,가입,2025-01-14 00:00:00
1703,771,튜토리얼완료,2025-01-17 16:00:00
1704,771,첫결제,2025-01-16 20:30:00
1705,772,가입,2025-01-01 00:00:00
1706,772,튜토리얼완료,2025-01-03 00:00:00
1707,772,첫결제,2025-01-10 23:36:00
1708,773,가입,2025-01-19 00:00:00
1709,773,튜토리얼완료,2025-01-20 16:00:00
1710,774,가입,2025-01-02 00:00:00
1711,774,튜토리얼완료,2025-01-05 05:00:00
1712,775,가입,2025-01-16 00:00:00
1713,775,튜토리얼완료,2025-01-16 11:00:00
1714,776,가입,2025-06-29 00:00:00
1715,776,튜토리얼완료,2025-06-30 23:00:00
1716,777,가입,2025-05-29 00:00:00
1717,778,가입,2025-05-25 00:00:00
1718,779,가입,2025-01-25 00:00:00
1719,779,튜토리얼완료,2025-01-26 14:00:00
1720,779,첫결제,2025-01-29 20:17:00
1721,780,가입,2025-06-29 00:00:00
1722,780,튜토리얼완료,2025-07-02 18:00:00
1723,781,가입,2025-03-10 00:00:00
1724,781,튜토리얼완료,2025-03-12 20:00:00
1725,782,가입,2025-01-03 00:00:00
1726,782,튜토리얼완료,2025-01-06 11:00:00
1727,782,첫결제,2025-01-07 18:34:00
1728,783,가입,2025-01-16 00:00:00
1729,784,가입,2025-03-06 00:00:00
1730,784,튜토리얼완료,2025-03-07 17:00:00
1731,785,가입,2025-01-11 00:00:00
1732,785,튜토리얼완료,2025-01-14 16:00:00
1733,785,첫결제,2025-01-11 22:38:00
1734,786,가입,2025-01-08 00:00:00
1735,786,튜토리얼완료,2025-01-08 10:00:00
1736,787,가입,2025-03-27 00:00:00
1737,787,튜토리얼완료,2025-03-30 19:00:00
1738,788,가입,2025-01-01 00:00:00
1739,788,튜토리얼완료,2025-01-04 09:00:00
1740,789,가입,2025-01-03 00:00:00
1741,789,튜토리얼완료,2025-01-05 18:00:00
1742,790,가입,2025-04-28 00:00:00
1743,790,튜토리얼완료,2025-04-30 23:00:00
1744,791,가입,2025-01-21 00:00:00
1745,791,튜토리얼완료,2025-01-23 02:00:00
1746,791,첫결제,2025-01-24 21:59:00
1747,792,가입,2025-06-11 00:00:00
1748,792,튜토리얼완료,2025-06-12 01:00:00
1749,793,가입,2025-04-03 00:00:00
1750,793,튜토리얼완료,2025-04-04 09:00:00
1751,794,가입,2025-03-10 00:00:00
1752,794,튜토리얼완료,2025-03-11 21:00:00
1753,795,가입,2025-01-26 00:00:00
1754,795,튜토리얼완료,2025-01-27 18:00:00
1755,795,첫결제,2025-01-28 00:36:00
1756,796,가입,2025-01-11 00:00:00
1757,797,가입,2025-01-05 00:00:00
1758,797,튜토리얼완료,2025-01-06 23:00:00
1759,798,가입,2025-03-28 00:00:00
1760,798,튜토리얼완료,2025-03-30 04:00:00
1761,799,가입,2025-01-07 00:00:00
1762,799,튜토리얼완료,2025-01-10 12:00:00
1763,800,가입,2025-01-13 00:00:00
1764,800,튜토리얼완료,2025-01-13 08:00:00
1765,801,가입,2025-02-16 00:00:00
1766,802,가입,2025-01-03 00:00:00
1767,802,튜토리얼완료,2025-01-06 22:00:00
1768,803,가입,2025-03-06 00:00:00
1769,803,튜토리얼완료,2025-03-09 23:00:00
1770,804,가입,2025-01-05 00:00:00
1771,804,튜토리얼완료,2025-01-05 11:00:00
1772,804,첫결제,2025-01-22 20:36:00
1773,805,가입,2025-01-13 00:00:00
1774,805,튜토리얼완료,2025-01-16 04:00:00
1775,806,가입,2025-01-05 00:00:00
1776,806,튜토리얼완료,2025-01-06 01:00:00
1777,807,가입,2025-05-21 00:00:00
1778,807,튜토리얼완료,2025-05-24 14:00:00
1779,808,가입,2025-06-29 00:00:00
1780,808,튜토리얼완료,2025-07-01 01:00:00
1781,809,가입,2025-03-20 00:00:00
1782,809,튜토리얼완료,2025-03-21 10:00:00
1783,810,가입,2025-03-12 00:00:00
1784,811,가입,2025-01-18 00:00:00
1785,811,튜토리얼완료,2025-01-19 11:00:00
1786,812,가입,2025-03-09 00:00:00
1787,812,튜토리얼완료,2025-03-10 10:00:00
1788,813,가입,2025-03-12 00:00:00
1789,813,튜토리얼완료,2025-03-14 17:00:00
1790,814,가입,2025-03-27 00:00:00
1791,814,튜토리얼완료,2025-03-30 06:00:00
1792,815,가입,2025-04-07 00:00:00
1793,815,튜토리얼완료,2025-04-09 16:00:00
1794,816,가입,2025-04-10 00:00:00
1795,816,튜토리얼완료,2025-04-12 00:00:00
1796,817,가입,2025-01-02 00:00:00
1797,817,튜토리얼완료,2025-01-03 04:00:00
1798,818,가입,2025-03-12 00:00:00
1799,818,튜토리얼완료,2025-03-13 12:00:00
1800,819,가입,2025-02-28 00:00:00
1801,819,튜토리얼완료,2025-02-28 18:00:00
1802,820,가입,2025-05-04 00:00:00
1803,820,튜토리얼완료,2025-05-07 13:00:00
1804,820,첫결제,2025-05-05 14:51:00
1805,821,가입,2025-01-08 00:00:00
1806,822,가입,2025-03-09 00:00:00
1807,823,가입,2025-02-08 00:00:00
1808,823,튜토리얼완료,2025-02-11 00:00:00
1809,823,첫결제,2025-02-15 23:37:00
1810,824,가입,2025-02-09 00:00:00
1811,824,튜토리얼완료,2025-02-10 22:00:00
1812,825,가입,2025-01-10 00:00:00
1813,825,튜토리얼완료,2025-01-12 09:00:00
1814,826,가입,2025-03-28 00:00:00
1815,826,튜토리얼완료,2025-03-29 13:00:00
1816,826,첫결제,2025-04-04 20:08:00
1817,827,가입,2025-02-12 00:00:00
1818,827,튜토리얼완료,2025-02-13 12:00:00
1819,828,가입,2025-01-07 00:00:00
1820,828,튜토리얼완료,2025-01-10 07:00:00
1821,828,첫결제,2025-02-08 23:50:00
1822,829,가입,2025-06-29 00:00:00
1823,829,튜토리얼완료,2025-07-02 22:00:00
1824,830,가입,2025-02-26 00:00:00
1825,830,튜토리얼완료,2025-02-26 04:00:00
1826,831,가입,2025-01-31 00:00:00
1827,831,튜토리얼완료,2025-01-31 17:00:00
1828,832,가입,2025-06-29 00:00:00
1829,832,튜토리얼완료,2025-07-01 13:00:00
1830,833,가입,2025-04-22 00:00:00
1831,834,가입,2025-04-03 00:00:00
1832,834,튜토리얼완료,2025-04-04 15:00:00
1833,835,가입,2025-01-05 00:00:00
1834,835,튜토리얼완료,2025-01-08 12:00:00
1835,835,첫결제,2025-01-19 20:22:00
1836,836,가입,2025-03-09 00:00:00
1837,836,첫결제,2025-03-12 22:42:00
1838,837,가입,2025-05-12 00:00:00
1839,837,튜토리얼완료,2025-05-14 12:00:00
1840,838,가입,2025-02-11 00:00:00
1841,838,튜토리얼완료,2025-02-12 15:00:00
1842,839,가입,2025-03-29 00:00:00
1843,839,첫결제,2025-05-10 09:31:00
1844,840,가입,2025-01-20 00:00:00
1845,840,튜토리얼완료,2025-01-20 12:00:00
1846,840,첫결제,2025-01-24 12:42:00
1847,841,가입,2025-01-09 00:00:00
1848,841,튜토리얼완료,2025-01-11 11:00:00
1849,841,첫결제,2025-01-20 05:53:00
1850,842,가입,2025-05-10 00:00:00
1851,842,튜토리얼완료,2025-05-12 07:00:00
1852,842,첫결제,2025-05-23 15:11:00
1853,843,가입,2025-02-02 00:00:00
1854,843,튜토리얼완료,2025-02-02 00:00:00
1855,843,첫결제,2025-03-30 20:21:00
1856,844,가입,2025-02-12 00:00:00
1857,844,튜토리얼완료,2025-02-15 21:00:00
1858,845,가입,2025-01-22 00:00:00
1859,846,가입,2025-02-11 00:00:00
1860,846,튜토리얼완료,2025-02-12 11:00:00
1861,847,가입,2025-01-21 00:00:00
1862,847,튜토리얼완료,2025-01-23 08:00:00
1863,847,첫결제,2025-02-01 22:00:00
1864,848,가입,2025-01-04 00:00:00
1865,849,가입,2025-04-30 00:00:00
1866,849,튜토리얼완료,2025-05-01 04:00:00
1867,850,가입,2025-01-12 00:00:00
1868,850,튜토리얼완료,2025-01-14 22:00:00
1869,851,가입,2025-01-24 00:00:00
1870,851,튜토리얼완료,2025-01-24 21:00:00
1871,851,첫결제,2025-01-24 20:34:00
1872,852,가입,2025-04-27 00:00:00
1873,853,가입,2025-03-07 00:00:00
1874,853,튜토리얼완료,2025-03-10 21:00:00
1875,853,첫결제,2025-04-05 17:51:00
1876,854,가입,2025-02-22 00:00:00
1877,854,첫결제,2025-03-05 02:10:00
1878,855,가입,2025-05-11 00:00:00
1879,855,튜토리얼완료,2025-05-12 21:00:00
1880,856,가입,2025-01-11 00:00:00
1881,856,튜토리얼완료,2025-01-12 12:00:00
1882,857,가입,2025-02-10 00:00:00
1883,858,가입,2025-02-07 00:00:00
1884,858,튜토리얼완료,2025-02-09 02:00:00
1885,858,첫결제,2025-02-09 21:22:00
1886,859,가입,2025-06-29 00:00:00
1887,859,튜토리얼완료,2025-07-01 09:00:00
1888,860,가입,2025-04-14 00:00:00
1889,860,튜토리얼완료,2025-04-16 02:00:00
1890,860,첫결제,2025-04-15 02:11:00
1891,861,가입,2025-01-14 00:00:00
1892,861,튜토리얼완료,2025-01-17 11:00:00
1893,861,첫결제,2025-02-28 07:10:00
1894,862,가입,2025-01-11 00:00:00
1895,863,가입,2025-01-28 00:00:00
1896,863,튜토리얼완료,2025-01-28 18:00:00
1897,864,가입,2025-01-14 00:00:00
1898,864,튜토리얼완료,2025-01-15 07:00:00
1899,865,가입,2025-01-29 00:00:00
1900,865,튜토리얼완료,2025-01-29 15:00:00
1901,866,가입,2025-01-07 00:00:00
1902,866,튜토리얼완료,2025-01-08 14:00:00
1903,867,가입,2025-02-23 00:00:00
1904,867,튜토리얼완료,2025-02-24 01:00:00
1905,868,가입,2025-01-14 00:00:00
1906,868,튜토리얼완료,2025-01-15 11:00:00
1907,868,첫결제,2025-01-15 00:44:00
1908,869,가입,2025-01-15 00:00:00
1909,869,튜토리얼완료,2025-01-17 07:00:00
1910,869,첫결제,2025-01-15 14:56:00
1911,870,가입,2025-06-29 00:00:00
1912,870,튜토리얼완료,2025-07-01 18:00:00
1913,871,가입,2025-04-12 00:00:00
1914,872,가입,2025-05-09 00:00:00
1915,872,튜토리얼완료,2025-05-10 04:00:00
1916,872,첫결제,2025-05-09 21:29:00
1917,873,가입,2025-01-04 00:00:00
1918,873,튜토리얼완료,2025-01-06 03:00:00
1919,873,첫결제,2025-01-07 07:48:00
1920,874,가입,2025-01-19 00:00:00
1921,874,튜토리얼완료,2025-01-19 16:00:00
1922,875,가입,2025-01-29 00:00:00
1923,875,튜토리얼완료,2025-01-30 21:00:00
1924,875,첫결제,2025-02-22 20:36:00
1925,876,가입,2025-04-15 00:00:00
1926,876,튜토리얼완료,2025-04-15 11:00:00
1927,876,첫결제,2025-05-21 23:30:00
1928,877,가입,2025-02-26 00:00:00
1929,877,튜토리얼완료,2025-02-28 01:00:00
1930,877,첫결제,2025-03-02 03:18:00
1931,878,가입,2025-01-01 00:00:00
1932,878,튜토리얼완료,2025-01-03 08:00:00
1933,879,가입,2025-01-21 00:00:00
1934,879,첫결제,2025-01-29 09:01:00
1935,880,가입,2025-04-12 00:00:00
1936,881,가입,2025-06-29 00:00:00
1937,881,튜토리얼완료,2025-07-02 16:00:00
1938,882,가입,2025-01-26 00:00:00
1939,882,튜토리얼완료,2025-01-27 09:00:00
1940,883,가입,2025-02-07 00:00:00
1941,883,튜토리얼완료,2025-02-09 09:00:00
1942,884,가입,2025-02-25 00:00:00
1943,884,튜토리얼완료,2025-02-28 13:00:00
1944,885,가입,2025-02-07 00:00:00
1945,885,튜토리얼완료,2025-02-10 11:00:00
1946,886,가입,2025-04-10 00:00:00
1947,886,튜토리얼완료,2025-04-13 18:00:00
1948,887,가입,2025-05-13 00:00:00
1949,887,튜토리얼완료,2025-05-13 00:00:00
1950,887,첫결제,2025-05-27 19:53:00
1951,888,가입,2025-01-13 00:00:00
1952,888,첫결제,2025-01-15 23:09:00
1953,889,가입,2025-02-17 00:00:00
1954,889,튜토리얼완료,2025-02-19 07:00:00
1955,889,첫결제,2025-02-27 15:23:00
1956,890,가입,2025-01-07 00:00:00
1957,890,튜토리얼완료,2025-01-09 03:00:00
1958,891,가입,2025-01-11 00:00:00
1959,891,튜토리얼완료,2025-01-14 03:00:00
1960,891,첫결제,2025-01-12 22:34:00
1961,892,가입,2025-02-08 00:00:00
1962,892,튜토리얼완료,2025-02-10 13:00:00
1963,893,가입,2025-01-23 00:00:00
1964,893,튜토리얼완료,2025-01-23 07:00:00
1965,894,가입,2025-01-06 00:00:00
1966,895,가입,2025-02-14 00:00:00
1967,895,튜토리얼완료,2025-02-14 10:00:00
1968,896,가입,2025-03-22 00:00:00
1969,896,튜토리얼완료,2025-03-24 12:00:00
1970,896,첫결제,2025-04-16 12:10:00
1971,897,가입,2025-03-20 00:00:00
1972,897,튜토리얼완료,2025-03-22 22:00:00
1973,898,가입,2025-01-23 00:00:00
1974,898,튜토리얼완료,2025-01-24 21:00:00
1975,898,첫결제,2025-01-24 23:44:00
1976,899,가입,2025-02-16 00:00:00
1977,899,튜토리얼완료,2025-02-17 00:00:00
1978,900,가입,2025-01-14 00:00:00
1979,900,튜토리얼완료,2025-01-15 13:00:00
1980,901,가입,2025-01-16 00:00:00
1981,901,튜토리얼완료,2025-01-19 13:00:00
1982,902,가입,2025-01-24 00:00:00
1983,903,가입,2025-06-20 00:00:00
1984,903,튜토리얼완료,2025-06-23 10:00:00
1985,903,첫결제,2025-06-24 14:50:00
1986,904,가입,2025-02-02 00:00:00
1987,904,튜토리얼완료,2025-02-05 09:00:00
1988,905,가입,2025-02-22 00:00:00
1989,905,튜토리얼완료,2025-02-23 02:00:00
1990,906,가입,2025-02-15 00:00:00
1991,906,튜토리얼완료,2025-02-16 17:00:00
1992,906,첫결제,2025-02-25 21:39:00
1993,907,가입,2025-03-24 00:00:00
1994,908,가입,2025-06-25 00:00:00
1995,908,튜토리얼완료,2025-06-28 13:00:00
1996,909,가입,2025-01-26 00:00:00
1997,909,튜토리얼완료,2025-01-27 23:00:00
1998,910,가입,2025-03-20 00:00:00
1999,910,튜토리얼완료,2025-03-23 15:00:00
2000,911,가입,2025-01-25 00:00:00
2001,911,튜토리얼완료,2025-01-26 12:00:00
2002,911,첫결제,2025-03-03 23:37:00
2003,912,가입,2025-05-05 00:00:00
2004,912,튜토리얼완료,2025-05-08 20:00:00
2005,912,첫결제,2025-06-15 23:37:00
2006,913,가입,2025-01-09 00:00:00
2007,913,튜토리얼완료,2025-01-12 03:00:00
2008,914,가입,2025-01-09 00:00:00
2009,914,첫결제,2025-01-20 05:44:00
2010,915,가입,2025-02-14 00:00:00
2011,915,튜토리얼완료,2025-02-14 12:00:00
2012,915,첫결제,2025-02-28 15:07:00
2013,916,가입,2025-01-06 00:00:00
2014,916,튜토리얼완료,2025-01-07 07:00:00
2015,917,가입,2025-01-20 00:00:00
2016,917,튜토리얼완료,2025-01-21 05:00:00
2017,918,가입,2025-02-16 00:00:00
2018,918,튜토리얼완료,2025-02-16 11:00:00
2019,919,가입,2025-01-19 00:00:00
2020,919,튜토리얼완료,2025-01-21 06:00:00
2021,920,가입,2025-06-08 00:00:00
2022,920,튜토리얼완료,2025-06-09 02:00:00
2023,921,가입,2025-02-16 00:00:00
2024,922,가입,2025-02-08 00:00:00
2025,922,튜토리얼완료,2025-02-10 15:00:00
2026,923,가입,2025-02-14 00:00:00
2027,923,튜토리얼완료,2025-02-15 22:00:00
2028,923,첫결제,2025-03-04 13:17:00
2029,924,가입,2025-03-18 00:00:00
2030,925,가입,2025-01-22 00:00:00
2031,925,첫결제,2025-01-25 02:19:00
2032,926,가입,2025-03-26 00:00:00
2033,926,튜토리얼완료,2025-03-29 08:00:00
2034,927,가입,2025-06-02 00:00:00
2035,927,튜토리얼완료,2025-06-03 13:00:00
2036,928,가입,2025-05-03 00:00:00
2037,928,튜토리얼완료,2025-05-04 00:00:00
2038,928,첫결제,2025-05-09 21:18:00
2039,929,가입,2025-02-13 00:00:00
2040,930,가입,2025-01-15 00:00:00
2041,930,튜토리얼완료,2025-01-18 17:00:00
2042,930,첫결제,2025-01-19 17:36:00
2043,931,가입,2025-01-20 00:00:00
2044,931,튜토리얼완료,2025-01-21 01:00:00
2045,932,가입,2025-04-07 00:00:00
2046,932,튜토리얼완료,2025-04-10 11:00:00
2047,933,가입,2025-02-25 00:00:00
2048,933,튜토리얼완료,2025-02-28 09:00:00
2049,934,가입,2025-01-24 00:00:00
2050,934,튜토리얼완료,2025-01-27 08:00:00
2051,935,가입,2025-01-02 00:00:00
2052,935,튜토리얼완료,2025-01-03 20:00:00
2053,935,첫결제,2025-02-09 03:56:00
2054,936,가입,2025-04-29 00:00:00
2055,936,튜토리얼완료,2025-04-30 04:00:00
2056,936,첫결제,2025-04-29 20:02:00
2057,937,가입,2025-01-10 00:00:00
2058,937,튜토리얼완료,2025-01-11 02:00:00
2059,938,가입,2025-02-05 00:00:00
2060,938,튜토리얼완료,2025-02-08 19:00:00
2061,938,첫결제,2025-02-26 11:12:00
2062,939,가입,2025-01-19 00:00:00
2063,939,튜토리얼완료,2025-01-19 22:00:00
2064,939,첫결제,2025-01-19 03:48:00
2065,940,가입,2025-01-26 00:00:00
2066,941,가입,2025-01-05 00:00:00
2067,941,튜토리얼완료,2025-01-08 15:00:00
2068,942,가입,2025-01-20 00:00:00
2069,942,첫결제,2025-02-08 09:08:00
2070,943,가입,2025-05-31 00:00:00
2071,943,튜토리얼완료,2025-05-31 20:00:00
2072,943,첫결제,2025-06-06 19:50:00
2073,944,가입,2025-02-06 00:00:00
2074,944,튜토리얼완료,2025-02-06 08:00:00
2075,945,가입,2025-02-05 00:00:00
2076,945,튜토리얼완료,2025-02-08 18:00:00
2077,946,가입,2025-02-23 00:00:00
2078,946,튜토리얼완료,2025-02-26 13:00:00
2079,946,첫결제,2025-02-23 23:34:00
2080,947,가입,2025-01-27 00:00:00
2081,947,튜토리얼완료,2025-01-28 18:00:00
2082,947,첫결제,2025-01-30 23:00:00
2083,948,가입,2025-01-24 00:00:00
2084,948,튜토리얼완료,2025-01-24 14:00:00
2085,949,가입,2025-01-02 00:00:00
2086,949,튜토리얼완료,2025-01-04 05:00:00
2087,949,첫결제,2025-01-15 22:36:00
2088,950,가입,2025-04-04 00:00:00
2089,951,가입,2025-03-14 00:00:00
2090,951,튜토리얼완료,2025-03-16 00:00:00
2091,952,가입,2025-01-31 00:00:00
2092,952,튜토리얼완료,2025-02-02 03:00:00
2093,952,첫결제,2025-02-14 22:15:00
2094,953,가입,2025-02-28 00:00:00
2095,953,튜토리얼완료,2025-03-02 13:00:00
2096,954,가입,2025-01-31 00:00:00
2097,954,튜토리얼완료,2025-01-31 18:00:00
2098,955,가입,2025-01-08 00:00:00
2099,955,튜토리얼완료,2025-01-11 17:00:00
2100,955,첫결제,2025-01-14 02:14:00
2101,956,가입,2025-01-10 00:00:00
2102,956,튜토리얼완료,2025-01-10 07:00:00
2103,957,가입,2025-06-29 00:00:00
2104,958,가입,2025-03-18 00:00:00
2105,958,튜토리얼완료,2025-03-21 00:00:00
2106,959,가입,2025-01-27 00:00:00
2107,960,가입,2025-03-27 00:00:00
2108,960,튜토리얼완료,2025-03-29 07:00:00
2109,961,가입,2025-02-13 00:00:00
2110,961,튜토리얼완료,2025-02-15 14:00:00
2111,962,가입,2025-04-03 00:00:00
2112,962,튜토리얼완료,2025-04-04 08:00:00
2113,962,첫결제,2025-04-05 00:45:00
2114,963,가입,2025-03-07 00:00:00
2115,963,튜토리얼완료,2025-03-07 09:00:00
2116,963,첫결제,2025-04-25 22:17:00
2117,964,가입,2025-03-26 00:00:00
2118,964,첫결제,2025-04-03 21:03:00
2119,965,가입,2025-01-01 00:00:00
2120,965,튜토리얼완료,2025-01-02 01:00:00
2121,966,가입,2025-06-29 00:00:00
2122,966,튜토리얼완료,2025-06-30 21:00:00
2123,967,가입,2025-01-03 00:00:00
2124,967,튜토리얼완료,2025-01-04 21:00:00
2125,967,첫결제,2025-01-05 23:42:00
2126,968,가입,2025-01-30 00:00:00
2127,968,튜토리얼완료,2025-02-02 04:00:00
2128,968,첫결제,2025-02-14 02:26:00
2129,969,가입,2025-01-08 00:00:00
2130,969,튜토리얼완료,2025-01-10 07:00:00
2131,969,첫결제,2025-01-26 14:20:00
2132,970,가입,2025-01-13 00:00:00
2133,970,튜토리얼완료,2025-01-14 00:00:00
2134,971,가입,2025-02-01 00:00:00
2135,971,튜토리얼완료,2025-02-04 17:00:00
2136,972,가입,2025-01-27 00:00:00
2137,972,튜토리얼완료,2025-01-27 20:00:00
2138,973,가입,2025-06-23 00:00:00
2139,973,튜토리얼완료,2025-06-25 13:00:00
2140,974,가입,2025-01-30 00:00:00
2141,974,튜토리얼완료,2025-01-30 21:00:00
2142,974,첫결제,2025-01-30 23:53:00
2143,975,가입,2025-06-29 00:00:00
2144,975,튜토리얼완료,2025-07-01 21:00:00
2145,976,가입,2025-02-22 00:00:00
2146,977,가입,2025-01-30 00:00:00
2147,977,튜토리얼완료,2025-01-30 20:00:00
2148,978,가입,2025-02-24 00:00:00
2149,978,첫결제,2025-03-08 18:36:00
2150,979,가입,2025-02-21 00:00:00
2151,979,첫결제,2025-03-04 21:19:00
2152,980,가입,2025-01-18 00:00:00
2153,980,튜토리얼완료,2025-01-21 12:00:00
2154,981,가입,2025-01-18 00:00:00
2155,981,튜토리얼완료,2025-01-20 05:00:00
2156,981,첫결제,2025-01-19 20:50:00
2157,982,가입,2025-05-18 00:00:00
2158,982,튜토리얼완료,2025-05-20 09:00:00
2159,983,가입,2025-01-05 00:00:00
2160,983,튜토리얼완료,2025-01-05 20:00:00
2161,983,첫결제,2025-01-18 02:21:00
2162,984,가입,2025-02-13 00:00:00
2163,984,튜토리얼완료,2025-02-14 20:00:00
2164,984,첫결제,2025-02-21 20:59:00
2165,985,가입,2025-06-29 00:00:00
2166,985,튜토리얼완료,2025-06-29 09:00:00
2167,986,가입,2025-01-23 00:00:00
2168,986,튜토리얼완료,2025-01-26 17:00:00
2169,986,첫결제,2025-01-24 21:50:00
2170,987,가입,2025-04-11 00:00:00
2171,988,가입,2025-01-23 00:00:00
2172,988,튜토리얼완료,2025-01-24 12:00:00
2173,989,가입,2025-06-29 00:00:00
2174,989,튜토리얼완료,2025-07-01 06:00:00
2175,990,가입,2025-01-10 00:00:00
2176,990,튜토리얼완료,2025-01-10 10:00:00
2177,990,첫결제,2025-01-27 20:43:00
2178,991,가입,2025-02-01 00:00:00
2179,991,튜토리얼완료,2025-02-04 12:00:00
2180,992,가입,2025-02-13 00:00:00
2181,992,튜토리얼완료,2025-02-13 11:00:00
2182,992,첫결제,2025-02-18 15:59:00
2183,993,가입,2025-03-24 00:00:00
2184,994,가입,2025-02-21 00:00:00
2185,995,가입,2025-04-03 00:00:00
2186,995,튜토리얼완료,2025-04-06 20:00:00
2187,996,가입,2025-01-10 00:00:00
2188,996,튜토리얼완료,2025-01-11 12:00:00
2189,996,첫결제,2025-01-15 20:53:00
2190,997,가입,2025-04-06 00:00:00
2191,997,튜토리얼완료,2025-04-07 20:00:00
2192,997,첫결제,2025-04-29 01:31:00
2193,998,가입,2025-05-28 00:00:00
2194,998,튜토리얼완료,2025-05-28 00:00:00
2195,998,첫결제,2025-06-01 22:04:00
2196,999,가입,2025-03-28 00:00:00
2197,1000,가입,2025-01-24 00:00:00
2198,1001,가입,2025-01-14 00:00:00
2199,1001,튜토리얼완료,2025-01-17 06:00:00
2200,1002,가입,2025-01-20 00:00:00
2201,1002,튜토리얼완료,2025-01-20 02:00:00
2202,1003,가입,2025-01-08 00:00:00
2203,1003,튜토리얼완료,2025-01-11 02:00:00
2204,1004,가입,2025-03-07 00:00:00
2205,1004,튜토리얼완료,2025-03-08 07:00:00
2206,1004,첫결제,2025-03-08 14:20:00
2207,1005,가입,2025-02-17 00:00:00
2208,1005,튜토리얼완료,2025-02-18 00:00:00
2209,1005,첫결제,2025-04-26 20:00:00
2210,1006,가입,2025-02-17 00:00:00
2211,1006,튜토리얼완료,2025-02-17 23:00:00
2212,1006,첫결제,2025-02-18 17:39:00
2213,1007,가입,2025-02-28 00:00:00
2214,1007,튜토리얼완료,2025-03-01 12:00:00
2215,1008,가입,2025-05-18 00:00:00
2216,1008,튜토리얼완료,2025-05-19 12:00:00
2217,1008,첫결제,2025-05-26 03:11:00
2218,1009,가입,2025-01-05 00:00:00
2219,1009,튜토리얼완료,2025-01-06 18:00:00
2220,1010,가입,2025-01-31 00:00:00
2221,1010,튜토리얼완료,2025-02-01 15:00:00
2222,1011,가입,2025-01-15 00:00:00
2223,1011,튜토리얼완료,2025-01-17 04:00:00
2224,1011,첫결제,2025-02-12 03:27:00
2225,1012,가입,2025-03-16 00:00:00
2226,1012,튜토리얼완료,2025-03-17 21:00:00
2227,1012,첫결제,2025-03-19 23:56:00
2228,1013,가입,2025-05-08 00:00:00
2229,1013,튜토리얼완료,2025-05-08 19:00:00
2230,1014,가입,2025-01-21 00:00:00
2231,1014,튜토리얼완료,2025-01-22 01:00:00
2232,1014,첫결제,2025-02-18 21:58:00
2233,1015,가입,2025-02-07 00:00:00
2234,1015,튜토리얼완료,2025-02-08 09:00:00
2235,1016,가입,2025-01-03 00:00:00
2236,1016,튜토리얼완료,2025-01-03 16:00:00
2237,1017,가입,2025-02-08 00:00:00
2238,1017,튜토리얼완료,2025-02-11 11:00:00
2239,1018,가입,2025-01-23 00:00:00
2240,1019,가입,2025-02-28 00:00:00
2241,1019,튜토리얼완료,2025-03-02 09:00:00
2242,1019,첫결제,2025-03-18 18:17:00
2243,1020,가입,2025-02-10 00:00:00
2244,1020,튜토리얼완료,2025-02-11 14:00:00
2245,1021,가입,2025-04-07 00:00:00
2246,1021,튜토리얼완료,2025-04-09 13:00:00
2247,1021,첫결제,2025-05-05 19:04:00
2248,1022,가입,2025-02-03 00:00:00
2249,1022,튜토리얼완료,2025-02-05 18:00:00
2250,1022,첫결제,2025-02-03 19:30:00
2251,1023,가입,2025-02-08 00:00:00
2252,1023,튜토리얼완료,2025-02-11 22:00:00
2253,1023,첫결제,2025-02-17 15:11:00
2254,1024,가입,2025-04-23 00:00:00
2255,1025,가입,2025-02-04 00:00:00
2256,1025,튜토리얼완료,2025-02-04 10:00:00
2257,1026,가입,2025-03-01 00:00:00
2258,1026,튜토리얼완료,2025-03-04 12:00:00
2259,1027,가입,2025-01-16 00:00:00
2260,1027,튜토리얼완료,2025-01-17 04:00:00
2261,1028,가입,2025-03-27 00:00:00
2262,1028,튜토리얼완료,2025-03-30 20:00:00
2263,1029,가입,2025-03-03 00:00:00
2264,1029,튜토리얼완료,2025-03-03 17:00:00
2265,1030,가입,2025-03-06 00:00:00
2266,1030,튜토리얼완료,2025-03-09 12:00:00
2267,1030,첫결제,2025-04-01 08:17:00
2268,1031,가입,2025-03-09 00:00:00
2269,1031,튜토리얼완료,2025-03-11 07:00:00
2270,1032,가입,2025-02-26 00:00:00
2271,1032,튜토리얼완료,2025-02-28 03:00:00
2272,1033,가입,2025-01-05 00:00:00
2273,1033,튜토리얼완료,2025-01-05 11:00:00
2274,1033,첫결제,2025-01-05 14:01:00
2275,1034,가입,2025-01-23 00:00:00
2276,1034,튜토리얼완료,2025-01-25 04:00:00
2277,1034,첫결제,2025-02-07 20:31:00
2278,1035,가입,2025-05-06 00:00:00
2279,1035,튜토리얼완료,2025-05-08 17:00:00
2280,1035,첫결제,2025-05-15 20:23:00
2281,1036,가입,2025-04-16 00:00:00
2282,1036,튜토리얼완료,2025-04-19 09:00:00
2283,1037,가입,2025-04-14 00:00:00
2284,1037,첫결제,2025-04-20 02:39:00
2285,1038,가입,2025-06-26 00:00:00
2286,1038,튜토리얼완료,2025-06-26 11:00:00
2287,1039,가입,2025-02-20 00:00:00
2288,1039,첫결제,2025-02-26 20:29:00
2289,1040,가입,2025-02-16 00:00:00
2290,1040,튜토리얼완료,2025-02-16 14:00:00
2291,1041,가입,2025-02-11 00:00:00
2292,1041,튜토리얼완료,2025-02-12 00:00:00
2293,1041,첫결제,2025-02-12 07:42:00
2294,1042,가입,2025-01-05 00:00:00
2295,1042,튜토리얼완료,2025-01-06 10:00:00
2296,1043,가입,2025-02-14 00:00:00
2297,1043,튜토리얼완료,2025-02-16 22:00:00
2298,1043,첫결제,2025-03-04 12:46:00
2299,1044,가입,2025-03-21 00:00:00
2300,1044,튜토리얼완료,2025-03-21 21:00:00
2301,1044,첫결제,2025-04-03 13:30:00
2302,1045,가입,2025-01-20 00:00:00
2303,1045,튜토리얼완료,2025-01-23 17:00:00
2304,1045,첫결제,2025-06-11 21:44:00
2305,1046,가입,2025-05-15 00:00:00
2306,1046,튜토리얼완료,2025-05-15 06:00:00
2307,1047,가입,2025-03-02 00:00:00
2308,1047,튜토리얼완료,2025-03-04 04:00:00
2309,1047,첫결제,2025-03-17 22:02:00
2310,1048,가입,2025-03-13 00:00:00
2311,1048,튜토리얼완료,2025-03-16 15:00:00
2312,1049,가입,2025-02-26 00:00:00
2313,1049,튜토리얼완료,2025-02-28 17:00:00
2314,1049,첫결제,2025-02-26 22:01:00
2315,1050,가입,2025-04-13 00:00:00
2316,1050,튜토리얼완료,2025-04-16 13:00:00
2317,1051,가입,2025-02-07 00:00:00
2318,1052,가입,2025-02-16 00:00:00
2319,1052,튜토리얼완료,2025-02-19 04:00:00
2320,1052,첫결제,2025-02-19 19:21:00
2321,1053,가입,2025-01-17 00:00:00
2322,1053,튜토리얼완료,2025-01-20 17:00:00
2323,1054,가입,2025-02-13 00:00:00
2324,1054,첫결제,2025-03-01 05:10:00
2325,1055,가입,2025-01-17 00:00:00
2326,1055,튜토리얼완료,2025-01-17 01:00:00
2327,1056,가입,2025-04-19 00:00:00
2328,1056,튜토리얼완료,2025-04-22 12:00:00
2329,1056,첫결제,2025-04-20 00:51:00
2330,1057,가입,2025-02-21 00:00:00
2331,1058,가입,2025-02-20 00:00:00
2332,1058,튜토리얼완료,2025-02-22 23:00:00
2333,1058,첫결제,2025-03-09 01:31:00
2334,1059,가입,2025-04-07 00:00:00
2335,1059,튜토리얼완료,2025-04-10 05:00:00
2336,1060,가입,2025-01-15 00:00:00
2337,1060,튜토리얼완료,2025-01-17 10:00:00
2338,1061,가입,2025-01-16 00:00:00
2339,1061,튜토리얼완료,2025-01-17 13:00:00
2340,1062,가입,2025-06-29 00:00:00
2341,1062,튜토리얼완료,2025-07-01 12:00:00
2342,1062,첫결제,2025-06-29 02:04:00
2343,1063,가입,2025-02-25 00:00:00
2344,1063,튜토리얼완료,2025-02-27 07:00:00
2345,1064,가입,2025-02-20 00:00:00
2346,1064,튜토리얼완료,2025-02-21 19:00:00
2347,1065,가입,2025-01-01 00:00:00
2348,1065,튜토리얼완료,2025-01-02 12:00:00
2349,1066,가입,2025-01-30 00:00:00
2350,1066,튜토리얼완료,2025-01-31 19:00:00
2351,1066,첫결제,2025-02-03 02:32:00
2352,1067,가입,2025-05-19 00:00:00
2353,1067,튜토리얼완료,2025-05-20 12:00:00
2354,1068,가입,2025-04-11 00:00:00
2355,1068,튜토리얼완료,2025-04-13 00:00:00
2356,1069,가입,2025-01-31 00:00:00
2357,1070,가입,2025-03-05 00:00:00
2358,1071,가입,2025-01-28 00:00:00
2359,1071,튜토리얼완료,2025-01-31 11:00:00
2360,1072,가입,2025-02-06 00:00:00
2361,1072,튜토리얼완료,2025-02-06 00:00:00
2362,1073,가입,2025-01-27 00:00:00
2363,1073,튜토리얼완료,2025-01-29 15:00:00
2364,1074,가입,2025-01-15 00:00:00
2365,1074,첫결제,2025-01-16 13:50:00
2366,1075,가입,2025-02-17 00:00:00
2367,1075,튜토리얼완료,2025-02-17 16:00:00
2368,1076,가입,2025-02-10 00:00:00
2369,1076,튜토리얼완료,2025-02-11 04:00:00
2370,1076,첫결제,2025-02-10 22:09:00
2371,1077,가입,2025-06-29 00:00:00
2372,1078,가입,2025-01-07 00:00:00
2373,1079,가입,2025-02-05 00:00:00
2374,1079,첫결제,2025-02-15 03:46:00
2375,1080,가입,2025-03-28 00:00:00
2376,1080,튜토리얼완료,2025-03-28 13:00:00
2377,1080,첫결제,2025-04-14 23:01:00
2378,1081,가입,2025-02-13 00:00:00
2379,1081,튜토리얼완료,2025-02-13 18:00:00
2380,1081,첫결제,2025-03-03 21:42:00
2381,1082,가입,2025-06-09 00:00:00
2382,1082,튜토리얼완료,2025-06-09 08:00:00
2383,1082,첫결제,2025-06-15 10:35:00
2384,1083,가입,2025-01-30 00:00:00
2385,1083,튜토리얼완료,2025-02-02 17:00:00
2386,1084,가입,2025-01-10 00:00:00
2387,1084,첫결제,2025-01-10 22:15:00
2388,1085,가입,2025-05-10 00:00:00
2389,1085,튜토리얼완료,2025-05-10 07:00:00
2390,1086,가입,2025-01-05 00:00:00
2391,1086,첫결제,2025-01-12 04:42:00
2392,1087,가입,2025-02-03 00:00:00
2393,1087,튜토리얼완료,2025-02-05 03:00:00
2394,1087,첫결제,2025-02-22 18:02:00
2395,1088,가입,2025-01-26 00:00:00
2396,1088,튜토리얼완료,2025-01-29 15:00:00
2397,1089,가입,2025-02-25 00:00:00
2398,1089,튜토리얼완료,2025-02-25 14:00:00
2399,1090,가입,2025-03-19 00:00:00
2400,1090,튜토리얼완료,2025-03-20 17:00:00
2401,1090,첫결제,2025-03-23 10:33:00
2402,1091,가입,2025-02-08 00:00:00
2403,1091,튜토리얼완료,2025-02-08 05:00:00
2404,1092,가입,2025-04-24 00:00:00
2405,1092,튜토리얼완료,2025-04-27 17:00:00
2406,1093,가입,2025-01-03 00:00:00
2407,1093,튜토리얼완료,2025-01-06 01:00:00
2408,1093,첫결제,2025-01-13 12:20:00
2409,1094,가입,2025-01-24 00:00:00
2410,1094,튜토리얼완료,2025-01-24 06:00:00
2411,1095,가입,2025-02-22 00:00:00
2412,1096,가입,2025-01-29 00:00:00
2413,1096,첫결제,2025-02-09 02:30:00
2414,1097,가입,2025-01-10 00:00:00
2415,1097,튜토리얼완료,2025-01-12 22:00:00
2416,1097,첫결제,2025-01-27 22:35:00
2417,1098,가입,2025-01-14 00:00:00
2418,1098,튜토리얼완료,2025-01-17 02:00:00
2419,1099,가입,2025-01-31 00:00:00
2420,1099,튜토리얼완료,2025-02-03 03:00:00
2421,1099,첫결제,2025-02-16 20:27:00
2422,1100,가입,2025-01-26 00:00:00
2423,1101,가입,2025-03-20 00:00:00
2424,1101,튜토리얼완료,2025-03-21 16:00:00
2425,1102,가입,2025-03-13 00:00:00
2426,1102,튜토리얼완료,2025-03-14 13:00:00
2427,1103,가입,2025-03-09 00:00:00
2428,1103,튜토리얼완료,2025-03-10 03:00:00
2429,1104,가입,2025-02-28 00:00:00
2430,1104,튜토리얼완료,2025-03-03 15:00:00
2431,1104,첫결제,2025-03-22 21:53:00
2432,1105,가입,2025-03-25 00:00:00
2433,1105,튜토리얼완료,2025-03-25 11:00:00
2434,1106,가입,2025-06-27 00:00:00
2435,1107,가입,2025-01-21 00:00:00
2436,1107,첫결제,2025-02-11 22:42:00
2437,1108,가입,2025-05-10 00:00:00
2438,1108,튜토리얼완료,2025-05-13 01:00:00
2439,1108,첫결제,2025-05-15 08:34:00
2440,1109,가입,2025-01-01 00:00:00
2441,1109,튜토리얼완료,2025-01-03 13:00:00
2442,1109,첫결제,2025-01-09 19:15:00
2443,1110,가입,2025-06-29 00:00:00
2444,1111,가입,2025-01-07 00:00:00
2445,1111,첫결제,2025-01-14 08:49:00
2446,1112,가입,2025-01-08 00:00:00
2447,1112,튜토리얼완료,2025-01-11 10:00:00
2448,1112,첫결제,2025-01-30 19:24:00
2449,1113,가입,2025-02-04 00:00:00
2450,1113,튜토리얼완료,2025-02-05 04:00:00
2451,1113,첫결제,2025-02-09 16:37:00
2452,1114,가입,2025-01-10 00:00:00
2453,1114,튜토리얼완료,2025-01-10 15:00:00
2454,1114,첫결제,2025-01-19 08:59:00
2455,1115,가입,2025-01-01 00:00:00
2456,1115,튜토리얼완료,2025-01-04 08:00:00
2457,1115,첫결제,2025-01-04 02:04:00
2458,1116,가입,2025-01-01 00:00:00
2459,1116,튜토리얼완료,2025-01-03 09:00:00
2460,1117,가입,2025-01-21 00:00:00
2461,1117,튜토리얼완료,2025-01-24 15:00:00
2462,1118,가입,2025-04-15 00:00:00
2463,1118,튜토리얼완료,2025-04-18 15:00:00
2464,1119,가입,2025-01-08 00:00:00
2465,1119,튜토리얼완료,2025-01-10 02:00:00
2466,1120,가입,2025-02-25 00:00:00
2467,1120,튜토리얼완료,2025-02-28 21:00:00
2468,1121,가입,2025-04-14 00:00:00
2469,1121,튜토리얼완료,2025-04-14 18:00:00
2470,1122,가입,2025-01-14 00:00:00
2471,1122,튜토리얼완료,2025-01-14 14:00:00
2472,1123,가입,2025-01-21 00:00:00
2473,1123,튜토리얼완료,2025-01-22 21:00:00
2474,1123,첫결제,2025-02-02 19:53:00
2475,1124,가입,2025-06-29 00:00:00
2476,1124,튜토리얼완료,2025-07-01 05:00:00
2477,1125,가입,2025-03-14 00:00:00
2478,1125,튜토리얼완료,2025-03-17 17:00:00
2479,1125,첫결제,2025-03-24 23:31:00
2480,1126,가입,2025-02-13 00:00:00
2481,1126,튜토리얼완료,2025-02-16 08:00:00
2482,1126,첫결제,2025-02-20 20:30:00
2483,1127,가입,2025-04-22 00:00:00
2484,1127,튜토리얼완료,2025-04-24 10:00:00
2485,1127,첫결제,2025-04-25 23:07:00
2486,1128,가입,2025-01-07 00:00:00
2487,1128,튜토리얼완료,2025-01-10 04:00:00
2488,1129,가입,2025-04-03 00:00:00
2489,1129,튜토리얼완료,2025-04-04 00:00:00
2490,1129,첫결제,2025-04-03 19:30:00
2491,1130,가입,2025-03-24 00:00:00
2492,1130,튜토리얼완료,2025-03-26 13:00:00
2493,1131,가입,2025-01-28 00:00:00
2494,1131,튜토리얼완료,2025-01-28 10:00:00
2495,1131,첫결제,2025-01-28 19:25:00
2496,1132,가입,2025-01-22 00:00:00
2497,1132,튜토리얼완료,2025-01-23 11:00:00
2498,1133,가입,2025-02-19 00:00:00
2499,1134,가입,2025-03-29 00:00:00
2500,1134,튜토리얼완료,2025-03-31 04:00:00
2501,1135,가입,2025-04-07 00:00:00
2502,1135,튜토리얼완료,2025-04-10 15:00:00
2503,1135,첫결제,2025-04-07 02:43:00
2504,1136,가입,2025-05-16 00:00:00
2505,1136,튜토리얼완료,2025-05-18 18:00:00
2506,1136,첫결제,2025-05-17 22:57:00
2507,1137,가입,2025-01-13 00:00:00
2508,1137,튜토리얼완료,2025-01-16 23:00:00
2509,1137,첫결제,2025-02-05 19:07:00
2510,1138,가입,2025-01-17 00:00:00
2511,1138,튜토리얼완료,2025-01-20 04:00:00
2512,1138,첫결제,2025-01-17 21:14:00
2513,1139,가입,2025-03-23 00:00:00
2514,1139,튜토리얼완료,2025-03-24 06:00:00
2515,1140,가입,2025-01-13 00:00:00
2516,1140,튜토리얼완료,2025-01-15 14:00:00
2517,1140,첫결제,2025-01-13 23:32:00
2518,1141,가입,2025-01-01 00:00:00
2519,1142,가입,2025-01-15 00:00:00
2520,1142,튜토리얼완료,2025-01-18 10:00:00
2521,1142,첫결제,2025-01-24 20:24:00
2522,1143,가입,2025-01-22 00:00:00
2523,1143,튜토리얼완료,2025-01-22 04:00:00
2524,1143,첫결제,2025-01-22 19:31:00
2525,1144,가입,2025-01-22 00:00:00
2526,1144,튜토리얼완료,2025-01-24 17:00:00
2527,1145,가입,2025-03-09 00:00:00
2528,1145,튜토리얼완료,2025-03-10 11:00:00
2529,1146,가입,2025-03-02 00:00:00
2530,1146,첫결제,2025-03-31 21:42:00
2531,1147,가입,2025-02-05 00:00:00
2532,1147,튜토리얼완료,2025-02-06 10:00:00
2533,1147,첫결제,2025-02-10 19:29:00
2534,1148,가입,2025-03-19 00:00:00
2535,1148,튜토리얼완료,2025-03-20 07:00:00
2536,1148,첫결제,2025-04-12 05:49:00
2537,1149,가입,2025-02-10 00:00:00
2538,1149,튜토리얼완료,2025-02-10 14:00:00
2539,1149,첫결제,2025-02-26 20:40:00
2540,1150,가입,2025-03-04 00:00:00
2541,1150,첫결제,2025-03-06 19:08:00
2542,1151,가입,2025-06-29 00:00:00
2543,1151,튜토리얼완료,2025-06-30 05:00:00
2544,1152,가입,2025-03-26 00:00:00
2545,1152,튜토리얼완료,2025-03-29 18:00:00
2546,1153,가입,2025-01-19 00:00:00
2547,1153,튜토리얼완료,2025-01-21 00:00:00
2548,1153,첫결제,2025-02-08 20:09:00
2549,1154,가입,2025-01-11 00:00:00
2550,1154,튜토리얼완료,2025-01-11 15:00:00
2551,1155,가입,2025-06-20 00:00:00
2552,1156,가입,2025-03-06 00:00:00
2553,1156,튜토리얼완료,2025-03-06 00:00:00
2554,1157,가입,2025-04-18 00:00:00
2555,1157,튜토리얼완료,2025-04-20 09:00:00
2556,1157,첫결제,2025-05-31 20:32:00
2557,1158,가입,2025-02-22 00:00:00
2558,1158,튜토리얼완료,2025-02-22 04:00:00
2559,1159,가입,2025-02-22 00:00:00
2560,1159,튜토리얼완료,2025-02-23 05:00:00
2561,1159,첫결제,2025-02-28 01:33:00
2562,1160,가입,2025-06-29 00:00:00
2563,1160,튜토리얼완료,2025-07-01 05:00:00
2564,1161,가입,2025-05-29 00:00:00
2565,1161,튜토리얼완료,2025-05-29 18:00:00
2566,1162,가입,2025-01-04 00:00:00
2567,1162,튜토리얼완료,2025-01-06 02:00:00
2568,1163,가입,2025-01-12 00:00:00
2569,1163,튜토리얼완료,2025-01-13 11:00:00
2570,1163,첫결제,2025-02-06 19:49:00
2571,1164,가입,2025-01-27 00:00:00
2572,1164,튜토리얼완료,2025-01-30 00:00:00
2573,1165,가입,2025-01-26 00:00:00
2574,1166,가입,2025-01-12 00:00:00
2575,1166,튜토리얼완료,2025-01-13 22:00:00
2576,1166,첫결제,2025-01-20 14:01:00
2577,1167,가입,2025-03-08 00:00:00
2578,1168,가입,2025-02-03 00:00:00
2579,1168,튜토리얼완료,2025-02-05 16:00:00
2580,1169,가입,2025-05-11 00:00:00
2581,1169,튜토리얼완료,2025-05-14 07:00:00
2582,1170,가입,2025-01-27 00:00:00
2583,1170,튜토리얼완료,2025-01-30 09:00:00
2584,1171,가입,2025-02-14 00:00:00
2585,1171,튜토리얼완료,2025-02-15 06:00:00
2586,1172,가입,2025-02-02 00:00:00
2587,1172,튜토리얼완료,2025-02-02 04:00:00
2588,1173,가입,2025-03-05 00:00:00
2589,1173,튜토리얼완료,2025-03-06 23:00:00
2590,1174,가입,2025-01-18 00:00:00
2591,1174,튜토리얼완료,2025-01-20 07:00:00
2592,1175,가입,2025-04-17 00:00:00
2593,1175,튜토리얼완료,2025-04-17 12:00:00
2594,1176,가입,2025-06-29 00:00:00
2595,1176,튜토리얼완료,2025-06-30 06:00:00
2596,1177,가입,2025-01-05 00:00:00
2597,1177,튜토리얼완료,2025-01-06 20:00:00
2598,1178,가입,2025-01-01 00:00:00
2599,1178,튜토리얼완료,2025-01-03 21:00:00
2600,1179,가입,2025-02-01 00:00:00
2601,1179,튜토리얼완료,2025-02-04 01:00:00
2602,1180,가입,2025-02-16 00:00:00
2603,1180,튜토리얼완료,2025-02-16 04:00:00
2604,1180,첫결제,2025-02-16 07:25:00
2605,1181,가입,2025-03-19 00:00:00
2606,1181,튜토리얼완료,2025-03-19 19:00:00
2607,1182,가입,2025-02-02 00:00:00
2608,1182,튜토리얼완료,2025-02-02 00:00:00
2609,1182,첫결제,2025-02-17 20:37:00
2610,1183,가입,2025-02-07 00:00:00
2611,1183,튜토리얼완료,2025-02-08 20:00:00
2612,1184,가입,2025-02-25 00:00:00
2613,1184,튜토리얼완료,2025-02-27 13:00:00
2614,1185,가입,2025-01-31 00:00:00
2615,1185,튜토리얼완료,2025-02-02 12:00:00
2616,1185,첫결제,2025-02-27 02:33:00
2617,1186,가입,2025-06-29 00:00:00
2618,1187,가입,2025-01-05 00:00:00
2619,1187,튜토리얼완료,2025-01-06 16:00:00
2620,1187,첫결제,2025-01-07 05:37:00
2621,1188,가입,2025-01-08 00:00:00
2622,1188,튜토리얼완료,2025-01-09 18:00:00
2623,1189,가입,2025-02-14 00:00:00
2624,1189,튜토리얼완료,2025-02-16 10:00:00
2625,1190,가입,2025-01-19 00:00:00
2626,1190,튜토리얼완료,2025-01-21 22:00:00
2627,1191,가입,2025-04-14 00:00:00
2628,1191,첫결제,2025-06-03 14:53:00
2629,1192,가입,2025-01-26 00:00:00
2630,1192,튜토리얼완료,2025-01-28 19:00:00
2631,1193,가입,2025-01-14 00:00:00
2632,1193,튜토리얼완료,2025-01-16 12:00:00
2633,1194,가입,2025-01-11 00:00:00
2634,1194,튜토리얼완료,2025-01-13 04:00:00
2635,1194,첫결제,2025-01-16 03:40:00
2636,1195,가입,2025-02-28 00:00:00
2637,1196,가입,2025-01-11 00:00:00
2638,1196,튜토리얼완료,2025-01-13 23:00:00
2639,1197,가입,2025-02-03 00:00:00
2640,1198,가입,2025-03-10 00:00:00
2641,1198,튜토리얼완료,2025-03-12 10:00:00
2642,1198,첫결제,2025-03-29 16:42:00
2643,1199,가입,2025-03-19 00:00:00
2644,1199,튜토리얼완료,2025-03-19 11:00:00
2645,1200,가입,2025-01-29 00:00:00
2646,1200,튜토리얼완료,2025-01-29 12:00:00
2647,1200,첫결제,2025-01-29 00:09:00
2648,1201,가입,2025-01-03 00:00:00
2649,1201,튜토리얼완료,2025-01-04 05:00:00
2650,1201,첫결제,2025-01-03 21:48:00
2651,1202,가입,2025-01-28 00:00:00
2652,1202,튜토리얼완료,2025-01-30 16:00:00
2653,1203,가입,2025-02-02 00:00:00
2654,1203,튜토리얼완료,2025-02-03 11:00:00
2655,1204,가입,2025-02-07 00:00:00
2656,1204,튜토리얼완료,2025-02-07 11:00:00
2657,1205,가입,2025-01-17 00:00:00
2658,1206,가입,2025-06-29 00:00:00
2659,1206,튜토리얼완료,2025-07-01 20:00:00
2660,1207,가입,2025-03-25 00:00:00
2661,1207,튜토리얼완료,2025-03-27 08:00:00
2662,1208,가입,2025-01-06 00:00:00
2663,1208,튜토리얼완료,2025-01-06 18:00:00
2664,1208,첫결제,2025-01-07 20:29:00
2665,1209,가입,2025-01-06 00:00:00
2666,1209,튜토리얼완료,2025-01-09 17:00:00
2667,1210,가입,2025-02-05 00:00:00
2668,1210,튜토리얼완료,2025-02-07 03:00:00
2669,1210,첫결제,2025-02-05 12:13:00
2670,1211,가입,2025-04-07 00:00:00
2671,1211,튜토리얼완료,2025-04-07 01:00:00
2672,1211,첫결제,2025-04-23 20:39:00
2673,1212,가입,2025-01-06 00:00:00
2674,1212,튜토리얼완료,2025-01-09 04:00:00
2675,1213,가입,2025-04-07 00:00:00
2676,1213,첫결제,2025-04-21 02:33:00
2677,1214,가입,2025-03-06 00:00:00
2678,1214,튜토리얼완료,2025-03-09 14:00:00
2679,1214,첫결제,2025-04-07 10:41:00
2680,1215,가입,2025-04-11 00:00:00
2681,1215,튜토리얼완료,2025-04-13 11:00:00
2682,1216,가입,2025-04-14 00:00:00
2683,1216,튜토리얼완료,2025-04-14 13:00:00
2684,1217,가입,2025-03-25 00:00:00
2685,1217,튜토리얼완료,2025-03-27 08:00:00
2686,1218,가입,2025-02-26 00:00:00
2687,1218,튜토리얼완료,2025-02-27 16:00:00
2688,1219,가입,2025-05-06 00:00:00
2689,1219,튜토리얼완료,2025-05-09 18:00:00
2690,1219,첫결제,2025-06-07 15:40:00
2691,1220,가입,2025-03-02 00:00:00
2692,1220,튜토리얼완료,2025-03-05 14:00:00
2693,1221,가입,2025-02-21 00:00:00
2694,1221,튜토리얼완료,2025-02-22 14:00:00
2695,1222,가입,2025-02-15 00:00:00
2696,1222,튜토리얼완료,2025-02-17 15:00:00
2697,1222,첫결제,2025-03-05 19:56:00
2698,1223,가입,2025-03-26 00:00:00
2699,1223,튜토리얼완료,2025-03-29 14:00:00
2700,1223,첫결제,2025-03-26 07:04:00
2701,1224,가입,2025-01-21 00:00:00
2702,1224,튜토리얼완료,2025-01-23 15:00:00
2703,1225,가입,2025-06-29 00:00:00
2704,1225,튜토리얼완료,2025-07-01 11:00:00
2705,1226,가입,2025-04-07 00:00:00
2706,1226,튜토리얼완료,2025-04-09 15:00:00
2707,1227,가입,2025-01-11 00:00:00
2708,1227,튜토리얼완료,2025-01-11 02:00:00
2709,1227,첫결제,2025-01-15 19:09:00
2710,1228,가입,2025-03-18 00:00:00
2711,1228,튜토리얼완료,2025-03-21 00:00:00
2712,1229,가입,2025-03-21 00:00:00
2713,1229,튜토리얼완료,2025-03-22 00:00:00
2714,1230,가입,2025-01-08 00:00:00
2715,1230,튜토리얼완료,2025-01-09 14:00:00
2716,1230,첫결제,2025-01-28 12:40:00
2717,1231,가입,2025-02-03 00:00:00
2718,1231,튜토리얼완료,2025-02-03 10:00:00
2719,1232,가입,2025-01-21 00:00:00
2720,1232,튜토리얼완료,2025-01-23 19:00:00
2721,1233,가입,2025-01-13 00:00:00
2722,1233,첫결제,2025-01-17 23:36:00
2723,1234,가입,2025-01-18 00:00:00
2724,1234,튜토리얼완료,2025-01-21 04:00:00
2725,1234,첫결제,2025-01-23 07:08:00
2726,1235,가입,2025-03-24 00:00:00
2727,1235,튜토리얼완료,2025-03-25 14:00:00
2728,1236,가입,2025-02-12 00:00:00
2729,1236,첫결제,2025-02-12 11:23:00
2730,1237,가입,2025-01-21 00:00:00
2731,1237,튜토리얼완료,2025-01-24 06:00:00
2732,1238,가입,2025-01-14 00:00:00
2733,1238,튜토리얼완료,2025-01-15 19:00:00
2734,1239,가입,2025-04-19 00:00:00
2735,1239,튜토리얼완료,2025-04-22 14:00:00
2736,1240,가입,2025-02-06 00:00:00
2737,1240,튜토리얼완료,2025-02-07 08:00:00
2738,1241,가입,2025-03-14 00:00:00
2739,1241,튜토리얼완료,2025-03-16 15:00:00
2740,1242,가입,2025-02-03 00:00:00
2741,1242,튜토리얼완료,2025-02-06 05:00:00
2742,1243,가입,2025-01-18 00:00:00
2743,1244,가입,2025-03-26 00:00:00
2744,1244,튜토리얼완료,2025-03-27 08:00:00
2745,1244,첫결제,2025-03-27 22:28:00
2746,1245,가입,2025-02-13 00:00:00
2747,1245,튜토리얼완료,2025-02-16 16:00:00
2748,1246,가입,2025-03-04 00:00:00
2749,1246,튜토리얼완료,2025-03-06 17:00:00
2750,1247,가입,2025-04-24 00:00:00
2751,1248,가입,2025-06-04 00:00:00
2752,1248,튜토리얼완료,2025-06-05 18:00:00
2753,1249,가입,2025-03-18 00:00:00
2754,1249,튜토리얼완료,2025-03-18 16:00:00
2755,1250,가입,2025-02-28 00:00:00
2756,1250,튜토리얼완료,2025-03-03 18:00:00
2757,1251,가입,2025-04-06 00:00:00
2758,1251,튜토리얼완료,2025-04-09 08:00:00
2759,1251,첫결제,2025-04-20 19:01:00
2760,1252,가입,2025-01-20 00:00:00
2761,1252,튜토리얼완료,2025-01-20 05:00:00
2762,1253,가입,2025-01-24 00:00:00
2763,1253,튜토리얼완료,2025-01-25 10:00:00
2764,1253,첫결제,2025-01-26 22:42:00
2765,1254,가입,2025-03-20 00:00:00
2766,1254,튜토리얼완료,2025-03-22 08:00:00
2767,1255,가입,2025-01-24 00:00:00
2768,1255,첫결제,2025-01-25 22:20:00
2769,1256,가입,2025-01-23 00:00:00
2770,1256,튜토리얼완료,2025-01-23 00:00:00
2771,1257,가입,2025-05-08 00:00:00
2772,1257,튜토리얼완료,2025-05-09 04:00:00
2773,1257,첫결제,2025-05-09 23:24:00
2774,1258,가입,2025-04-12 00:00:00
2775,1258,튜토리얼완료,2025-04-14 22:00:00
2776,1259,가입,2025-01-24 00:00:00
2777,1260,가입,2025-02-06 00:00:00
2778,1260,튜토리얼완료,2025-02-08 02:00:00
2779,1260,첫결제,2025-02-18 04:52:00
2780,1261,가입,2025-04-15 00:00:00
2781,1261,튜토리얼완료,2025-04-15 11:00:00
2782,1262,가입,2025-01-06 00:00:00
2783,1263,가입,2025-03-18 00:00:00
2784,1263,튜토리얼완료,2025-03-21 19:00:00
2785,1264,가입,2025-01-12 00:00:00
2786,1264,튜토리얼완료,2025-01-15 21:00:00
2787,1265,가입,2025-04-28 00:00:00
2788,1265,튜토리얼완료,2025-04-30 17:00:00
2789,1266,가입,2025-02-08 00:00:00
2790,1266,튜토리얼완료,2025-02-11 00:00:00
2791,1267,가입,2025-01-11 00:00:00
2792,1267,튜토리얼완료,2025-01-12 13:00:00
2793,1268,가입,2025-01-01 00:00:00
2794,1268,튜토리얼완료,2025-01-01 01:00:00
2795,1269,가입,2025-01-02 00:00:00
2796,1269,튜토리얼완료,2025-01-04 21:00:00
2797,1269,첫결제,2025-01-18 16:52:00
2798,1270,가입,2025-01-24 00:00:00
2799,1270,튜토리얼완료,2025-01-25 08:00:00
2800,1271,가입,2025-04-03 00:00:00
2801,1271,튜토리얼완료,2025-04-04 08:00:00
2802,1272,가입,2025-01-03 00:00:00
2803,1272,튜토리얼완료,2025-01-06 15:00:00
2804,1273,가입,2025-03-22 00:00:00
2805,1274,가입,2025-05-15 00:00:00
2806,1274,튜토리얼완료,2025-05-18 03:00:00
2807,1275,가입,2025-01-26 00:00:00
2808,1275,튜토리얼완료,2025-01-27 13:00:00
2809,1276,가입,2025-03-22 00:00:00
2810,1276,튜토리얼완료,2025-03-25 09:00:00
2811,1277,가입,2025-01-01 00:00:00
2812,1277,첫결제,2025-01-11 07:30:00
2813,1278,가입,2025-01-08 00:00:00
2814,1278,튜토리얼완료,2025-01-08 19:00:00
2815,1279,가입,2025-01-18 00:00:00
2816,1279,튜토리얼완료,2025-01-19 22:00:00
2817,1280,가입,2025-02-03 00:00:00
2818,1280,튜토리얼완료,2025-02-03 05:00:00
2819,1281,가입,2025-03-16 00:00:00
2820,1281,튜토리얼완료,2025-03-16 16:00:00
2821,1282,가입,2025-04-15 00:00:00
2822,1282,첫결제,2025-04-19 04:39:00
2823,1283,가입,2025-01-29 00:00:00
2824,1283,튜토리얼완료,2025-02-01 04:00:00
2825,1283,첫결제,2025-03-30 23:15:00
2826,1284,가입,2025-02-13 00:00:00
2827,1284,튜토리얼완료,2025-02-13 11:00:00
2828,1284,첫결제,2025-02-16 11:49:00
2829,1285,가입,2025-06-29 00:00:00
2830,1285,튜토리얼완료,2025-07-02 04:00:00
2831,1286,가입,2025-02-17 00:00:00
2832,1286,튜토리얼완료,2025-02-20 05:00:00
2833,1287,가입,2025-02-01 00:00:00
2834,1287,튜토리얼완료,2025-02-04 03:00:00
2835,1287,첫결제,2025-02-03 03:05:00
2836,1288,가입,2025-04-14 00:00:00
2837,1288,첫결제,2025-05-05 23:40:00
2838,1289,가입,2025-06-29 00:00:00
2839,1289,튜토리얼완료,2025-07-02 15:00:00
2840,1290,가입,2025-02-02 00:00:00
2841,1290,튜토리얼완료,2025-02-04 02:00:00
2842,1291,가입,2025-03-08 00:00:00
2843,1291,튜토리얼완료,2025-03-11 08:00:00
2844,1292,가입,2025-05-28 00:00:00
2845,1292,튜토리얼완료,2025-05-28 04:00:00
2846,1293,가입,2025-01-27 00:00:00
2847,1293,튜토리얼완료,2025-01-29 03:00:00
2848,1294,가입,2025-02-05 00:00:00
2849,1294,튜토리얼완료,2025-02-06 07:00:00
2850,1295,가입,2025-02-16 00:00:00
2851,1295,튜토리얼완료,2025-02-19 06:00:00
2852,1295,첫결제,2025-02-18 04:13:00
2853,1296,가입,2025-02-21 00:00:00
2854,1297,가입,2025-03-22 00:00:00
2855,1297,튜토리얼완료,2025-03-23 22:00:00
2856,1297,첫결제,2025-06-01 02:40:00
2857,1298,가입,2025-03-14 00:00:00
2858,1298,튜토리얼완료,2025-03-17 04:00:00
2859,1299,가입,2025-02-02 00:00:00
2860,1299,튜토리얼완료,2025-02-05 18:00:00
2861,1299,첫결제,2025-03-13 00:51:00
2862,1300,가입,2025-06-04 00:00:00
2863,1300,튜토리얼완료,2025-06-07 23:00:00
2864,1300,첫결제,2025-06-06 05:01:00
2865,1301,가입,2025-02-04 00:00:00
2866,1301,튜토리얼완료,2025-02-07 10:00:00
2867,1302,가입,2025-01-17 00:00:00
2868,1302,튜토리얼완료,2025-01-17 01:00:00
2869,1303,가입,2025-02-28 00:00:00
2870,1303,튜토리얼완료,2025-03-02 08:00:00
2871,1304,가입,2025-04-21 00:00:00
2872,1304,튜토리얼완료,2025-04-22 20:00:00
2873,1305,가입,2025-01-19 00:00:00
2874,1305,튜토리얼완료,2025-01-19 22:00:00
2875,1305,첫결제,2025-05-16 08:49:00
2876,1306,가입,2025-02-23 00:00:00
2877,1306,튜토리얼완료,2025-02-25 03:00:00
2878,1306,첫결제,2025-03-12 06:09:00
2879,1307,가입,2025-01-24 00:00:00
2880,1307,첫결제,2025-01-25 02:01:00
2881,1308,가입,2025-01-02 00:00:00
2882,1308,튜토리얼완료,2025-01-02 22:00:00
2883,1309,가입,2025-01-17 00:00:00
2884,1309,튜토리얼완료,2025-01-17 19:00:00
2885,1309,첫결제,2025-02-11 12:04:00
2886,1310,가입,2025-03-12 00:00:00
2887,1310,첫결제,2025-04-05 16:42:00
2888,1311,가입,2025-03-26 00:00:00
2889,1311,튜토리얼완료,2025-03-26 05:00:00
2890,1312,가입,2025-01-16 00:00:00
2891,1312,튜토리얼완료,2025-01-17 11:00:00
2892,1312,첫결제,2025-01-16 13:36:00
2893,1313,가입,2025-03-01 00:00:00
2894,1313,튜토리얼완료,2025-03-02 10:00:00
2895,1314,가입,2025-02-03 00:00:00
2896,1314,튜토리얼완료,2025-02-03 12:00:00
2897,1315,가입,2025-02-25 00:00:00
2898,1315,튜토리얼완료,2025-02-25 03:00:00
2899,1315,첫결제,2025-03-06 03:14:00
2900,1316,가입,2025-01-03 00:00:00
2901,1316,튜토리얼완료,2025-01-06 16:00:00
2902,1317,가입,2025-01-10 00:00:00
2903,1317,튜토리얼완료,2025-01-11 03:00:00
2904,1318,가입,2025-01-14 00:00:00
2905,1318,튜토리얼완료,2025-01-14 23:00:00
2906,1319,가입,2025-01-21 00:00:00
2907,1319,튜토리얼완료,2025-01-24 03:00:00
2908,1319,첫결제,2025-01-23 05:25:00
2909,1320,가입,2025-02-02 00:00:00
2910,1320,튜토리얼완료,2025-02-02 16:00:00
2911,1321,가입,2025-02-04 00:00:00
2912,1321,튜토리얼완료,2025-02-07 01:00:00
2913,1322,가입,2025-02-03 00:00:00
2914,1322,튜토리얼완료,2025-02-03 06:00:00
2915,1323,가입,2025-01-09 00:00:00
2916,1323,튜토리얼완료,2025-01-10 22:00:00
2917,1324,가입,2025-06-23 00:00:00
2918,1325,가입,2025-01-26 00:00:00
2919,1325,튜토리얼완료,2025-01-26 00:00:00
2920,1325,첫결제,2025-02-03 04:33:00
2921,1326,가입,2025-02-18 00:00:00
2922,1326,튜토리얼완료,2025-02-20 06:00:00
2923,1326,첫결제,2025-02-24 19:28:00
2924,1327,가입,2025-04-30 00:00:00
2925,1327,튜토리얼완료,2025-05-03 18:00:00
2926,1327,첫결제,2025-05-20 19:21:00
2927,1328,가입,2025-01-09 00:00:00
2928,1328,튜토리얼완료,2025-01-12 05:00:00
2929,1328,첫결제,2025-01-09 17:21:00
2930,1329,가입,2025-02-20 00:00:00
2931,1330,가입,2025-01-30 00:00:00
2932,1330,튜토리얼완료,2025-01-30 12:00:00
2933,1331,가입,2025-04-11 00:00:00
2934,1331,튜토리얼완료,2025-04-13 18:00:00
2935,1332,가입,2025-02-09 00:00:00
2936,1332,튜토리얼완료,2025-02-12 22:00:00
2937,1333,가입,2025-01-26 00:00:00
2938,1333,튜토리얼완료,2025-01-26 16:00:00
2939,1333,첫결제,2025-02-07 20:55:00
2940,1334,가입,2025-01-01 00:00:00
2941,1334,튜토리얼완료,2025-01-04 00:00:00
2942,1335,가입,2025-06-12 00:00:00
2943,1335,첫결제,2025-06-16 03:29:00
2944,1336,가입,2025-01-07 00:00:00
2945,1337,가입,2025-02-28 00:00:00
2946,1337,튜토리얼완료,2025-02-28 12:00:00
2947,1338,가입,2025-01-23 00:00:00
2948,1338,튜토리얼완료,2025-01-25 01:00:00
2949,1338,첫결제,2025-01-27 20:12:00
2950,1339,가입,2025-06-29 00:00:00
2951,1339,튜토리얼완료,2025-07-02 03:00:00
2952,1340,가입,2025-01-10 00:00:00
2953,1340,튜토리얼완료,2025-01-12 09:00:00
2954,1341,가입,2025-06-12 00:00:00
2955,1341,튜토리얼완료,2025-06-14 14:00:00
2956,1342,가입,2025-06-29 00:00:00
2957,1342,튜토리얼완료,2025-07-02 15:00:00
2958,1343,가입,2025-01-19 00:00:00
2959,1343,튜토리얼완료,2025-01-20 19:00:00
2960,1344,가입,2025-01-07 00:00:00
2961,1344,튜토리얼완료,2025-01-08 12:00:00
2962,1344,첫결제,2025-01-10 23:50:00
2963,1345,가입,2025-03-05 00:00:00
2964,1345,튜토리얼완료,2025-03-07 07:00:00
2965,1345,첫결제,2025-03-10 12:26:00
2966,1346,가입,2025-01-19 00:00:00
2967,1346,튜토리얼완료,2025-01-20 14:00:00
2968,1346,첫결제,2025-01-25 05:35:00
2969,1347,가입,2025-01-24 00:00:00
2970,1347,튜토리얼완료,2025-01-24 05:00:00
2971,1347,첫결제,2025-01-25 12:06:00
2972,1348,가입,2025-03-23 00:00:00
2973,1348,튜토리얼완료,2025-03-24 22:00:00
2974,1349,가입,2025-05-08 00:00:00
2975,1349,튜토리얼완료,2025-05-10 07:00:00
2976,1349,첫결제,2025-05-16 21:22:00
2977,1350,가입,2025-02-25 00:00:00
2978,1350,튜토리얼완료,2025-02-26 11:00:00
2979,1351,가입,2025-04-09 00:00:00
2980,1351,튜토리얼완료,2025-04-12 21:00:00
2981,1352,가입,2025-01-08 00:00:00
2982,1352,튜토리얼완료,2025-01-10 05:00:00
2983,1352,첫결제,2025-01-08 22:20:00
2984,1353,가입,2025-05-31 00:00:00
2985,1353,튜토리얼완료,2025-05-31 21:00:00
2986,1354,가입,2025-01-09 00:00:00
2987,1354,튜토리얼완료,2025-01-09 15:00:00
2988,1355,가입,2025-01-08 00:00:00
2989,1355,튜토리얼완료,2025-01-09 15:00:00
2990,1355,첫결제,2025-01-08 03:27:00
2991,1356,가입,2025-01-19 00:00:00
2992,1356,튜토리얼완료,2025-01-20 23:00:00
2993,1357,가입,2025-02-14 00:00:00
2994,1357,튜토리얼완료,2025-02-14 11:00:00
2995,1358,가입,2025-01-11 00:00:00
2996,1359,가입,2025-06-04 00:00:00
2997,1359,튜토리얼완료,2025-06-07 19:00:00
2998,1360,가입,2025-01-16 00:00:00
2999,1360,튜토리얼완료,2025-01-18 19:00:00
3000,1361,가입,2025-05-09 00:00:00
3001,1361,튜토리얼완료,2025-05-09 06:00:00
3002,1362,가입,2025-05-30 00:00:00
3003,1362,튜토리얼완료,2025-05-30 22:00:00
3004,1363,가입,2025-02-04 00:00:00
3005,1364,가입,2025-05-15 00:00:00
3006,1364,튜토리얼완료,2025-05-15 07:00:00
3007,1365,가입,2025-04-10 00:00:00
3008,1365,튜토리얼완료,2025-04-12 21:00:00
3009,1366,가입,2025-02-01 00:00:00
3010,1366,튜토리얼완료,2025-02-04 21:00:00
3011,1367,가입,2025-04-11 00:00:00
3012,1367,튜토리얼완료,2025-04-12 01:00:00
3013,1368,가입,2025-03-11 00:00:00
3014,1368,튜토리얼완료,2025-03-13 04:00:00
3015,1369,가입,2025-01-20 00:00:00
3016,1369,튜토리얼완료,2025-01-20 08:00:00
3017,1370,가입,2025-06-29 00:00:00
3018,1370,튜토리얼완료,2025-06-29 03:00:00
3019,1371,가입,2025-02-28 00:00:00
3020,1371,튜토리얼완료,2025-02-28 23:00:00
3021,1372,가입,2025-04-23 00:00:00
3022,1372,튜토리얼완료,2025-04-23 13:00:00
3023,1373,가입,2025-02-03 00:00:00
3024,1373,튜토리얼완료,2025-02-04 22:00:00
3025,1374,가입,2025-03-06 00:00:00
3026,1374,튜토리얼완료,2025-03-09 00:00:00
3027,1374,첫결제,2025-03-18 02:10:00
3028,1375,가입,2025-01-18 00:00:00
3029,1375,튜토리얼완료,2025-01-21 01:00:00
3030,1376,가입,2025-01-23 00:00:00
3031,1376,튜토리얼완료,2025-01-23 01:00:00
3032,1376,첫결제,2025-01-31 02:20:00
3033,1377,가입,2025-03-28 00:00:00
3034,1377,튜토리얼완료,2025-03-29 13:00:00
3035,1377,첫결제,2025-05-22 13:22:00
3036,1378,가입,2025-05-03 00:00:00
3037,1378,튜토리얼완료,2025-05-03 13:00:00
3038,1379,가입,2025-06-29 00:00:00
3039,1379,튜토리얼완료,2025-07-02 18:00:00
3040,1380,가입,2025-02-11 00:00:00
3041,1380,첫결제,2025-02-13 23:25:00
3042,1381,가입,2025-01-02 00:00:00
3043,1381,튜토리얼완료,2025-01-03 21:00:00
3044,1382,가입,2025-01-12 00:00:00
3045,1382,튜토리얼완료,2025-01-12 17:00:00
3046,1383,가입,2025-01-12 00:00:00
3047,1383,튜토리얼완료,2025-01-14 21:00:00
3048,1384,가입,2025-06-29 00:00:00
3049,1384,튜토리얼완료,2025-06-29 17:00:00
3050,1385,가입,2025-01-23 00:00:00
3051,1385,첫결제,2025-02-01 18:13:00
3052,1386,가입,2025-01-24 00:00:00
3053,1386,튜토리얼완료,2025-01-26 18:00:00
3054,1387,가입,2025-06-12 00:00:00
3055,1387,튜토리얼완료,2025-06-12 15:00:00
3056,1388,가입,2025-02-17 00:00:00
3057,1388,튜토리얼완료,2025-02-17 18:00:00
3058,1389,가입,2025-01-26 00:00:00
3059,1389,첫결제,2025-01-27 21:41:00
3060,1390,가입,2025-01-02 00:00:00
3061,1390,튜토리얼완료,2025-01-04 06:00:00
3062,1391,가입,2025-01-06 00:00:00
3063,1391,첫결제,2025-01-30 21:45:00
3064,1392,가입,2025-01-15 00:00:00
3065,1392,튜토리얼완료,2025-01-15 20:00:00
3066,1393,가입,2025-01-17 00:00:00
3067,1393,튜토리얼완료,2025-01-17 18:00:00
3068,1393,첫결제,2025-01-29 23:11:00
3069,1394,가입,2025-02-06 00:00:00
3070,1394,튜토리얼완료,2025-02-07 07:00:00
3071,1395,가입,2025-02-24 00:00:00
3072,1395,튜토리얼완료,2025-02-25 06:00:00
3073,1396,가입,2025-01-17 00:00:00
3074,1396,튜토리얼완료,2025-01-20 23:00:00
3075,1396,첫결제,2025-01-17 21:22:00
3076,1397,가입,2025-02-22 00:00:00
3077,1397,튜토리얼완료,2025-02-25 14:00:00
3078,1397,첫결제,2025-03-02 22:10:00
3079,1398,가입,2025-02-03 00:00:00
3080,1398,튜토리얼완료,2025-02-06 11:00:00
3081,1399,가입,2025-04-17 00:00:00
3082,1399,튜토리얼완료,2025-04-20 11:00:00
3083,1399,첫결제,2025-04-21 20:24:00
3084,1400,가입,2025-02-15 00:00:00
3085,1400,튜토리얼완료,2025-02-16 08:00:00
3086,1401,가입,2025-02-11 00:00:00
3087,1401,튜토리얼완료,2025-02-13 07:00:00
3088,1401,첫결제,2025-02-14 15:53:00
3089,1402,가입,2025-01-29 00:00:00
3090,1402,튜토리얼완료,2025-01-29 20:00:00
3091,1402,첫결제,2025-04-05 21:35:00
3092,1403,가입,2025-02-10 00:00:00
3093,1403,첫결제,2025-04-03 08:53:00
3094,1404,가입,2025-01-22 00:00:00
3095,1404,튜토리얼완료,2025-01-25 12:00:00
3096,1405,가입,2025-01-18 00:00:00
3097,1405,첫결제,2025-02-12 19:47:00
3098,1406,가입,2025-02-21 00:00:00
3099,1406,첫결제,2025-02-24 02:19:00
3100,1407,가입,2025-01-25 00:00:00
3101,1407,튜토리얼완료,2025-01-27 12:00:00
3102,1408,가입,2025-01-24 00:00:00
3103,1408,첫결제,2025-01-28 15:06:00
3104,1409,가입,2025-06-29 00:00:00
3105,1409,튜토리얼완료,2025-06-30 10:00:00
3106,1410,가입,2025-03-11 00:00:00
3107,1410,튜토리얼완료,2025-03-13 02:00:00
3108,1411,가입,2025-01-31 00:00:00
3109,1411,튜토리얼완료,2025-02-02 07:00:00
3110,1411,첫결제,2025-04-02 23:51:00
3111,1412,가입,2025-03-08 00:00:00
3112,1412,튜토리얼완료,2025-03-08 19:00:00
3113,1413,가입,2025-04-18 00:00:00
3114,1413,튜토리얼완료,2025-04-21 11:00:00
3115,1413,첫결제,2025-05-11 10:20:00
3116,1414,가입,2025-06-29 00:00:00
3117,1414,튜토리얼완료,2025-07-01 20:00:00
3118,1415,가입,2025-02-20 00:00:00
3119,1415,튜토리얼완료,2025-02-20 19:00:00
3120,1416,가입,2025-01-04 00:00:00
3121,1416,튜토리얼완료,2025-01-05 10:00:00
3122,1416,첫결제,2025-01-12 23:57:00
3123,1417,가입,2025-02-12 00:00:00
3124,1417,튜토리얼완료,2025-02-15 08:00:00
3125,1417,첫결제,2025-02-12 17:40:00
3126,1418,가입,2025-01-06 00:00:00
3127,1418,튜토리얼완료,2025-01-09 16:00:00
3128,1418,첫결제,2025-01-08 06:33:00
3129,1419,가입,2025-06-29 00:00:00
3130,1419,튜토리얼완료,2025-06-30 22:00:00
3131,1420,가입,2025-01-10 00:00:00
3132,1420,튜토리얼완료,2025-01-11 13:00:00
3133,1421,가입,2025-01-05 00:00:00
3134,1421,첫결제,2025-01-21 23:23:00
3135,1422,가입,2025-05-19 00:00:00
3136,1422,튜토리얼완료,2025-05-21 16:00:00
3137,1422,첫결제,2025-05-25 19:33:00
3138,1423,가입,2025-02-04 00:00:00
3139,1423,튜토리얼완료,2025-02-07 06:00:00
3140,1423,첫결제,2025-02-07 19:33:00
3141,1424,가입,2025-02-13 00:00:00
3142,1424,튜토리얼완료,2025-02-14 08:00:00
3143,1425,가입,2025-02-05 00:00:00
3144,1425,튜토리얼완료,2025-02-08 18:00:00
3145,1426,가입,2025-06-09 00:00:00
3146,1426,튜토리얼완료,2025-06-12 06:00:00
3147,1427,가입,2025-02-22 00:00:00
3148,1427,튜토리얼완료,2025-02-23 19:00:00
3149,1428,가입,2025-02-08 00:00:00
3150,1428,튜토리얼완료,2025-02-08 22:00:00
3151,1429,가입,2025-01-07 00:00:00
3152,1429,튜토리얼완료,2025-01-08 16:00:00
3153,1430,가입,2025-06-25 00:00:00
3154,1430,튜토리얼완료,2025-06-26 05:00:00
3155,1431,가입,2025-01-16 00:00:00
3156,1431,튜토리얼완료,2025-01-16 19:00:00
3157,1432,가입,2025-06-15 00:00:00
3158,1432,튜토리얼완료,2025-06-16 10:00:00
3159,1433,가입,2025-01-03 00:00:00
3160,1433,튜토리얼완료,2025-01-04 15:00:00
3161,1433,첫결제,2025-01-06 13:14:00
3162,1434,가입,2025-05-03 00:00:00
3163,1434,튜토리얼완료,2025-05-03 16:00:00
3164,1435,가입,2025-02-03 00:00:00
3165,1435,튜토리얼완료,2025-02-04 08:00:00
3166,1435,첫결제,2025-02-13 12:05:00
3167,1436,가입,2025-06-29 00:00:00
3168,1436,튜토리얼완료,2025-07-02 19:00:00
3169,1437,가입,2025-04-17 00:00:00
3170,1437,튜토리얼완료,2025-04-19 20:00:00
3171,1437,첫결제,2025-05-08 20:08:00
3172,1438,가입,2025-01-08 00:00:00
3173,1438,튜토리얼완료,2025-01-10 17:00:00
3174,1438,첫결제,2025-01-10 08:01:00
3175,1439,가입,2025-01-09 00:00:00
3176,1439,튜토리얼완료,2025-01-09 06:00:00
3177,1439,첫결제,2025-01-19 04:15:00
3178,1440,가입,2025-01-24 00:00:00
3179,1440,튜토리얼완료,2025-01-27 05:00:00
3180,1441,가입,2025-06-29 00:00:00
3181,1441,튜토리얼완료,2025-06-30 22:00:00
3182,1442,가입,2025-02-23 00:00:00
3183,1442,튜토리얼완료,2025-02-25 11:00:00
3184,1442,첫결제,2025-03-02 01:53:00
3185,1443,가입,2025-02-23 00:00:00
3186,1443,튜토리얼완료,2025-02-26 14:00:00
3187,1444,가입,2025-04-17 00:00:00
3188,1444,튜토리얼완료,2025-04-20 22:00:00
3189,1444,첫결제,2025-04-19 17:58:00
3190,1445,가입,2025-03-15 00:00:00
3191,1445,튜토리얼완료,2025-03-16 02:00:00
3192,1446,가입,2025-03-13 00:00:00
3193,1446,튜토리얼완료,2025-03-14 01:00:00
3194,1447,가입,2025-04-26 00:00:00
3195,1447,튜토리얼완료,2025-04-26 21:00:00
3196,1448,가입,2025-02-20 00:00:00
3197,1448,첫결제,2025-04-08 12:38:00
3198,1449,가입,2025-03-21 00:00:00
3199,1449,튜토리얼완료,2025-03-22 15:00:00
3200,1450,가입,2025-01-30 00:00:00
3201,1450,튜토리얼완료,2025-01-30 05:00:00
3202,1451,가입,2025-02-15 00:00:00
3203,1451,튜토리얼완료,2025-02-17 15:00:00
3204,1452,가입,2025-02-28 00:00:00
3205,1452,튜토리얼완료,2025-03-03 00:00:00
3206,1452,첫결제,2025-04-27 16:21:00
3207,1453,가입,2025-01-31 00:00:00
3208,1453,튜토리얼완료,2025-02-02 02:00:00
3209,1453,첫결제,2025-02-01 05:40:00
3210,1454,가입,2025-04-14 00:00:00
3211,1454,튜토리얼완료,2025-04-17 10:00:00
3212,1455,가입,2025-05-23 00:00:00
3213,1456,가입,2025-01-12 00:00:00
3214,1456,튜토리얼완료,2025-01-13 15:00:00
3215,1456,첫결제,2025-02-16 22:32:00
3216,1457,가입,2025-04-21 00:00:00
3217,1457,튜토리얼완료,2025-04-22 08:00:00
3218,1458,가입,2025-01-05 00:00:00
3219,1458,튜토리얼완료,2025-01-07 21:00:00
3220,1459,가입,2025-01-15 00:00:00
3221,1459,튜토리얼완료,2025-01-17 22:00:00
3222,1459,첫결제,2025-01-29 19:08:00
3223,1460,가입,2025-02-20 00:00:00
3224,1460,튜토리얼완료,2025-02-23 02:00:00
3225,1460,첫결제,2025-03-05 20:50:00
3226,1461,가입,2025-04-26 00:00:00
3227,1461,튜토리얼완료,2025-04-26 08:00:00
3228,1462,가입,2025-06-29 00:00:00
3229,1462,튜토리얼완료,2025-07-01 12:00:00
3230,1463,가입,2025-03-04 00:00:00
3231,1463,튜토리얼완료,2025-03-04 04:00:00
3232,1464,가입,2025-01-04 00:00:00
3233,1464,튜토리얼완료,2025-01-06 23:00:00
3234,1464,첫결제,2025-01-08 23:58:00
3235,1465,가입,2025-04-02 00:00:00
3236,1465,튜토리얼완료,2025-04-04 13:00:00
3237,1465,첫결제,2025-04-29 10:25:00
3238,1466,가입,2025-01-14 00:00:00
3239,1466,튜토리얼완료,2025-01-14 02:00:00
3240,1467,가입,2025-01-16 00:00:00
3241,1467,튜토리얼완료,2025-01-16 09:00:00
3242,1467,첫결제,2025-01-22 22:27:00
3243,1468,가입,2025-01-06 00:00:00
3244,1468,튜토리얼완료,2025-01-06 04:00:00
3245,1469,가입,2025-02-09 00:00:00
3246,1469,튜토리얼완료,2025-02-12 13:00:00
3247,1469,첫결제,2025-03-31 20:05:00
3248,1470,가입,2025-01-25 00:00:00
3249,1470,튜토리얼완료,2025-01-27 09:00:00
3250,1470,첫결제,2025-01-30 16:54:00
3251,1471,가입,2025-05-03 00:00:00
3252,1471,첫결제,2025-05-08 22:20:00
3253,1472,가입,2025-03-17 00:00:00
3254,1472,튜토리얼완료,2025-03-17 15:00:00
3255,1472,첫결제,2025-04-01 03:46:00
3256,1473,가입,2025-01-27 00:00:00
3257,1473,튜토리얼완료,2025-01-27 10:00:00
3258,1474,가입,2025-01-22 00:00:00
3259,1474,튜토리얼완료,2025-01-24 02:00:00
3260,1475,가입,2025-02-13 00:00:00
3261,1475,튜토리얼완료,2025-02-16 23:00:00
3262,1476,가입,2025-01-18 00:00:00
3263,1476,튜토리얼완료,2025-01-18 18:00:00
3264,1476,첫결제,2025-01-22 19:14:00
3265,1477,가입,2025-01-04 00:00:00
3266,1477,튜토리얼완료,2025-01-04 15:00:00
3267,1478,가입,2025-01-27 00:00:00
3268,1478,튜토리얼완료,2025-01-28 05:00:00
3269,1479,가입,2025-01-18 00:00:00
3270,1479,튜토리얼완료,2025-01-21 15:00:00
3271,1480,가입,2025-03-20 00:00:00
3272,1481,가입,2025-03-05 00:00:00
3273,1481,튜토리얼완료,2025-03-08 02:00:00
3274,1482,가입,2025-01-16 00:00:00
3275,1482,튜토리얼완료,2025-01-19 07:00:00
3276,1483,가입,2025-04-30 00:00:00
3277,1483,튜토리얼완료,2025-04-30 15:00:00
3278,1484,가입,2025-02-19 00:00:00
3279,1484,튜토리얼완료,2025-02-21 18:00:00
3280,1485,가입,2025-06-29 00:00:00
3281,1485,튜토리얼완료,2025-06-29 21:00:00
3282,1486,가입,2025-03-31 00:00:00
3283,1486,튜토리얼완료,2025-04-02 23:00:00
3284,1486,첫결제,2025-04-07 20:36:00
3285,1487,가입,2025-05-20 00:00:00
3286,1487,튜토리얼완료,2025-05-23 23:00:00
3287,1487,첫결제,2025-05-21 04:03:00
3288,1488,가입,2025-06-29 00:00:00
3289,1489,가입,2025-01-31 00:00:00
3290,1489,튜토리얼완료,2025-02-01 01:00:00
3291,1489,첫결제,2025-02-08 00:34:00
3292,1490,가입,2025-03-08 00:00:00
3293,1490,튜토리얼완료,2025-03-10 02:00:00
3294,1491,가입,2025-01-11 00:00:00
3295,1491,튜토리얼완료,2025-01-14 17:00:00
3296,1491,첫결제,2025-01-12 21:48:00
3297,1492,가입,2025-01-17 00:00:00
3298,1492,튜토리얼완료,2025-01-17 22:00:00
3299,1493,가입,2025-01-14 00:00:00
3300,1493,튜토리얼완료,2025-01-15 19:00:00
3301,1494,가입,2025-02-07 00:00:00
3302,1495,가입,2025-03-16 00:00:00
3303,1495,첫결제,2025-03-24 21:38:00
3304,1496,가입,2025-02-20 00:00:00
3305,1496,튜토리얼완료,2025-02-23 22:00:00
3306,1497,가입,2025-01-02 00:00:00
3307,1497,튜토리얼완료,2025-01-03 16:00:00
3308,1498,가입,2025-01-15 00:00:00
3309,1498,튜토리얼완료,2025-01-18 16:00:00
3310,1498,첫결제,2025-01-30 15:21:00
3311,1499,가입,2025-03-16 00:00:00
3312,1500,가입,2025-03-02 00:00:00
3313,1500,튜토리얼완료,2025-03-04 10:00:00
3314,1500,첫결제,2025-03-09 08:37:00
3315,1501,가입,2025-01-20 00:00:00
3316,1501,튜토리얼완료,2025-01-21 14:00:00
3317,1501,첫결제,2025-03-27 22:12:00
3318,1502,가입,2025-01-22 00:00:00
3319,1502,튜토리얼완료,2025-01-25 17:00:00
3320,1503,가입,2025-04-01 00:00:00
3321,1503,튜토리얼완료,2025-04-04 07:00:00
3322,1504,가입,2025-02-13 00:00:00
3323,1504,튜토리얼완료,2025-02-13 20:00:00
3324,1505,가입,2025-02-24 00:00:00
3325,1505,튜토리얼완료,2025-02-25 14:00:00
3326,1505,첫결제,2025-03-15 01:54:00
3327,1506,가입,2025-02-04 00:00:00
3328,1506,튜토리얼완료,2025-02-06 20:00:00
3329,1506,첫결제,2025-02-09 13:30:00
3330,1507,가입,2025-03-23 00:00:00
3331,1507,튜토리얼완료,2025-03-25 02:00:00
3332,1507,첫결제,2025-04-07 21:56:00
3333,1508,가입,2025-05-14 00:00:00
3334,1508,튜토리얼완료,2025-05-15 14:00:00
3335,1509,가입,2025-06-29 00:00:00
3336,1509,튜토리얼완료,2025-06-30 09:00:00
3337,1510,가입,2025-03-09 00:00:00
3338,1510,튜토리얼완료,2025-03-12 14:00:00
3339,1510,첫결제,2025-03-30 04:37:00
3340,1511,가입,2025-02-01 00:00:00
3341,1511,튜토리얼완료,2025-02-03 10:00:00
3342,1511,첫결제,2025-02-08 19:00:00
3343,1512,가입,2025-01-10 00:00:00
3344,1513,가입,2025-01-03 00:00:00
3345,1513,튜토리얼완료,2025-01-06 07:00:00
3346,1514,가입,2025-06-29 00:00:00
3347,1514,튜토리얼완료,2025-07-02 18:00:00
3348,1515,가입,2025-03-23 00:00:00
3349,1515,튜토리얼완료,2025-03-23 23:00:00
3350,1516,가입,2025-01-30 00:00:00
3351,1516,튜토리얼완료,2025-02-01 22:00:00
3352,1516,첫결제,2025-02-22 23:15:00
3353,1517,가입,2025-02-27 00:00:00
3354,1517,튜토리얼완료,2025-02-27 14:00:00
3355,1517,첫결제,2025-03-11 05:38:00
3356,1518,가입,2025-04-24 00:00:00
3357,1518,튜토리얼완료,2025-04-27 13:00:00
3358,1519,가입,2025-06-29 00:00:00
3359,1519,튜토리얼완료,2025-06-30 22:00:00
3360,1520,가입,2025-01-14 00:00:00
3361,1520,튜토리얼완료,2025-01-16 17:00:00
3362,1521,가입,2025-02-24 00:00:00
3363,1521,튜토리얼완료,2025-02-24 21:00:00
3364,1522,가입,2025-04-06 00:00:00
3365,1522,튜토리얼완료,2025-04-09 03:00:00
3366,1523,가입,2025-06-29 00:00:00
3367,1523,튜토리얼완료,2025-06-29 21:00:00
3368,1524,가입,2025-03-27 00:00:00
3369,1524,튜토리얼완료,2025-03-30 13:00:00
3370,1525,가입,2025-02-28 00:00:00
3371,1525,튜토리얼완료,2025-03-03 13:00:00
3372,1525,첫결제,2025-02-28 05:56:00
3373,1526,가입,2025-03-11 00:00:00
3374,1526,튜토리얼완료,2025-03-11 22:00:00
3375,1526,첫결제,2025-03-25 04:31:00
3376,1527,가입,2025-01-22 00:00:00
3377,1527,튜토리얼완료,2025-01-25 20:00:00
3378,1527,첫결제,2025-01-25 15:29:00
3379,1528,가입,2025-03-10 00:00:00
3380,1528,튜토리얼완료,2025-03-13 09:00:00
3381,1529,가입,2025-04-29 00:00:00
3382,1530,가입,2025-01-19 00:00:00
3383,1530,튜토리얼완료,2025-01-19 22:00:00
3384,1531,가입,2025-06-11 00:00:00
3385,1532,가입,2025-01-07 00:00:00
3386,1532,튜토리얼완료,2025-01-09 14:00:00
3387,1533,가입,2025-01-30 00:00:00
3388,1533,튜토리얼완료,2025-02-02 21:00:00
3389,1534,가입,2025-01-11 00:00:00
3390,1534,튜토리얼완료,2025-01-14 15:00:00
3391,1534,첫결제,2025-01-13 08:12:00
3392,1535,가입,2025-01-06 00:00:00
3393,1535,튜토리얼완료,2025-01-08 14:00:00
3394,1535,첫결제,2025-01-14 22:49:00
3395,1536,가입,2025-06-29 00:00:00
3396,1537,가입,2025-01-20 00:00:00
3397,1537,튜토리얼완료,2025-01-20 10:00:00
3398,1537,첫결제,2025-02-06 22:10:00
3399,1538,가입,2025-02-13 00:00:00
3400,1538,튜토리얼완료,2025-02-16 10:00:00
3401,1538,첫결제,2025-02-16 13:59:00
3402,1539,가입,2025-02-28 00:00:00
3403,1539,첫결제,2025-03-31 23:14:00
3404,1540,가입,2025-01-09 00:00:00
3405,1540,튜토리얼완료,2025-01-11 22:00:00
3406,1540,첫결제,2025-01-25 12:43:00
3407,1541,가입,2025-01-21 00:00:00
3408,1541,튜토리얼완료,2025-01-23 22:00:00
3409,1542,가입,2025-01-20 00:00:00
3410,1542,튜토리얼완료,2025-01-20 19:00:00
3411,1542,첫결제,2025-01-20 02:20:00
3412,1543,가입,2025-01-23 00:00:00
3413,1543,첫결제,2025-03-10 14:08:00
3414,1544,가입,2025-02-09 00:00:00
3415,1544,튜토리얼완료,2025-02-09 22:00:00
3416,1545,가입,2025-01-25 00:00:00
3417,1546,가입,2025-04-12 00:00:00
3418,1546,튜토리얼완료,2025-04-14 09:00:00
3419,1546,첫결제,2025-05-19 08:33:00
3420,1547,가입,2025-02-13 00:00:00
3421,1547,첫결제,2025-02-25 05:34:00
3422,1548,가입,2025-02-01 00:00:00
3423,1548,튜토리얼완료,2025-02-04 11:00:00
3424,1549,가입,2025-01-16 00:00:00
3425,1549,튜토리얼완료,2025-01-16 05:00:00
3426,1550,가입,2025-03-28 00:00:00
3427,1550,튜토리얼완료,2025-03-29 17:00:00
3428,1551,가입,2025-01-30 00:00:00
3429,1551,튜토리얼완료,2025-02-01 18:00:00
3430,1552,가입,2025-01-30 00:00:00
3431,1552,튜토리얼완료,2025-02-02 08:00:00
3432,1553,가입,2025-06-29 00:00:00
3433,1554,가입,2025-01-04 00:00:00
3434,1554,튜토리얼완료,2025-01-07 19:00:00
3435,1555,가입,2025-02-01 00:00:00
3436,1555,튜토리얼완료,2025-02-04 23:00:00
3437,1556,가입,2025-02-25 00:00:00
3438,1556,튜토리얼완료,2025-02-27 19:00:00
3439,1556,첫결제,2025-02-28 21:44:00
3440,1557,가입,2025-03-24 00:00:00
3441,1557,튜토리얼완료,2025-03-26 22:00:00
3442,1558,가입,2025-03-21 00:00:00
3443,1559,가입,2025-01-20 00:00:00
3444,1560,가입,2025-01-01 00:00:00
3445,1560,튜토리얼완료,2025-01-03 23:00:00
3446,1560,첫결제,2025-03-13 19:18:00
3447,1561,가입,2025-03-08 00:00:00
3448,1561,튜토리얼완료,2025-03-08 23:00:00
3449,1562,가입,2025-02-23 00:00:00
3450,1562,튜토리얼완료,2025-02-26 09:00:00
3451,1563,가입,2025-01-06 00:00:00
3452,1563,튜토리얼완료,2025-01-06 04:00:00
3453,1564,가입,2025-02-12 00:00:00
3454,1564,튜토리얼완료,2025-02-12 23:00:00
3455,1565,가입,2025-01-13 00:00:00
3456,1565,튜토리얼완료,2025-01-16 20:00:00
3457,1565,첫결제,2025-01-29 01:55:00
3458,1566,가입,2025-01-08 00:00:00
3459,1566,튜토리얼완료,2025-01-10 01:00:00
3460,1567,가입,2025-02-21 00:00:00
3461,1567,튜토리얼완료,2025-02-23 20:00:00
3462,1568,가입,2025-03-09 00:00:00
3463,1568,튜토리얼완료,2025-03-11 18:00:00
3464,1569,가입,2025-02-28 00:00:00
3465,1569,튜토리얼완료,2025-03-02 10:00:00
3466,1570,가입,2025-01-23 00:00:00
3467,1570,튜토리얼완료,2025-01-26 01:00:00
3468,1570,첫결제,2025-01-31 14:49:00
3469,1571,가입,2025-02-25 00:00:00
3470,1571,튜토리얼완료,2025-02-25 19:00:00
3471,1571,첫결제,2025-03-12 19:37:00
3472,1572,가입,2025-02-06 00:00:00
3473,1572,첫결제,2025-02-10 19:50:00
3474,1573,가입,2025-02-13 00:00:00
3475,1573,튜토리얼완료,2025-02-14 02:00:00
3476,1574,가입,2025-03-18 00:00:00
3477,1575,가입,2025-02-24 00:00:00
3478,1575,튜토리얼완료,2025-02-24 06:00:00
3479,1575,첫결제,2025-02-24 16:27:00
3480,1576,가입,2025-03-01 00:00:00
3481,1577,가입,2025-04-09 00:00:00
3482,1577,튜토리얼완료,2025-04-11 14:00:00
3483,1577,첫결제,2025-04-19 02:32:00
3484,1578,가입,2025-01-28 00:00:00
3485,1578,튜토리얼완료,2025-01-31 04:00:00
3486,1578,첫결제,2025-03-13 21:21:00
3487,1579,가입,2025-02-14 00:00:00
3488,1579,튜토리얼완료,2025-02-15 21:00:00
3489,1580,가입,2025-03-04 00:00:00
3490,1580,튜토리얼완료,2025-03-07 20:00:00
3491,1580,첫결제,2025-03-07 23:14:00
3492,1581,가입,2025-04-17 00:00:00
3493,1581,튜토리얼완료,2025-04-19 22:00:00
3494,1582,가입,2025-01-18 00:00:00
3495,1582,튜토리얼완료,2025-01-18 04:00:00
3496,1582,첫결제,2025-01-29 20:52:00
3497,1583,가입,2025-03-30 00:00:00
3498,1583,튜토리얼완료,2025-03-31 18:00:00
3499,1584,가입,2025-01-20 00:00:00
3500,1584,튜토리얼완료,2025-01-21 16:00:00
3501,1585,가입,2025-01-24 00:00:00
3502,1585,튜토리얼완료,2025-01-27 07:00:00
3503,1586,가입,2025-02-03 00:00:00
3504,1587,가입,2025-01-07 00:00:00
3505,1587,튜토리얼완료,2025-01-10 17:00:00
3506,1587,첫결제,2025-01-13 12:01:00
3507,1588,가입,2025-05-10 00:00:00
3508,1588,튜토리얼완료,2025-05-10 22:00:00
3509,1589,가입,2025-04-29 00:00:00
3510,1589,튜토리얼완료,2025-05-02 17:00:00
3511,1590,가입,2025-06-29 00:00:00
3512,1590,튜토리얼완료,2025-07-01 22:00:00
3513,1591,가입,2025-02-24 00:00:00
3514,1591,튜토리얼완료,2025-02-25 08:00:00
3515,1591,첫결제,2025-03-11 05:17:00
3516,1592,가입,2025-03-10 00:00:00
3517,1592,튜토리얼완료,2025-03-11 12:00:00
3518,1593,가입,2025-01-22 00:00:00
3519,1593,튜토리얼완료,2025-01-23 02:00:00
3520,1594,가입,2025-01-02 00:00:00
3521,1594,첫결제,2025-01-27 19:18:00
3522,1595,가입,2025-03-21 00:00:00
3523,1595,튜토리얼완료,2025-03-24 02:00:00
3524,1595,첫결제,2025-03-29 22:19:00
3525,1596,가입,2025-01-14 00:00:00
3526,1596,첫결제,2025-01-21 21:34:00
3527,1597,가입,2025-01-18 00:00:00
3528,1597,첫결제,2025-02-06 23:00:00
3529,1598,가입,2025-06-29 00:00:00
3530,1598,튜토리얼완료,2025-07-02 23:00:00
3531,1599,가입,2025-01-10 00:00:00
3532,1599,튜토리얼완료,2025-01-12 23:00:00
3533,1599,첫결제,2025-02-04 12:44:00
3534,1600,가입,2025-01-06 00:00:00
3535,1600,튜토리얼완료,2025-01-07 09:00:00
3536,1601,가입,2025-01-05 00:00:00
3537,1601,튜토리얼완료,2025-01-05 00:00:00
3538,1602,가입,2025-03-06 00:00:00
3539,1602,튜토리얼완료,2025-03-07 22:00:00
3540,1603,가입,2025-01-27 00:00:00
3541,1603,튜토리얼완료,2025-01-30 17:00:00
3542,1604,가입,2025-01-25 00:00:00
3543,1604,튜토리얼완료,2025-01-27 08:00:00
3544,1605,가입,2025-02-17 00:00:00
3545,1605,튜토리얼완료,2025-02-19 16:00:00
3546,1606,가입,2025-01-07 00:00:00
3547,1606,첫결제,2025-02-08 20:24:00
3548,1607,가입,2025-01-09 00:00:00
3549,1607,첫결제,2025-01-11 22:41:00
3550,1608,가입,2025-05-30 00:00:00
3551,1608,튜토리얼완료,2025-06-01 13:00:00
3552,1609,가입,2025-05-08 00:00:00
3553,1609,튜토리얼완료,2025-05-08 04:00:00
3554,1610,가입,2025-02-19 00:00:00
3555,1610,튜토리얼완료,2025-02-21 11:00:00
3556,1611,가입,2025-05-28 00:00:00
3557,1611,튜토리얼완료,2025-05-28 20:00:00
3558,1612,가입,2025-01-05 00:00:00
3559,1612,튜토리얼완료,2025-01-08 13:00:00
3560,1612,첫결제,2025-01-07 19:21:00
3561,1613,가입,2025-02-18 00:00:00
3562,1613,튜토리얼완료,2025-02-20 11:00:00
3563,1614,가입,2025-03-10 00:00:00
3564,1614,튜토리얼완료,2025-03-10 09:00:00
3565,1615,가입,2025-04-22 00:00:00
3566,1616,가입,2025-02-21 00:00:00
3567,1616,튜토리얼완료,2025-02-24 00:00:00
3568,1617,가입,2025-02-20 00:00:00
3569,1617,튜토리얼완료,2025-02-20 17:00:00
3570,1618,가입,2025-01-21 00:00:00
3571,1618,튜토리얼완료,2025-01-23 00:00:00
3572,1618,첫결제,2025-01-30 10:46:00
3573,1619,가입,2025-03-08 00:00:00
3574,1619,첫결제,2025-03-12 21:05:00
3575,1620,가입,2025-01-09 00:00:00
3576,1620,튜토리얼완료,2025-01-10 21:00:00
3577,1621,가입,2025-04-28 00:00:00
3578,1622,가입,2025-02-10 00:00:00
3579,1622,튜토리얼완료,2025-02-11 09:00:00
3580,1622,첫결제,2025-02-24 23:46:00
3581,1623,가입,2025-01-07 00:00:00
3582,1623,튜토리얼완료,2025-01-10 07:00:00
3583,1624,가입,2025-01-22 00:00:00
3584,1624,튜토리얼완료,2025-01-24 17:00:00
3585,1624,첫결제,2025-02-04 20:51:00
3586,1625,가입,2025-02-07 00:00:00
3587,1625,첫결제,2025-02-16 11:58:00
3588,1626,가입,2025-06-29 00:00:00
3589,1626,튜토리얼완료,2025-06-29 02:00:00
3590,1627,가입,2025-03-09 00:00:00
3591,1627,튜토리얼완료,2025-03-09 00:00:00
3592,1628,가입,2025-04-05 00:00:00
3593,1628,튜토리얼완료,2025-04-07 08:00:00
3594,1628,첫결제,2025-04-16 16:20:00
3595,1629,가입,2025-06-29 00:00:00
3596,1629,튜토리얼완료,2025-07-01 16:00:00
3597,1630,가입,2025-03-24 00:00:00
3598,1630,튜토리얼완료,2025-03-26 04:00:00
3599,1630,첫결제,2025-04-06 20:12:00
3600,1631,가입,2025-01-05 00:00:00
3601,1631,튜토리얼완료,2025-01-06 03:00:00
3602,1632,가입,2025-03-16 00:00:00
3603,1632,튜토리얼완료,2025-03-19 11:00:00
3604,1633,가입,2025-03-31 00:00:00
3605,1633,튜토리얼완료,2025-04-03 08:00:00
3606,1633,첫결제,2025-04-08 03:46:00
3607,1634,가입,2025-01-23 00:00:00
3608,1634,튜토리얼완료,2025-01-25 07:00:00
3609,1634,첫결제,2025-03-11 05:55:00
3610,1635,가입,2025-01-11 00:00:00
3611,1635,튜토리얼완료,2025-01-11 14:00:00
3612,1635,첫결제,2025-01-11 06:13:00
3613,1636,가입,2025-02-18 00:00:00
3614,1636,튜토리얼완료,2025-02-18 04:00:00
3615,1637,가입,2025-06-29 00:00:00
3616,1637,튜토리얼완료,2025-06-29 10:00:00
3617,1638,가입,2025-04-02 00:00:00
3618,1638,튜토리얼완료,2025-04-02 19:00:00
3619,1638,첫결제,2025-04-04 19:12:00
3620,1639,가입,2025-05-03 00:00:00
3621,1639,첫결제,2025-06-04 22:09:00
3622,1640,가입,2025-03-30 00:00:00
3623,1641,가입,2025-01-26 00:00:00
3624,1641,튜토리얼완료,2025-01-29 10:00:00
3625,1641,첫결제,2025-02-26 22:17:00
3626,1642,가입,2025-02-27 00:00:00
3627,1642,튜토리얼완료,2025-02-27 18:00:00
3628,1643,가입,2025-06-25 00:00:00
3629,1643,튜토리얼완료,2025-06-26 11:00:00
3630,1644,가입,2025-01-22 00:00:00
3631,1645,가입,2025-01-04 00:00:00
3632,1645,튜토리얼완료,2025-01-07 11:00:00
3633,1646,가입,2025-06-29 00:00:00
3634,1646,튜토리얼완료,2025-07-02 23:00:00
3635,1647,가입,2025-01-30 00:00:00
3636,1648,가입,2025-06-29 00:00:00
3637,1648,튜토리얼완료,2025-07-02 03:00:00
3638,1649,가입,2025-02-23 00:00:00
3639,1649,튜토리얼완료,2025-02-25 01:00:00
3640,1650,가입,2025-02-19 00:00:00
3641,1650,튜토리얼완료,2025-02-20 19:00:00
3642,1650,첫결제,2025-03-24 20:10:00
3643,1651,가입,2025-03-05 00:00:00
3644,1651,튜토리얼완료,2025-03-07 09:00:00
3645,1652,가입,2025-02-21 00:00:00
3646,1652,튜토리얼완료,2025-02-24 11:00:00
3647,1653,가입,2025-06-29 00:00:00
3648,1654,가입,2025-02-02 00:00:00
3649,1654,튜토리얼완료,2025-02-02 12:00:00
3650,1654,첫결제,2025-02-02 07:27:00
3651,1655,가입,2025-01-10 00:00:00
3652,1655,튜토리얼완료,2025-01-12 18:00:00
3653,1655,첫결제,2025-01-16 23:05:00
3654,1656,가입,2025-04-28 00:00:00
3655,1656,튜토리얼완료,2025-04-29 22:00:00
3656,1657,가입,2025-03-10 00:00:00
3657,1657,튜토리얼완료,2025-03-12 19:00:00
3658,1658,가입,2025-01-03 00:00:00
3659,1658,튜토리얼완료,2025-01-05 06:00:00
3660,1659,가입,2025-03-10 00:00:00
3661,1659,튜토리얼완료,2025-03-13 09:00:00
3662,1660,가입,2025-04-10 00:00:00
3663,1660,튜토리얼완료,2025-04-13 01:00:00
3664,1661,가입,2025-01-23 00:00:00
3665,1661,튜토리얼완료,2025-01-23 06:00:00
3666,1661,첫결제,2025-01-25 16:46:00
3667,1662,가입,2025-02-01 00:00:00
3668,1662,첫결제,2025-02-15 19:31:00
3669,1663,가입,2025-01-08 00:00:00
3670,1663,튜토리얼완료,2025-01-08 16:00:00
3671,1664,가입,2025-01-21 00:00:00
3672,1664,튜토리얼완료,2025-01-23 05:00:00
3673,1664,첫결제,2025-01-22 17:17:00
3674,1665,가입,2025-03-09 00:00:00
3675,1665,튜토리얼완료,2025-03-11 01:00:00
3676,1665,첫결제,2025-03-15 21:43:00
3677,1666,가입,2025-01-02 00:00:00
3678,1667,가입,2025-03-31 00:00:00
3679,1667,튜토리얼완료,2025-04-03 12:00:00
3680,1667,첫결제,2025-04-14 23:00:00
3681,1668,가입,2025-06-24 00:00:00
3682,1668,튜토리얼완료,2025-06-25 03:00:00
3683,1669,가입,2025-01-07 00:00:00
3684,1669,튜토리얼완료,2025-01-10 20:00:00
3685,1670,가입,2025-02-04 00:00:00
3686,1670,튜토리얼완료,2025-02-07 00:00:00
3687,1671,가입,2025-01-15 00:00:00
3688,1671,튜토리얼완료,2025-01-17 09:00:00
3689,1672,가입,2025-02-09 00:00:00
3690,1672,튜토리얼완료,2025-02-10 16:00:00
3691,1673,가입,2025-04-06 00:00:00
3692,1673,튜토리얼완료,2025-04-08 10:00:00
3693,1673,첫결제,2025-04-09 03:57:00
3694,1674,가입,2025-03-06 00:00:00
3695,1674,튜토리얼완료,2025-03-09 20:00:00
3696,1675,가입,2025-02-01 00:00:00
3697,1675,튜토리얼완료,2025-02-02 19:00:00
3698,1676,가입,2025-01-13 00:00:00
3699,1676,튜토리얼완료,2025-01-16 14:00:00
3700,1676,첫결제,2025-01-17 12:52:00
3701,1677,가입,2025-06-29 00:00:00
3702,1677,첫결제,2025-06-29 04:42:00
3703,1678,가입,2025-01-19 00:00:00
3704,1678,튜토리얼완료,2025-01-20 07:00:00
3705,1678,첫결제,2025-03-24 19:36:00
3706,1679,가입,2025-01-22 00:00:00
3707,1679,튜토리얼완료,2025-01-25 06:00:00
3708,1679,첫결제,2025-02-11 22:16:00
3709,1680,가입,2025-01-01 00:00:00
3710,1680,첫결제,2025-01-11 03:11:00
3711,1681,가입,2025-06-29 00:00:00
3712,1681,튜토리얼완료,2025-07-02 13:00:00
3713,1682,가입,2025-04-02 00:00:00
3714,1682,튜토리얼완료,2025-04-02 03:00:00
3715,1683,가입,2025-04-30 00:00:00
3716,1684,가입,2025-04-27 00:00:00
3717,1684,튜토리얼완료,2025-04-27 08:00:00
3718,1685,가입,2025-02-02 00:00:00
3719,1685,튜토리얼완료,2025-02-02 12:00:00
3720,1686,가입,2025-02-05 00:00:00
3721,1686,튜토리얼완료,2025-02-05 12:00:00
3722,1687,가입,2025-04-11 00:00:00
3723,1687,튜토리얼완료,2025-04-12 01:00:00
3724,1688,가입,2025-03-19 00:00:00
3725,1688,튜토리얼완료,2025-03-22 15:00:00
3726,1689,가입,2025-01-06 00:00:00
3727,1689,튜토리얼완료,2025-01-07 10:00:00
3728,1690,가입,2025-02-11 00:00:00
3729,1690,튜토리얼완료,2025-02-14 07:00:00
3730,1691,가입,2025-06-29 00:00:00
3731,1691,튜토리얼완료,2025-07-02 21:00:00
3732,1692,가입,2025-02-25 00:00:00
3733,1692,튜토리얼완료,2025-02-26 15:00:00
3734,1692,첫결제,2025-03-07 02:17:00
3735,1693,가입,2025-03-02 00:00:00
3736,1693,튜토리얼완료,2025-03-03 14:00:00
3737,1694,가입,2025-01-19 00:00:00
3738,1694,튜토리얼완료,2025-01-21 23:00:00
3739,1695,가입,2025-06-29 00:00:00
3740,1695,튜토리얼완료,2025-07-01 21:00:00
3741,1696,가입,2025-05-27 00:00:00
3742,1696,튜토리얼완료,2025-05-29 07:00:00
3743,1696,첫결제,2025-05-30 08:11:00
3744,1697,가입,2025-02-12 00:00:00
3745,1697,튜토리얼완료,2025-02-12 16:00:00
3746,1697,첫결제,2025-02-13 20:17:00
3747,1698,가입,2025-01-27 00:00:00
3748,1698,튜토리얼완료,2025-01-30 14:00:00
3749,1699,가입,2025-01-20 00:00:00
3750,1699,튜토리얼완료,2025-01-21 12:00:00
3751,1699,첫결제,2025-01-20 11:07:00
3752,1700,가입,2025-02-01 00:00:00
3753,1700,튜토리얼완료,2025-02-04 18:00:00
3754,1700,첫결제,2025-02-04 10:36:00
3755,1701,가입,2025-01-11 00:00:00
3756,1701,튜토리얼완료,2025-01-14 05:00:00
3757,1701,첫결제,2025-01-12 15:21:00
3758,1702,가입,2025-01-17 00:00:00
3759,1702,첫결제,2025-01-18 21:34:00
3760,1703,가입,2025-01-03 00:00:00
3761,1703,튜토리얼완료,2025-01-06 18:00:00
3762,1704,가입,2025-04-29 00:00:00
3763,1704,튜토리얼완료,2025-04-30 02:00:00
3764,1705,가입,2025-01-06 00:00:00
3765,1705,튜토리얼완료,2025-01-08 00:00:00
3766,1706,가입,2025-01-04 00:00:00
3767,1707,가입,2025-04-28 00:00:00
3768,1707,튜토리얼완료,2025-04-30 07:00:00
3769,1708,가입,2025-02-16 00:00:00
3770,1708,튜토리얼완료,2025-02-16 05:00:00
3771,1708,첫결제,2025-02-20 13:34:00
3772,1709,가입,2025-03-19 00:00:00
3773,1709,튜토리얼완료,2025-03-19 09:00:00
3774,1710,가입,2025-04-15 00:00:00
3775,1710,튜토리얼완료,2025-04-15 01:00:00
3776,1711,가입,2025-02-11 00:00:00
3777,1711,튜토리얼완료,2025-02-12 09:00:00
3778,1711,첫결제,2025-02-12 22:53:00
3779,1712,가입,2025-03-22 00:00:00
3780,1712,튜토리얼완료,2025-03-25 09:00:00
3781,1713,가입,2025-02-14 00:00:00
3782,1713,튜토리얼완료,2025-02-16 22:00:00
3783,1714,가입,2025-06-29 00:00:00
3784,1714,튜토리얼완료,2025-07-02 11:00:00
3785,1715,가입,2025-04-12 00:00:00
3786,1715,튜토리얼완료,2025-04-13 00:00:00
3787,1716,가입,2025-01-22 00:00:00
3788,1716,튜토리얼완료,2025-01-25 12:00:00
3789,1717,가입,2025-02-13 00:00:00
3790,1717,튜토리얼완료,2025-02-16 07:00:00
3791,1718,가입,2025-01-14 00:00:00
3792,1718,튜토리얼완료,2025-01-17 20:00:00
3793,1719,가입,2025-03-18 00:00:00
3794,1719,튜토리얼완료,2025-03-18 07:00:00
3795,1720,가입,2025-01-17 00:00:00
3796,1720,튜토리얼완료,2025-01-20 20:00:00
3797,1720,첫결제,2025-01-23 21:00:00
3798,1721,가입,2025-02-13 00:00:00
3799,1721,튜토리얼완료,2025-02-13 21:00:00
3800,1722,가입,2025-02-15 00:00:00
3801,1722,튜토리얼완료,2025-02-16 02:00:00
3802,1723,가입,2025-02-19 00:00:00
3803,1723,튜토리얼완료,2025-02-20 04:00:00
3804,1724,가입,2025-01-18 00:00:00
3805,1724,튜토리얼완료,2025-01-18 01:00:00
3806,1724,첫결제,2025-01-25 13:40:00
3807,1725,가입,2025-02-14 00:00:00
3808,1725,첫결제,2025-02-23 15:15:00
3809,1726,가입,2025-04-23 00:00:00
3810,1726,튜토리얼완료,2025-04-25 13:00:00
3811,1727,가입,2025-01-18 00:00:00
3812,1727,튜토리얼완료,2025-01-19 12:00:00
3813,1727,첫결제,2025-02-22 15:07:00
3814,1728,가입,2025-01-26 00:00:00
3815,1728,튜토리얼완료,2025-01-29 16:00:00
3816,1729,가입,2025-03-14 00:00:00
3817,1729,튜토리얼완료,2025-03-14 05:00:00
3818,1729,첫결제,2025-03-22 02:08:00
3819,1730,가입,2025-01-14 00:00:00
3820,1730,첫결제,2025-01-19 23:07:00
3821,1731,가입,2025-06-29 00:00:00
3822,1732,가입,2025-03-29 00:00:00
3823,1732,튜토리얼완료,2025-03-31 22:00:00
3824,1733,가입,2025-03-29 00:00:00
3825,1733,튜토리얼완료,2025-03-29 17:00:00
3826,1734,가입,2025-03-17 00:00:00
3827,1734,튜토리얼완료,2025-03-19 19:00:00
3828,1734,첫결제,2025-04-10 23:06:00
3829,1735,가입,2025-01-23 00:00:00
3830,1735,튜토리얼완료,2025-01-23 18:00:00
3831,1736,가입,2025-02-06 00:00:00
3832,1736,튜토리얼완료,2025-02-06 06:00:00
3833,1737,가입,2025-02-13 00:00:00
3834,1737,첫결제,2025-02-17 15:58:00
3835,1738,가입,2025-02-16 00:00:00
3836,1738,튜토리얼완료,2025-02-16 20:00:00
3837,1739,가입,2025-03-25 00:00:00
3838,1739,튜토리얼완료,2025-03-27 04:00:00
3839,1739,첫결제,2025-04-27 17:10:00
3840,1740,가입,2025-01-23 00:00:00
3841,1740,튜토리얼완료,2025-01-24 06:00:00
3842,1741,가입,2025-02-06 00:00:00
3843,1741,첫결제,2025-02-11 15:38:00
3844,1742,가입,2025-06-29 00:00:00
3845,1742,튜토리얼완료,2025-06-29 03:00:00
3846,1743,가입,2025-06-22 00:00:00
3847,1743,튜토리얼완료,2025-06-22 01:00:00
3848,1744,가입,2025-01-22 00:00:00
3849,1744,튜토리얼완료,2025-01-25 19:00:00
3850,1745,가입,2025-03-08 00:00:00
3851,1745,튜토리얼완료,2025-03-10 04:00:00
3852,1746,가입,2025-01-15 00:00:00
3853,1746,튜토리얼완료,2025-01-15 06:00:00
3854,1746,첫결제,2025-01-17 13:28:00
3855,1747,가입,2025-01-25 00:00:00
3856,1747,튜토리얼완료,2025-01-27 05:00:00
3857,1748,가입,2025-01-24 00:00:00
3858,1748,튜토리얼완료,2025-01-24 08:00:00
3859,1748,첫결제,2025-01-27 17:07:00
3860,1749,가입,2025-03-06 00:00:00
3861,1749,튜토리얼완료,2025-03-08 22:00:00
3862,1749,첫결제,2025-03-16 09:41:00
3863,1750,가입,2025-06-09 00:00:00
3864,1750,첫결제,2025-06-11 21:10:00
3865,1751,가입,2025-02-08 00:00:00
3866,1751,튜토리얼완료,2025-02-10 13:00:00
3867,1752,가입,2025-06-29 00:00:00
3868,1752,튜토리얼완료,2025-07-02 04:00:00
3869,1753,가입,2025-05-14 00:00:00
3870,1753,튜토리얼완료,2025-05-17 20:00:00
3871,1754,가입,2025-02-15 00:00:00
3872,1754,튜토리얼완료,2025-02-18 16:00:00
3873,1755,가입,2025-03-10 00:00:00
3874,1755,튜토리얼완료,2025-03-11 09:00:00
3875,1756,가입,2025-02-27 00:00:00
3876,1756,튜토리얼완료,2025-03-02 10:00:00
3877,1757,가입,2025-04-18 00:00:00
3878,1757,첫결제,2025-04-20 20:49:00
3879,1758,가입,2025-02-24 00:00:00
3880,1758,튜토리얼완료,2025-02-26 12:00:00
3881,1759,가입,2025-02-12 00:00:00
3882,1760,가입,2025-02-24 00:00:00
3883,1760,튜토리얼완료,2025-02-27 19:00:00
3884,1761,가입,2025-02-22 00:00:00
3885,1761,첫결제,2025-02-27 19:03:00
3886,1762,가입,2025-01-18 00:00:00
3887,1762,튜토리얼완료,2025-01-19 06:00:00
3888,1762,첫결제,2025-01-19 03:43:00
3889,1763,가입,2025-01-02 00:00:00
3890,1763,튜토리얼완료,2025-01-05 20:00:00
3891,1764,가입,2025-01-31 00:00:00
3892,1764,튜토리얼완료,2025-01-31 16:00:00
3893,1765,가입,2025-01-27 00:00:00
3894,1765,튜토리얼완료,2025-01-27 07:00:00
3895,1766,가입,2025-06-29 00:00:00
3896,1766,튜토리얼완료,2025-06-29 03:00:00
3897,1767,가입,2025-02-20 00:00:00
3898,1767,튜토리얼완료,2025-02-21 14:00:00
3899,1768,가입,2025-02-23 00:00:00
3900,1768,튜토리얼완료,2025-02-24 16:00:00
3901,1769,가입,2025-03-07 00:00:00
3902,1769,튜토리얼완료,2025-03-08 15:00:00
3903,1769,첫결제,2025-03-14 23:22:00
3904,1770,가입,2025-03-12 00:00:00
3905,1770,튜토리얼완료,2025-03-13 13:00:00
3906,1771,가입,2025-01-11 00:00:00
3907,1771,튜토리얼완료,2025-01-11 14:00:00
3908,1772,가입,2025-02-09 00:00:00
3909,1772,튜토리얼완료,2025-02-12 10:00:00
3910,1773,가입,2025-01-05 00:00:00
3911,1773,튜토리얼완료,2025-01-06 21:00:00
3912,1773,첫결제,2025-01-07 19:55:00
3913,1774,가입,2025-01-01 00:00:00
3914,1775,가입,2025-02-13 00:00:00
3915,1775,첫결제,2025-02-14 22:13:00
3916,1776,가입,2025-06-29 00:00:00
3917,1776,튜토리얼완료,2025-06-29 21:00:00
3918,1777,가입,2025-02-08 00:00:00
3919,1777,튜토리얼완료,2025-02-10 10:00:00
3920,1777,첫결제,2025-02-14 23:04:00
3921,1778,가입,2025-01-05 00:00:00
3922,1778,튜토리얼완료,2025-01-06 06:00:00
3923,1779,가입,2025-01-21 00:00:00
3924,1779,튜토리얼완료,2025-01-23 11:00:00
3925,1780,가입,2025-01-13 00:00:00
3926,1780,튜토리얼완료,2025-01-15 08:00:00
3927,1780,첫결제,2025-02-03 19:41:00
3928,1781,가입,2025-03-19 00:00:00
3929,1781,튜토리얼완료,2025-03-21 15:00:00
3930,1781,첫결제,2025-03-20 03:56:00
3931,1782,가입,2025-01-23 00:00:00
3932,1782,튜토리얼완료,2025-01-25 14:00:00
3933,1782,첫결제,2025-02-09 21:12:00
3934,1783,가입,2025-03-04 00:00:00
3935,1783,첫결제,2025-03-10 19:45:00
3936,1784,가입,2025-02-03 00:00:00
3937,1784,튜토리얼완료,2025-02-04 00:00:00
3938,1784,첫결제,2025-02-03 21:46:00
3939,1785,가입,2025-03-03 00:00:00
3940,1785,튜토리얼완료,2025-03-05 00:00:00
3941,1786,가입,2025-02-27 00:00:00
3942,1786,튜토리얼완료,2025-02-28 13:00:00
3943,1787,가입,2025-05-12 00:00:00
3944,1787,튜토리얼완료,2025-05-13 13:00:00
3945,1788,가입,2025-01-23 00:00:00
3946,1788,튜토리얼완료,2025-01-24 01:00:00
3947,1789,가입,2025-01-26 00:00:00
3948,1789,튜토리얼완료,2025-01-27 12:00:00
3949,1790,가입,2025-02-08 00:00:00
3950,1790,튜토리얼완료,2025-02-10 23:00:00
3951,1791,가입,2025-02-14 00:00:00
3952,1791,튜토리얼완료,2025-02-15 22:00:00
3953,1792,가입,2025-01-14 00:00:00
3954,1793,가입,2025-02-18 00:00:00
3955,1793,튜토리얼완료,2025-02-21 00:00:00
3956,1793,첫결제,2025-04-14 06:31:00
3957,1794,가입,2025-03-21 00:00:00
3958,1794,튜토리얼완료,2025-03-21 11:00:00
3959,1794,첫결제,2025-03-26 18:37:00
3960,1795,가입,2025-01-19 00:00:00
3961,1795,튜토리얼완료,2025-01-21 07:00:00
3962,1796,가입,2025-05-09 00:00:00
3963,1796,튜토리얼완료,2025-05-10 15:00:00
3964,1796,첫결제,2025-05-14 20:47:00
3965,1797,가입,2025-04-18 00:00:00
3966,1797,튜토리얼완료,2025-04-21 22:00:00
3967,1798,가입,2025-04-10 00:00:00
3968,1798,튜토리얼완료,2025-04-13 09:00:00
3969,1799,가입,2025-03-25 00:00:00
3970,1799,튜토리얼완료,2025-03-25 00:00:00
3971,1800,가입,2025-03-05 00:00:00
3972,1800,튜토리얼완료,2025-03-08 18:00:00
3973,1801,가입,2025-02-09 00:00:00
3974,1801,튜토리얼완료,2025-02-10 15:00:00
3975,1802,가입,2025-03-08 00:00:00
3976,1802,튜토리얼완료,2025-03-09 07:00:00
3977,1802,첫결제,2025-04-24 01:42:00
3978,1803,가입,2025-04-26 00:00:00
3979,1803,튜토리얼완료,2025-04-29 04:00:00
3980,1804,가입,2025-02-04 00:00:00
3981,1804,튜토리얼완료,2025-02-05 02:00:00
3982,1804,첫결제,2025-02-11 03:00:00
3983,1805,가입,2025-01-11 00:00:00
3984,1806,가입,2025-06-29 00:00:00
3985,1806,튜토리얼완료,2025-07-02 13:00:00
3986,1807,가입,2025-06-05 00:00:00
3987,1807,튜토리얼완료,2025-06-05 08:00:00
3988,1807,첫결제,2025-06-15 20:47:00
3989,1808,가입,2025-01-27 00:00:00
3990,1808,튜토리얼완료,2025-01-30 10:00:00
3991,1808,첫결제,2025-02-11 01:58:00
3992,1809,가입,2025-01-31 00:00:00
3993,1809,튜토리얼완료,2025-02-03 13:00:00
3994,1810,가입,2025-04-05 00:00:00
3995,1810,튜토리얼완료,2025-04-06 06:00:00
3996,1810,첫결제,2025-04-30 19:17:00
3997,1811,가입,2025-02-05 00:00:00
3998,1811,튜토리얼완료,2025-02-07 15:00:00
3999,1812,가입,2025-02-06 00:00:00
4000,1812,튜토리얼완료,2025-02-09 15:00:00
4001,1812,첫결제,2025-02-16 21:36:00
4002,1813,가입,2025-02-17 00:00:00
4003,1813,튜토리얼완료,2025-02-18 05:00:00
4004,1813,첫결제,2025-02-23 19:53:00
4005,1814,가입,2025-01-17 00:00:00
4006,1814,튜토리얼완료,2025-01-18 23:00:00
4007,1815,가입,2025-02-19 00:00:00
4008,1815,튜토리얼완료,2025-02-21 21:00:00
4009,1816,가입,2025-01-15 00:00:00
4010,1816,첫결제,2025-01-17 16:24:00
4011,1817,가입,2025-01-27 00:00:00
4012,1817,튜토리얼완료,2025-01-28 14:00:00
4013,1818,가입,2025-01-21 00:00:00
4014,1818,튜토리얼완료,2025-01-24 08:00:00
4015,1818,첫결제,2025-01-22 02:31:00
4016,1819,가입,2025-01-05 00:00:00
4017,1819,튜토리얼완료,2025-01-07 14:00:00
4018,1820,가입,2025-05-06 00:00:00
4019,1820,튜토리얼완료,2025-05-09 10:00:00
4020,1821,가입,2025-01-25 00:00:00
4021,1821,튜토리얼완료,2025-01-25 19:00:00
4022,1822,가입,2025-01-23 00:00:00
4023,1822,튜토리얼완료,2025-01-23 16:00:00
4024,1822,첫결제,2025-01-25 22:28:00
4025,1823,가입,2025-06-29 00:00:00
4026,1824,가입,2025-02-24 00:00:00
4027,1824,튜토리얼완료,2025-02-24 15:00:00
4028,1825,가입,2025-01-04 00:00:00
4029,1825,튜토리얼완료,2025-01-05 18:00:00
4030,1826,가입,2025-02-04 00:00:00
4031,1826,튜토리얼완료,2025-02-06 11:00:00
4032,1826,첫결제,2025-02-18 13:53:00
4033,1827,가입,2025-01-26 00:00:00
4034,1827,튜토리얼완료,2025-01-29 07:00:00
4035,1828,가입,2025-02-09 00:00:00
4036,1829,가입,2025-01-13 00:00:00
4037,1829,튜토리얼완료,2025-01-13 02:00:00
4038,1830,가입,2025-01-12 00:00:00
4039,1830,튜토리얼완료,2025-01-14 17:00:00
4040,1831,가입,2025-01-06 00:00:00
4041,1831,튜토리얼완료,2025-01-09 12:00:00
4042,1832,가입,2025-03-19 00:00:00
4043,1833,가입,2025-01-02 00:00:00
4044,1833,튜토리얼완료,2025-01-03 02:00:00
4045,1833,첫결제,2025-01-03 19:21:00
4046,1834,가입,2025-04-03 00:00:00
4047,1834,튜토리얼완료,2025-04-03 19:00:00
4048,1834,첫결제,2025-04-03 19:59:00
4049,1835,가입,2025-01-11 00:00:00
4050,1835,튜토리얼완료,2025-01-13 14:00:00
4051,1836,가입,2025-03-29 00:00:00
4052,1836,튜토리얼완료,2025-04-01 11:00:00
4053,1837,가입,2025-03-19 00:00:00
4054,1837,튜토리얼완료,2025-03-22 11:00:00
4055,1837,첫결제,2025-03-25 16:53:00
4056,1838,가입,2025-03-08 00:00:00
4057,1838,튜토리얼완료,2025-03-10 23:00:00
4058,1839,가입,2025-01-03 00:00:00
4059,1839,튜토리얼완료,2025-01-06 17:00:00
4060,1840,가입,2025-01-27 00:00:00
4061,1840,튜토리얼완료,2025-01-28 09:00:00
4062,1840,첫결제,2025-02-17 22:17:00
4063,1841,가입,2025-03-06 00:00:00
4064,1841,튜토리얼완료,2025-03-07 06:00:00
4065,1842,가입,2025-01-02 00:00:00
4066,1842,튜토리얼완료,2025-01-05 11:00:00
4067,1843,가입,2025-01-23 00:00:00
4068,1843,튜토리얼완료,2025-01-23 15:00:00
4069,1843,첫결제,2025-01-25 13:58:00
4070,1844,가입,2025-01-31 00:00:00
4071,1844,튜토리얼완료,2025-02-03 20:00:00
4072,1845,가입,2025-05-07 00:00:00
4073,1845,튜토리얼완료,2025-05-09 09:00:00
4074,1845,첫결제,2025-06-14 10:21:00
4075,1846,가입,2025-01-17 00:00:00
4076,1847,가입,2025-01-14 00:00:00
4077,1848,가입,2025-06-29 00:00:00
4078,1848,튜토리얼완료,2025-06-30 23:00:00
4079,1849,가입,2025-01-28 00:00:00
4080,1849,튜토리얼완료,2025-01-31 23:00:00
4081,1849,첫결제,2025-01-31 20:32:00
4082,1850,가입,2025-01-28 00:00:00
4083,1850,튜토리얼완료,2025-01-28 07:00:00
4084,1850,첫결제,2025-02-23 09:58:00
4085,1851,가입,2025-03-28 00:00:00
4086,1851,튜토리얼완료,2025-03-30 04:00:00
4087,1852,가입,2025-03-15 00:00:00
4088,1852,튜토리얼완료,2025-03-17 22:00:00
4089,1852,첫결제,2025-03-27 22:40:00
4090,1853,가입,2025-02-04 00:00:00
4091,1853,튜토리얼완료,2025-02-05 14:00:00
4092,1854,가입,2025-02-27 00:00:00
4093,1854,튜토리얼완료,2025-02-28 23:00:00
4094,1855,가입,2025-01-25 00:00:00
4095,1855,튜토리얼완료,2025-01-25 02:00:00
4096,1855,첫결제,2025-03-27 20:50:00
4097,1856,가입,2025-03-13 00:00:00
4098,1857,가입,2025-01-10 00:00:00
4099,1857,튜토리얼완료,2025-01-12 09:00:00
4100,1858,가입,2025-01-10 00:00:00
4101,1858,튜토리얼완료,2025-01-10 16:00:00
4102,1858,첫결제,2025-01-21 10:15:00
4103,1859,가입,2025-01-27 00:00:00
4104,1859,튜토리얼완료,2025-01-29 12:00:00
4105,1859,첫결제,2025-02-09 23:04:00
4106,1860,가입,2025-01-02 00:00:00
4107,1861,가입,2025-01-16 00:00:00
4108,1861,튜토리얼완료,2025-01-19 17:00:00
4109,1862,가입,2025-02-14 00:00:00
4110,1862,첫결제,2025-04-02 21:38:00
4111,1863,가입,2025-01-26 00:00:00
4112,1863,튜토리얼완료,2025-01-27 02:00:00
4113,1864,가입,2025-01-09 00:00:00
4114,1865,가입,2025-06-29 00:00:00
4115,1865,튜토리얼완료,2025-06-29 14:00:00
4116,1866,가입,2025-04-28 00:00:00
4117,1866,튜토리얼완료,2025-05-01 10:00:00
4118,1867,가입,2025-01-19 00:00:00
4119,1867,튜토리얼완료,2025-01-21 22:00:00
4120,1868,가입,2025-04-21 00:00:00
4121,1868,튜토리얼완료,2025-04-21 17:00:00
4122,1868,첫결제,2025-04-22 17:18:00
4123,1869,가입,2025-06-04 00:00:00
4124,1869,튜토리얼완료,2025-06-04 14:00:00
4125,1869,첫결제,2025-06-05 23:45:00
4126,1870,가입,2025-03-25 00:00:00
4127,1870,튜토리얼완료,2025-03-25 23:00:00
4128,1871,가입,2025-01-04 00:00:00
4129,1872,가입,2025-02-20 00:00:00
4130,1872,튜토리얼완료,2025-02-23 15:00:00
4131,1872,첫결제,2025-02-25 21:33:00
4132,1873,가입,2025-02-14 00:00:00
4133,1873,튜토리얼완료,2025-02-14 16:00:00
4134,1874,가입,2025-02-16 00:00:00
4135,1874,튜토리얼완료,2025-02-19 11:00:00
4136,1874,첫결제,2025-03-06 12:35:00
4137,1875,가입,2025-01-08 00:00:00
4138,1875,튜토리얼완료,2025-01-10 04:00:00
4139,1876,가입,2025-03-17 00:00:00
4140,1876,첫결제,2025-04-22 22:36:00
4141,1877,가입,2025-05-09 00:00:00
4142,1877,튜토리얼완료,2025-05-11 22:00:00
4143,1878,가입,2025-01-06 00:00:00
4144,1878,튜토리얼완료,2025-01-07 01:00:00
4145,1878,첫결제,2025-01-23 19:59:00
4146,1879,가입,2025-01-20 00:00:00
4147,1879,첫결제,2025-02-06 23:54:00
4148,1880,가입,2025-01-01 00:00:00
4149,1880,튜토리얼완료,2025-01-02 14:00:00
4150,1881,가입,2025-04-15 00:00:00
4151,1881,튜토리얼완료,2025-04-17 10:00:00
4152,1881,첫결제,2025-04-18 19:31:00
4153,1882,가입,2025-06-29 00:00:00
4154,1882,튜토리얼완료,2025-07-02 05:00:00
4155,1883,가입,2025-01-02 00:00:00
4156,1883,튜토리얼완료,2025-01-04 17:00:00
4157,1884,가입,2025-05-18 00:00:00
4158,1884,튜토리얼완료,2025-05-18 18:00:00
4159,1885,가입,2025-02-05 00:00:00
4160,1885,튜토리얼완료,2025-02-05 13:00:00
4161,1885,첫결제,2025-02-21 04:50:00
4162,1886,가입,2025-06-23 00:00:00
4163,1886,튜토리얼완료,2025-06-23 02:00:00
4164,1887,가입,2025-06-29 00:00:00
4165,1887,튜토리얼완료,2025-06-30 06:00:00
4166,1888,가입,2025-04-08 00:00:00
4167,1888,튜토리얼완료,2025-04-09 19:00:00
4168,1889,가입,2025-01-09 00:00:00
4169,1889,튜토리얼완료,2025-01-12 14:00:00
4170,1890,가입,2025-02-17 00:00:00
4171,1891,가입,2025-01-12 00:00:00
4172,1891,튜토리얼완료,2025-01-12 16:00:00
4173,1892,가입,2025-06-29 00:00:00
4174,1892,튜토리얼완료,2025-06-30 14:00:00
4175,1893,가입,2025-02-08 00:00:00
4176,1893,첫결제,2025-02-19 21:50:00
4177,1894,가입,2025-01-16 00:00:00
4178,1894,첫결제,2025-02-02 02:51:00
4179,1895,가입,2025-01-22 00:00:00
4180,1895,첫결제,2025-01-23 02:34:00
4181,1896,가입,2025-06-29 00:00:00
4182,1896,튜토리얼완료,2025-07-02 19:00:00
4183,1897,가입,2025-01-07 00:00:00
4184,1897,튜토리얼완료,2025-01-07 07:00:00
4185,1898,가입,2025-03-20 00:00:00
4186,1898,튜토리얼완료,2025-03-21 08:00:00
4187,1899,가입,2025-05-13 00:00:00
4188,1900,가입,2025-02-01 00:00:00
4189,1900,튜토리얼완료,2025-02-04 04:00:00
4190,1901,가입,2025-03-07 00:00:00
4191,1901,튜토리얼완료,2025-03-10 14:00:00
4192,1902,가입,2025-02-18 00:00:00
4193,1902,첫결제,2025-02-24 22:24:00
4194,1903,가입,2025-02-06 00:00:00
4195,1903,튜토리얼완료,2025-02-08 04:00:00
4196,1903,첫결제,2025-02-12 16:41:00
4197,1904,가입,2025-01-31 00:00:00
4198,1904,튜토리얼완료,2025-01-31 02:00:00
4199,1905,가입,2025-01-05 00:00:00
4200,1905,튜토리얼완료,2025-01-07 15:00:00
4201,1906,가입,2025-01-21 00:00:00
4202,1906,첫결제,2025-02-19 20:19:00
4203,1907,가입,2025-01-12 00:00:00
4204,1907,첫결제,2025-02-07 17:27:00
4205,1908,가입,2025-02-06 00:00:00
4206,1908,튜토리얼완료,2025-02-07 16:00:00
4207,1909,가입,2025-03-26 00:00:00
4208,1909,튜토리얼완료,2025-03-27 02:00:00
4209,1909,첫결제,2025-04-01 22:44:00
4210,1910,가입,2025-01-17 00:00:00
4211,1910,튜토리얼완료,2025-01-19 13:00:00
4212,1911,가입,2025-01-20 00:00:00
4213,1911,첫결제,2025-01-27 12:01:00
4214,1912,가입,2025-01-24 00:00:00
4215,1912,튜토리얼완료,2025-01-25 02:00:00
4216,1912,첫결제,2025-01-31 13:34:00
4217,1913,가입,2025-04-04 00:00:00
4218,1913,튜토리얼완료,2025-04-07 03:00:00
4219,1914,가입,2025-04-30 00:00:00
4220,1915,가입,2025-01-09 00:00:00
4221,1915,첫결제,2025-01-13 20:32:00
4222,1916,가입,2025-05-21 00:00:00
4223,1916,튜토리얼완료,2025-05-24 11:00:00
4224,1917,가입,2025-04-03 00:00:00
4225,1917,튜토리얼완료,2025-04-06 20:00:00
4226,1917,첫결제,2025-04-04 20:42:00
4227,1918,가입,2025-01-06 00:00:00
4228,1918,튜토리얼완료,2025-01-06 15:00:00
4229,1919,가입,2025-03-08 00:00:00
4230,1919,첫결제,2025-03-12 23:33:00
4231,1920,가입,2025-02-23 00:00:00
4232,1920,튜토리얼완료,2025-02-23 04:00:00
4233,1920,첫결제,2025-03-04 16:20:00
4234,1921,가입,2025-02-14 00:00:00
4235,1921,튜토리얼완료,2025-02-14 23:00:00
4236,1921,첫결제,2025-06-01 16:32:00
4237,1922,가입,2025-01-05 00:00:00
4238,1922,튜토리얼완료,2025-01-06 00:00:00
4239,1923,가입,2025-03-04 00:00:00
4240,1923,튜토리얼완료,2025-03-07 21:00:00
4241,1924,가입,2025-02-16 00:00:00
4242,1925,가입,2025-01-19 00:00:00
4243,1925,튜토리얼완료,2025-01-19 02:00:00
4244,1926,가입,2025-02-05 00:00:00
4245,1926,튜토리얼완료,2025-02-07 12:00:00
4246,1927,가입,2025-03-30 00:00:00
4247,1928,가입,2025-01-03 00:00:00
4248,1928,튜토리얼완료,2025-01-04 12:00:00
4249,1928,첫결제,2025-01-05 15:43:00
4250,1929,가입,2025-02-02 00:00:00
4251,1929,튜토리얼완료,2025-02-02 18:00:00
4252,1929,첫결제,2025-02-14 17:52:00
4253,1930,가입,2025-04-21 00:00:00
4254,1930,튜토리얼완료,2025-04-22 20:00:00
4255,1930,첫결제,2025-05-07 20:00:00
4256,1931,가입,2025-02-03 00:00:00
4257,1931,튜토리얼완료,2025-02-03 05:00:00
4258,1931,첫결제,2025-02-05 01:48:00
4259,1932,가입,2025-04-28 00:00:00
4260,1932,튜토리얼완료,2025-05-01 17:00:00
4261,1932,첫결제,2025-06-26 20:25:00
4262,1933,가입,2025-01-11 00:00:00
4263,1934,가입,2025-03-30 00:00:00
4264,1934,튜토리얼완료,2025-04-01 23:00:00
4265,1935,가입,2025-06-16 00:00:00
4266,1935,튜토리얼완료,2025-06-19 11:00:00
4267,1935,첫결제,2025-06-25 23:55:00
4268,1936,가입,2025-01-10 00:00:00
4269,1936,튜토리얼완료,2025-01-13 02:00:00
4270,1936,첫결제,2025-01-13 21:59:00
4271,1937,가입,2025-04-16 00:00:00
4272,1937,첫결제,2025-05-23 20:52:00
4273,1938,가입,2025-01-19 00:00:00
4274,1938,튜토리얼완료,2025-01-22 12:00:00
4275,1939,가입,2025-01-08 00:00:00
4276,1939,튜토리얼완료,2025-01-11 10:00:00
4277,1939,첫결제,2025-03-21 13:03:00
4278,1940,가입,2025-01-07 00:00:00
4279,1941,가입,2025-02-01 00:00:00
4280,1941,튜토리얼완료,2025-02-02 03:00:00
4281,1942,가입,2025-01-01 00:00:00
4282,1942,튜토리얼완료,2025-01-02 13:00:00
4283,1943,가입,2025-01-17 00:00:00
4284,1943,튜토리얼완료,2025-01-17 09:00:00
4285,1944,가입,2025-02-01 00:00:00
4286,1944,튜토리얼완료,2025-02-03 18:00:00
4287,1945,가입,2025-02-05 00:00:00
4288,1945,튜토리얼완료,2025-02-06 13:00:00
4289,1945,첫결제,2025-03-06 21:43:00
4290,1946,가입,2025-01-14 00:00:00
4291,1946,튜토리얼완료,2025-01-15 16:00:00
4292,1947,가입,2025-01-23 00:00:00
4293,1947,튜토리얼완료,2025-01-23 19:00:00
4294,1947,첫결제,2025-01-24 12:42:00
4295,1948,가입,2025-01-13 00:00:00
4296,1948,튜토리얼완료,2025-01-15 20:00:00
4297,1949,가입,2025-01-17 00:00:00
4298,1949,튜토리얼완료,2025-01-20 07:00:00
4299,1950,가입,2025-03-13 00:00:00
4300,1951,가입,2025-02-02 00:00:00
4301,1951,튜토리얼완료,2025-02-04 21:00:00
4302,1952,가입,2025-03-23 00:00:00
4303,1952,튜토리얼완료,2025-03-25 06:00:00
4304,1953,가입,2025-01-17 00:00:00
4305,1953,튜토리얼완료,2025-01-20 00:00:00
4306,1954,가입,2025-01-02 00:00:00
4307,1954,튜토리얼완료,2025-01-05 00:00:00
4308,1955,가입,2025-02-16 00:00:00
4309,1955,튜토리얼완료,2025-02-17 01:00:00
4310,1956,가입,2025-03-17 00:00:00
4311,1956,튜토리얼완료,2025-03-18 20:00:00
4312,1957,가입,2025-01-06 00:00:00
4313,1957,튜토리얼완료,2025-01-06 14:00:00
4314,1958,가입,2025-03-09 00:00:00
4315,1958,튜토리얼완료,2025-03-10 16:00:00
4316,1959,가입,2025-01-08 00:00:00
4317,1959,튜토리얼완료,2025-01-10 18:00:00
4318,1960,가입,2025-01-22 00:00:00
4319,1960,튜토리얼완료,2025-01-24 05:00:00
4320,1961,가입,2025-02-18 00:00:00
4321,1961,튜토리얼완료,2025-02-21 18:00:00
4322,1961,첫결제,2025-02-26 20:32:00
4323,1962,가입,2025-01-07 00:00:00
4324,1962,튜토리얼완료,2025-01-07 01:00:00
4325,1963,가입,2025-02-28 00:00:00
4326,1963,튜토리얼완료,2025-03-02 01:00:00
4327,1963,첫결제,2025-03-08 11:57:00
4328,1964,가입,2025-02-15 00:00:00
4329,1964,튜토리얼완료,2025-02-17 19:00:00
4330,1964,첫결제,2025-02-18 21:31:00
4331,1965,가입,2025-03-06 00:00:00
4332,1965,튜토리얼완료,2025-03-08 23:00:00
4333,1966,가입,2025-01-05 00:00:00
4334,1966,튜토리얼완료,2025-01-06 06:00:00
4335,1966,첫결제,2025-01-06 07:46:00
4336,1967,가입,2025-01-18 00:00:00
4337,1967,첫결제,2025-02-20 11:31:00
4338,1968,가입,2025-04-09 00:00:00
4339,1968,첫결제,2025-04-14 02:08:00
4340,1969,가입,2025-01-02 00:00:00
4341,1969,튜토리얼완료,2025-01-05 03:00:00
4342,1969,첫결제,2025-01-07 22:26:00
4343,1970,가입,2025-04-15 00:00:00
4344,1970,튜토리얼완료,2025-04-17 17:00:00
4345,1971,가입,2025-03-20 00:00:00
4346,1971,튜토리얼완료,2025-03-21 18:00:00
4347,1972,가입,2025-01-06 00:00:00
4348,1972,튜토리얼완료,2025-01-07 18:00:00
4349,1973,가입,2025-01-11 00:00:00
4350,1973,튜토리얼완료,2025-01-12 14:00:00
4351,1973,첫결제,2025-01-29 09:45:00
4352,1974,가입,2025-04-01 00:00:00
4353,1974,튜토리얼완료,2025-04-01 05:00:00
4354,1975,가입,2025-02-09 00:00:00
4355,1975,튜토리얼완료,2025-02-09 17:00:00
4356,1976,가입,2025-02-02 00:00:00
4357,1976,튜토리얼완료,2025-02-02 18:00:00
4358,1976,첫결제,2025-02-02 02:35:00
4359,1977,가입,2025-01-19 00:00:00
4360,1977,튜토리얼완료,2025-01-21 07:00:00
4361,1978,가입,2025-02-04 00:00:00
4362,1978,튜토리얼완료,2025-02-04 19:00:00
4363,1979,가입,2025-01-27 00:00:00
4364,1979,튜토리얼완료,2025-01-27 08:00:00
4365,1980,가입,2025-02-01 00:00:00
4366,1981,가입,2025-04-17 00:00:00
4367,1982,가입,2025-01-03 00:00:00
4368,1982,튜토리얼완료,2025-01-06 06:00:00
4369,1983,가입,2025-05-12 00:00:00
4370,1983,첫결제,2025-05-13 23:29:00
4371,1984,가입,2025-01-21 00:00:00
4372,1985,가입,2025-01-20 00:00:00
4373,1985,튜토리얼완료,2025-01-23 12:00:00
4374,1986,가입,2025-03-09 00:00:00
4375,1986,튜토리얼완료,2025-03-09 01:00:00
4376,1986,첫결제,2025-03-31 12:29:00
4377,1987,가입,2025-04-28 00:00:00
4378,1987,튜토리얼완료,2025-05-01 20:00:00
4379,1988,가입,2025-02-19 00:00:00
4380,1988,튜토리얼완료,2025-02-19 01:00:00
4381,1989,가입,2025-01-17 00:00:00
4382,1990,가입,2025-01-07 00:00:00
4383,1990,튜토리얼완료,2025-01-07 12:00:00
4384,1990,첫결제,2025-02-02 23:36:00
4385,1991,가입,2025-02-02 00:00:00
4386,1991,튜토리얼완료,2025-02-04 14:00:00
4387,1992,가입,2025-01-05 00:00:00
4388,1992,튜토리얼완료,2025-01-07 04:00:00
4389,1992,첫결제,2025-02-03 21:03:00
4390,1993,가입,2025-04-25 00:00:00
4391,1993,튜토리얼완료,2025-04-27 06:00:00
4392,1993,첫결제,2025-05-01 04:06:00
4393,1994,가입,2025-01-21 00:00:00
4394,1994,튜토리얼완료,2025-01-23 12:00:00
4395,1994,첫결제,2025-02-23 07:16:00
4396,1995,가입,2025-03-19 00:00:00
4397,1995,튜토리얼완료,2025-03-20 20:00:00
4398,1996,가입,2025-04-09 00:00:00
4399,1996,튜토리얼완료,2025-04-10 06:00:00
4400,1996,첫결제,2025-05-13 04:41:00
4401,1997,가입,2025-02-21 00:00:00
4402,1998,가입,2025-03-21 00:00:00
4403,1998,튜토리얼완료,2025-03-23 18:00:00
4404,1999,가입,2025-02-20 00:00:00
4405,1999,튜토리얼완료,2025-02-23 15:00:00
4406,2000,가입,2025-01-26 00:00:00
4407,2000,튜토리얼완료,2025-01-27 14:00:00
4408,2001,가입,2025-03-17 00:00:00
4409,2001,튜토리얼완료,2025-03-17 01:00:00
4410,2001,첫결제,2025-04-11 07:09:00
4411,2002,가입,2025-03-12 00:00:00
4412,2002,튜토리얼완료,2025-03-15 03:00:00
4413,2003,가입,2025-01-10 00:00:00
4414,2003,튜토리얼완료,2025-01-12 22:00:00
4415,2004,가입,2025-03-27 00:00:00
4416,2005,가입,2025-01-27 00:00:00
4417,2005,튜토리얼완료,2025-01-30 18:00:00
4418,2006,가입,2025-06-10 00:00:00
4419,2006,튜토리얼완료,2025-06-11 09:00:00
4420,2007,가입,2025-04-21 00:00:00
4421,2007,튜토리얼완료,2025-04-23 23:00:00
4422,2008,가입,2025-02-13 00:00:00
4423,2008,첫결제,2025-02-15 17:17:00
4424,2009,가입,2025-02-26 00:00:00
4425,2009,튜토리얼완료,2025-02-26 23:00:00
4426,2010,가입,2025-01-09 00:00:00
4427,2010,튜토리얼완료,2025-01-12 19:00:00
4428,2010,첫결제,2025-01-10 06:45:00
4429,2011,가입,2025-02-10 00:00:00
4430,2011,튜토리얼완료,2025-02-12 07:00:00
4431,2011,첫결제,2025-02-22 12:01:00
4432,2012,가입,2025-02-05 00:00:00
4433,2013,가입,2025-01-28 00:00:00
4434,2013,튜토리얼완료,2025-01-30 16:00:00
4435,2013,첫결제,2025-02-28 19:20:00
4436,2014,가입,2025-02-06 00:00:00
4437,2014,튜토리얼완료,2025-02-09 22:00:00
4438,2015,가입,2025-06-29 00:00:00
4439,2015,튜토리얼완료,2025-07-02 19:00:00
4440,2016,가입,2025-01-10 00:00:00
4441,2017,가입,2025-01-06 00:00:00
4442,2017,튜토리얼완료,2025-01-06 08:00:00
4443,2018,가입,2025-02-06 00:00:00
4444,2018,튜토리얼완료,2025-02-08 19:00:00
4445,2018,첫결제,2025-02-07 11:07:00
4446,2019,가입,2025-01-25 00:00:00
4447,2019,튜토리얼완료,2025-01-28 16:00:00
4448,2019,첫결제,2025-02-05 20:08:00
4449,2020,가입,2025-03-04 00:00:00
4450,2020,튜토리얼완료,2025-03-04 22:00:00
4451,2021,가입,2025-01-17 00:00:00
4452,2021,튜토리얼완료,2025-01-19 01:00:00
4453,2021,첫결제,2025-02-08 07:26:00
4454,2022,가입,2025-04-27 00:00:00
4455,2022,튜토리얼완료,2025-04-30 05:00:00
4456,2023,가입,2025-04-09 00:00:00
4457,2023,튜토리얼완료,2025-04-10 04:00:00
4458,2024,가입,2025-01-13 00:00:00
4459,2024,튜토리얼완료,2025-01-14 07:00:00
4460,2024,첫결제,2025-03-24 17:11:00
4461,2025,가입,2025-01-09 00:00:00
4462,2025,튜토리얼완료,2025-01-11 04:00:00
4463,2026,가입,2025-03-09 00:00:00
4464,2026,튜토리얼완료,2025-03-09 00:00:00
4465,2026,첫결제,2025-03-11 17:10:00
4466,2027,가입,2025-01-03 00:00:00
4467,2027,튜토리얼완료,2025-01-06 08:00:00
4468,2028,가입,2025-01-19 00:00:00
4469,2028,튜토리얼완료,2025-01-22 14:00:00
4470,2029,가입,2025-05-01 00:00:00
4471,2029,튜토리얼완료,2025-05-01 00:00:00
4472,2030,가입,2025-01-09 00:00:00
4473,2030,튜토리얼완료,2025-01-09 11:00:00
4474,2031,가입,2025-02-21 00:00:00
4475,2031,튜토리얼완료,2025-02-23 16:00:00
4476,2032,가입,2025-02-07 00:00:00
4477,2033,가입,2025-06-29 00:00:00
4478,2034,가입,2025-01-28 00:00:00
4479,2034,튜토리얼완료,2025-01-31 10:00:00
4480,2034,첫결제,2025-02-05 22:33:00
4481,2035,가입,2025-04-12 00:00:00
4482,2035,튜토리얼완료,2025-04-12 17:00:00
4483,2036,가입,2025-05-22 00:00:00
4484,2037,가입,2025-01-10 00:00:00
4485,2037,튜토리얼완료,2025-01-10 05:00:00
4486,2038,가입,2025-02-08 00:00:00
4487,2038,튜토리얼완료,2025-02-08 16:00:00
4488,2039,가입,2025-02-14 00:00:00
4489,2039,튜토리얼완료,2025-02-16 15:00:00
4490,2040,가입,2025-02-08 00:00:00
4491,2041,가입,2025-04-15 00:00:00
4492,2041,튜토리얼완료,2025-04-15 18:00:00
4493,2042,가입,2025-01-04 00:00:00
4494,2042,튜토리얼완료,2025-01-07 01:00:00
4495,2042,첫결제,2025-01-04 04:31:00
4496,2043,가입,2025-01-17 00:00:00
4497,2043,튜토리얼완료,2025-01-17 07:00:00
4498,2044,가입,2025-01-13 00:00:00
4499,2044,튜토리얼완료,2025-01-14 00:00:00
4500,2045,가입,2025-01-06 00:00:00
4501,2045,튜토리얼완료,2025-01-06 11:00:00
4502,2045,첫결제,2025-02-27 19:50:00
4503,2046,가입,2025-01-16 00:00:00
4504,2046,튜토리얼완료,2025-01-18 17:00:00
4505,2047,가입,2025-01-23 00:00:00
4506,2047,튜토리얼완료,2025-01-26 01:00:00
4507,2048,가입,2025-01-24 00:00:00
4508,2048,튜토리얼완료,2025-01-26 19:00:00
4509,2049,가입,2025-01-02 00:00:00
4510,2049,튜토리얼완료,2025-01-02 15:00:00
4511,2050,가입,2025-02-13 00:00:00
4512,2050,튜토리얼완료,2025-02-14 15:00:00
4513,2050,첫결제,2025-04-01 19:10:00
4514,2051,가입,2025-01-11 00:00:00
4515,2051,튜토리얼완료,2025-01-11 13:00:00
4516,2052,가입,2025-02-01 00:00:00
4517,2052,튜토리얼완료,2025-02-03 08:00:00
4518,2052,첫결제,2025-02-02 07:38:00
4519,2053,가입,2025-02-09 00:00:00
4520,2053,튜토리얼완료,2025-02-10 21:00:00
4521,2054,가입,2025-02-24 00:00:00
4522,2054,튜토리얼완료,2025-02-26 23:00:00
4523,2054,첫결제,2025-02-26 19:45:00
4524,2055,가입,2025-01-29 00:00:00
4525,2055,튜토리얼완료,2025-01-29 06:00:00
4526,2056,가입,2025-01-06 00:00:00
4527,2056,첫결제,2025-01-13 19:44:00
4528,2057,가입,2025-01-01 00:00:00
4529,2057,튜토리얼완료,2025-01-04 21:00:00
4530,2058,가입,2025-01-30 00:00:00
4531,2058,튜토리얼완료,2025-01-31 13:00:00
4532,2059,가입,2025-04-06 00:00:00
4533,2059,튜토리얼완료,2025-04-08 05:00:00
4534,2060,가입,2025-06-29 00:00:00
4535,2060,튜토리얼완료,2025-07-01 08:00:00
4536,2061,가입,2025-03-20 00:00:00
4537,2061,튜토리얼완료,2025-03-21 13:00:00
4538,2062,가입,2025-01-27 00:00:00
4539,2062,튜토리얼완료,2025-01-29 11:00:00
4540,2063,가입,2025-06-10 00:00:00
4541,2063,튜토리얼완료,2025-06-13 09:00:00
4542,2063,첫결제,2025-06-17 12:36:00
4543,2064,가입,2025-05-24 00:00:00
4544,2064,튜토리얼완료,2025-05-25 06:00:00
4545,2064,첫결제,2025-06-04 18:47:00
4546,2065,가입,2025-03-29 00:00:00
4547,2065,튜토리얼완료,2025-03-31 06:00:00
4548,2065,첫결제,2025-04-16 18:10:00
4549,2066,가입,2025-05-29 00:00:00
4550,2066,튜토리얼완료,2025-06-01 07:00:00
4551,2067,가입,2025-03-24 00:00:00
4552,2067,튜토리얼완료,2025-03-26 19:00:00
4553,2068,가입,2025-02-14 00:00:00
4554,2068,튜토리얼완료,2025-02-16 01:00:00
4555,2068,첫결제,2025-02-14 22:52:00
4556,2069,가입,2025-04-03 00:00:00
4557,2069,튜토리얼완료,2025-04-06 19:00:00
4558,2070,가입,2025-03-01 00:00:00
4559,2070,튜토리얼완료,2025-03-02 12:00:00
4560,2070,첫결제,2025-04-08 22:07:00
4561,2071,가입,2025-05-18 00:00:00
4562,2071,첫결제,2025-06-08 14:57:00
4563,2072,가입,2025-01-15 00:00:00
4564,2072,튜토리얼완료,2025-01-16 05:00:00
4565,2072,첫결제,2025-01-16 23:06:00
4566,2073,가입,2025-01-10 00:00:00
4567,2073,튜토리얼완료,2025-01-10 10:00:00
4568,2074,가입,2025-02-06 00:00:00
4569,2074,튜토리얼완료,2025-02-07 16:00:00
4570,2075,가입,2025-01-08 00:00:00
4571,2075,튜토리얼완료,2025-01-09 18:00:00
4572,2075,첫결제,2025-01-17 23:41:00
4573,2076,가입,2025-02-07 00:00:00
4574,2076,튜토리얼완료,2025-02-08 17:00:00
4575,2076,첫결제,2025-02-11 13:57:00
4576,2077,가입,2025-03-10 00:00:00
4577,2077,튜토리얼완료,2025-03-11 09:00:00
4578,2077,첫결제,2025-03-20 22:45:00
4579,2078,가입,2025-04-25 00:00:00
4580,2078,튜토리얼완료,2025-04-28 14:00:00
4581,2079,가입,2025-06-29 00:00:00
4582,2079,튜토리얼완료,2025-07-01 13:00:00
4583,2080,가입,2025-01-23 00:00:00
4584,2080,튜토리얼완료,2025-01-23 06:00:00
4585,2080,첫결제,2025-01-24 02:02:00
4586,2081,가입,2025-01-29 00:00:00
4587,2081,튜토리얼완료,2025-02-01 03:00:00
4588,2082,가입,2025-01-27 00:00:00
4589,2082,튜토리얼완료,2025-01-28 00:00:00
4590,2083,가입,2025-01-03 00:00:00
4591,2083,튜토리얼완료,2025-01-05 04:00:00
4592,2084,가입,2025-01-11 00:00:00
4593,2084,튜토리얼완료,2025-01-13 15:00:00
4594,2085,가입,2025-01-07 00:00:00
4595,2085,튜토리얼완료,2025-01-09 07:00:00
4596,2086,가입,2025-02-19 00:00:00
4597,2087,가입,2025-02-03 00:00:00
4598,2087,튜토리얼완료,2025-02-03 21:00:00
4599,2087,첫결제,2025-02-16 19:28:00
4600,2088,가입,2025-06-18 00:00:00
4601,2088,튜토리얼완료,2025-06-19 15:00:00
4602,2089,가입,2025-01-02 00:00:00
4603,2089,튜토리얼완료,2025-01-03 02:00:00
4604,2090,가입,2025-01-20 00:00:00
4605,2090,튜토리얼완료,2025-01-21 15:00:00
4606,2090,첫결제,2025-02-15 01:33:00
4607,2091,가입,2025-01-31 00:00:00
4608,2091,튜토리얼완료,2025-02-02 23:00:00
4609,2092,가입,2025-02-24 00:00:00
4610,2092,튜토리얼완료,2025-02-24 12:00:00
4611,2092,첫결제,2025-04-11 15:14:00
4612,2093,가입,2025-01-16 00:00:00
4613,2093,튜토리얼완료,2025-01-19 10:00:00
4614,2093,첫결제,2025-01-24 19:39:00
4615,2094,가입,2025-01-23 00:00:00
4616,2094,튜토리얼완료,2025-01-23 14:00:00
4617,2095,가입,2025-01-16 00:00:00
4618,2095,튜토리얼완료,2025-01-16 10:00:00
4619,2095,첫결제,2025-01-17 22:36:00
4620,2096,가입,2025-03-11 00:00:00
4621,2096,튜토리얼완료,2025-03-11 03:00:00
4622,2097,가입,2025-01-16 00:00:00
4623,2097,튜토리얼완료,2025-01-18 07:00:00
4624,2097,첫결제,2025-01-18 09:11:00
4625,2098,가입,2025-03-16 00:00:00
4626,2098,튜토리얼완료,2025-03-18 11:00:00
4627,2098,첫결제,2025-03-27 07:15:00
4628,2099,가입,2025-03-16 00:00:00
4629,2099,튜토리얼완료,2025-03-17 08:00:00
4630,2099,첫결제,2025-03-28 12:30:00
4631,2100,가입,2025-02-15 00:00:00
4632,2100,튜토리얼완료,2025-02-18 20:00:00
4633,2101,가입,2025-01-22 00:00:00
4634,2102,가입,2025-01-08 00:00:00
4635,2102,튜토리얼완료,2025-01-11 10:00:00
4636,2103,가입,2025-02-03 00:00:00
4637,2103,튜토리얼완료,2025-02-03 09:00:00
4638,2104,가입,2025-03-09 00:00:00
4639,2104,튜토리얼완료,2025-03-09 08:00:00
4640,2105,가입,2025-06-29 00:00:00
4641,2106,가입,2025-01-23 00:00:00
4642,2106,튜토리얼완료,2025-01-23 17:00:00
4643,2107,가입,2025-01-09 00:00:00
4644,2107,튜토리얼완료,2025-01-12 05:00:00
4645,2108,가입,2025-01-06 00:00:00
4646,2108,튜토리얼완료,2025-01-08 07:00:00
4647,2109,가입,2025-05-14 00:00:00
4648,2109,튜토리얼완료,2025-05-17 22:00:00
4649,2109,첫결제,2025-05-30 22:53:00
4650,2110,가입,2025-02-11 00:00:00
4651,2111,가입,2025-01-22 00:00:00
4652,2111,튜토리얼완료,2025-01-25 04:00:00
4653,2111,첫결제,2025-01-22 14:47:00
4654,2112,가입,2025-02-05 00:00:00
4655,2112,튜토리얼완료,2025-02-07 14:00:00
4656,2112,첫결제,2025-04-06 23:55:00
4657,2113,가입,2025-01-25 00:00:00
4658,2113,튜토리얼완료,2025-01-25 06:00:00
4659,2114,가입,2025-02-03 00:00:00
4660,2115,가입,2025-02-28 00:00:00
4661,2115,튜토리얼완료,2025-03-01 23:00:00
4662,2115,첫결제,2025-03-27 06:13:00
4663,2116,가입,2025-01-16 00:00:00
4664,2116,튜토리얼완료,2025-01-19 17:00:00
4665,2117,가입,2025-03-22 00:00:00
4666,2117,튜토리얼완료,2025-03-22 06:00:00
4667,2118,가입,2025-04-05 00:00:00
4668,2118,튜토리얼완료,2025-04-08 14:00:00
4669,2118,첫결제,2025-04-13 22:23:00
4670,2119,가입,2025-01-09 00:00:00
4671,2119,튜토리얼완료,2025-01-09 16:00:00
4672,2119,첫결제,2025-03-23 14:22:00
4673,2120,가입,2025-01-10 00:00:00
4674,2121,가입,2025-02-03 00:00:00
4675,2121,튜토리얼완료,2025-02-05 02:00:00
4676,2122,가입,2025-03-23 00:00:00
4677,2122,튜토리얼완료,2025-03-26 01:00:00
4678,2122,첫결제,2025-04-20 22:36:00
4679,2123,가입,2025-01-27 00:00:00
4680,2123,튜토리얼완료,2025-01-29 20:00:00
4681,2124,가입,2025-06-29 00:00:00
4682,2124,튜토리얼완료,2025-06-30 12:00:00
4683,2125,가입,2025-04-09 00:00:00
4684,2125,튜토리얼완료,2025-04-10 17:00:00
4685,2126,가입,2025-01-04 00:00:00
4686,2127,가입,2025-02-22 00:00:00
4687,2127,튜토리얼완료,2025-02-23 15:00:00
4688,2128,가입,2025-03-21 00:00:00
4689,2128,튜토리얼완료,2025-03-24 19:00:00
4690,2128,첫결제,2025-04-24 12:51:00
4691,2129,가입,2025-01-09 00:00:00
4692,2129,튜토리얼완료,2025-01-09 17:00:00
4693,2130,가입,2025-04-24 00:00:00
4694,2130,첫결제,2025-04-24 03:09:00
4695,2131,가입,2025-01-15 00:00:00
4696,2131,튜토리얼완료,2025-01-17 05:00:00
4697,2131,첫결제,2025-02-07 21:10:00
4698,2132,가입,2025-01-14 00:00:00
4699,2132,튜토리얼완료,2025-01-17 05:00:00
4700,2132,첫결제,2025-01-16 20:05:00
4701,2133,가입,2025-02-26 00:00:00
4702,2133,튜토리얼완료,2025-03-01 11:00:00
4703,2133,첫결제,2025-03-07 22:50:00
4704,2134,가입,2025-01-04 00:00:00
4705,2134,튜토리얼완료,2025-01-06 17:00:00
4706,2135,가입,2025-03-04 00:00:00
4707,2135,튜토리얼완료,2025-03-06 10:00:00
4708,2136,가입,2025-01-17 00:00:00
4709,2136,튜토리얼완료,2025-01-20 03:00:00
4710,2137,가입,2025-01-15 00:00:00
4711,2137,튜토리얼완료,2025-01-16 16:00:00
4712,2138,가입,2025-03-14 00:00:00
4713,2138,튜토리얼완료,2025-03-15 02:00:00
4714,2139,가입,2025-02-11 00:00:00
4715,2139,튜토리얼완료,2025-02-12 09:00:00
4716,2139,첫결제,2025-03-04 15:12:00
4717,2140,가입,2025-03-18 00:00:00
4718,2140,튜토리얼완료,2025-03-21 12:00:00
4719,2140,첫결제,2025-04-04 10:00:00
4720,2141,가입,2025-02-17 00:00:00
4721,2141,튜토리얼완료,2025-02-17 22:00:00
4722,2142,가입,2025-05-09 00:00:00
4723,2142,튜토리얼완료,2025-05-09 15:00:00
4724,2143,가입,2025-04-06 00:00:00
4725,2143,튜토리얼완료,2025-04-09 14:00:00
4726,2143,첫결제,2025-04-11 09:23:00
4727,2144,가입,2025-01-30 00:00:00
4728,2144,튜토리얼완료,2025-02-02 16:00:00
4729,2144,첫결제,2025-01-30 04:17:00
4730,2145,가입,2025-03-04 00:00:00
4731,2145,튜토리얼완료,2025-03-04 16:00:00
4732,2145,첫결제,2025-03-04 07:35:00
4733,2146,가입,2025-01-08 00:00:00
4734,2146,튜토리얼완료,2025-01-09 22:00:00
4735,2147,가입,2025-03-14 00:00:00
4736,2147,튜토리얼완료,2025-03-17 21:00:00
4737,2148,가입,2025-01-07 00:00:00
4738,2148,튜토리얼완료,2025-01-07 11:00:00
4739,2148,첫결제,2025-01-24 08:17:00
4740,2149,가입,2025-01-02 00:00:00
4741,2149,튜토리얼완료,2025-01-04 04:00:00
4742,2150,가입,2025-01-31 00:00:00
4743,2150,첫결제,2025-02-05 00:04:00
4744,2151,가입,2025-01-27 00:00:00
4745,2151,튜토리얼완료,2025-01-27 12:00:00
4746,2152,가입,2025-03-10 00:00:00
4747,2153,가입,2025-01-06 00:00:00
4748,2153,튜토리얼완료,2025-01-06 17:00:00
4749,2154,가입,2025-05-18 00:00:00
4750,2154,튜토리얼완료,2025-05-21 05:00:00
4751,2154,첫결제,2025-05-28 11:07:00
4752,2155,가입,2025-04-20 00:00:00
4753,2155,튜토리얼완료,2025-04-20 10:00:00
4754,2156,가입,2025-06-16 00:00:00
4755,2156,튜토리얼완료,2025-06-16 10:00:00
4756,2156,첫결제,2025-06-28 23:44:00
4757,2157,가입,2025-01-07 00:00:00
4758,2157,첫결제,2025-01-15 15:22:00
4759,2158,가입,2025-01-26 00:00:00
4760,2158,첫결제,2025-01-28 02:58:00
4761,2159,가입,2025-01-12 00:00:00
4762,2159,튜토리얼완료,2025-01-14 11:00:00
4763,2159,첫결제,2025-01-16 20:55:00
4764,2160,가입,2025-01-15 00:00:00
4765,2160,튜토리얼완료,2025-01-15 05:00:00
4766,2160,첫결제,2025-01-16 21:31:00
4767,2161,가입,2025-02-04 00:00:00
4768,2161,튜토리얼완료,2025-02-06 16:00:00
4769,2161,첫결제,2025-03-08 20:01:00
4770,2162,가입,2025-01-19 00:00:00
4771,2162,튜토리얼완료,2025-01-20 03:00:00
4772,2163,가입,2025-01-15 00:00:00
4773,2163,첫결제,2025-02-01 20:05:00
4774,2164,가입,2025-01-27 00:00:00
4775,2164,튜토리얼완료,2025-01-28 05:00:00
4776,2164,첫결제,2025-01-30 22:32:00
4777,2165,가입,2025-02-15 00:00:00
4778,2165,튜토리얼완료,2025-02-17 18:00:00
4779,2165,첫결제,2025-02-19 02:24:00
4780,2166,가입,2025-01-12 00:00:00
4781,2166,튜토리얼완료,2025-01-13 20:00:00
4782,2167,가입,2025-01-25 00:00:00
4783,2167,튜토리얼완료,2025-01-26 03:00:00
4784,2168,가입,2025-02-07 00:00:00
4785,2168,튜토리얼완료,2025-02-09 07:00:00
4786,2168,첫결제,2025-04-02 20:32:00
4787,2169,가입,2025-05-04 00:00:00
4788,2169,튜토리얼완료,2025-05-07 02:00:00
4789,2169,첫결제,2025-05-06 04:09:00
4790,2170,가입,2025-02-16 00:00:00
4791,2171,가입,2025-06-15 00:00:00
4792,2171,튜토리얼완료,2025-06-15 22:00:00
4793,2171,첫결제,2025-06-17 20:22:00
4794,2172,가입,2025-06-29 00:00:00
4795,2172,튜토리얼완료,2025-06-30 02:00:00
4796,2173,가입,2025-01-13 00:00:00
4797,2174,가입,2025-01-06 00:00:00
4798,2174,첫결제,2025-01-13 08:04:00
4799,2175,가입,2025-06-26 00:00:00
4800,2175,튜토리얼완료,2025-06-28 08:00:00
4801,2176,가입,2025-05-26 00:00:00
4802,2176,튜토리얼완료,2025-05-29 05:00:00
4803,2177,가입,2025-06-29 00:00:00
4804,2178,가입,2025-03-27 00:00:00
4805,2178,튜토리얼완료,2025-03-30 05:00:00
4806,2178,첫결제,2025-04-18 13:23:00
4807,2179,가입,2025-01-07 00:00:00
4808,2179,튜토리얼완료,2025-01-09 08:00:00
4809,2179,첫결제,2025-01-10 15:11:00
4810,2180,가입,2025-02-26 00:00:00
4811,2180,튜토리얼완료,2025-02-27 02:00:00
4812,2180,첫결제,2025-03-07 17:58:00
4813,2181,가입,2025-02-15 00:00:00
4814,2181,튜토리얼완료,2025-02-15 13:00:00
4815,2182,가입,2025-04-15 00:00:00
4816,2182,튜토리얼완료,2025-04-17 12:00:00
4817,2183,가입,2025-01-13 00:00:00
4818,2184,가입,2025-01-12 00:00:00
4819,2184,튜토리얼완료,2025-01-12 19:00:00
4820,2185,가입,2025-02-21 00:00:00
4821,2185,튜토리얼완료,2025-02-24 15:00:00
4822,2186,가입,2025-01-08 00:00:00
4823,2186,튜토리얼완료,2025-01-08 09:00:00
4824,2187,가입,2025-01-09 00:00:00
4825,2187,튜토리얼완료,2025-01-09 01:00:00
4826,2188,가입,2025-05-19 00:00:00
4827,2188,튜토리얼완료,2025-05-20 02:00:00
4828,2189,가입,2025-06-14 00:00:00
4829,2190,가입,2025-05-04 00:00:00
4830,2190,튜토리얼완료,2025-05-05 14:00:00
4831,2191,가입,2025-03-20 00:00:00
4832,2191,튜토리얼완료,2025-03-22 10:00:00
4833,2192,가입,2025-01-24 00:00:00
4834,2192,튜토리얼완료,2025-01-27 03:00:00
4835,2193,가입,2025-01-25 00:00:00
4836,2193,튜토리얼완료,2025-01-27 12:00:00
4837,2193,첫결제,2025-02-04 23:24:00
4838,2194,가입,2025-04-23 00:00:00
4839,2194,튜토리얼완료,2025-04-24 11:00:00
4840,2194,첫결제,2025-05-05 13:14:00
4841,2195,가입,2025-06-29 00:00:00
4842,2195,튜토리얼완료,2025-06-29 23:00:00
4843,2196,가입,2025-01-01 00:00:00
4844,2196,튜토리얼완료,2025-01-01 11:00:00
4845,2196,첫결제,2025-01-08 20:22:00
4846,2197,가입,2025-06-29 00:00:00
4847,2197,튜토리얼완료,2025-06-29 07:00:00
4848,2197,첫결제,2025-06-29 19:46:00
4849,2198,가입,2025-01-13 00:00:00
4850,2198,튜토리얼완료,2025-01-13 18:00:00
4851,2198,첫결제,2025-01-25 23:38:00
4852,2199,가입,2025-04-16 00:00:00
4853,2200,가입,2025-01-15 00:00:00
4854,2200,튜토리얼완료,2025-01-16 10:00:00
4855,2201,가입,2025-01-28 00:00:00
4856,2201,튜토리얼완료,2025-01-28 14:00:00
4857,2201,첫결제,2025-02-03 22:30:00
4858,2202,가입,2025-03-03 00:00:00
4859,2202,튜토리얼완료,2025-03-04 19:00:00
4860,2202,첫결제,2025-03-11 22:35:00
4861,2203,가입,2025-01-17 00:00:00
4862,2203,튜토리얼완료,2025-01-17 00:00:00
4863,2203,첫결제,2025-01-26 14:30:00
4864,2204,가입,2025-05-26 00:00:00
4865,2204,튜토리얼완료,2025-05-27 03:00:00
4866,2205,가입,2025-01-10 00:00:00
4867,2205,튜토리얼완료,2025-01-11 07:00:00
4868,2205,첫결제,2025-01-11 20:55:00
4869,2206,가입,2025-01-05 00:00:00
4870,2206,튜토리얼완료,2025-01-07 06:00:00
4871,2207,가입,2025-06-29 00:00:00
4872,2207,튜토리얼완료,2025-07-01 03:00:00
4873,2208,가입,2025-04-09 00:00:00
4874,2208,튜토리얼완료,2025-04-12 22:00:00
4875,2209,가입,2025-01-29 00:00:00
4876,2209,튜토리얼완료,2025-01-30 22:00:00
4877,2210,가입,2025-02-08 00:00:00
4878,2210,튜토리얼완료,2025-02-10 04:00:00
4879,2211,가입,2025-03-07 00:00:00
4880,2211,튜토리얼완료,2025-03-09 06:00:00
4881,2212,가입,2025-04-07 00:00:00
4882,2212,튜토리얼완료,2025-04-08 12:00:00
4883,2213,가입,2025-01-29 00:00:00
4884,2213,튜토리얼완료,2025-01-30 20:00:00
4885,2213,첫결제,2025-02-02 12:07:00
4886,2214,가입,2025-03-03 00:00:00
4887,2214,튜토리얼완료,2025-03-05 13:00:00
4888,2215,가입,2025-01-19 00:00:00
4889,2216,가입,2025-01-03 00:00:00
4890,2216,튜토리얼완료,2025-01-04 15:00:00
4891,2217,가입,2025-04-19 00:00:00
4892,2217,튜토리얼완료,2025-04-20 07:00:00
4893,2217,첫결제,2025-04-23 21:43:00
4894,2218,가입,2025-01-07 00:00:00
4895,2218,튜토리얼완료,2025-01-09 09:00:00
4896,2219,가입,2025-01-02 00:00:00
4897,2219,튜토리얼완료,2025-01-03 17:00:00
4898,2220,가입,2025-05-12 00:00:00
4899,2220,튜토리얼완료,2025-05-12 09:00:00
4900,2220,첫결제,2025-05-16 16:01:00
4901,2221,가입,2025-05-19 00:00:00
4902,2221,튜토리얼완료,2025-05-20 01:00:00
4903,2222,가입,2025-02-05 00:00:00
4904,2222,튜토리얼완료,2025-02-08 20:00:00
4905,2222,첫결제,2025-02-14 17:49:00
4906,2223,가입,2025-02-18 00:00:00
4907,2223,튜토리얼완료,2025-02-21 01:00:00
4908,2224,가입,2025-01-27 00:00:00
4909,2224,첫결제,2025-01-27 13:46:00
4910,2225,가입,2025-02-01 00:00:00
4911,2225,튜토리얼완료,2025-02-02 17:00:00
4912,2225,첫결제,2025-02-11 21:23:00
4913,2226,가입,2025-01-17 00:00:00
4914,2226,튜토리얼완료,2025-01-17 17:00:00
4915,2227,가입,2025-01-15 00:00:00
4916,2227,튜토리얼완료,2025-01-18 04:00:00
4917,2227,첫결제,2025-02-15 17:46:00
4918,2228,가입,2025-01-25 00:00:00
4919,2228,튜토리얼완료,2025-01-28 20:00:00
4920,2229,가입,2025-04-18 00:00:00
4921,2229,튜토리얼완료,2025-04-21 11:00:00
4922,2230,가입,2025-06-29 00:00:00
4923,2230,튜토리얼완료,2025-07-02 12:00:00
4924,2231,가입,2025-04-07 00:00:00
4925,2231,튜토리얼완료,2025-04-08 01:00:00
4926,2231,첫결제,2025-04-08 05:59:00
4927,2232,가입,2025-03-15 00:00:00
4928,2232,튜토리얼완료,2025-03-17 21:00:00
4929,2233,가입,2025-02-09 00:00:00
4930,2233,튜토리얼완료,2025-02-12 07:00:00
4931,2233,첫결제,2025-02-13 14:42:00
4932,2234,가입,2025-01-21 00:00:00
4933,2234,튜토리얼완료,2025-01-21 23:00:00
4934,2235,가입,2025-03-02 00:00:00
4935,2235,튜토리얼완료,2025-03-04 04:00:00
4936,2236,가입,2025-01-05 00:00:00
4937,2236,튜토리얼완료,2025-01-07 09:00:00
4938,2237,가입,2025-06-29 00:00:00
4939,2237,튜토리얼완료,2025-07-01 05:00:00
4940,2238,가입,2025-03-16 00:00:00
4941,2238,튜토리얼완료,2025-03-19 08:00:00
4942,2238,첫결제,2025-04-19 20:19:00
4943,2239,가입,2025-05-07 00:00:00
4944,2239,튜토리얼완료,2025-05-10 23:00:00
4945,2240,가입,2025-01-01 00:00:00
4946,2240,튜토리얼완료,2025-01-02 14:00:00
4947,2240,첫결제,2025-01-05 07:10:00
4948,2241,가입,2025-01-07 00:00:00
4949,2241,튜토리얼완료,2025-01-10 20:00:00
4950,2241,첫결제,2025-02-01 12:19:00
4951,2242,가입,2025-03-27 00:00:00
4952,2242,튜토리얼완료,2025-03-27 23:00:00
4953,2243,가입,2025-01-02 00:00:00
4954,2244,가입,2025-02-16 00:00:00
4955,2244,튜토리얼완료,2025-02-16 03:00:00
4956,2245,가입,2025-01-16 00:00:00
4957,2246,가입,2025-01-23 00:00:00
4958,2246,튜토리얼완료,2025-01-23 02:00:00
4959,2247,가입,2025-03-16 00:00:00
4960,2248,가입,2025-01-17 00:00:00
4961,2248,튜토리얼완료,2025-01-18 06:00:00
4962,2249,가입,2025-01-23 00:00:00
4963,2249,튜토리얼완료,2025-01-26 23:00:00
4964,2250,가입,2025-02-27 00:00:00
4965,2250,튜토리얼완료,2025-02-28 12:00:00
4966,2250,첫결제,2025-03-06 14:49:00
4967,2251,가입,2025-01-11 00:00:00
4968,2251,튜토리얼완료,2025-01-12 06:00:00
4969,2251,첫결제,2025-01-22 19:52:00
4970,2252,가입,2025-03-15 00:00:00
4971,2252,첫결제,2025-03-20 07:31:00
4972,2253,가입,2025-04-24 00:00:00
4973,2253,튜토리얼완료,2025-04-26 20:00:00
4974,2253,첫결제,2025-05-22 01:39:00
4975,2254,가입,2025-05-24 00:00:00
4976,2254,튜토리얼완료,2025-05-27 04:00:00
4977,2255,가입,2025-02-15 00:00:00
4978,2255,튜토리얼완료,2025-02-15 03:00:00
4979,2256,가입,2025-01-16 00:00:00
4980,2256,튜토리얼완료,2025-01-17 03:00:00
4981,2257,가입,2025-01-11 00:00:00
4982,2257,튜토리얼완료,2025-01-12 18:00:00
4983,2257,첫결제,2025-01-17 13:13:00
4984,2258,가입,2025-01-11 00:00:00
4985,2258,튜토리얼완료,2025-01-11 21:00:00
4986,2259,가입,2025-01-03 00:00:00
4987,2259,튜토리얼완료,2025-01-04 19:00:00
4988,2260,가입,2025-03-22 00:00:00
4989,2260,튜토리얼완료,2025-03-24 00:00:00
4990,2260,첫결제,2025-03-26 10:59:00
4991,2261,가입,2025-02-10 00:00:00
4992,2261,튜토리얼완료,2025-02-11 03:00:00
4993,2262,가입,2025-05-12 00:00:00
4994,2262,튜토리얼완료,2025-05-14 02:00:00
4995,2262,첫결제,2025-05-13 21:53:00
4996,2263,가입,2025-01-08 00:00:00
4997,2264,가입,2025-06-29 00:00:00
4998,2265,가입,2025-02-04 00:00:00
4999,2265,첫결제,2025-02-21 17:43:00
5000,2266,가입,2025-01-08 00:00:00
5001,2266,튜토리얼완료,2025-01-09 08:00:00
5002,2267,가입,2025-01-02 00:00:00
5003,2267,튜토리얼완료,2025-01-05 14:00:00
5004,2268,가입,2025-01-14 00:00:00
5005,2268,튜토리얼완료,2025-01-16 22:00:00
5006,2268,첫결제,2025-01-17 09:01:00
5007,2269,가입,2025-04-24 00:00:00
5008,2269,튜토리얼완료,2025-04-27 11:00:00
5009,2269,첫결제,2025-04-24 23:26:00
5010,2270,가입,2025-01-14 00:00:00
5011,2270,튜토리얼완료,2025-01-16 18:00:00
5012,2271,가입,2025-03-15 00:00:00
5013,2272,가입,2025-01-05 00:00:00
5014,2272,튜토리얼완료,2025-01-06 04:00:00
5015,2273,가입,2025-02-04 00:00:00
5016,2273,튜토리얼완료,2025-02-05 23:00:00
5017,2274,가입,2025-02-28 00:00:00
5018,2274,튜토리얼완료,2025-03-01 18:00:00
5019,2275,가입,2025-04-15 00:00:00
5020,2275,튜토리얼완료,2025-04-15 15:00:00
5021,2276,가입,2025-03-06 00:00:00
5022,2276,튜토리얼완료,2025-03-06 21:00:00
5023,2276,첫결제,2025-03-08 11:38:00
5024,2277,가입,2025-01-03 00:00:00
5025,2277,튜토리얼완료,2025-01-06 13:00:00
5026,2278,가입,2025-04-01 00:00:00
5027,2278,튜토리얼완료,2025-04-04 04:00:00
5028,2279,가입,2025-01-01 00:00:00
5029,2280,가입,2025-01-12 00:00:00
5030,2280,튜토리얼완료,2025-01-14 10:00:00
5031,2281,가입,2025-05-25 00:00:00
5032,2281,튜토리얼완료,2025-05-26 14:00:00
5033,2282,가입,2025-03-17 00:00:00
5034,2282,튜토리얼완료,2025-03-20 19:00:00
5035,2282,첫결제,2025-03-21 03:14:00
5036,2283,가입,2025-03-12 00:00:00
5037,2283,튜토리얼완료,2025-03-15 22:00:00
5038,2284,가입,2025-02-11 00:00:00
5039,2284,튜토리얼완료,2025-02-12 13:00:00
5040,2284,첫결제,2025-02-15 15:56:00
5041,2285,가입,2025-03-14 00:00:00
5042,2285,튜토리얼완료,2025-03-14 00:00:00
5043,2285,첫결제,2025-04-27 22:30:00
5044,2286,가입,2025-01-13 00:00:00
5045,2286,튜토리얼완료,2025-01-16 19:00:00
5046,2286,첫결제,2025-01-18 02:05:00
5047,2287,가입,2025-02-16 00:00:00
5048,2287,튜토리얼완료,2025-02-16 23:00:00
5049,2287,첫결제,2025-02-21 15:21:00
5050,2288,가입,2025-01-27 00:00:00
5051,2288,튜토리얼완료,2025-01-28 01:00:00
5052,2288,첫결제,2025-01-31 15:02:00
5053,2289,가입,2025-01-24 00:00:00
5054,2289,튜토리얼완료,2025-01-26 08:00:00
5055,2290,가입,2025-03-06 00:00:00
5056,2290,튜토리얼완료,2025-03-09 21:00:00
5057,2291,가입,2025-01-18 00:00:00
5058,2291,튜토리얼완료,2025-01-20 12:00:00
5059,2291,첫결제,2025-01-31 06:11:00
5060,2292,가입,2025-02-27 00:00:00
5061,2292,튜토리얼완료,2025-03-01 10:00:00
5062,2293,가입,2025-02-01 00:00:00
5063,2293,튜토리얼완료,2025-02-01 05:00:00
5064,2294,가입,2025-06-29 00:00:00
5065,2294,튜토리얼완료,2025-06-30 03:00:00
5066,2294,첫결제,2025-06-29 02:15:00
5067,2295,가입,2025-01-17 00:00:00
5068,2295,튜토리얼완료,2025-01-19 13:00:00
5069,2296,가입,2025-01-05 00:00:00
5070,2296,튜토리얼완료,2025-01-05 15:00:00
5071,2297,가입,2025-05-13 00:00:00
5072,2297,튜토리얼완료,2025-05-13 07:00:00
5073,2297,첫결제,2025-05-16 22:17:00
5074,2298,가입,2025-06-29 00:00:00
5075,2298,튜토리얼완료,2025-07-01 19:00:00
5076,2299,가입,2025-03-09 00:00:00
5077,2299,첫결제,2025-03-09 01:30:00
5078,2300,가입,2025-01-03 00:00:00
5079,2300,튜토리얼완료,2025-01-03 07:00:00
5080,2300,첫결제,2025-01-24 00:22:00
5081,2301,가입,2025-01-02 00:00:00
5082,2301,튜토리얼완료,2025-01-02 05:00:00
5083,2302,가입,2025-01-07 00:00:00
5084,2302,튜토리얼완료,2025-01-09 13:00:00
5085,2303,가입,2025-05-08 00:00:00
5086,2303,튜토리얼완료,2025-05-09 02:00:00
5087,2303,첫결제,2025-05-16 00:53:00
5088,2304,가입,2025-06-29 00:00:00
5089,2304,튜토리얼완료,2025-06-29 00:00:00
5090,2305,가입,2025-01-10 00:00:00
5091,2305,튜토리얼완료,2025-01-13 04:00:00
5092,2305,첫결제,2025-01-18 22:25:00
5093,2306,가입,2025-01-11 00:00:00
5094,2306,튜토리얼완료,2025-01-13 10:00:00
5095,2307,가입,2025-01-14 00:00:00
5096,2307,튜토리얼완료,2025-01-16 12:00:00
5097,2308,가입,2025-04-27 00:00:00
5098,2308,튜토리얼완료,2025-04-27 00:00:00
5099,2308,첫결제,2025-04-28 08:23:00
5100,2309,가입,2025-02-28 00:00:00
5101,2309,튜토리얼완료,2025-03-02 12:00:00
5102,2310,가입,2025-02-25 00:00:00
5103,2311,가입,2025-01-01 00:00:00
5104,2311,튜토리얼완료,2025-01-04 19:00:00
5105,2311,첫결제,2025-01-03 01:31:00
5106,2312,가입,2025-02-06 00:00:00
5107,2312,튜토리얼완료,2025-02-08 00:00:00
5108,2313,가입,2025-02-10 00:00:00
5109,2313,튜토리얼완료,2025-02-12 13:00:00
5110,2314,가입,2025-01-17 00:00:00
5111,2314,튜토리얼완료,2025-01-19 13:00:00
5112,2314,첫결제,2025-03-23 22:27:00
5113,2315,가입,2025-01-03 00:00:00
5114,2315,튜토리얼완료,2025-01-05 03:00:00
5115,2316,가입,2025-03-05 00:00:00
5116,2316,튜토리얼완료,2025-03-07 12:00:00
5117,2316,첫결제,2025-04-12 21:28:00
5118,2317,가입,2025-03-03 00:00:00
5119,2317,튜토리얼완료,2025-03-03 16:00:00
5120,2318,가입,2025-01-22 00:00:00
5121,2318,첫결제,2025-03-19 21:41:00
5122,2319,가입,2025-04-17 00:00:00
5123,2319,튜토리얼완료,2025-04-19 15:00:00
5124,2320,가입,2025-04-09 00:00:00
5125,2320,튜토리얼완료,2025-04-10 22:00:00
5126,2320,첫결제,2025-04-14 23:08:00
5127,2321,가입,2025-03-20 00:00:00
5128,2321,튜토리얼완료,2025-03-22 07:00:00
5129,2322,가입,2025-02-08 00:00:00
5130,2322,튜토리얼완료,2025-02-11 01:00:00
5131,2322,첫결제,2025-02-28 19:24:00
5132,2323,가입,2025-06-29 00:00:00
5133,2323,튜토리얼완료,2025-06-30 12:00:00
5134,2323,첫결제,2025-06-29 02:01:00
5135,2324,가입,2025-01-18 00:00:00
5136,2324,첫결제,2025-02-23 23:17:00
5137,2325,가입,2025-02-08 00:00:00
5138,2325,튜토리얼완료,2025-02-11 20:00:00
5139,2326,가입,2025-04-28 00:00:00
5140,2326,튜토리얼완료,2025-05-01 21:00:00
5141,2327,가입,2025-03-27 00:00:00
5142,2327,튜토리얼완료,2025-03-29 03:00:00
5143,2328,가입,2025-02-11 00:00:00
5144,2328,튜토리얼완료,2025-02-12 12:00:00
5145,2328,첫결제,2025-02-18 19:17:00
5146,2329,가입,2025-02-25 00:00:00
5147,2329,튜토리얼완료,2025-02-28 03:00:00
5148,2330,가입,2025-04-11 00:00:00
5149,2330,튜토리얼완료,2025-04-11 12:00:00
5150,2331,가입,2025-02-07 00:00:00
5151,2331,튜토리얼완료,2025-02-09 07:00:00
5152,2332,가입,2025-01-08 00:00:00
5153,2332,튜토리얼완료,2025-01-10 08:00:00
5154,2333,가입,2025-01-16 00:00:00
5155,2333,튜토리얼완료,2025-01-17 12:00:00
5156,2334,가입,2025-02-17 00:00:00
5157,2334,튜토리얼완료,2025-02-17 08:00:00
5158,2335,가입,2025-01-04 00:00:00
5159,2335,튜토리얼완료,2025-01-06 01:00:00
5160,2336,가입,2025-03-06 00:00:00
5161,2336,튜토리얼완료,2025-03-08 08:00:00
5162,2337,가입,2025-01-06 00:00:00
5163,2337,튜토리얼완료,2025-01-08 03:00:00
5164,2338,가입,2025-01-26 00:00:00
5165,2338,튜토리얼완료,2025-01-28 01:00:00
5166,2339,가입,2025-03-04 00:00:00
5167,2339,튜토리얼완료,2025-03-04 21:00:00
5168,2339,첫결제,2025-03-19 22:44:00
5169,2340,가입,2025-01-12 00:00:00
5170,2340,튜토리얼완료,2025-01-14 04:00:00
5171,2341,가입,2025-02-13 00:00:00
5172,2341,튜토리얼완료,2025-02-13 16:00:00
5173,2341,첫결제,2025-02-21 23:23:00
5174,2342,가입,2025-06-29 00:00:00
5175,2342,튜토리얼완료,2025-07-02 14:00:00
5176,2343,가입,2025-01-05 00:00:00
5177,2343,첫결제,2025-02-21 15:59:00
5178,2344,가입,2025-02-28 00:00:00
5179,2344,튜토리얼완료,2025-03-02 12:00:00
5180,2345,가입,2025-03-06 00:00:00
5181,2345,튜토리얼완료,2025-03-08 04:00:00
5182,2345,첫결제,2025-03-09 02:22:00
5183,2346,가입,2025-03-08 00:00:00
5184,2346,튜토리얼완료,2025-03-11 11:00:00
5185,2346,첫결제,2025-05-12 03:26:00
5186,2347,가입,2025-06-29 00:00:00
5187,2347,튜토리얼완료,2025-06-30 10:00:00
5188,2348,가입,2025-03-17 00:00:00
5189,2348,튜토리얼완료,2025-03-19 08:00:00
5190,2349,가입,2025-06-29 00:00:00
5191,2349,튜토리얼완료,2025-06-30 11:00:00
5192,2350,가입,2025-02-12 00:00:00
5193,2350,튜토리얼완료,2025-02-14 07:00:00
5194,2351,가입,2025-02-13 00:00:00
5195,2351,튜토리얼완료,2025-02-14 03:00:00
5196,2352,가입,2025-06-29 00:00:00
5197,2352,튜토리얼완료,2025-07-02 10:00:00
5198,2353,가입,2025-02-26 00:00:00
5199,2353,튜토리얼완료,2025-02-28 16:00:00
5200,2353,첫결제,2025-03-09 21:44:00
5201,2354,가입,2025-01-21 00:00:00
5202,2354,튜토리얼완료,2025-01-21 13:00:00
5203,2354,첫결제,2025-01-22 13:02:00
5204,2355,가입,2025-03-30 00:00:00
5205,2355,튜토리얼완료,2025-04-01 21:00:00
5206,2355,첫결제,2025-04-21 20:29:00
5207,2356,가입,2025-03-03 00:00:00
5208,2356,튜토리얼완료,2025-03-05 22:00:00
5209,2356,첫결제,2025-04-24 21:07:00
5210,2357,가입,2025-03-20 00:00:00
5211,2357,튜토리얼완료,2025-03-22 14:00:00
5212,2358,가입,2025-02-26 00:00:00
5213,2358,튜토리얼완료,2025-02-28 11:00:00
5214,2359,가입,2025-04-24 00:00:00
5215,2360,가입,2025-01-30 00:00:00
5216,2360,튜토리얼완료,2025-02-01 12:00:00
5217,2361,가입,2025-01-12 00:00:00
5218,2361,튜토리얼완료,2025-01-14 10:00:00
5219,2361,첫결제,2025-01-18 14:15:00
5220,2362,가입,2025-01-16 00:00:00
5221,2363,가입,2025-03-19 00:00:00
5222,2363,튜토리얼완료,2025-03-22 18:00:00
5223,2363,첫결제,2025-03-23 20:03:00
5224,2364,가입,2025-03-02 00:00:00
5225,2364,튜토리얼완료,2025-03-02 22:00:00
5226,2365,가입,2025-06-29 00:00:00
5227,2366,가입,2025-02-16 00:00:00
5228,2366,튜토리얼완료,2025-02-19 21:00:00
5229,2366,첫결제,2025-03-05 15:51:00
5230,2367,가입,2025-01-20 00:00:00
5231,2367,튜토리얼완료,2025-01-20 18:00:00
5232,2368,가입,2025-06-29 00:00:00
5233,2368,튜토리얼완료,2025-06-29 15:00:00
5234,2369,가입,2025-06-07 00:00:00
5235,2369,튜토리얼완료,2025-06-09 07:00:00
5236,2369,첫결제,2025-06-17 19:14:00
5237,2370,가입,2025-04-15 00:00:00
5238,2371,가입,2025-05-21 00:00:00
5239,2372,가입,2025-02-02 00:00:00
5240,2372,튜토리얼완료,2025-02-03 07:00:00
5241,2372,첫결제,2025-02-16 14:52:00
5242,2373,가입,2025-01-19 00:00:00
5243,2373,튜토리얼완료,2025-01-21 05:00:00
5244,2374,가입,2025-01-25 00:00:00
5245,2374,튜토리얼완료,2025-01-28 23:00:00
5246,2374,첫결제,2025-01-25 13:11:00
5247,2375,가입,2025-05-17 00:00:00
5248,2375,튜토리얼완료,2025-05-20 18:00:00
5249,2375,첫결제,2025-05-21 23:02:00
5250,2376,가입,2025-04-03 00:00:00
5251,2376,튜토리얼완료,2025-04-06 11:00:00
5252,2377,가입,2025-01-04 00:00:00
5253,2377,튜토리얼완료,2025-01-07 04:00:00
5254,2377,첫결제,2025-01-06 16:36:00
5255,2378,가입,2025-03-13 00:00:00
5256,2378,튜토리얼완료,2025-03-14 15:00:00
5257,2379,가입,2025-01-22 00:00:00
5258,2379,튜토리얼완료,2025-01-25 04:00:00
5259,2380,가입,2025-06-29 00:00:00
5260,2380,튜토리얼완료,2025-06-30 17:00:00
5261,2381,가입,2025-04-07 00:00:00
5262,2381,튜토리얼완료,2025-04-07 07:00:00
5263,2382,가입,2025-03-10 00:00:00
5264,2382,튜토리얼완료,2025-03-13 11:00:00
5265,2383,가입,2025-02-18 00:00:00
5266,2383,튜토리얼완료,2025-02-18 10:00:00
5267,2384,가입,2025-01-14 00:00:00
5268,2384,튜토리얼완료,2025-01-15 04:00:00
5269,2385,가입,2025-03-18 00:00:00
5270,2385,튜토리얼완료,2025-03-18 19:00:00
5271,2386,가입,2025-02-17 00:00:00
5272,2387,가입,2025-04-23 00:00:00
5273,2387,튜토리얼완료,2025-04-25 16:00:00
5274,2387,첫결제,2025-04-26 12:10:00
5275,2388,가입,2025-01-26 00:00:00
5276,2388,튜토리얼완료,2025-01-28 19:00:00
5277,2388,첫결제,2025-01-28 19:16:00
5278,2389,가입,2025-03-10 00:00:00
5279,2389,튜토리얼완료,2025-03-11 02:00:00
5280,2390,가입,2025-01-07 00:00:00
5281,2391,가입,2025-01-15 00:00:00
5282,2391,튜토리얼완료,2025-01-17 10:00:00
5283,2392,가입,2025-01-14 00:00:00
5284,2392,튜토리얼완료,2025-01-17 03:00:00
5285,2393,가입,2025-01-28 00:00:00
5286,2393,튜토리얼완료,2025-01-31 20:00:00
5287,2393,첫결제,2025-02-22 13:18:00
5288,2394,가입,2025-05-06 00:00:00
5289,2394,첫결제,2025-05-10 23:59:00
5290,2395,가입,2025-02-09 00:00:00
5291,2395,튜토리얼완료,2025-02-10 21:00:00
5292,2396,가입,2025-02-16 00:00:00
5293,2396,튜토리얼완료,2025-02-17 03:00:00
5294,2396,첫결제,2025-02-17 14:28:00
5295,2397,가입,2025-01-06 00:00:00
5296,2397,첫결제,2025-02-06 20:56:00
5297,2398,가입,2025-02-07 00:00:00
5298,2398,튜토리얼완료,2025-02-08 00:00:00
5299,2399,가입,2025-02-11 00:00:00
5300,2399,튜토리얼완료,2025-02-11 01:00:00
5301,2399,첫결제,2025-03-01 22:43:00
5302,2400,가입,2025-01-26 00:00:00
5303,2400,튜토리얼완료,2025-01-28 10:00:00
5304,2401,가입,2025-03-08 00:00:00
5305,2401,튜토리얼완료,2025-03-10 00:00:00
5306,2401,첫결제,2025-03-17 21:18:00
5307,2402,가입,2025-02-12 00:00:00
5308,2402,튜토리얼완료,2025-02-12 01:00:00
5309,2402,첫결제,2025-02-19 21:37:00
5310,2403,가입,2025-01-12 00:00:00
5311,2403,튜토리얼완료,2025-01-13 10:00:00
5312,2404,가입,2025-02-26 00:00:00
5313,2405,가입,2025-02-13 00:00:00
5314,2405,튜토리얼완료,2025-02-16 20:00:00
5315,2406,가입,2025-01-26 00:00:00
5316,2406,튜토리얼완료,2025-01-29 23:00:00
5317,2406,첫결제,2025-02-07 23:55:00
5318,2407,가입,2025-01-02 00:00:00
5319,2407,튜토리얼완료,2025-01-02 15:00:00
5320,2407,첫결제,2025-01-02 02:36:00
5321,2408,가입,2025-02-02 00:00:00
5322,2408,튜토리얼완료,2025-02-04 21:00:00
5323,2409,가입,2025-05-30 00:00:00
5324,2409,튜토리얼완료,2025-05-31 09:00:00
5325,2409,첫결제,2025-06-19 05:14:00
5326,2410,가입,2025-04-22 00:00:00
5327,2411,가입,2025-02-23 00:00:00
5328,2411,튜토리얼완료,2025-02-23 09:00:00
5329,2412,가입,2025-01-14 00:00:00
5330,2412,튜토리얼완료,2025-01-17 10:00:00
5331,2413,가입,2025-04-02 00:00:00
5332,2413,튜토리얼완료,2025-04-05 21:00:00
5333,2413,첫결제,2025-04-20 21:27:00
5334,2414,가입,2025-04-15 00:00:00
5335,2414,튜토리얼완료,2025-04-17 09:00:00
5336,2414,첫결제,2025-04-19 21:00:00
5337,2415,가입,2025-01-03 00:00:00
5338,2415,튜토리얼완료,2025-01-04 04:00:00
5339,2416,가입,2025-06-08 00:00:00
5340,2416,튜토리얼완료,2025-06-09 14:00:00
5341,2416,첫결제,2025-06-18 14:15:00
5342,2417,가입,2025-06-17 00:00:00
5343,2417,튜토리얼완료,2025-06-19 00:00:00
5344,2417,첫결제,2025-06-18 21:13:00
5345,2418,가입,2025-01-16 00:00:00
5346,2418,튜토리얼완료,2025-01-16 10:00:00
5347,2419,가입,2025-01-27 00:00:00
5348,2419,튜토리얼완료,2025-01-27 12:00:00
5349,2420,가입,2025-01-05 00:00:00
5350,2420,튜토리얼완료,2025-01-05 13:00:00
5351,2421,가입,2025-04-10 00:00:00
5352,2421,튜토리얼완료,2025-04-11 00:00:00
5353,2422,가입,2025-02-14 00:00:00
5354,2423,가입,2025-03-17 00:00:00
5355,2423,튜토리얼완료,2025-03-19 19:00:00
5356,2423,첫결제,2025-03-18 12:50:00
5357,2424,가입,2025-03-07 00:00:00
5358,2424,튜토리얼완료,2025-03-10 17:00:00
5359,2425,가입,2025-03-25 00:00:00
5360,2425,튜토리얼완료,2025-03-26 11:00:00
5361,2425,첫결제,2025-04-03 23:37:00
5362,2426,가입,2025-02-07 00:00:00
5363,2426,튜토리얼완료,2025-02-08 14:00:00
5364,2426,첫결제,2025-02-07 22:19:00
5365,2427,가입,2025-01-18 00:00:00
5366,2427,튜토리얼완료,2025-01-21 07:00:00
5367,2428,가입,2025-02-05 00:00:00
5368,2429,가입,2025-01-11 00:00:00
5369,2429,튜토리얼완료,2025-01-11 04:00:00
5370,2430,가입,2025-06-29 00:00:00
5371,2430,튜토리얼완료,2025-07-01 21:00:00
5372,2431,가입,2025-02-03 00:00:00
5373,2431,튜토리얼완료,2025-02-03 14:00:00
5374,2432,가입,2025-01-20 00:00:00
5375,2432,튜토리얼완료,2025-01-21 22:00:00
5376,2433,가입,2025-01-28 00:00:00
5377,2433,튜토리얼완료,2025-01-29 15:00:00
5378,2433,첫결제,2025-01-31 02:13:00
5379,2434,가입,2025-01-29 00:00:00
5380,2434,튜토리얼완료,2025-01-31 04:00:00
5381,2434,첫결제,2025-02-17 06:35:00
5382,2435,가입,2025-02-12 00:00:00
5383,2435,튜토리얼완료,2025-02-13 23:00:00
5384,2436,가입,2025-02-12 00:00:00
5385,2436,튜토리얼완료,2025-02-15 21:00:00
5386,2436,첫결제,2025-02-17 20:28:00
5387,2437,가입,2025-01-22 00:00:00
5388,2437,튜토리얼완료,2025-01-23 21:00:00
5389,2437,첫결제,2025-02-10 11:46:00
5390,2438,가입,2025-02-13 00:00:00
5391,2438,튜토리얼완료,2025-02-14 21:00:00
5392,2438,첫결제,2025-03-01 22:42:00
5393,2439,가입,2025-06-29 00:00:00
5394,2440,가입,2025-01-08 00:00:00
5395,2440,튜토리얼완료,2025-01-08 11:00:00
5396,2440,첫결제,2025-03-07 20:37:00
5397,2441,가입,2025-01-13 00:00:00
5398,2441,첫결제,2025-01-14 19:25:00
5399,2442,가입,2025-06-29 00:00:00
5400,2442,튜토리얼완료,2025-07-01 14:00:00
5401,2443,가입,2025-04-14 00:00:00
5402,2443,튜토리얼완료,2025-04-16 07:00:00
5403,2443,첫결제,2025-04-17 23:39:00
5404,2444,가입,2025-06-29 00:00:00
5405,2444,튜토리얼완료,2025-07-02 20:00:00
5406,2445,가입,2025-03-16 00:00:00
5407,2446,가입,2025-05-06 00:00:00
5408,2446,튜토리얼완료,2025-05-09 07:00:00
5409,2446,첫결제,2025-05-18 23:35:00
5410,2447,가입,2025-01-06 00:00:00
5411,2447,튜토리얼완료,2025-01-07 19:00:00
5412,2447,첫결제,2025-01-13 15:27:00
5413,2448,가입,2025-04-30 00:00:00
5414,2448,튜토리얼완료,2025-05-03 19:00:00
5415,2449,가입,2025-02-19 00:00:00
5416,2449,튜토리얼완료,2025-02-20 05:00:00
5417,2450,가입,2025-05-11 00:00:00
5418,2450,튜토리얼완료,2025-05-13 23:00:00
5419,2451,가입,2025-02-26 00:00:00
5420,2451,튜토리얼완료,2025-02-27 01:00:00
5421,2452,가입,2025-01-01 00:00:00
5422,2452,튜토리얼완료,2025-01-02 01:00:00
5423,2452,첫결제,2025-01-01 15:49:00
5424,2453,가입,2025-01-24 00:00:00
5425,2453,튜토리얼완료,2025-01-26 14:00:00
5426,2454,가입,2025-01-14 00:00:00
5427,2454,튜토리얼완료,2025-01-16 16:00:00
5428,2454,첫결제,2025-03-16 22:06:00
5429,2455,가입,2025-03-24 00:00:00
5430,2455,튜토리얼완료,2025-03-25 23:00:00
5431,2456,가입,2025-03-08 00:00:00
5432,2456,튜토리얼완료,2025-03-08 01:00:00
5433,2456,첫결제,2025-03-18 21:03:00
5434,2457,가입,2025-01-22 00:00:00
5435,2457,튜토리얼완료,2025-01-24 21:00:00
5436,2458,가입,2025-02-02 00:00:00
5437,2458,튜토리얼완료,2025-02-03 12:00:00
5438,2458,첫결제,2025-04-24 19:03:00
5439,2459,가입,2025-01-15 00:00:00
5440,2459,튜토리얼완료,2025-01-18 14:00:00
5441,2460,가입,2025-01-14 00:00:00
5442,2460,튜토리얼완료,2025-01-16 04:00:00
5443,2461,가입,2025-01-07 00:00:00
5444,2461,튜토리얼완료,2025-01-07 14:00:00
5445,2461,첫결제,2025-01-20 23:14:00
5446,2462,가입,2025-02-14 00:00:00
5447,2462,튜토리얼완료,2025-02-15 15:00:00
5448,2463,가입,2025-01-20 00:00:00
5449,2463,튜토리얼완료,2025-01-22 20:00:00
5450,2464,가입,2025-02-06 00:00:00
5451,2464,튜토리얼완료,2025-02-08 05:00:00
5452,2464,첫결제,2025-02-14 19:01:00
5453,2465,가입,2025-02-21 00:00:00
5454,2465,튜토리얼완료,2025-02-21 14:00:00
5455,2465,첫결제,2025-05-04 20:47:00
5456,2466,가입,2025-02-23 00:00:00
5457,2466,튜토리얼완료,2025-02-25 09:00:00
5458,2467,가입,2025-01-15 00:00:00
5459,2467,튜토리얼완료,2025-01-16 04:00:00
5460,2467,첫결제,2025-01-20 19:12:00
5461,2468,가입,2025-01-22 00:00:00
5462,2469,가입,2025-01-01 00:00:00
5463,2470,가입,2025-02-02 00:00:00
5464,2470,튜토리얼완료,2025-02-05 19:00:00
5465,2471,가입,2025-03-25 00:00:00
5466,2471,튜토리얼완료,2025-03-25 07:00:00
5467,2472,가입,2025-01-03 00:00:00
5468,2472,튜토리얼완료,2025-01-06 19:00:00
5469,2473,가입,2025-04-20 00:00:00
5470,2473,튜토리얼완료,2025-04-21 13:00:00
5471,2474,가입,2025-05-17 00:00:00
5472,2474,튜토리얼완료,2025-05-19 12:00:00
5473,2475,가입,2025-02-20 00:00:00
5474,2475,튜토리얼완료,2025-02-22 09:00:00
5475,2476,가입,2025-04-20 00:00:00
5476,2476,튜토리얼완료,2025-04-23 01:00:00
5477,2477,가입,2025-02-07 00:00:00
5478,2477,튜토리얼완료,2025-02-10 07:00:00
5479,2478,가입,2025-01-20 00:00:00
5480,2478,튜토리얼완료,2025-01-20 11:00:00
5481,2479,가입,2025-01-04 00:00:00
5482,2479,튜토리얼완료,2025-01-04 08:00:00
5483,2480,가입,2025-01-04 00:00:00
5484,2480,튜토리얼완료,2025-01-05 21:00:00
5485,2481,가입,2025-04-21 00:00:00
5486,2482,가입,2025-06-15 00:00:00
5487,2482,튜토리얼완료,2025-06-16 22:00:00
5488,2483,가입,2025-02-17 00:00:00
5489,2483,튜토리얼완료,2025-02-19 17:00:00
5490,2483,첫결제,2025-03-08 22:25:00
5491,2484,가입,2025-05-14 00:00:00
5492,2484,첫결제,2025-05-23 14:30:00
5493,2485,가입,2025-03-03 00:00:00
5494,2485,튜토리얼완료,2025-03-06 22:00:00
5495,2485,첫결제,2025-03-19 13:12:00
5496,2486,가입,2025-04-11 00:00:00
5497,2486,튜토리얼완료,2025-04-14 01:00:00
5498,2487,가입,2025-02-26 00:00:00
5499,2487,튜토리얼완료,2025-03-01 00:00:00
5500,2488,가입,2025-02-24 00:00:00
5501,2489,가입,2025-01-26 00:00:00
5502,2489,튜토리얼완료,2025-01-29 04:00:00
5503,2489,첫결제,2025-02-01 15:53:00
5504,2490,가입,2025-02-26 00:00:00
5505,2490,튜토리얼완료,2025-02-28 15:00:00
5506,2491,가입,2025-01-19 00:00:00
5507,2491,튜토리얼완료,2025-01-20 20:00:00
5508,2491,첫결제,2025-01-20 02:23:00
5509,2492,가입,2025-01-04 00:00:00
5510,2492,튜토리얼완료,2025-01-07 10:00:00
5511,2493,가입,2025-02-16 00:00:00
5512,2493,튜토리얼완료,2025-02-18 14:00:00
5513,2493,첫결제,2025-02-25 19:30:00
5514,2494,가입,2025-01-06 00:00:00
5515,2495,가입,2025-02-04 00:00:00
5516,2495,튜토리얼완료,2025-02-07 17:00:00
5517,2496,가입,2025-01-02 00:00:00
5518,2497,가입,2025-02-27 00:00:00
5519,2497,튜토리얼완료,2025-03-02 20:00:00
5520,2497,첫결제,2025-03-03 22:22:00
5521,2498,가입,2025-01-23 00:00:00
5522,2498,튜토리얼완료,2025-01-24 13:00:00
5523,2498,첫결제,2025-02-04 09:29:00
5524,2499,가입,2025-01-08 00:00:00
5525,2499,튜토리얼완료,2025-01-11 03:00:00
5526,2499,첫결제,2025-02-03 23:59:00
5527,2500,가입,2025-02-02 00:00:00
5528,2500,튜토리얼완료,2025-02-04 16:00:00
5529,2500,첫결제,2025-04-15 22:34:00
5530,2501,가입,2025-01-31 00:00:00
5531,2501,튜토리얼완료,2025-01-31 05:00:00
5532,2502,가입,2025-03-30 00:00:00
5533,2502,튜토리얼완료,2025-04-01 20:00:00
5534,2503,가입,2025-06-01 00:00:00
5535,2503,튜토리얼완료,2025-06-04 12:00:00
5536,2503,첫결제,2025-06-07 19:36:00
5537,2504,가입,2025-03-26 00:00:00
5538,2504,튜토리얼완료,2025-03-27 19:00:00
5539,2505,가입,2025-01-08 00:00:00
5540,2505,튜토리얼완료,2025-01-11 03:00:00
5541,2506,가입,2025-01-17 00:00:00
5542,2507,가입,2025-06-29 00:00:00
5543,2507,튜토리얼완료,2025-06-30 13:00:00
5544,2508,가입,2025-02-01 00:00:00
5545,2508,튜토리얼완료,2025-02-01 00:00:00
5546,2509,가입,2025-01-31 00:00:00
5547,2509,튜토리얼완료,2025-02-03 18:00:00
5548,2509,첫결제,2025-02-04 06:52:00
5549,2510,가입,2025-04-11 00:00:00
5550,2510,튜토리얼완료,2025-04-14 03:00:00
5551,2510,첫결제,2025-04-17 11:16:00
5552,2511,가입,2025-04-08 00:00:00
5553,2512,가입,2025-01-09 00:00:00
5554,2513,가입,2025-02-24 00:00:00
5555,2513,튜토리얼완료,2025-02-27 14:00:00
5556,2513,첫결제,2025-02-28 21:58:00
5557,2514,가입,2025-01-08 00:00:00
5558,2514,첫결제,2025-01-15 00:23:00
5559,2515,가입,2025-04-20 00:00:00
5560,2515,튜토리얼완료,2025-04-20 00:00:00
5561,2515,첫결제,2025-04-24 11:21:00
5562,2516,가입,2025-01-05 00:00:00
5563,2517,가입,2025-02-16 00:00:00
5564,2517,튜토리얼완료,2025-02-17 02:00:00
5565,2517,첫결제,2025-03-07 21:06:00
5566,2518,가입,2025-05-05 00:00:00
5567,2518,튜토리얼완료,2025-05-08 18:00:00
5568,2518,첫결제,2025-05-06 21:03:00
5569,2519,가입,2025-02-04 00:00:00
5570,2519,튜토리얼완료,2025-02-07 18:00:00
5571,2520,가입,2025-03-16 00:00:00
5572,2520,튜토리얼완료,2025-03-19 04:00:00
5573,2520,첫결제,2025-03-17 04:37:00
5574,2521,가입,2025-02-23 00:00:00
5575,2521,튜토리얼완료,2025-02-25 15:00:00
5576,2522,가입,2025-05-01 00:00:00
5577,2522,튜토리얼완료,2025-05-02 08:00:00
5578,2522,첫결제,2025-05-26 20:38:00
5579,2523,가입,2025-06-29 00:00:00
5580,2524,가입,2025-03-17 00:00:00
5581,2524,튜토리얼완료,2025-03-19 11:00:00
5582,2525,가입,2025-06-05 00:00:00
5583,2525,튜토리얼완료,2025-06-05 11:00:00
5584,2526,가입,2025-01-26 00:00:00
5585,2526,튜토리얼완료,2025-01-28 12:00:00
5586,2527,가입,2025-02-17 00:00:00
5587,2527,튜토리얼완료,2025-02-20 02:00:00
5588,2527,첫결제,2025-03-15 20:26:00
5589,2528,가입,2025-02-05 00:00:00
5590,2528,튜토리얼완료,2025-02-07 16:00:00
5591,2528,첫결제,2025-02-18 23:26:00
5592,2529,가입,2025-06-10 00:00:00
5593,2529,튜토리얼완료,2025-06-10 10:00:00
5594,2530,가입,2025-04-13 00:00:00
5595,2530,튜토리얼완료,2025-04-15 22:00:00
5596,2530,첫결제,2025-04-13 05:10:00
5597,2531,가입,2025-01-23 00:00:00
5598,2531,튜토리얼완료,2025-01-25 21:00:00
5599,2532,가입,2025-01-29 00:00:00
5600,2532,튜토리얼완료,2025-01-30 06:00:00
5601,2533,가입,2025-06-29 00:00:00
5602,2533,튜토리얼완료,2025-06-30 11:00:00
5603,2534,가입,2025-01-17 00:00:00
5604,2534,튜토리얼완료,2025-01-20 00:00:00
5605,2534,첫결제,2025-01-19 03:02:00
5606,2535,가입,2025-01-31 00:00:00
5607,2535,튜토리얼완료,2025-02-01 21:00:00
5608,2535,첫결제,2025-01-31 19:23:00
5609,2536,가입,2025-01-28 00:00:00
5610,2536,튜토리얼완료,2025-01-28 02:00:00
5611,2536,첫결제,2025-02-06 18:26:00
5612,2537,가입,2025-01-02 00:00:00
5613,2537,튜토리얼완료,2025-01-03 00:00:00
5614,2537,첫결제,2025-01-05 05:18:00
5615,2538,가입,2025-02-23 00:00:00
5616,2538,튜토리얼완료,2025-02-26 21:00:00
5617,2539,가입,2025-02-02 00:00:00
5618,2539,튜토리얼완료,2025-02-05 15:00:00
5619,2540,가입,2025-01-08 00:00:00
5620,2540,튜토리얼완료,2025-01-08 15:00:00
5621,2540,첫결제,2025-01-08 11:02:00
5622,2541,가입,2025-01-02 00:00:00
5623,2541,튜토리얼완료,2025-01-03 20:00:00
5624,2542,가입,2025-02-03 00:00:00
5625,2542,튜토리얼완료,2025-02-05 19:00:00
5626,2543,가입,2025-04-14 00:00:00
5627,2543,튜토리얼완료,2025-04-17 21:00:00
5628,2544,가입,2025-04-03 00:00:00
5629,2544,튜토리얼완료,2025-04-05 15:00:00
5630,2545,가입,2025-01-17 00:00:00
5631,2545,튜토리얼완료,2025-01-17 02:00:00
5632,2546,가입,2025-01-22 00:00:00
5633,2546,튜토리얼완료,2025-01-22 23:00:00
5634,2547,가입,2025-02-09 00:00:00
5635,2547,튜토리얼완료,2025-02-11 12:00:00
5636,2547,첫결제,2025-02-11 10:55:00
5637,2548,가입,2025-01-06 00:00:00
5638,2548,튜토리얼완료,2025-01-06 08:00:00
5639,2549,가입,2025-03-03 00:00:00
5640,2549,튜토리얼완료,2025-03-03 02:00:00
5641,2549,첫결제,2025-03-14 19:04:00
5642,2550,가입,2025-01-18 00:00:00
5643,2550,튜토리얼완료,2025-01-21 15:00:00
5644,2551,가입,2025-05-08 00:00:00
5645,2551,튜토리얼완료,2025-05-08 10:00:00
5646,2551,첫결제,2025-05-23 17:10:00
5647,2552,가입,2025-03-04 00:00:00
5648,2552,튜토리얼완료,2025-03-06 04:00:00
5649,2553,가입,2025-01-23 00:00:00
5650,2553,튜토리얼완료,2025-01-26 05:00:00
5651,2554,가입,2025-04-10 00:00:00
5652,2554,튜토리얼완료,2025-04-10 10:00:00
5653,2555,가입,2025-05-18 00:00:00
5654,2555,튜토리얼완료,2025-05-19 14:00:00
5655,2556,가입,2025-02-17 00:00:00
5656,2556,튜토리얼완료,2025-02-17 20:00:00
5657,2556,첫결제,2025-03-02 19:06:00
5658,2557,가입,2025-01-20 00:00:00
5659,2557,튜토리얼완료,2025-01-22 07:00:00
5660,2558,가입,2025-06-29 00:00:00
5661,2558,튜토리얼완료,2025-06-29 20:00:00
5662,2559,가입,2025-05-02 00:00:00
5663,2560,가입,2025-05-27 00:00:00
5664,2560,튜토리얼완료,2025-05-27 18:00:00
5665,2560,첫결제,2025-06-02 15:11:00
5666,2561,가입,2025-03-09 00:00:00
5667,2562,가입,2025-03-04 00:00:00
5668,2562,튜토리얼완료,2025-03-07 22:00:00
5669,2563,가입,2025-03-13 00:00:00
5670,2563,튜토리얼완료,2025-03-16 16:00:00
5671,2564,가입,2025-01-11 00:00:00
5672,2564,튜토리얼완료,2025-01-14 05:00:00
5673,2565,가입,2025-02-26 00:00:00
5674,2565,튜토리얼완료,2025-02-28 19:00:00
5675,2565,첫결제,2025-03-03 22:08:00
5676,2566,가입,2025-01-12 00:00:00
5677,2566,튜토리얼완료,2025-01-12 02:00:00
5678,2567,가입,2025-01-18 00:00:00
5679,2567,튜토리얼완료,2025-01-19 18:00:00
5680,2567,첫결제,2025-01-22 20:43:00
5681,2568,가입,2025-01-24 00:00:00
5682,2568,튜토리얼완료,2025-01-25 23:00:00
5683,2569,가입,2025-03-28 00:00:00
5684,2569,튜토리얼완료,2025-03-31 23:00:00
5685,2570,가입,2025-02-13 00:00:00
5686,2570,첫결제,2025-02-13 02:43:00
5687,2571,가입,2025-02-13 00:00:00
5688,2571,튜토리얼완료,2025-02-16 00:00:00
5689,2571,첫결제,2025-02-13 20:34:00
5690,2572,가입,2025-03-06 00:00:00
5691,2572,튜토리얼완료,2025-03-09 00:00:00
5692,2572,첫결제,2025-03-17 19:37:00
5693,2573,가입,2025-02-12 00:00:00
5694,2573,튜토리얼완료,2025-02-13 13:00:00
5695,2574,가입,2025-03-17 00:00:00
5696,2574,튜토리얼완료,2025-03-18 07:00:00
5697,2574,첫결제,2025-03-17 00:08:00
5698,2575,가입,2025-01-05 00:00:00
5699,2576,가입,2025-01-31 00:00:00
5700,2576,튜토리얼완료,2025-02-02 13:00:00
5701,2576,첫결제,2025-02-19 04:52:00
5702,2577,가입,2025-02-14 00:00:00
5703,2577,튜토리얼완료,2025-02-15 13:00:00
5704,2577,첫결제,2025-02-23 20:27:00
5705,2578,가입,2025-01-08 00:00:00
5706,2578,튜토리얼완료,2025-01-11 04:00:00
5707,2579,가입,2025-02-06 00:00:00
5708,2579,첫결제,2025-02-13 20:56:00
5709,2580,가입,2025-02-07 00:00:00
5710,2580,튜토리얼완료,2025-02-07 19:00:00
5711,2580,첫결제,2025-03-03 23:06:00
5712,2581,가입,2025-03-15 00:00:00
5713,2581,튜토리얼완료,2025-03-17 19:00:00
5714,2581,첫결제,2025-03-23 23:59:00
5715,2582,가입,2025-01-24 00:00:00
5716,2582,첫결제,2025-02-10 12:45:00
5717,2583,가입,2025-03-07 00:00:00
5718,2583,첫결제,2025-03-09 19:30:00
5719,2584,가입,2025-03-24 00:00:00
5720,2584,튜토리얼완료,2025-03-26 01:00:00
5721,2585,가입,2025-03-12 00:00:00
5722,2585,튜토리얼완료,2025-03-15 17:00:00
5723,2586,가입,2025-01-20 00:00:00
5724,2586,튜토리얼완료,2025-01-20 21:00:00
5725,2587,가입,2025-03-20 00:00:00
5726,2587,튜토리얼완료,2025-03-22 10:00:00
5727,2588,가입,2025-03-14 00:00:00
5728,2588,첫결제,2025-04-10 18:19:00
5729,2589,가입,2025-01-24 00:00:00
5730,2589,튜토리얼완료,2025-01-24 20:00:00
5731,2589,첫결제,2025-01-31 13:45:00
5732,2590,가입,2025-01-16 00:00:00
5733,2590,튜토리얼완료,2025-01-17 09:00:00
5734,2591,가입,2025-01-23 00:00:00
5735,2591,튜토리얼완료,2025-01-25 21:00:00
5736,2591,첫결제,2025-02-10 20:13:00
5737,2592,가입,2025-01-11 00:00:00
5738,2592,튜토리얼완료,2025-01-11 19:00:00
5739,2592,첫결제,2025-02-03 19:42:00
5740,2593,가입,2025-02-19 00:00:00
5741,2593,튜토리얼완료,2025-02-22 04:00:00
5742,2593,첫결제,2025-02-19 07:35:00
5743,2594,가입,2025-02-14 00:00:00
5744,2595,가입,2025-02-05 00:00:00
5745,2596,가입,2025-01-22 00:00:00
5746,2596,튜토리얼완료,2025-01-23 07:00:00
5747,2596,첫결제,2025-01-24 19:05:00
5748,2597,가입,2025-01-07 00:00:00
5749,2597,튜토리얼완료,2025-01-07 01:00:00
5750,2597,첫결제,2025-01-13 23:48:00
5751,2598,가입,2025-05-18 00:00:00
5752,2598,튜토리얼완료,2025-05-21 01:00:00
5753,2598,첫결제,2025-05-18 05:30:00
5754,2599,가입,2025-02-21 00:00:00
5755,2599,튜토리얼완료,2025-02-21 06:00:00
5756,2599,첫결제,2025-02-21 05:26:00
5757,2600,가입,2025-04-02 00:00:00
5758,2600,튜토리얼완료,2025-04-05 17:00:00
5759,2601,가입,2025-04-18 00:00:00
5760,2601,튜토리얼완료,2025-04-20 08:00:00
5761,2602,가입,2025-04-02 00:00:00
5762,2602,튜토리얼완료,2025-04-02 17:00:00
5763,2602,첫결제,2025-04-22 04:26:00
5764,2603,가입,2025-02-03 00:00:00
5765,2603,튜토리얼완료,2025-02-05 01:00:00
5766,2604,가입,2025-03-01 00:00:00
5767,2604,튜토리얼완료,2025-03-04 04:00:00
5768,2604,첫결제,2025-03-02 07:30:00
5769,2605,가입,2025-01-03 00:00:00
5770,2605,튜토리얼완료,2025-01-03 21:00:00
5771,2605,첫결제,2025-01-21 13:00:00
5772,2606,가입,2025-04-13 00:00:00
5773,2606,튜토리얼완료,2025-04-16 06:00:00
5774,2606,첫결제,2025-04-24 23:10:00
5775,2607,가입,2025-05-23 00:00:00
5776,2607,튜토리얼완료,2025-05-25 17:00:00
5777,2607,첫결제,2025-05-24 22:56:00
5778,2608,가입,2025-06-14 00:00:00
5779,2608,튜토리얼완료,2025-06-15 14:00:00
5780,2609,가입,2025-01-17 00:00:00
5781,2609,튜토리얼완료,2025-01-19 03:00:00
5782,2610,가입,2025-01-15 00:00:00
5783,2610,튜토리얼완료,2025-01-15 20:00:00
5784,2610,첫결제,2025-01-30 19:05:00
5785,2611,가입,2025-02-11 00:00:00
5786,2611,튜토리얼완료,2025-02-14 02:00:00
5787,2611,첫결제,2025-03-23 23:55:00
5788,2612,가입,2025-03-03 00:00:00
5789,2612,튜토리얼완료,2025-03-03 07:00:00
5790,2612,첫결제,2025-03-10 23:20:00
5791,2613,가입,2025-02-25 00:00:00
5792,2613,튜토리얼완료,2025-02-25 00:00:00
5793,2614,가입,2025-04-30 00:00:00
5794,2614,튜토리얼완료,2025-04-30 04:00:00
5795,2614,첫결제,2025-04-30 23:37:00
5796,2615,가입,2025-02-15 00:00:00
5797,2615,튜토리얼완료,2025-02-16 01:00:00
5798,2616,가입,2025-02-13 00:00:00
5799,2616,튜토리얼완료,2025-02-15 18:00:00
5800,2617,가입,2025-02-16 00:00:00
5801,2617,첫결제,2025-02-20 17:14:00
5802,2618,가입,2025-02-04 00:00:00
5803,2618,튜토리얼완료,2025-02-04 20:00:00
5804,2619,가입,2025-02-02 00:00:00
5805,2619,튜토리얼완료,2025-02-04 16:00:00
5806,2620,가입,2025-01-24 00:00:00
5807,2620,튜토리얼완료,2025-01-24 00:00:00
5808,2621,가입,2025-01-10 00:00:00
5809,2621,튜토리얼완료,2025-01-11 22:00:00
5810,2621,첫결제,2025-01-18 12:07:00
5811,2622,가입,2025-01-19 00:00:00
5812,2622,튜토리얼완료,2025-01-19 10:00:00
5813,2623,가입,2025-01-10 00:00:00
5814,2623,튜토리얼완료,2025-01-10 19:00:00
5815,2624,가입,2025-02-10 00:00:00
5816,2624,튜토리얼완료,2025-02-13 16:00:00
5817,2625,가입,2025-06-29 00:00:00
5818,2625,튜토리얼완료,2025-06-30 12:00:00
5819,2626,가입,2025-02-22 00:00:00
5820,2626,튜토리얼완료,2025-02-23 18:00:00
5821,2627,가입,2025-02-17 00:00:00
5822,2627,튜토리얼완료,2025-02-18 21:00:00
5823,2627,첫결제,2025-02-25 20:27:00
5824,2628,가입,2025-02-19 00:00:00
5825,2628,튜토리얼완료,2025-02-22 14:00:00
5826,2628,첫결제,2025-02-21 02:58:00
5827,2629,가입,2025-01-15 00:00:00
5828,2629,튜토리얼완료,2025-01-16 16:00:00
5829,2630,가입,2025-02-09 00:00:00
5830,2630,튜토리얼완료,2025-02-11 09:00:00
5831,2631,가입,2025-01-14 00:00:00
5832,2631,튜토리얼완료,2025-01-16 12:00:00
5833,2632,가입,2025-03-07 00:00:00
5834,2632,튜토리얼완료,2025-03-07 21:00:00
5835,2633,가입,2025-04-22 00:00:00
5836,2633,튜토리얼완료,2025-04-24 02:00:00
5837,2634,가입,2025-01-15 00:00:00
5838,2634,튜토리얼완료,2025-01-15 21:00:00
5839,2634,첫결제,2025-01-22 23:47:00
5840,2635,가입,2025-06-13 00:00:00
5841,2635,튜토리얼완료,2025-06-13 21:00:00
5842,2636,가입,2025-05-14 00:00:00
5843,2636,튜토리얼완료,2025-05-15 19:00:00
5844,2637,가입,2025-01-01 00:00:00
5845,2637,튜토리얼완료,2025-01-04 01:00:00
5846,2638,가입,2025-01-27 00:00:00
5847,2638,튜토리얼완료,2025-01-28 01:00:00
5848,2639,가입,2025-01-13 00:00:00
5849,2639,튜토리얼완료,2025-01-15 19:00:00
5850,2640,가입,2025-01-11 00:00:00
5851,2640,튜토리얼완료,2025-01-13 20:00:00
5852,2641,가입,2025-04-16 00:00:00
5853,2641,튜토리얼완료,2025-04-18 03:00:00
5854,2641,첫결제,2025-04-21 19:14:00
5855,2642,가입,2025-03-17 00:00:00
5856,2642,튜토리얼완료,2025-03-19 16:00:00
5857,2643,가입,2025-02-09 00:00:00
5858,2643,튜토리얼완료,2025-02-11 02:00:00
5859,2644,가입,2025-04-08 00:00:00
5860,2644,튜토리얼완료,2025-04-11 13:00:00
5861,2644,첫결제,2025-04-11 12:56:00
5862,2645,가입,2025-03-28 00:00:00
5863,2645,튜토리얼완료,2025-03-29 19:00:00
5864,2646,가입,2025-01-06 00:00:00
5865,2646,튜토리얼완료,2025-01-06 14:00:00
5866,2646,첫결제,2025-01-10 03:32:00
5867,2647,가입,2025-01-06 00:00:00
5868,2647,튜토리얼완료,2025-01-06 03:00:00
5869,2648,가입,2025-03-27 00:00:00
5870,2648,튜토리얼완료,2025-03-29 10:00:00
5871,2649,가입,2025-01-07 00:00:00
5872,2650,가입,2025-04-24 00:00:00
5873,2650,튜토리얼완료,2025-04-26 11:00:00
5874,2650,첫결제,2025-05-04 20:05:00
5875,2651,가입,2025-03-04 00:00:00
5876,2651,튜토리얼완료,2025-03-07 07:00:00
5877,2651,첫결제,2025-03-04 22:14:00
5878,2652,가입,2025-03-18 00:00:00
5879,2652,튜토리얼완료,2025-03-18 23:00:00
5880,2653,가입,2025-02-01 00:00:00
5881,2653,튜토리얼완료,2025-02-01 16:00:00
5882,2654,가입,2025-01-19 00:00:00
5883,2654,튜토리얼완료,2025-01-20 10:00:00
5884,2655,가입,2025-01-25 00:00:00
5885,2655,튜토리얼완료,2025-01-26 10:00:00
5886,2656,가입,2025-01-08 00:00:00
5887,2656,튜토리얼완료,2025-01-10 06:00:00
5888,2657,가입,2025-01-26 00:00:00
5889,2657,튜토리얼완료,2025-01-28 20:00:00
5890,2657,첫결제,2025-01-27 14:02:00
5891,2658,가입,2025-03-12 00:00:00
5892,2658,튜토리얼완료,2025-03-12 01:00:00
5893,2659,가입,2025-05-04 00:00:00
5894,2659,튜토리얼완료,2025-05-05 10:00:00
5895,2660,가입,2025-01-04 00:00:00
5896,2660,튜토리얼완료,2025-01-05 19:00:00
5897,2660,첫결제,2025-01-06 14:17:00
5898,2661,가입,2025-04-29 00:00:00
5899,2661,튜토리얼완료,2025-04-30 20:00:00
5900,2662,가입,2025-06-29 00:00:00
5901,2662,튜토리얼완료,2025-06-29 05:00:00
5902,2662,첫결제,2025-06-29 04:16:00
5903,2663,가입,2025-06-07 00:00:00
5904,2663,튜토리얼완료,2025-06-07 12:00:00
5905,2664,가입,2025-02-17 00:00:00
5906,2664,튜토리얼완료,2025-02-19 04:00:00
5907,2664,첫결제,2025-02-23 21:16:00
5908,2665,가입,2025-04-29 00:00:00
5909,2665,튜토리얼완료,2025-04-29 10:00:00
5910,2666,가입,2025-03-28 00:00:00
5911,2666,튜토리얼완료,2025-03-30 07:00:00
5912,2667,가입,2025-02-15 00:00:00
5913,2667,튜토리얼완료,2025-02-16 13:00:00
5914,2668,가입,2025-02-20 00:00:00
5915,2668,튜토리얼완료,2025-02-22 07:00:00
5916,2668,첫결제,2025-03-05 20:37:00
5917,2669,가입,2025-01-11 00:00:00
5918,2669,튜토리얼완료,2025-01-13 07:00:00
5919,2670,가입,2025-04-14 00:00:00
5920,2670,튜토리얼완료,2025-04-15 00:00:00
5921,2671,가입,2025-01-05 00:00:00
5922,2671,튜토리얼완료,2025-01-06 23:00:00
5923,2672,가입,2025-03-11 00:00:00
5924,2672,튜토리얼완료,2025-03-12 22:00:00
5925,2673,가입,2025-06-29 00:00:00
5926,2673,튜토리얼완료,2025-06-30 04:00:00
5927,2674,가입,2025-03-27 00:00:00
5928,2674,첫결제,2025-04-08 19:21:00
5929,2675,가입,2025-02-18 00:00:00
5930,2675,첫결제,2025-03-09 21:17:00
5931,2676,가입,2025-01-29 00:00:00
5932,2676,튜토리얼완료,2025-01-31 05:00:00
5933,2677,가입,2025-04-24 00:00:00
5934,2677,튜토리얼완료,2025-04-26 07:00:00
5935,2677,첫결제,2025-04-25 14:26:00
5936,2678,가입,2025-01-06 00:00:00
5937,2678,튜토리얼완료,2025-01-07 02:00:00
5938,2679,가입,2025-02-10 00:00:00
5939,2679,튜토리얼완료,2025-02-13 20:00:00
5940,2680,가입,2025-03-31 00:00:00
5941,2680,튜토리얼완료,2025-04-02 05:00:00
5942,2681,가입,2025-01-25 00:00:00
5943,2681,튜토리얼완료,2025-01-27 08:00:00
5944,2681,첫결제,2025-01-29 04:43:00
5945,2682,가입,2025-01-30 00:00:00
5946,2682,첫결제,2025-03-30 18:22:00
5947,2683,가입,2025-01-06 00:00:00
5948,2683,튜토리얼완료,2025-01-07 12:00:00
5949,2684,가입,2025-01-10 00:00:00
5950,2684,첫결제,2025-01-17 21:01:00
5951,2685,가입,2025-01-02 00:00:00
5952,2685,첫결제,2025-01-03 16:00:00
5953,2686,가입,2025-01-26 00:00:00
5954,2686,튜토리얼완료,2025-01-27 07:00:00
5955,2686,첫결제,2025-02-02 19:19:00
5956,2687,가입,2025-02-14 00:00:00
5957,2687,튜토리얼완료,2025-02-16 08:00:00
5958,2687,첫결제,2025-02-14 02:13:00
5959,2688,가입,2025-01-24 00:00:00
5960,2688,튜토리얼완료,2025-01-24 12:00:00
5961,2689,가입,2025-01-21 00:00:00
5962,2689,튜토리얼완료,2025-01-24 15:00:00
5963,2690,가입,2025-03-11 00:00:00
5964,2690,튜토리얼완료,2025-03-13 10:00:00
5965,2690,첫결제,2025-03-12 20:55:00
5966,2691,가입,2025-06-16 00:00:00
5967,2691,튜토리얼완료,2025-06-18 09:00:00
5968,2692,가입,2025-02-15 00:00:00
5969,2692,튜토리얼완료,2025-02-18 13:00:00
5970,2693,가입,2025-02-17 00:00:00
5971,2693,튜토리얼완료,2025-02-18 11:00:00
5972,2693,첫결제,2025-04-08 23:38:00
5973,2694,가입,2025-01-20 00:00:00
5974,2694,튜토리얼완료,2025-01-23 13:00:00
5975,2694,첫결제,2025-02-03 14:30:00
5976,2695,가입,2025-01-29 00:00:00
5977,2695,튜토리얼완료,2025-01-29 07:00:00
5978,2696,가입,2025-01-25 00:00:00
5979,2697,가입,2025-06-29 00:00:00
5980,2697,튜토리얼완료,2025-06-30 23:00:00
5981,2698,가입,2025-03-16 00:00:00
5982,2698,튜토리얼완료,2025-03-16 02:00:00
5983,2699,가입,2025-04-03 00:00:00
5984,2699,튜토리얼완료,2025-04-04 01:00:00
5985,2700,가입,2025-01-13 00:00:00
5986,2700,튜토리얼완료,2025-01-13 06:00:00
5987,2701,가입,2025-04-14 00:00:00
5988,2701,튜토리얼완료,2025-04-15 02:00:00
5989,2701,첫결제,2025-04-19 23:12:00
5990,2702,가입,2025-02-04 00:00:00
5991,2702,튜토리얼완료,2025-02-07 21:00:00
5992,2703,가입,2025-01-09 00:00:00
5993,2703,튜토리얼완료,2025-01-10 18:00:00
5994,2703,첫결제,2025-01-17 09:07:00
5995,2704,가입,2025-03-03 00:00:00
5996,2704,튜토리얼완료,2025-03-06 12:00:00
5997,2705,가입,2025-01-10 00:00:00
5998,2705,튜토리얼완료,2025-01-10 03:00:00
5999,2705,첫결제,2025-01-31 13:36:00
6000,2706,가입,2025-02-06 00:00:00
6001,2706,튜토리얼완료,2025-02-06 20:00:00
6002,2707,가입,2025-01-08 00:00:00
6003,2707,튜토리얼완료,2025-01-09 05:00:00
6004,2707,첫결제,2025-01-11 09:34:00
6005,2708,가입,2025-02-17 00:00:00
6006,2708,튜토리얼완료,2025-02-19 19:00:00
6007,2709,가입,2025-01-14 00:00:00
6008,2709,튜토리얼완료,2025-01-16 17:00:00
6009,2710,가입,2025-01-15 00:00:00
6010,2710,튜토리얼완료,2025-01-18 11:00:00
6011,2711,가입,2025-01-10 00:00:00
6012,2711,튜토리얼완료,2025-01-12 18:00:00
6013,2712,가입,2025-01-03 00:00:00
6014,2712,첫결제,2025-02-26 01:56:00
6015,2713,가입,2025-01-09 00:00:00
6016,2714,가입,2025-03-31 00:00:00
6017,2714,튜토리얼완료,2025-03-31 13:00:00
6018,2714,첫결제,2025-04-09 11:32:00
6019,2715,가입,2025-01-29 00:00:00
6020,2715,튜토리얼완료,2025-01-30 00:00:00
6021,2716,가입,2025-04-18 00:00:00
6022,2716,튜토리얼완료,2025-04-20 10:00:00
6023,2717,가입,2025-06-10 00:00:00
6024,2717,첫결제,2025-06-13 08:11:00
6025,2718,가입,2025-06-23 00:00:00
6026,2718,튜토리얼완료,2025-06-26 18:00:00
6027,2719,가입,2025-01-05 00:00:00
6028,2719,튜토리얼완료,2025-01-07 08:00:00
6029,2719,첫결제,2025-01-31 14:22:00
6030,2720,가입,2025-02-17 00:00:00
6031,2721,가입,2025-01-07 00:00:00
6032,2721,튜토리얼완료,2025-01-07 02:00:00
6033,2722,가입,2025-05-08 00:00:00
6034,2722,튜토리얼완료,2025-05-10 16:00:00
6035,2722,첫결제,2025-05-10 19:46:00
6036,2723,가입,2025-04-02 00:00:00
6037,2723,튜토리얼완료,2025-04-04 01:00:00
6038,2724,가입,2025-01-27 00:00:00
6039,2724,튜토리얼완료,2025-01-30 23:00:00
6040,2724,첫결제,2025-02-08 20:12:00
6041,2725,가입,2025-01-30 00:00:00
6042,2725,튜토리얼완료,2025-02-02 06:00:00
6043,2726,가입,2025-02-18 00:00:00
6044,2726,튜토리얼완료,2025-02-18 02:00:00
6045,2726,첫결제,2025-03-14 22:31:00
6046,2727,가입,2025-03-12 00:00:00
6047,2727,튜토리얼완료,2025-03-13 13:00:00
6048,2728,가입,2025-04-22 00:00:00
6049,2728,튜토리얼완료,2025-04-22 20:00:00
6050,2729,가입,2025-01-07 00:00:00
6051,2729,튜토리얼완료,2025-01-10 22:00:00
6052,2730,가입,2025-02-19 00:00:00
6053,2730,튜토리얼완료,2025-02-20 05:00:00
6054,2730,첫결제,2025-04-11 03:30:00
6055,2731,가입,2025-01-29 00:00:00
6056,2731,첫결제,2025-02-01 22:03:00
6057,2732,가입,2025-01-20 00:00:00
6058,2732,첫결제,2025-01-25 03:38:00
6059,2733,가입,2025-03-15 00:00:00
6060,2733,튜토리얼완료,2025-03-16 12:00:00
6061,2733,첫결제,2025-03-30 06:12:00
6062,2734,가입,2025-01-31 00:00:00
6063,2734,튜토리얼완료,2025-02-03 04:00:00
6064,2734,첫결제,2025-02-05 02:34:00
6065,2735,가입,2025-03-26 00:00:00
6066,2735,튜토리얼완료,2025-03-28 15:00:00
6067,2735,첫결제,2025-04-04 19:27:00
6068,2736,가입,2025-04-16 00:00:00
6069,2736,튜토리얼완료,2025-04-19 12:00:00
6070,2737,가입,2025-01-29 00:00:00
6071,2737,튜토리얼완료,2025-01-30 08:00:00
6072,2738,가입,2025-01-02 00:00:00
6073,2738,튜토리얼완료,2025-01-03 08:00:00
6074,2738,첫결제,2025-01-28 20:58:00
6075,2739,가입,2025-06-29 00:00:00
6076,2739,튜토리얼완료,2025-07-01 15:00:00
6077,2740,가입,2025-03-15 00:00:00
6078,2740,튜토리얼완료,2025-03-15 08:00:00
6079,2740,첫결제,2025-03-28 19:07:00
6080,2741,가입,2025-05-17 00:00:00
6081,2741,튜토리얼완료,2025-05-19 21:00:00
6082,2742,가입,2025-01-06 00:00:00
6083,2742,튜토리얼완료,2025-01-09 12:00:00
6084,2743,가입,2025-01-09 00:00:00
6085,2743,튜토리얼완료,2025-01-11 05:00:00
6086,2743,첫결제,2025-04-13 04:14:00
6087,2744,가입,2025-01-04 00:00:00
6088,2744,튜토리얼완료,2025-01-06 22:00:00
6089,2745,가입,2025-01-15 00:00:00
6090,2745,튜토리얼완료,2025-01-15 00:00:00
6091,2745,첫결제,2025-01-15 12:52:00
6092,2746,가입,2025-01-01 00:00:00
6093,2746,튜토리얼완료,2025-01-01 02:00:00
6094,2746,첫결제,2025-01-02 19:22:00
6095,2747,가입,2025-05-06 00:00:00
6096,2747,튜토리얼완료,2025-05-07 23:00:00
6097,2747,첫결제,2025-05-08 03:46:00
6098,2748,가입,2025-01-23 00:00:00
6099,2748,튜토리얼완료,2025-01-26 09:00:00
6100,2748,첫결제,2025-02-12 21:25:00
6101,2749,가입,2025-04-06 00:00:00
6102,2750,가입,2025-04-18 00:00:00
6103,2750,튜토리얼완료,2025-04-21 02:00:00
6104,2751,가입,2025-04-17 00:00:00
6105,2751,튜토리얼완료,2025-04-17 03:00:00
6106,2751,첫결제,2025-04-23 21:33:00
6107,2752,가입,2025-02-09 00:00:00
6108,2753,가입,2025-06-29 00:00:00
6109,2753,튜토리얼완료,2025-06-29 09:00:00
6110,2754,가입,2025-05-13 00:00:00
6111,2754,튜토리얼완료,2025-05-16 14:00:00
6112,2755,가입,2025-06-29 00:00:00
6113,2755,튜토리얼완료,2025-07-01 16:00:00
6114,2756,가입,2025-02-23 00:00:00
6115,2756,튜토리얼완료,2025-02-26 22:00:00
6116,2756,첫결제,2025-02-23 13:10:00
6117,2757,가입,2025-05-03 00:00:00
6118,2757,튜토리얼완료,2025-05-05 08:00:00
6119,2758,가입,2025-02-06 00:00:00
6120,2758,튜토리얼완료,2025-02-06 11:00:00
6121,2759,가입,2025-03-21 00:00:00
6122,2759,튜토리얼완료,2025-03-23 17:00:00
6123,2759,첫결제,2025-03-30 23:42:00
6124,2760,가입,2025-03-14 00:00:00
6125,2760,튜토리얼완료,2025-03-16 20:00:00
6126,2761,가입,2025-01-05 00:00:00
6127,2762,가입,2025-01-14 00:00:00
6128,2763,가입,2025-04-03 00:00:00
6129,2763,튜토리얼완료,2025-04-05 19:00:00
6130,2763,첫결제,2025-04-13 15:30:00
6131,2764,가입,2025-01-02 00:00:00
6132,2764,튜토리얼완료,2025-01-05 03:00:00
6133,2765,가입,2025-03-29 00:00:00
6134,2765,튜토리얼완료,2025-03-31 04:00:00
6135,2766,가입,2025-02-22 00:00:00
6136,2766,튜토리얼완료,2025-02-22 20:00:00
6137,2767,가입,2025-06-29 00:00:00
6138,2767,튜토리얼완료,2025-07-02 09:00:00
6139,2768,가입,2025-01-03 00:00:00
6140,2768,튜토리얼완료,2025-01-03 06:00:00
6141,2768,첫결제,2025-01-07 17:32:00
6142,2769,가입,2025-02-13 00:00:00
6143,2769,첫결제,2025-03-08 12:40:00
6144,2770,가입,2025-06-29 00:00:00
6145,2770,튜토리얼완료,2025-07-02 05:00:00
6146,2771,가입,2025-01-01 00:00:00
6147,2771,튜토리얼완료,2025-01-01 15:00:00
6148,2772,가입,2025-03-05 00:00:00
6149,2772,튜토리얼완료,2025-03-05 11:00:00
6150,2773,가입,2025-01-26 00:00:00
6151,2773,튜토리얼완료,2025-01-28 07:00:00
6152,2774,가입,2025-01-18 00:00:00
6153,2774,튜토리얼완료,2025-01-18 09:00:00
6154,2775,가입,2025-03-23 00:00:00
6155,2775,튜토리얼완료,2025-03-26 17:00:00
6156,2775,첫결제,2025-04-03 02:23:00
6157,2776,가입,2025-02-07 00:00:00
6158,2776,튜토리얼완료,2025-02-07 19:00:00
6159,2777,가입,2025-02-21 00:00:00
6160,2777,튜토리얼완료,2025-02-22 22:00:00
6161,2777,첫결제,2025-03-11 22:07:00
6162,2778,가입,2025-01-01 00:00:00
6163,2778,튜토리얼완료,2025-01-03 23:00:00
6164,2779,가입,2025-02-16 00:00:00
6165,2779,튜토리얼완료,2025-02-19 08:00:00
6166,2780,가입,2025-01-05 00:00:00
6167,2780,튜토리얼완료,2025-01-06 01:00:00
6168,2781,가입,2025-02-09 00:00:00
6169,2781,튜토리얼완료,2025-02-10 20:00:00
6170,2782,가입,2025-01-06 00:00:00
6171,2782,튜토리얼완료,2025-01-08 12:00:00
6172,2783,가입,2025-03-08 00:00:00
6173,2783,튜토리얼완료,2025-03-10 19:00:00
6174,2784,가입,2025-01-12 00:00:00
6175,2784,첫결제,2025-01-13 21:08:00
6176,2785,가입,2025-01-02 00:00:00
6177,2785,튜토리얼완료,2025-01-02 17:00:00
6178,2786,가입,2025-04-13 00:00:00
6179,2786,튜토리얼완료,2025-04-16 02:00:00
6180,2787,가입,2025-01-15 00:00:00
6181,2787,튜토리얼완료,2025-01-15 14:00:00
6182,2788,가입,2025-01-01 00:00:00
6183,2788,튜토리얼완료,2025-01-02 02:00:00
6184,2789,가입,2025-03-13 00:00:00
6185,2789,튜토리얼완료,2025-03-16 03:00:00
6186,2789,첫결제,2025-03-21 13:55:00
6187,2790,가입,2025-02-14 00:00:00
6188,2790,튜토리얼완료,2025-02-15 01:00:00
6189,2791,가입,2025-02-26 00:00:00
6190,2791,튜토리얼완료,2025-02-27 06:00:00
6191,2791,첫결제,2025-03-06 00:42:00
6192,2792,가입,2025-05-04 00:00:00
6193,2792,튜토리얼완료,2025-05-05 02:00:00
6194,2792,첫결제,2025-05-04 21:48:00
6195,2793,가입,2025-01-13 00:00:00
6196,2793,튜토리얼완료,2025-01-14 19:00:00
6197,2794,가입,2025-01-17 00:00:00
6198,2794,튜토리얼완료,2025-01-20 01:00:00
6199,2795,가입,2025-03-24 00:00:00
6200,2795,튜토리얼완료,2025-03-26 17:00:00
6201,2796,가입,2025-01-28 00:00:00
6202,2796,튜토리얼완료,2025-01-30 20:00:00
6203,2797,가입,2025-01-18 00:00:00
6204,2797,튜토리얼완료,2025-01-19 05:00:00
6205,2798,가입,2025-04-11 00:00:00
6206,2798,튜토리얼완료,2025-04-13 13:00:00
6207,2799,가입,2025-01-26 00:00:00
6208,2799,튜토리얼완료,2025-01-29 19:00:00
6209,2799,첫결제,2025-03-07 02:46:00
6210,2800,가입,2025-01-26 00:00:00
6211,2801,가입,2025-06-25 00:00:00
6212,2801,튜토리얼완료,2025-06-25 01:00:00
6213,2801,첫결제,2025-06-28 15:11:00
6214,2802,가입,2025-01-02 00:00:00
6215,2802,첫결제,2025-01-03 19:30:00
6216,2803,가입,2025-06-29 00:00:00
6217,2803,튜토리얼완료,2025-07-02 09:00:00
6218,2804,가입,2025-01-25 00:00:00
6219,2804,튜토리얼완료,2025-01-28 11:00:00
6220,2805,가입,2025-06-29 00:00:00
6221,2805,튜토리얼완료,2025-06-30 21:00:00
6222,2806,가입,2025-01-09 00:00:00
6223,2806,튜토리얼완료,2025-01-11 03:00:00
6224,2807,가입,2025-02-21 00:00:00
6225,2807,튜토리얼완료,2025-02-23 20:00:00
6226,2808,가입,2025-03-22 00:00:00
6227,2808,튜토리얼완료,2025-03-23 23:00:00
6228,2809,가입,2025-03-25 00:00:00
6229,2809,튜토리얼완료,2025-03-28 10:00:00
6230,2809,첫결제,2025-03-28 22:29:00
6231,2810,가입,2025-01-06 00:00:00
6232,2810,튜토리얼완료,2025-01-06 05:00:00
6233,2811,가입,2025-01-06 00:00:00
6234,2811,튜토리얼완료,2025-01-09 02:00:00
6235,2811,첫결제,2025-01-11 11:36:00
6236,2812,가입,2025-02-28 00:00:00
6237,2812,튜토리얼완료,2025-03-02 03:00:00
6238,2813,가입,2025-01-06 00:00:00
6239,2814,가입,2025-04-07 00:00:00
6240,2814,튜토리얼완료,2025-04-10 16:00:00
6241,2815,가입,2025-04-23 00:00:00
6242,2815,튜토리얼완료,2025-04-24 06:00:00
6243,2816,가입,2025-01-10 00:00:00
6244,2816,튜토리얼완료,2025-01-13 02:00:00
6245,2817,가입,2025-03-29 00:00:00
6246,2817,튜토리얼완료,2025-03-29 18:00:00
6247,2818,가입,2025-01-03 00:00:00
6248,2818,튜토리얼완료,2025-01-03 15:00:00
6249,2819,가입,2025-06-29 00:00:00
6250,2819,튜토리얼완료,2025-06-29 11:00:00
6251,2820,가입,2025-02-14 00:00:00
6252,2820,튜토리얼완료,2025-02-16 10:00:00
6253,2821,가입,2025-03-21 00:00:00
6254,2822,가입,2025-03-20 00:00:00
6255,2822,튜토리얼완료,2025-03-23 08:00:00
6256,2823,가입,2025-03-06 00:00:00
6257,2823,튜토리얼완료,2025-03-08 18:00:00
6258,2824,가입,2025-02-23 00:00:00
6259,2824,튜토리얼완료,2025-02-25 06:00:00
6260,2825,가입,2025-01-02 00:00:00
6261,2826,가입,2025-05-01 00:00:00
6262,2826,튜토리얼완료,2025-05-02 08:00:00
6263,2827,가입,2025-02-25 00:00:00
6264,2827,튜토리얼완료,2025-02-25 14:00:00
6265,2827,첫결제,2025-03-10 20:02:00
6266,2828,가입,2025-01-18 00:00:00
6267,2828,첫결제,2025-01-22 23:02:00
6268,2829,가입,2025-01-26 00:00:00
6269,2829,튜토리얼완료,2025-01-28 01:00:00
6270,2830,가입,2025-01-27 00:00:00
6271,2830,튜토리얼완료,2025-01-30 12:00:00
6272,2831,가입,2025-01-05 00:00:00
6273,2831,튜토리얼완료,2025-01-07 04:00:00
6274,2831,첫결제,2025-01-07 21:58:00
6275,2832,가입,2025-01-13 00:00:00
6276,2832,튜토리얼완료,2025-01-16 00:00:00
6277,2833,가입,2025-01-02 00:00:00
6278,2833,튜토리얼완료,2025-01-05 06:00:00
6279,2834,가입,2025-02-23 00:00:00
6280,2834,튜토리얼완료,2025-02-23 09:00:00
6281,2834,첫결제,2025-04-05 05:34:00
6282,2835,가입,2025-02-02 00:00:00
6283,2835,튜토리얼완료,2025-02-05 19:00:00
6284,2836,가입,2025-06-29 00:00:00
6285,2836,튜토리얼완료,2025-06-30 07:00:00
6286,2837,가입,2025-01-17 00:00:00
6287,2837,튜토리얼완료,2025-01-18 01:00:00
6288,2838,가입,2025-02-21 00:00:00
6289,2838,튜토리얼완료,2025-02-21 09:00:00
6290,2839,가입,2025-01-05 00:00:00
6291,2839,튜토리얼완료,2025-01-06 20:00:00
6292,2840,가입,2025-01-22 00:00:00
6293,2840,튜토리얼완료,2025-01-25 05:00:00
6294,2841,가입,2025-02-26 00:00:00
6295,2841,튜토리얼완료,2025-02-26 11:00:00
6296,2841,첫결제,2025-02-27 20:34:00
6297,2842,가입,2025-06-29 00:00:00
6298,2842,튜토리얼완료,2025-07-02 15:00:00
6299,2843,가입,2025-06-29 00:00:00
6300,2843,튜토리얼완료,2025-07-01 03:00:00
6301,2844,가입,2025-01-03 00:00:00
6302,2844,튜토리얼완료,2025-01-05 06:00:00
6303,2845,가입,2025-02-28 00:00:00
6304,2845,튜토리얼완료,2025-02-28 23:00:00
6305,2845,첫결제,2025-03-05 23:28:00
6306,2846,가입,2025-01-16 00:00:00
6307,2847,가입,2025-05-06 00:00:00
6308,2847,튜토리얼완료,2025-05-08 23:00:00
6309,2848,가입,2025-03-22 00:00:00
6310,2848,튜토리얼완료,2025-03-23 23:00:00
6311,2849,가입,2025-01-15 00:00:00
6312,2850,가입,2025-01-30 00:00:00
6313,2850,튜토리얼완료,2025-01-31 11:00:00
6314,2851,가입,2025-01-01 00:00:00
6315,2851,튜토리얼완료,2025-01-01 15:00:00
6316,2852,가입,2025-02-01 00:00:00
6317,2852,튜토리얼완료,2025-02-04 12:00:00
6318,2852,첫결제,2025-02-01 05:40:00
6319,2853,가입,2025-02-17 00:00:00
6320,2853,튜토리얼완료,2025-02-17 12:00:00
6321,2853,첫결제,2025-02-20 02:54:00
6322,2854,가입,2025-02-08 00:00:00
6323,2854,튜토리얼완료,2025-02-11 19:00:00
6324,2855,가입,2025-03-19 00:00:00
6325,2855,튜토리얼완료,2025-03-20 10:00:00
6326,2855,첫결제,2025-04-05 01:10:00
6327,2856,가입,2025-01-09 00:00:00
6328,2856,튜토리얼완료,2025-01-11 08:00:00
6329,2857,가입,2025-04-16 00:00:00
6330,2858,가입,2025-01-29 00:00:00
6331,2858,튜토리얼완료,2025-02-01 21:00:00
6332,2859,가입,2025-01-30 00:00:00
6333,2859,튜토리얼완료,2025-01-31 04:00:00
6334,2860,가입,2025-01-22 00:00:00
6335,2860,튜토리얼완료,2025-01-23 07:00:00
6336,2861,가입,2025-04-01 00:00:00
6337,2861,튜토리얼완료,2025-04-01 02:00:00
6338,2861,첫결제,2025-04-13 03:44:00
6339,2862,가입,2025-01-31 00:00:00
6340,2862,튜토리얼완료,2025-02-03 10:00:00
6341,2863,가입,2025-01-23 00:00:00
6342,2863,튜토리얼완료,2025-01-25 09:00:00
6343,2864,가입,2025-03-02 00:00:00
6344,2864,튜토리얼완료,2025-03-05 07:00:00
6345,2865,가입,2025-03-02 00:00:00
6346,2865,튜토리얼완료,2025-03-05 16:00:00
6347,2866,가입,2025-01-24 00:00:00
6348,2866,첫결제,2025-01-24 19:45:00
6349,2867,가입,2025-04-26 00:00:00
6350,2867,튜토리얼완료,2025-04-26 08:00:00
6351,2868,가입,2025-01-29 00:00:00
6352,2868,튜토리얼완료,2025-02-01 18:00:00
6353,2869,가입,2025-03-19 00:00:00
6354,2869,튜토리얼완료,2025-03-22 21:00:00
6355,2869,첫결제,2025-03-20 11:09:00
6356,2870,가입,2025-01-21 00:00:00
6357,2870,첫결제,2025-01-30 03:30:00
6358,2871,가입,2025-04-02 00:00:00
6359,2871,튜토리얼완료,2025-04-03 06:00:00
6360,2872,가입,2025-03-30 00:00:00
6361,2873,가입,2025-03-17 00:00:00
6362,2873,튜토리얼완료,2025-03-18 00:00:00
6363,2873,첫결제,2025-05-06 12:15:00
6364,2874,가입,2025-04-06 00:00:00
6365,2874,튜토리얼완료,2025-04-09 10:00:00
6366,2875,가입,2025-02-21 00:00:00
6367,2876,가입,2025-01-13 00:00:00
6368,2876,튜토리얼완료,2025-01-14 02:00:00
6369,2876,첫결제,2025-01-15 22:29:00
6370,2877,가입,2025-02-12 00:00:00
6371,2877,튜토리얼완료,2025-02-15 20:00:00
6372,2877,첫결제,2025-02-19 21:41:00
6373,2878,가입,2025-01-15 00:00:00
6374,2878,첫결제,2025-02-10 14:22:00
6375,2879,가입,2025-02-27 00:00:00
6376,2879,튜토리얼완료,2025-03-02 08:00:00
6377,2879,첫결제,2025-03-02 03:34:00
6378,2880,가입,2025-01-08 00:00:00
6379,2880,튜토리얼완료,2025-01-10 16:00:00
6380,2881,가입,2025-02-20 00:00:00
6381,2881,튜토리얼완료,2025-02-22 14:00:00
6382,2881,첫결제,2025-02-24 05:33:00
6383,2882,가입,2025-01-10 00:00:00
6384,2882,튜토리얼완료,2025-01-11 19:00:00
6385,2882,첫결제,2025-02-02 01:30:00
6386,2883,가입,2025-02-23 00:00:00
6387,2883,튜토리얼완료,2025-02-26 23:00:00
6388,2884,가입,2025-06-29 00:00:00
6389,2884,첫결제,2025-06-29 22:53:00
6390,2885,가입,2025-03-10 00:00:00
6391,2885,튜토리얼완료,2025-03-10 23:00:00
6392,2885,첫결제,2025-03-19 07:50:00
6393,2886,가입,2025-01-23 00:00:00
6394,2886,튜토리얼완료,2025-01-25 04:00:00
6395,2886,첫결제,2025-01-23 05:50:00
6396,2887,가입,2025-01-17 00:00:00
6397,2887,튜토리얼완료,2025-01-20 03:00:00
6398,2888,가입,2025-02-02 00:00:00
6399,2888,튜토리얼완료,2025-02-02 21:00:00
6400,2889,가입,2025-02-12 00:00:00
6401,2889,튜토리얼완료,2025-02-15 13:00:00
6402,2889,첫결제,2025-02-17 23:16:00
6403,2890,가입,2025-02-25 00:00:00
6404,2890,튜토리얼완료,2025-02-26 04:00:00
6405,2890,첫결제,2025-02-28 23:30:00
6406,2891,가입,2025-01-18 00:00:00
6407,2891,튜토리얼완료,2025-01-19 10:00:00
6408,2892,가입,2025-03-02 00:00:00
6409,2892,튜토리얼완료,2025-03-03 17:00:00
6410,2893,가입,2025-01-11 00:00:00
6411,2893,튜토리얼완료,2025-01-13 00:00:00
6412,2893,첫결제,2025-02-16 11:30:00
6413,2894,가입,2025-06-05 00:00:00
6414,2894,튜토리얼완료,2025-06-07 05:00:00
6415,2895,가입,2025-03-20 00:00:00
6416,2895,튜토리얼완료,2025-03-23 01:00:00
6417,2896,가입,2025-02-08 00:00:00
6418,2896,튜토리얼완료,2025-02-09 14:00:00
6419,2896,첫결제,2025-02-09 11:18:00
6420,2897,가입,2025-03-10 00:00:00
6421,2897,튜토리얼완료,2025-03-12 16:00:00
6422,2898,가입,2025-01-11 00:00:00
6423,2898,튜토리얼완료,2025-01-12 09:00:00
6424,2898,첫결제,2025-01-15 00:41:00
6425,2899,가입,2025-04-28 00:00:00
6426,2899,튜토리얼완료,2025-05-01 02:00:00
6427,2900,가입,2025-05-19 00:00:00
6428,2900,튜토리얼완료,2025-05-20 19:00:00
6429,2901,가입,2025-01-13 00:00:00
6430,2901,튜토리얼완료,2025-01-14 07:00:00
6431,2902,가입,2025-01-03 00:00:00
6432,2903,가입,2025-01-27 00:00:00
6433,2903,첫결제,2025-02-23 21:17:00
6434,2904,가입,2025-03-08 00:00:00
6435,2905,가입,2025-06-29 00:00:00
6436,2905,튜토리얼완료,2025-06-29 02:00:00
6437,2906,가입,2025-01-25 00:00:00
6438,2906,튜토리얼완료,2025-01-25 13:00:00
6439,2907,가입,2025-01-24 00:00:00
6440,2907,튜토리얼완료,2025-01-25 16:00:00
6441,2907,첫결제,2025-01-28 23:29:00
6442,2908,가입,2025-01-08 00:00:00
6443,2909,가입,2025-05-02 00:00:00
6444,2910,가입,2025-06-29 00:00:00
6445,2911,가입,2025-01-05 00:00:00
6446,2911,튜토리얼완료,2025-01-06 19:00:00
6447,2912,가입,2025-01-06 00:00:00
6448,2912,튜토리얼완료,2025-01-07 01:00:00
6449,2913,가입,2025-01-19 00:00:00
6450,2913,튜토리얼완료,2025-01-20 23:00:00
6451,2913,첫결제,2025-02-09 01:50:00
6452,2914,가입,2025-05-14 00:00:00
6453,2914,튜토리얼완료,2025-05-14 00:00:00
6454,2914,첫결제,2025-06-15 05:43:00
6455,2915,가입,2025-06-29 00:00:00
6456,2915,튜토리얼완료,2025-06-29 17:00:00
6457,2916,가입,2025-01-27 00:00:00
6458,2916,튜토리얼완료,2025-01-30 00:00:00
6459,2917,가입,2025-03-25 00:00:00
6460,2917,튜토리얼완료,2025-03-28 07:00:00
6461,2918,가입,2025-02-23 00:00:00
6462,2918,첫결제,2025-03-28 19:06:00
6463,2919,가입,2025-01-15 00:00:00
6464,2919,튜토리얼완료,2025-01-15 18:00:00
6465,2919,첫결제,2025-02-20 10:19:00
6466,2920,가입,2025-02-17 00:00:00
6467,2921,가입,2025-06-24 00:00:00
6468,2921,튜토리얼완료,2025-06-24 01:00:00
6469,2922,가입,2025-03-27 00:00:00
6470,2922,튜토리얼완료,2025-03-29 06:00:00
6471,2923,가입,2025-04-01 00:00:00
6472,2923,튜토리얼완료,2025-04-01 04:00:00
6473,2924,가입,2025-03-24 00:00:00
6474,2924,튜토리얼완료,2025-03-26 10:00:00
6475,2925,가입,2025-01-10 00:00:00
6476,2925,튜토리얼완료,2025-01-11 03:00:00
6477,2926,가입,2025-02-12 00:00:00
6478,2926,첫결제,2025-02-12 06:24:00
6479,2927,가입,2025-03-11 00:00:00
6480,2927,튜토리얼완료,2025-03-12 07:00:00
6481,2928,가입,2025-02-15 00:00:00
6482,2928,첫결제,2025-02-15 04:41:00
6483,2929,가입,2025-01-01 00:00:00
6484,2929,튜토리얼완료,2025-01-01 19:00:00
6485,2929,첫결제,2025-01-17 02:06:00
6486,2930,가입,2025-01-06 00:00:00
6487,2930,튜토리얼완료,2025-01-09 20:00:00
6488,2931,가입,2025-05-21 00:00:00
6489,2932,가입,2025-03-27 00:00:00
6490,2933,가입,2025-03-23 00:00:00
6491,2933,첫결제,2025-03-28 22:41:00
6492,2934,가입,2025-05-10 00:00:00
6493,2934,튜토리얼완료,2025-05-10 06:00:00
6494,2935,가입,2025-03-14 00:00:00
6495,2935,튜토리얼완료,2025-03-17 15:00:00
6496,2935,첫결제,2025-04-14 12:27:00
6497,2936,가입,2025-06-29 00:00:00
6498,2937,가입,2025-05-22 00:00:00
6499,2937,튜토리얼완료,2025-05-22 05:00:00
6500,2938,가입,2025-01-20 00:00:00
6501,2938,튜토리얼완료,2025-01-21 15:00:00
6502,2939,가입,2025-01-25 00:00:00
6503,2939,튜토리얼완료,2025-01-25 02:00:00
6504,2940,가입,2025-02-14 00:00:00
6505,2940,튜토리얼완료,2025-02-14 06:00:00
6506,2941,가입,2025-01-19 00:00:00
6507,2941,튜토리얼완료,2025-01-22 09:00:00
6508,2942,가입,2025-04-28 00:00:00
6509,2942,튜토리얼완료,2025-04-29 12:00:00
6510,2943,가입,2025-01-12 00:00:00
6511,2943,튜토리얼완료,2025-01-14 04:00:00
6512,2944,가입,2025-02-23 00:00:00
6513,2944,튜토리얼완료,2025-02-24 07:00:00
6514,2945,가입,2025-03-24 00:00:00
6515,2945,튜토리얼완료,2025-03-24 03:00:00
6516,2945,첫결제,2025-03-26 13:00:00
6517,2946,가입,2025-02-23 00:00:00
6518,2946,튜토리얼완료,2025-02-23 06:00:00
6519,2946,첫결제,2025-02-27 19:09:00
6520,2947,가입,2025-01-18 00:00:00
6521,2947,튜토리얼완료,2025-01-21 16:00:00
6522,2948,가입,2025-02-11 00:00:00
6523,2948,튜토리얼완료,2025-02-12 01:00:00
6524,2949,가입,2025-01-10 00:00:00
6525,2949,튜토리얼완료,2025-01-12 07:00:00
6526,2949,첫결제,2025-01-17 09:26:00
6527,2950,가입,2025-02-13 00:00:00
6528,2951,가입,2025-02-18 00:00:00
6529,2951,튜토리얼완료,2025-02-19 21:00:00
6530,2952,가입,2025-02-11 00:00:00
6531,2952,튜토리얼완료,2025-02-12 08:00:00
6532,2952,첫결제,2025-02-14 19:17:00
6533,2953,가입,2025-02-17 00:00:00
6534,2953,튜토리얼완료,2025-02-20 23:00:00
6535,2953,첫결제,2025-03-26 13:57:00
6536,2954,가입,2025-01-17 00:00:00
6537,2954,튜토리얼완료,2025-01-17 17:00:00
6538,2955,가입,2025-06-29 00:00:00
6539,2955,튜토리얼완료,2025-06-29 23:00:00
6540,2956,가입,2025-03-19 00:00:00
6541,2956,튜토리얼완료,2025-03-21 11:00:00
6542,2956,첫결제,2025-04-23 22:58:00
6543,2957,가입,2025-02-28 00:00:00
6544,2957,튜토리얼완료,2025-03-03 03:00:00
6545,2958,가입,2025-03-07 00:00:00
6546,2958,튜토리얼완료,2025-03-07 05:00:00
6547,2958,첫결제,2025-03-07 19:07:00
6548,2959,가입,2025-01-29 00:00:00
6549,2960,가입,2025-06-04 00:00:00
6550,2960,튜토리얼완료,2025-06-06 14:00:00
6551,2960,첫결제,2025-06-05 04:24:00
6552,2961,가입,2025-01-10 00:00:00
6553,2961,튜토리얼완료,2025-01-11 10:00:00
6554,2961,첫결제,2025-01-10 22:11:00
6555,2962,가입,2025-01-03 00:00:00
6556,2962,튜토리얼완료,2025-01-04 02:00:00
6557,2963,가입,2025-03-08 00:00:00
6558,2963,첫결제,2025-03-13 13:40:00
6559,2964,가입,2025-02-22 00:00:00
6560,2964,튜토리얼완료,2025-02-24 10:00:00
6561,2965,가입,2025-01-24 00:00:00
6562,2965,튜토리얼완료,2025-01-25 13:00:00
6563,2965,첫결제,2025-01-27 22:41:00
6564,2966,가입,2025-06-29 00:00:00
6565,2966,튜토리얼완료,2025-07-02 14:00:00
6566,2966,첫결제,2025-06-29 01:25:00
6567,2967,가입,2025-03-16 00:00:00
6568,2967,튜토리얼완료,2025-03-17 04:00:00
6569,2967,첫결제,2025-03-17 21:31:00
6570,2968,가입,2025-02-13 00:00:00
6571,2968,튜토리얼완료,2025-02-13 08:00:00
6572,2969,가입,2025-04-05 00:00:00
6573,2969,튜토리얼완료,2025-04-08 05:00:00
6574,2969,첫결제,2025-04-26 12:25:00
6575,2970,가입,2025-01-11 00:00:00
6576,2970,튜토리얼완료,2025-01-12 02:00:00
6577,2970,첫결제,2025-01-18 12:40:00
6578,2971,가입,2025-01-26 00:00:00
6579,2971,튜토리얼완료,2025-01-29 00:00:00
6580,2972,가입,2025-01-14 00:00:00
6581,2972,튜토리얼완료,2025-01-15 20:00:00
6582,2972,첫결제,2025-02-22 19:20:00
6583,2973,가입,2025-01-15 00:00:00
6584,2973,튜토리얼완료,2025-01-15 11:00:00
6585,2974,가입,2025-04-01 00:00:00
6586,2974,튜토리얼완료,2025-04-01 08:00:00
6587,2974,첫결제,2025-04-06 17:01:00
6588,2975,가입,2025-02-07 00:00:00
6589,2975,튜토리얼완료,2025-02-09 22:00:00
6590,2975,첫결제,2025-02-20 22:31:00
6591,2976,가입,2025-02-19 00:00:00
6592,2976,튜토리얼완료,2025-02-21 07:00:00
6593,2977,가입,2025-01-23 00:00:00
6594,2977,튜토리얼완료,2025-01-23 14:00:00
6595,2978,가입,2025-01-08 00:00:00
6596,2978,첫결제,2025-01-11 21:00:00
6597,2979,가입,2025-01-19 00:00:00
6598,2979,튜토리얼완료,2025-01-22 22:00:00
6599,2980,가입,2025-01-19 00:00:00
6600,2980,튜토리얼완료,2025-01-20 15:00:00
6601,2981,가입,2025-02-26 00:00:00
6602,2981,튜토리얼완료,2025-02-26 07:00:00
6603,2982,가입,2025-03-20 00:00:00
6604,2982,튜토리얼완료,2025-03-21 12:00:00
6605,2983,가입,2025-06-29 00:00:00
6606,2983,튜토리얼완료,2025-07-01 10:00:00
6607,2984,가입,2025-05-14 00:00:00
6608,2984,튜토리얼완료,2025-05-15 13:00:00
6609,2985,가입,2025-06-29 00:00:00
6610,2985,첫결제,2025-06-29 16:24:00
6611,2986,가입,2025-04-03 00:00:00
6612,2986,첫결제,2025-04-04 19:09:00
6613,2987,가입,2025-01-01 00:00:00
6614,2987,첫결제,2025-01-06 19:02:00
6615,2988,가입,2025-01-07 00:00:00
6616,2988,튜토리얼완료,2025-01-09 20:00:00
6617,2989,가입,2025-02-24 00:00:00
6618,2989,튜토리얼완료,2025-02-25 17:00:00
6619,2989,첫결제,2025-03-15 19:58:00
6620,2990,가입,2025-02-11 00:00:00
6621,2990,튜토리얼완료,2025-02-11 12:00:00
6622,2991,가입,2025-01-15 00:00:00
6623,2991,튜토리얼완료,2025-01-18 10:00:00
6624,2991,첫결제,2025-01-29 19:26:00
6625,2992,가입,2025-01-16 00:00:00
6626,2992,튜토리얼완료,2025-01-19 21:00:00
6627,2992,첫결제,2025-01-16 04:19:00
6628,2993,가입,2025-03-23 00:00:00
6629,2993,튜토리얼완료,2025-03-26 15:00:00
6630,2994,가입,2025-01-27 00:00:00
6631,2994,튜토리얼완료,2025-01-30 05:00:00
6632,2994,첫결제,2025-01-30 23:49:00
6633,2995,가입,2025-03-25 00:00:00
6634,2995,튜토리얼완료,2025-03-27 11:00:00
6635,2995,첫결제,2025-03-25 05:57:00
6636,2996,가입,2025-03-16 00:00:00
6637,2996,튜토리얼완료,2025-03-19 02:00:00
6638,2997,가입,2025-01-31 00:00:00
6639,2997,튜토리얼완료,2025-02-02 18:00:00
6640,2997,첫결제,2025-02-13 20:09:00
6641,2998,가입,2025-02-16 00:00:00
6642,2998,튜토리얼완료,2025-02-16 08:00:00
6643,2998,첫결제,2025-03-03 21:58:00
6644,2999,가입,2025-01-23 00:00:00
6645,2999,튜토리얼완료,2025-01-24 01:00:00
6646,3000,가입,2025-02-27 00:00:00
6647,3000,튜토리얼완료,2025-03-02 04:00:00
6648,3001,가입,2025-06-07 00:00:00
6649,3001,튜토리얼완료,2025-06-07 06:00:00
6650,3001,첫결제,2025-06-08 05:20:00
6651,3002,가입,2025-04-01 00:00:00
6652,3002,튜토리얼완료,2025-04-03 11:00:00
6653,3002,첫결제,2025-05-21 21:40:00
6654,3003,가입,2025-03-02 00:00:00
6655,3003,튜토리얼완료,2025-03-04 20:00:00
6656,3004,가입,2025-03-25 00:00:00
6657,3005,가입,2025-02-02 00:00:00
6658,3005,튜토리얼완료,2025-02-04 01:00:00
6659,3006,가입,2025-02-02 00:00:00
6660,3006,튜토리얼완료,2025-02-03 08:00:00
6661,3007,가입,2025-01-09 00:00:00
6662,3007,튜토리얼완료,2025-01-10 09:00:00
6663,3008,가입,2025-01-30 00:00:00
6664,3008,튜토리얼완료,2025-01-31 23:00:00
6665,3009,가입,2025-02-17 00:00:00
6666,3009,튜토리얼완료,2025-02-20 09:00:00
6667,3009,첫결제,2025-03-01 19:46:00
6668,3010,가입,2025-01-26 00:00:00
6669,3010,튜토리얼완료,2025-01-27 10:00:00
6670,3011,가입,2025-01-04 00:00:00
6671,3011,튜토리얼완료,2025-01-04 03:00:00
6672,3011,첫결제,2025-04-17 08:12:00
6673,3012,가입,2025-01-03 00:00:00
6674,3012,첫결제,2025-01-08 16:03:00
6675,3013,가입,2025-01-22 00:00:00
6676,3013,튜토리얼완료,2025-01-25 21:00:00
6677,3013,첫결제,2025-01-23 14:06:00
6678,3014,가입,2025-01-15 00:00:00
6679,3014,튜토리얼완료,2025-01-16 12:00:00
6680,3014,첫결제,2025-01-15 04:58:00
6681,3015,가입,2025-02-07 00:00:00
6682,3015,첫결제,2025-02-17 21:45:00
6683,3016,가입,2025-02-24 00:00:00
6684,3016,튜토리얼완료,2025-02-24 17:00:00
6685,3017,가입,2025-02-23 00:00:00
6686,3017,튜토리얼완료,2025-02-23 11:00:00
6687,3018,가입,2025-01-13 00:00:00
6688,3018,튜토리얼완료,2025-01-16 13:00:00
6689,3019,가입,2025-03-31 00:00:00
6690,3019,튜토리얼완료,2025-03-31 14:00:00
6691,3020,가입,2025-05-24 00:00:00
6692,3020,튜토리얼완료,2025-05-27 21:00:00
6693,3021,가입,2025-02-26 00:00:00
6694,3022,가입,2025-02-17 00:00:00
6695,3022,튜토리얼완료,2025-02-18 15:00:00
6696,3023,가입,2025-01-13 00:00:00
6697,3023,튜토리얼완료,2025-01-15 15:00:00
6698,3024,가입,2025-01-02 00:00:00
6699,3024,튜토리얼완료,2025-01-05 21:00:00
6700,3025,가입,2025-03-22 00:00:00
6701,3025,튜토리얼완료,2025-03-25 11:00:00
6702,3025,첫결제,2025-03-29 23:45:00
6703,3026,가입,2025-06-04 00:00:00
6704,3026,튜토리얼완료,2025-06-05 04:00:00
6705,3027,가입,2025-06-29 00:00:00
6706,3027,튜토리얼완료,2025-07-02 02:00:00
6707,3028,가입,2025-01-04 00:00:00
6708,3029,가입,2025-03-08 00:00:00
6709,3029,튜토리얼완료,2025-03-08 11:00:00
6710,3030,가입,2025-02-07 00:00:00
6711,3030,튜토리얼완료,2025-02-08 22:00:00
6712,3030,첫결제,2025-02-10 22:37:00
6713,3031,가입,2025-01-02 00:00:00
6714,3031,튜토리얼완료,2025-01-03 10:00:00
6715,3032,가입,2025-01-31 00:00:00
6716,3033,가입,2025-01-17 00:00:00
6717,3033,튜토리얼완료,2025-01-18 04:00:00
6718,3033,첫결제,2025-01-31 19:21:00
6719,3034,가입,2025-02-14 00:00:00
6720,3035,가입,2025-03-09 00:00:00
6721,3035,튜토리얼완료,2025-03-10 08:00:00
6722,3036,가입,2025-02-14 00:00:00
6723,3036,튜토리얼완료,2025-02-16 09:00:00
6724,3037,가입,2025-02-26 00:00:00
6725,3037,튜토리얼완료,2025-02-27 13:00:00
6726,3038,가입,2025-02-24 00:00:00
6727,3038,튜토리얼완료,2025-02-24 05:00:00
6728,3039,가입,2025-01-01 00:00:00
6729,3039,튜토리얼완료,2025-01-02 04:00:00
6730,3039,첫결제,2025-01-23 17:12:00
6731,3040,가입,2025-06-29 00:00:00
6732,3040,튜토리얼완료,2025-06-29 20:00:00
6733,3041,가입,2025-04-04 00:00:00
6734,3042,가입,2025-01-02 00:00:00
6735,3042,튜토리얼완료,2025-01-04 10:00:00
6736,3043,가입,2025-01-16 00:00:00
6737,3044,가입,2025-01-16 00:00:00
6738,3044,튜토리얼완료,2025-01-18 17:00:00
6739,3045,가입,2025-01-08 00:00:00
6740,3045,튜토리얼완료,2025-01-09 15:00:00
6741,3045,첫결제,2025-01-10 04:33:00
6742,3046,가입,2025-01-05 00:00:00
6743,3046,튜토리얼완료,2025-01-06 04:00:00
6744,3046,첫결제,2025-01-16 21:36:00
6745,3047,가입,2025-02-11 00:00:00
6746,3047,튜토리얼완료,2025-02-12 15:00:00
6747,3047,첫결제,2025-02-15 14:13:00
6748,3048,가입,2025-01-07 00:00:00
6749,3049,가입,2025-03-26 00:00:00
6750,3049,튜토리얼완료,2025-03-27 03:00:00
6751,3050,가입,2025-02-11 00:00:00
6752,3050,튜토리얼완료,2025-02-11 01:00:00
6753,3051,가입,2025-01-16 00:00:00
6754,3051,튜토리얼완료,2025-01-19 00:00:00
6755,3052,가입,2025-03-20 00:00:00
6756,3053,가입,2025-03-09 00:00:00
6757,3053,튜토리얼완료,2025-03-11 11:00:00
6758,3054,가입,2025-06-21 00:00:00
6759,3054,튜토리얼완료,2025-06-21 06:00:00
6760,3054,첫결제,2025-06-22 17:00:00
6761,3055,가입,2025-01-11 00:00:00
6762,3055,튜토리얼완료,2025-01-11 12:00:00
6763,3055,첫결제,2025-01-14 23:24:00
6764,3056,가입,2025-01-09 00:00:00
6765,3056,튜토리얼완료,2025-01-12 14:00:00
6766,3057,가입,2025-01-10 00:00:00
6767,3057,튜토리얼완료,2025-01-10 18:00:00
6768,3058,가입,2025-01-27 00:00:00
6769,3058,튜토리얼완료,2025-01-29 05:00:00
6770,3059,가입,2025-04-21 00:00:00
6771,3059,튜토리얼완료,2025-04-23 19:00:00
6772,3059,첫결제,2025-04-30 20:25:00
6773,3060,가입,2025-06-29 00:00:00
6774,3060,튜토리얼완료,2025-06-30 11:00:00
6775,3061,가입,2025-02-24 00:00:00
6776,3061,튜토리얼완료,2025-02-24 10:00:00
6777,3061,첫결제,2025-03-02 14:57:00
6778,3062,가입,2025-04-11 00:00:00
6779,3062,튜토리얼완료,2025-04-12 22:00:00
6780,3063,가입,2025-06-29 00:00:00
6781,3063,튜토리얼완료,2025-07-01 23:00:00
6782,3064,가입,2025-01-02 00:00:00
6783,3064,튜토리얼완료,2025-01-02 17:00:00
6784,3064,첫결제,2025-01-02 02:22:00
6785,3065,가입,2025-05-25 00:00:00
6786,3065,튜토리얼완료,2025-05-27 04:00:00
6787,3066,가입,2025-01-23 00:00:00
6788,3066,튜토리얼완료,2025-01-26 11:00:00
6789,3066,첫결제,2025-02-02 20:01:00
6790,3067,가입,2025-01-01 00:00:00
6791,3067,첫결제,2025-01-02 21:59:00
6792,3068,가입,2025-01-30 00:00:00
6793,3069,가입,2025-06-21 00:00:00
6794,3069,튜토리얼완료,2025-06-23 06:00:00
6795,3070,가입,2025-02-01 00:00:00
6796,3071,가입,2025-02-12 00:00:00
6797,3072,가입,2025-01-17 00:00:00
6798,3072,튜토리얼완료,2025-01-19 11:00:00
6799,3072,첫결제,2025-01-22 21:26:00
6800,3073,가입,2025-01-01 00:00:00
6801,3073,튜토리얼완료,2025-01-02 03:00:00
6802,3074,가입,2025-05-24 00:00:00
6803,3074,튜토리얼완료,2025-05-24 04:00:00
6804,3074,첫결제,2025-05-27 12:28:00
6805,3075,가입,2025-02-21 00:00:00
6806,3075,튜토리얼완료,2025-02-22 09:00:00
6807,3075,첫결제,2025-04-15 03:06:00
6808,3076,가입,2025-01-05 00:00:00
6809,3076,튜토리얼완료,2025-01-05 14:00:00
6810,3077,가입,2025-03-01 00:00:00
6811,3077,튜토리얼완료,2025-03-02 22:00:00
6812,3078,가입,2025-01-17 00:00:00
6813,3078,튜토리얼완료,2025-01-19 05:00:00
6814,3078,첫결제,2025-01-22 19:25:00
6815,3079,가입,2025-01-04 00:00:00
6816,3080,가입,2025-01-28 00:00:00
6817,3080,튜토리얼완료,2025-01-30 05:00:00
6818,3081,가입,2025-04-17 00:00:00
6819,3081,첫결제,2025-04-22 23:36:00
6820,3082,가입,2025-05-06 00:00:00
6821,3082,튜토리얼완료,2025-05-08 15:00:00
6822,3083,가입,2025-03-16 00:00:00
6823,3083,튜토리얼완료,2025-03-16 07:00:00
6824,3083,첫결제,2025-03-16 03:26:00
6825,3084,가입,2025-03-04 00:00:00
6826,3084,튜토리얼완료,2025-03-05 18:00:00
6827,3085,가입,2025-01-16 00:00:00
6828,3085,튜토리얼완료,2025-01-19 01:00:00
6829,3085,첫결제,2025-02-07 22:26:00
6830,3086,가입,2025-01-10 00:00:00
6831,3086,튜토리얼완료,2025-01-13 18:00:00
6832,3086,첫결제,2025-01-19 21:47:00
6833,3087,가입,2025-04-11 00:00:00
6834,3088,가입,2025-01-28 00:00:00
6835,3089,가입,2025-06-07 00:00:00
6836,3089,튜토리얼완료,2025-06-08 20:00:00
6837,3090,가입,2025-02-18 00:00:00
6838,3090,튜토리얼완료,2025-02-21 01:00:00
6839,3090,첫결제,2025-04-03 10:56:00
6840,3091,가입,2025-03-18 00:00:00
6841,3091,튜토리얼완료,2025-03-20 00:00:00
6842,3092,가입,2025-03-04 00:00:00
6843,3093,가입,2025-02-09 00:00:00
6844,3093,튜토리얼완료,2025-02-09 07:00:00
6845,3094,가입,2025-01-01 00:00:00
6846,3094,튜토리얼완료,2025-01-01 19:00:00
6847,3094,첫결제,2025-01-02 20:10:00
6848,3095,가입,2025-01-09 00:00:00
6849,3095,튜토리얼완료,2025-01-09 20:00:00
6850,3096,가입,2025-01-14 00:00:00
6851,3096,튜토리얼완료,2025-01-16 03:00:00
6852,3096,첫결제,2025-01-14 02:14:00
6853,3097,가입,2025-01-05 00:00:00
6854,3097,튜토리얼완료,2025-01-08 01:00:00
6855,3097,첫결제,2025-01-10 22:27:00
6856,3098,가입,2025-01-09 00:00:00
6857,3098,튜토리얼완료,2025-01-10 07:00:00
6858,3099,가입,2025-02-18 00:00:00
6859,3099,튜토리얼완료,2025-02-20 08:00:00
6860,3099,첫결제,2025-02-19 21:28:00
6861,3100,가입,2025-02-24 00:00:00
6862,3100,튜토리얼완료,2025-02-25 07:00:00
6863,3101,가입,2025-03-15 00:00:00
6864,3101,튜토리얼완료,2025-03-17 00:00:00
6865,3101,첫결제,2025-03-21 23:26:00
6866,3102,가입,2025-01-13 00:00:00
6867,3102,튜토리얼완료,2025-01-13 08:00:00
6868,3102,첫결제,2025-02-11 08:58:00
6869,3103,가입,2025-04-05 00:00:00
6870,3103,튜토리얼완료,2025-04-06 16:00:00
6871,3104,가입,2025-01-14 00:00:00
6872,3105,가입,2025-01-02 00:00:00
6873,3105,튜토리얼완료,2025-01-04 14:00:00
6874,3105,첫결제,2025-01-15 13:09:00
6875,3106,가입,2025-01-30 00:00:00
6876,3106,튜토리얼완료,2025-01-30 05:00:00
6877,3107,가입,2025-01-13 00:00:00
6878,3108,가입,2025-02-23 00:00:00
6879,3108,첫결제,2025-03-01 19:44:00
6880,3109,가입,2025-06-02 00:00:00
6881,3109,튜토리얼완료,2025-06-03 18:00:00
6882,3110,가입,2025-02-04 00:00:00
6883,3110,튜토리얼완료,2025-02-04 09:00:00
6884,3111,가입,2025-05-29 00:00:00
6885,3111,튜토리얼완료,2025-05-30 18:00:00
6886,3112,가입,2025-01-28 00:00:00
6887,3112,튜토리얼완료,2025-01-29 07:00:00
6888,3113,가입,2025-01-02 00:00:00
6889,3113,튜토리얼완료,2025-01-03 10:00:00
6890,3114,가입,2025-05-24 00:00:00
6891,3114,튜토리얼완료,2025-05-24 00:00:00
6892,3115,가입,2025-02-08 00:00:00
6893,3115,튜토리얼완료,2025-02-08 00:00:00
6894,3116,가입,2025-04-27 00:00:00
6895,3116,튜토리얼완료,2025-04-29 07:00:00
6896,3117,가입,2025-01-15 00:00:00
6897,3117,튜토리얼완료,2025-01-15 13:00:00
6898,3117,첫결제,2025-02-02 19:27:00
6899,3118,가입,2025-02-17 00:00:00
6900,3118,튜토리얼완료,2025-02-20 07:00:00
6901,3118,첫결제,2025-02-18 21:26:00
6902,3119,가입,2025-01-05 00:00:00
6903,3119,튜토리얼완료,2025-01-08 06:00:00
6904,3120,가입,2025-02-25 00:00:00
6905,3120,튜토리얼완료,2025-02-25 13:00:00
6906,3121,가입,2025-01-31 00:00:00
6907,3121,튜토리얼완료,2025-02-03 23:00:00
6908,3122,가입,2025-04-09 00:00:00
6909,3122,튜토리얼완료,2025-04-10 22:00:00
6910,3123,가입,2025-02-26 00:00:00
6911,3123,튜토리얼완료,2025-03-01 01:00:00
6912,3123,첫결제,2025-02-26 23:16:00
6913,3124,가입,2025-02-28 00:00:00
6914,3124,튜토리얼완료,2025-03-02 10:00:00
6915,3125,가입,2025-01-27 00:00:00
6916,3125,튜토리얼완료,2025-01-29 04:00:00
6917,3126,가입,2025-03-05 00:00:00
6918,3126,튜토리얼완료,2025-03-07 23:00:00
6919,3126,첫결제,2025-03-30 17:47:00
6920,3127,가입,2025-03-24 00:00:00
6921,3127,튜토리얼완료,2025-03-27 13:00:00
6922,3127,첫결제,2025-03-28 12:30:00
6923,3128,가입,2025-02-14 00:00:00
6924,3128,튜토리얼완료,2025-02-16 11:00:00
6925,3129,가입,2025-04-16 00:00:00
6926,3129,튜토리얼완료,2025-04-16 23:00:00
6927,3129,첫결제,2025-04-19 21:28:00
6928,3130,가입,2025-01-16 00:00:00
6929,3130,튜토리얼완료,2025-01-19 16:00:00
6930,3131,가입,2025-02-11 00:00:00
6931,3131,튜토리얼완료,2025-02-11 14:00:00
6932,3131,첫결제,2025-03-08 12:09:00
6933,3132,가입,2025-02-28 00:00:00
6934,3132,튜토리얼완료,2025-03-01 13:00:00
6935,3133,가입,2025-01-26 00:00:00
6936,3134,가입,2025-01-14 00:00:00
6937,3134,튜토리얼완료,2025-01-15 15:00:00
6938,3135,가입,2025-01-07 00:00:00
6939,3136,가입,2025-02-22 00:00:00
6940,3136,튜토리얼완료,2025-02-24 05:00:00
6941,3137,가입,2025-01-17 00:00:00
6942,3137,첫결제,2025-03-04 20:45:00
6943,3138,가입,2025-01-04 00:00:00
6944,3138,튜토리얼완료,2025-01-05 07:00:00
6945,3139,가입,2025-02-19 00:00:00
6946,3139,튜토리얼완료,2025-02-21 16:00:00
6947,3139,첫결제,2025-02-23 01:14:00
6948,3140,가입,2025-01-07 00:00:00
6949,3140,튜토리얼완료,2025-01-09 06:00:00
6950,3141,가입,2025-05-05 00:00:00
6951,3141,튜토리얼완료,2025-05-06 17:00:00
6952,3141,첫결제,2025-05-22 22:14:00
6953,3142,가입,2025-01-06 00:00:00
6954,3142,튜토리얼완료,2025-01-07 22:00:00
6955,3143,가입,2025-03-23 00:00:00
6956,3143,튜토리얼완료,2025-03-24 07:00:00
6957,3144,가입,2025-03-01 00:00:00
6958,3144,튜토리얼완료,2025-03-02 18:00:00
6959,3145,가입,2025-01-04 00:00:00
6960,3145,튜토리얼완료,2025-01-05 22:00:00
6961,3146,가입,2025-01-27 00:00:00
6962,3146,튜토리얼완료,2025-01-30 00:00:00
6963,3147,가입,2025-04-12 00:00:00
6964,3147,튜토리얼완료,2025-04-13 23:00:00
6965,3147,첫결제,2025-05-04 21:45:00
6966,3148,가입,2025-01-10 00:00:00
6967,3149,가입,2025-02-07 00:00:00
6968,3150,가입,2025-04-13 00:00:00
6969,3150,튜토리얼완료,2025-04-13 00:00:00
6970,3151,가입,2025-01-12 00:00:00
6971,3151,튜토리얼완료,2025-01-12 22:00:00
6972,3151,첫결제,2025-02-23 12:44:00
6973,3152,가입,2025-01-17 00:00:00
6974,3152,튜토리얼완료,2025-01-18 18:00:00
6975,3153,가입,2025-01-07 00:00:00
6976,3153,튜토리얼완료,2025-01-08 18:00:00
6977,3154,가입,2025-05-22 00:00:00
6978,3154,튜토리얼완료,2025-05-24 20:00:00
6979,3155,가입,2025-01-06 00:00:00
6980,3155,튜토리얼완료,2025-01-09 18:00:00
6981,3155,첫결제,2025-01-11 21:51:00
6982,3156,가입,2025-06-27 00:00:00
6983,3156,튜토리얼완료,2025-06-29 23:00:00
6984,3157,가입,2025-01-29 00:00:00
6985,3157,튜토리얼완료,2025-01-29 20:00:00
6986,3158,가입,2025-04-02 00:00:00
6987,3158,튜토리얼완료,2025-04-02 23:00:00
6988,3159,가입,2025-03-21 00:00:00
6989,3159,튜토리얼완료,2025-03-22 06:00:00
6990,3160,가입,2025-02-25 00:00:00
6991,3160,튜토리얼완료,2025-02-28 23:00:00
6992,3161,가입,2025-02-02 00:00:00
6993,3161,튜토리얼완료,2025-02-04 21:00:00
6994,3161,첫결제,2025-02-04 14:20:00
6995,3162,가입,2025-02-22 00:00:00
6996,3162,첫결제,2025-02-23 19:50:00
6997,3163,가입,2025-01-23 00:00:00
6998,3163,튜토리얼완료,2025-01-23 04:00:00
6999,3164,가입,2025-03-04 00:00:00
7000,3164,튜토리얼완료,2025-03-05 04:00:00
7001,3164,첫결제,2025-03-13 22:10:00
7002,3165,가입,2025-01-01 00:00:00
7003,3165,튜토리얼완료,2025-01-03 15:00:00
7004,3166,가입,2025-01-04 00:00:00
7005,3166,튜토리얼완료,2025-01-06 04:00:00
7006,3166,첫결제,2025-02-14 23:12:00
7007,3167,가입,2025-01-07 00:00:00
7008,3167,첫결제,2025-01-30 14:31:00
7009,3168,가입,2025-01-11 00:00:00
7010,3168,튜토리얼완료,2025-01-13 00:00:00
7011,3168,첫결제,2025-01-28 04:51:00
7012,3169,가입,2025-01-16 00:00:00
7013,3169,튜토리얼완료,2025-01-17 00:00:00
7014,3170,가입,2025-04-14 00:00:00
7015,3170,튜토리얼완료,2025-04-15 08:00:00
7016,3171,가입,2025-06-29 00:00:00
7017,3171,튜토리얼완료,2025-06-30 10:00:00
7018,3172,가입,2025-01-12 00:00:00
7019,3172,튜토리얼완료,2025-01-14 12:00:00
7020,3173,가입,2025-01-05 00:00:00
7021,3173,튜토리얼완료,2025-01-08 14:00:00
7022,3174,가입,2025-01-14 00:00:00
7023,3174,튜토리얼완료,2025-01-15 19:00:00
7024,3174,첫결제,2025-01-22 23:46:00
7025,3175,가입,2025-03-10 00:00:00
7026,3175,튜토리얼완료,2025-03-12 21:00:00
7027,3176,가입,2025-04-12 00:00:00
7028,3176,튜토리얼완료,2025-04-12 06:00:00
7029,3177,가입,2025-01-31 00:00:00
7030,3177,튜토리얼완료,2025-02-03 20:00:00
7031,3177,첫결제,2025-02-05 06:47:00
7032,3178,가입,2025-01-29 00:00:00
7033,3178,튜토리얼완료,2025-01-30 00:00:00
7034,3179,가입,2025-02-21 00:00:00
7035,3179,튜토리얼완료,2025-02-21 08:00:00
7036,3180,가입,2025-03-14 00:00:00
7037,3180,튜토리얼완료,2025-03-15 16:00:00
7038,3181,가입,2025-02-15 00:00:00
7039,3181,튜토리얼완료,2025-02-15 20:00:00
7040,3181,첫결제,2025-03-13 09:30:00
7041,3182,가입,2025-01-02 00:00:00
7042,3182,튜토리얼완료,2025-01-05 08:00:00
7043,3183,가입,2025-06-29 00:00:00
7044,3184,가입,2025-01-29 00:00:00
7045,3184,튜토리얼완료,2025-02-01 00:00:00
7046,3185,가입,2025-02-05 00:00:00
7047,3185,튜토리얼완료,2025-02-08 03:00:00
7048,3186,가입,2025-01-06 00:00:00
7049,3186,튜토리얼완료,2025-01-07 15:00:00
7050,3186,첫결제,2025-01-17 03:00:00
7051,3187,가입,2025-01-04 00:00:00
7052,3187,튜토리얼완료,2025-01-04 12:00:00
7053,3187,첫결제,2025-01-11 13:35:00
7054,3188,가입,2025-01-04 00:00:00
7055,3188,튜토리얼완료,2025-01-06 14:00:00
7056,3189,가입,2025-02-12 00:00:00
7057,3189,튜토리얼완료,2025-02-14 11:00:00
7058,3190,가입,2025-01-04 00:00:00
7059,3190,튜토리얼완료,2025-01-07 23:00:00
7060,3191,가입,2025-06-29 00:00:00
7061,3191,튜토리얼완료,2025-07-01 10:00:00
7062,3192,가입,2025-02-07 00:00:00
7063,3192,튜토리얼완료,2025-02-09 09:00:00
7064,3193,가입,2025-02-06 00:00:00
7065,3193,튜토리얼완료,2025-02-06 02:00:00
7066,3194,가입,2025-04-18 00:00:00
7067,3194,튜토리얼완료,2025-04-20 03:00:00
7068,3195,가입,2025-02-05 00:00:00
7069,3195,튜토리얼완료,2025-02-08 00:00:00
7070,3196,가입,2025-01-13 00:00:00
7071,3196,튜토리얼완료,2025-01-16 08:00:00
7072,3196,첫결제,2025-01-20 01:25:00
7073,3197,가입,2025-03-04 00:00:00
7074,3198,가입,2025-01-02 00:00:00
7075,3198,첫결제,2025-01-13 10:32:00
7076,3199,가입,2025-01-08 00:00:00
7077,3199,튜토리얼완료,2025-01-09 14:00:00
7078,3200,가입,2025-02-20 00:00:00
7079,3200,튜토리얼완료,2025-02-22 12:00:00
7080,3201,가입,2025-01-01 00:00:00
7081,3201,튜토리얼완료,2025-01-02 01:00:00
7082,3201,첫결제,2025-01-04 20:39:00
7083,3202,가입,2025-02-15 00:00:00
7084,3202,튜토리얼완료,2025-02-17 19:00:00
7085,3203,가입,2025-04-26 00:00:00
7086,3203,튜토리얼완료,2025-04-26 08:00:00
7087,3203,첫결제,2025-05-02 21:37:00
7088,3204,가입,2025-06-29 00:00:00
7089,3205,가입,2025-03-28 00:00:00
7090,3205,튜토리얼완료,2025-03-29 22:00:00
7091,3206,가입,2025-01-13 00:00:00
7092,3206,튜토리얼완료,2025-01-16 13:00:00
7093,3207,가입,2025-01-24 00:00:00
7094,3207,튜토리얼완료,2025-01-24 02:00:00
7095,3207,첫결제,2025-01-30 04:54:00
7096,3208,가입,2025-01-19 00:00:00
7097,3208,튜토리얼완료,2025-01-20 20:00:00
7098,3208,첫결제,2025-01-19 18:31:00
7099,3209,가입,2025-01-20 00:00:00
7100,3209,첫결제,2025-02-24 15:31:00
7101,3210,가입,2025-03-06 00:00:00
7102,3210,첫결제,2025-04-03 23:18:00
7103,3211,가입,2025-04-19 00:00:00
7104,3211,튜토리얼완료,2025-04-20 02:00:00
7105,3212,가입,2025-01-26 00:00:00
7106,3212,튜토리얼완료,2025-01-29 23:00:00
7107,3212,첫결제,2025-01-27 23:25:00
7108,3213,가입,2025-01-01 00:00:00
7109,3213,튜토리얼완료,2025-01-02 20:00:00
7110,3214,가입,2025-01-20 00:00:00
7111,3214,튜토리얼완료,2025-01-23 13:00:00
7112,3214,첫결제,2025-03-07 11:06:00
7113,3215,가입,2025-02-12 00:00:00
7114,3215,첫결제,2025-05-10 00:58:00
7115,3216,가입,2025-01-15 00:00:00
7116,3217,가입,2025-01-26 00:00:00
7117,3217,튜토리얼완료,2025-01-29 07:00:00
7118,3217,첫결제,2025-01-28 08:50:00
7119,3218,가입,2025-04-12 00:00:00
7120,3218,튜토리얼완료,2025-04-13 05:00:00
7121,3218,첫결제,2025-04-28 16:28:00
7122,3219,가입,2025-01-17 00:00:00
7123,3219,튜토리얼완료,2025-01-19 03:00:00
7124,3220,가입,2025-02-07 00:00:00
7125,3220,튜토리얼완료,2025-02-07 04:00:00
7126,3220,첫결제,2025-02-27 21:56:00
7127,3221,가입,2025-02-11 00:00:00
7128,3221,튜토리얼완료,2025-02-13 04:00:00
7129,3222,가입,2025-04-18 00:00:00
7130,3222,튜토리얼완료,2025-04-20 16:00:00
7131,3222,첫결제,2025-05-04 22:11:00
7132,3223,가입,2025-01-29 00:00:00
7133,3223,튜토리얼완료,2025-01-31 18:00:00
7134,3223,첫결제,2025-03-03 07:29:00
7135,3224,가입,2025-02-17 00:00:00
7136,3224,튜토리얼완료,2025-02-17 16:00:00
7137,3225,가입,2025-01-24 00:00:00
7138,3225,튜토리얼완료,2025-01-25 05:00:00
7139,3226,가입,2025-01-26 00:00:00
7140,3226,튜토리얼완료,2025-01-27 12:00:00
7141,3227,가입,2025-06-29 00:00:00
7142,3227,튜토리얼완료,2025-07-01 21:00:00
7143,3227,첫결제,2025-06-29 21:57:00
7144,3228,가입,2025-02-09 00:00:00
7145,3228,첫결제,2025-02-19 11:35:00
7146,3229,가입,2025-06-29 00:00:00
7147,3229,튜토리얼완료,2025-06-29 07:00:00
7148,3230,가입,2025-02-03 00:00:00
7149,3230,튜토리얼완료,2025-02-04 21:00:00
7150,3230,첫결제,2025-02-22 22:43:00
7151,3231,가입,2025-01-03 00:00:00
7152,3231,튜토리얼완료,2025-01-04 04:00:00
7153,3232,가입,2025-01-07 00:00:00
7154,3232,튜토리얼완료,2025-01-07 00:00:00
7155,3233,가입,2025-01-03 00:00:00
7156,3233,튜토리얼완료,2025-01-03 18:00:00
7157,3233,첫결제,2025-01-22 21:10:00
7158,3234,가입,2025-03-02 00:00:00
7159,3234,튜토리얼완료,2025-03-03 15:00:00
7160,3235,가입,2025-02-17 00:00:00
7161,3235,튜토리얼완료,2025-02-19 18:00:00
7162,3236,가입,2025-01-14 00:00:00
7163,3236,튜토리얼완료,2025-01-17 18:00:00
7164,3237,가입,2025-03-15 00:00:00
7165,3237,튜토리얼완료,2025-03-18 22:00:00
7166,3238,가입,2025-04-06 00:00:00
7167,3238,튜토리얼완료,2025-04-08 11:00:00
7168,3238,첫결제,2025-04-27 20:18:00
7169,3239,가입,2025-02-17 00:00:00
7170,3239,튜토리얼완료,2025-02-19 13:00:00
7171,3240,가입,2025-02-01 00:00:00
7172,3240,튜토리얼완료,2025-02-03 23:00:00
7173,3241,가입,2025-01-24 00:00:00
7174,3241,튜토리얼완료,2025-01-24 12:00:00
7175,3242,가입,2025-01-14 00:00:00
7176,3242,튜토리얼완료,2025-01-14 18:00:00
7177,3243,가입,2025-02-08 00:00:00
7178,3243,튜토리얼완료,2025-02-08 04:00:00
7179,3244,가입,2025-02-24 00:00:00
7180,3244,튜토리얼완료,2025-02-24 08:00:00
7181,3244,첫결제,2025-03-24 21:50:00
7182,3245,가입,2025-02-07 00:00:00
7183,3245,튜토리얼완료,2025-02-07 10:00:00
7184,3246,가입,2025-02-12 00:00:00
7185,3246,첫결제,2025-03-23 21:13:00
7186,3247,가입,2025-06-29 00:00:00
7187,3247,튜토리얼완료,2025-06-30 19:00:00
7188,3248,가입,2025-06-08 00:00:00
7189,3248,튜토리얼완료,2025-06-09 00:00:00
7190,3249,가입,2025-01-29 00:00:00
7191,3249,튜토리얼완료,2025-02-01 00:00:00
7192,3249,첫결제,2025-03-29 20:18:00
7193,3250,가입,2025-01-18 00:00:00
7194,3251,가입,2025-06-29 00:00:00
7195,3251,튜토리얼완료,2025-07-02 05:00:00
7196,3252,가입,2025-01-08 00:00:00
7197,3252,튜토리얼완료,2025-01-09 05:00:00
7198,3253,가입,2025-03-09 00:00:00
7199,3253,튜토리얼완료,2025-03-09 16:00:00
7200,3253,첫결제,2025-04-05 13:16:00
7201,3254,가입,2025-04-12 00:00:00
7202,3254,튜토리얼완료,2025-04-12 22:00:00
7203,3254,첫결제,2025-04-29 15:42:00
7204,3255,가입,2025-01-02 00:00:00
7205,3255,튜토리얼완료,2025-01-04 19:00:00
7206,3256,가입,2025-06-23 00:00:00
7207,3256,튜토리얼완료,2025-06-24 16:00:00
7208,3256,첫결제,2025-06-24 20:02:00
7209,3257,가입,2025-02-05 00:00:00
7210,3257,튜토리얼완료,2025-02-07 10:00:00
7211,3258,가입,2025-03-05 00:00:00
7212,3258,튜토리얼완료,2025-03-05 13:00:00
7213,3258,첫결제,2025-03-27 22:27:00
7214,3259,가입,2025-01-11 00:00:00
7215,3259,튜토리얼완료,2025-01-13 00:00:00
7216,3259,첫결제,2025-01-18 03:27:00
7217,3260,가입,2025-06-29 00:00:00
7218,3261,가입,2025-04-12 00:00:00
7219,3261,튜토리얼완료,2025-04-15 06:00:00
7220,3262,가입,2025-02-28 00:00:00
7221,3262,튜토리얼완료,2025-02-28 13:00:00
7222,3262,첫결제,2025-03-09 19:21:00
7223,3263,가입,2025-01-22 00:00:00
7224,3263,튜토리얼완료,2025-01-22 17:00:00
7225,3264,가입,2025-03-06 00:00:00
7226,3264,튜토리얼완료,2025-03-06 16:00:00
7227,3264,첫결제,2025-03-07 22:14:00
7228,3265,가입,2025-03-15 00:00:00
7229,3265,튜토리얼완료,2025-03-15 07:00:00
7230,3266,가입,2025-06-29 00:00:00
7231,3266,튜토리얼완료,2025-06-30 16:00:00
7232,3267,가입,2025-01-08 00:00:00
7233,3267,튜토리얼완료,2025-01-11 05:00:00
7234,3268,가입,2025-02-06 00:00:00
7235,3268,튜토리얼완료,2025-02-09 00:00:00
7236,3268,첫결제,2025-02-10 04:30:00
7237,3269,가입,2025-01-16 00:00:00
7238,3269,튜토리얼완료,2025-01-18 20:00:00
7239,3270,가입,2025-01-20 00:00:00
7240,3270,튜토리얼완료,2025-01-23 02:00:00
7241,3270,첫결제,2025-01-28 21:16:00
7242,3271,가입,2025-06-16 00:00:00
7243,3271,튜토리얼완료,2025-06-16 12:00:00
7244,3271,첫결제,2025-06-17 23:23:00
7245,3272,가입,2025-01-07 00:00:00
7246,3272,튜토리얼완료,2025-01-07 20:00:00
7247,3272,첫결제,2025-01-19 14:32:00
7248,3273,가입,2025-04-06 00:00:00
7249,3273,튜토리얼완료,2025-04-09 13:00:00
7250,3273,첫결제,2025-05-01 16:19:00
7251,3274,가입,2025-06-29 00:00:00
7252,3274,튜토리얼완료,2025-07-02 08:00:00
7253,3275,가입,2025-01-02 00:00:00
7254,3275,튜토리얼완료,2025-01-05 06:00:00
7255,3276,가입,2025-01-17 00:00:00
7256,3276,튜토리얼완료,2025-01-18 22:00:00
7257,3277,가입,2025-01-26 00:00:00
7258,3277,튜토리얼완료,2025-01-28 08:00:00
7259,3278,가입,2025-01-08 00:00:00
7260,3278,튜토리얼완료,2025-01-11 04:00:00
7261,3279,가입,2025-01-05 00:00:00
7262,3279,튜토리얼완료,2025-01-05 12:00:00
7263,3279,첫결제,2025-02-07 23:34:00
7264,3280,가입,2025-01-17 00:00:00
7265,3280,튜토리얼완료,2025-01-20 18:00:00
7266,3280,첫결제,2025-02-01 17:17:00
7267,3281,가입,2025-01-12 00:00:00
7268,3281,튜토리얼완료,2025-01-13 01:00:00
7269,3282,가입,2025-03-08 00:00:00
7270,3282,튜토리얼완료,2025-03-08 03:00:00
7271,3283,가입,2025-03-08 00:00:00
7272,3284,가입,2025-03-11 00:00:00
7273,3284,첫결제,2025-03-14 03:09:00
7274,3285,가입,2025-06-14 00:00:00
7275,3285,튜토리얼완료,2025-06-17 15:00:00
7276,3285,첫결제,2025-06-25 05:11:00
7277,3286,가입,2025-01-06 00:00:00
7278,3286,튜토리얼완료,2025-01-09 08:00:00
7279,3287,가입,2025-02-10 00:00:00
7280,3287,튜토리얼완료,2025-02-12 22:00:00
7281,3288,가입,2025-02-05 00:00:00
7282,3288,튜토리얼완료,2025-02-08 22:00:00
7283,3288,첫결제,2025-02-08 16:13:00
7284,3289,가입,2025-06-21 00:00:00
7285,3289,튜토리얼완료,2025-06-23 14:00:00
7286,3290,가입,2025-01-14 00:00:00
7287,3290,첫결제,2025-02-08 07:17:00
7288,3291,가입,2025-03-23 00:00:00
7289,3291,튜토리얼완료,2025-03-24 18:00:00
7290,3292,가입,2025-01-12 00:00:00
7291,3292,튜토리얼완료,2025-01-12 03:00:00
7292,3292,첫결제,2025-01-12 19:21:00
7293,3293,가입,2025-01-06 00:00:00
7294,3293,튜토리얼완료,2025-01-07 13:00:00
7295,3293,첫결제,2025-02-01 12:58:00
7296,3294,가입,2025-02-26 00:00:00
7297,3294,튜토리얼완료,2025-03-01 11:00:00
7298,3295,가입,2025-02-25 00:00:00
7299,3295,튜토리얼완료,2025-02-26 11:00:00
7300,3296,가입,2025-06-29 00:00:00
7301,3296,튜토리얼완료,2025-06-29 03:00:00
7302,3297,가입,2025-01-07 00:00:00
7303,3297,튜토리얼완료,2025-01-08 07:00:00
7304,3298,가입,2025-01-26 00:00:00
7305,3298,튜토리얼완료,2025-01-29 10:00:00
7306,3299,가입,2025-05-24 00:00:00
7307,3300,가입,2025-02-21 00:00:00
7308,3300,튜토리얼완료,2025-02-24 05:00:00
7309,3300,첫결제,2025-04-12 11:42:00
7310,3301,가입,2025-03-27 00:00:00
7311,3302,가입,2025-01-07 00:00:00
7312,3302,튜토리얼완료,2025-01-07 16:00:00
7313,3303,가입,2025-01-02 00:00:00
7314,3303,튜토리얼완료,2025-01-05 19:00:00
7315,3303,첫결제,2025-01-16 23:36:00
7316,3304,가입,2025-02-09 00:00:00
7317,3304,튜토리얼완료,2025-02-11 05:00:00
7318,3305,가입,2025-01-22 00:00:00
7319,3306,가입,2025-03-07 00:00:00
7320,3306,튜토리얼완료,2025-03-07 22:00:00
7321,3306,첫결제,2025-03-27 09:13:00
7322,3307,가입,2025-04-08 00:00:00
7323,3307,첫결제,2025-04-17 06:05:00
7324,3308,가입,2025-05-30 00:00:00
7325,3308,튜토리얼완료,2025-06-01 23:00:00
7326,3309,가입,2025-06-03 00:00:00
7327,3309,첫결제,2025-06-06 05:45:00
7328,3310,가입,2025-03-14 00:00:00
7329,3310,튜토리얼완료,2025-03-15 22:00:00
7330,3311,가입,2025-01-06 00:00:00
7331,3311,튜토리얼완료,2025-01-09 05:00:00
7332,3312,가입,2025-01-23 00:00:00
7333,3312,튜토리얼완료,2025-01-26 15:00:00
7334,3313,가입,2025-02-17 00:00:00
7335,3313,튜토리얼완료,2025-02-18 10:00:00
7336,3314,가입,2025-06-18 00:00:00
7337,3314,튜토리얼완료,2025-06-18 07:00:00
7338,3315,가입,2025-01-01 00:00:00
7339,3316,가입,2025-04-05 00:00:00
7340,3316,튜토리얼완료,2025-04-07 07:00:00
7341,3316,첫결제,2025-04-09 22:46:00
7342,3317,가입,2025-01-19 00:00:00
7343,3317,튜토리얼완료,2025-01-21 04:00:00
7344,3318,가입,2025-01-10 00:00:00
7345,3318,튜토리얼완료,2025-01-12 10:00:00
7346,3318,첫결제,2025-01-29 22:09:00
7347,3319,가입,2025-01-08 00:00:00
7348,3319,튜토리얼완료,2025-01-08 17:00:00
7349,3320,가입,2025-02-01 00:00:00
7350,3320,튜토리얼완료,2025-02-01 12:00:00
7351,3320,첫결제,2025-02-12 17:34:00
7352,3321,가입,2025-05-28 00:00:00
7353,3321,튜토리얼완료,2025-05-29 05:00:00
7354,3322,가입,2025-03-14 00:00:00
7355,3322,튜토리얼완료,2025-03-16 07:00:00
7356,3323,가입,2025-04-22 00:00:00
7357,3323,튜토리얼완료,2025-04-24 14:00:00
7358,3323,첫결제,2025-04-26 04:39:00
7359,3324,가입,2025-02-26 00:00:00
7360,3324,튜토리얼완료,2025-02-27 11:00:00
7361,3325,가입,2025-02-11 00:00:00
7362,3325,튜토리얼완료,2025-02-14 18:00:00
7363,3325,첫결제,2025-02-14 05:02:00
7364,3326,가입,2025-06-29 00:00:00
7365,3326,튜토리얼완료,2025-06-29 10:00:00
7366,3327,가입,2025-04-20 00:00:00
7367,3327,첫결제,2025-05-02 19:22:00
7368,3328,가입,2025-05-18 00:00:00
7369,3328,튜토리얼완료,2025-05-19 16:00:00
7370,3329,가입,2025-01-01 00:00:00
7371,3329,튜토리얼완료,2025-01-02 19:00:00
7372,3329,첫결제,2025-01-03 10:17:00
7373,3330,가입,2025-01-04 00:00:00
7374,3330,튜토리얼완료,2025-01-06 23:00:00
7375,3331,가입,2025-02-27 00:00:00
7376,3331,튜토리얼완료,2025-03-02 01:00:00
7377,3331,첫결제,2025-03-06 13:54:00
7378,3332,가입,2025-05-20 00:00:00
7379,3332,튜토리얼완료,2025-05-20 07:00:00
7380,3333,가입,2025-03-18 00:00:00
7381,3333,튜토리얼완료,2025-03-20 15:00:00
7382,3334,가입,2025-01-01 00:00:00
7383,3334,튜토리얼완료,2025-01-03 00:00:00
7384,3334,첫결제,2025-01-05 23:52:00
7385,3335,가입,2025-03-24 00:00:00
7386,3335,튜토리얼완료,2025-03-26 05:00:00
7387,3336,가입,2025-04-07 00:00:00
7388,3336,튜토리얼완료,2025-04-09 06:00:00
7389,3336,첫결제,2025-05-23 01:03:00
7390,3337,가입,2025-06-29 00:00:00
7391,3337,튜토리얼완료,2025-06-30 19:00:00
7392,3338,가입,2025-01-01 00:00:00
7393,3338,튜토리얼완료,2025-01-03 04:00:00
7394,3338,첫결제,2025-01-14 20:50:00
7395,3339,가입,2025-01-06 00:00:00
7396,3339,튜토리얼완료,2025-01-06 09:00:00
7397,3340,가입,2025-04-26 00:00:00
7398,3340,튜토리얼완료,2025-04-28 18:00:00
7399,3341,가입,2025-03-11 00:00:00
7400,3341,튜토리얼완료,2025-03-13 09:00:00
7401,3342,가입,2025-01-30 00:00:00
7402,3342,튜토리얼완료,2025-02-01 18:00:00
7403,3343,가입,2025-02-11 00:00:00
7404,3343,튜토리얼완료,2025-02-14 04:00:00
7405,3343,첫결제,2025-03-01 22:58:00
7406,3344,가입,2025-02-17 00:00:00
7407,3344,튜토리얼완료,2025-02-19 08:00:00
7408,3344,첫결제,2025-02-22 15:21:00
7409,3345,가입,2025-05-30 00:00:00
7410,3345,튜토리얼완료,2025-06-02 14:00:00
7411,3345,첫결제,2025-06-01 21:50:00
7412,3346,가입,2025-04-29 00:00:00
7413,3346,튜토리얼완료,2025-05-01 07:00:00
7414,3346,첫결제,2025-05-05 03:08:00
7415,3347,가입,2025-02-10 00:00:00
7416,3347,튜토리얼완료,2025-02-11 10:00:00
7417,3347,첫결제,2025-02-17 04:27:00
7418,3348,가입,2025-02-06 00:00:00
7419,3348,튜토리얼완료,2025-02-08 18:00:00
7420,3349,가입,2025-01-30 00:00:00
7421,3349,튜토리얼완료,2025-01-30 21:00:00
7422,3350,가입,2025-02-22 00:00:00
7423,3350,튜토리얼완료,2025-02-24 07:00:00
7424,3350,첫결제,2025-02-25 20:33:00
7425,3351,가입,2025-04-05 00:00:00
7426,3351,튜토리얼완료,2025-04-06 10:00:00
7427,3351,첫결제,2025-04-15 22:32:00
7428,3352,가입,2025-03-24 00:00:00
7429,3352,튜토리얼완료,2025-03-24 18:00:00
7430,3353,가입,2025-05-14 00:00:00
7431,3353,튜토리얼완료,2025-05-14 18:00:00
7432,3354,가입,2025-02-25 00:00:00
7433,3354,튜토리얼완료,2025-02-25 04:00:00
7434,3355,가입,2025-03-06 00:00:00
7435,3355,튜토리얼완료,2025-03-06 13:00:00
7436,3355,첫결제,2025-03-06 20:15:00
7437,3356,가입,2025-02-07 00:00:00
7438,3357,가입,2025-05-12 00:00:00
7439,3357,튜토리얼완료,2025-05-15 23:00:00
7440,3357,첫결제,2025-05-15 01:27:00
7441,3358,가입,2025-06-29 00:00:00
7442,3358,튜토리얼완료,2025-07-02 20:00:00
7443,3359,가입,2025-01-31 00:00:00
7444,3359,튜토리얼완료,2025-02-02 01:00:00
7445,3359,첫결제,2025-02-12 19:23:00
7446,3360,가입,2025-03-16 00:00:00
7447,3360,튜토리얼완료,2025-03-19 21:00:00
7448,3361,가입,2025-01-14 00:00:00
7449,3361,첫결제,2025-01-20 02:59:00
7450,3362,가입,2025-02-24 00:00:00
7451,3362,튜토리얼완료,2025-02-26 12:00:00
7452,3362,첫결제,2025-03-07 19:51:00
7453,3363,가입,2025-03-28 00:00:00
7454,3363,튜토리얼완료,2025-03-30 17:00:00
7455,3364,가입,2025-01-22 00:00:00
7456,3364,튜토리얼완료,2025-01-22 22:00:00
7457,3365,가입,2025-02-08 00:00:00
7458,3365,튜토리얼완료,2025-02-08 14:00:00
7459,3366,가입,2025-06-29 00:00:00
7460,3367,가입,2025-01-01 00:00:00
7461,3367,튜토리얼완료,2025-01-03 22:00:00
7462,3368,가입,2025-05-15 00:00:00
7463,3368,튜토리얼완료,2025-05-18 05:00:00
7464,3369,가입,2025-06-29 00:00:00
7465,3369,튜토리얼완료,2025-07-02 01:00:00
7466,3370,가입,2025-03-09 00:00:00
7467,3370,튜토리얼완료,2025-03-12 23:00:00
7468,3371,가입,2025-03-06 00:00:00
7469,3371,튜토리얼완료,2025-03-07 01:00:00
7470,3372,가입,2025-02-02 00:00:00
7471,3372,튜토리얼완료,2025-02-03 13:00:00
7472,3372,첫결제,2025-02-26 14:06:00
7473,3373,가입,2025-05-09 00:00:00
7474,3373,튜토리얼완료,2025-05-09 14:00:00
7475,3373,첫결제,2025-05-20 15:47:00
7476,3374,가입,2025-03-07 00:00:00
7477,3374,튜토리얼완료,2025-03-09 13:00:00
7478,3374,첫결제,2025-03-25 19:14:00
7479,3375,가입,2025-02-23 00:00:00
7480,3375,튜토리얼완료,2025-02-25 11:00:00
7481,3375,첫결제,2025-02-24 04:58:00
7482,3376,가입,2025-02-11 00:00:00
7483,3376,튜토리얼완료,2025-02-11 20:00:00
7484,3376,첫결제,2025-02-14 22:35:00
7485,3377,가입,2025-03-10 00:00:00
7486,3378,가입,2025-01-01 00:00:00
7487,3378,튜토리얼완료,2025-01-04 06:00:00
7488,3379,가입,2025-01-24 00:00:00
7489,3380,가입,2025-02-17 00:00:00
7490,3380,튜토리얼완료,2025-02-17 08:00:00
7491,3380,첫결제,2025-02-21 23:17:00
7492,3381,가입,2025-02-22 00:00:00
7493,3381,튜토리얼완료,2025-02-25 06:00:00
7494,3382,가입,2025-02-07 00:00:00
7495,3382,튜토리얼완료,2025-02-09 16:00:00
7496,3383,가입,2025-05-14 00:00:00
7497,3384,가입,2025-03-12 00:00:00
7498,3384,첫결제,2025-03-21 20:57:00
7499,3385,가입,2025-02-27 00:00:00
7500,3385,튜토리얼완료,2025-02-28 21:00:00
7501,3386,가입,2025-06-29 00:00:00
7502,3386,튜토리얼완료,2025-07-02 01:00:00
7503,3386,첫결제,2025-06-29 23:51:00
7504,3387,가입,2025-05-03 00:00:00
7505,3387,튜토리얼완료,2025-05-03 08:00:00
7506,3387,첫결제,2025-05-07 21:52:00
7507,3388,가입,2025-05-26 00:00:00
7508,3388,튜토리얼완료,2025-05-29 22:00:00
7509,3389,가입,2025-04-24 00:00:00
7510,3389,튜토리얼완료,2025-04-27 00:00:00
7511,3390,가입,2025-03-17 00:00:00
7512,3390,튜토리얼완료,2025-03-20 19:00:00
7513,3391,가입,2025-04-03 00:00:00
7514,3392,가입,2025-01-28 00:00:00
7515,3392,튜토리얼완료,2025-01-31 20:00:00
7516,3393,가입,2025-01-12 00:00:00
7517,3393,튜토리얼완료,2025-01-12 10:00:00
7518,3393,첫결제,2025-01-24 21:28:00
7519,3394,가입,2025-03-22 00:00:00
7520,3394,튜토리얼완료,2025-03-23 07:00:00
7521,3395,가입,2025-01-07 00:00:00
7522,3395,튜토리얼완료,2025-01-10 05:00:00
7523,3395,첫결제,2025-01-26 11:00:00
7524,3396,가입,2025-03-04 00:00:00
7525,3396,튜토리얼완료,2025-03-06 05:00:00
7526,3396,첫결제,2025-03-17 20:23:00
7527,3397,가입,2025-01-04 00:00:00
7528,3397,튜토리얼완료,2025-01-05 19:00:00
7529,3398,가입,2025-03-06 00:00:00
7530,3398,튜토리얼완료,2025-03-07 06:00:00
7531,3399,가입,2025-01-10 00:00:00
7532,3399,튜토리얼완료,2025-01-11 01:00:00
7533,3400,가입,2025-02-04 00:00:00
7534,3400,튜토리얼완료,2025-02-07 16:00:00
7535,3401,가입,2025-01-20 00:00:00
7536,3401,튜토리얼완료,2025-01-21 13:00:00
7537,3401,첫결제,2025-01-29 21:51:00
7538,3402,가입,2025-02-09 00:00:00
7539,3402,튜토리얼완료,2025-02-11 02:00:00
7540,3403,가입,2025-01-31 00:00:00
7541,3403,튜토리얼완료,2025-02-02 14:00:00
7542,3403,첫결제,2025-01-31 23:02:00
7543,3404,가입,2025-01-08 00:00:00
7544,3404,튜토리얼완료,2025-01-11 23:00:00
7545,3404,첫결제,2025-01-14 21:51:00
7546,3405,가입,2025-01-07 00:00:00
7547,3405,튜토리얼완료,2025-01-09 13:00:00
7548,3406,가입,2025-01-04 00:00:00
7549,3406,튜토리얼완료,2025-01-07 03:00:00
7550,3407,가입,2025-02-14 00:00:00
7551,3407,튜토리얼완료,2025-02-17 10:00:00
7552,3407,첫결제,2025-02-26 19:28:00
7553,3408,가입,2025-01-06 00:00:00
7554,3408,튜토리얼완료,2025-01-06 21:00:00
7555,3408,첫결제,2025-01-22 14:41:00
7556,3409,가입,2025-01-25 00:00:00
7557,3409,튜토리얼완료,2025-01-26 16:00:00
7558,3410,가입,2025-01-24 00:00:00
7559,3410,튜토리얼완료,2025-01-24 10:00:00
7560,3410,첫결제,2025-02-11 21:05:00
7561,3411,가입,2025-01-27 00:00:00
7562,3411,튜토리얼완료,2025-01-27 02:00:00
7563,3411,첫결제,2025-02-02 23:12:00
7564,3412,가입,2025-02-19 00:00:00
7565,3412,튜토리얼완료,2025-02-21 22:00:00
7566,3412,첫결제,2025-03-18 18:25:00
7567,3413,가입,2025-01-17 00:00:00
7568,3413,튜토리얼완료,2025-01-18 08:00:00
7569,3413,첫결제,2025-03-15 19:52:00
7570,3414,가입,2025-01-30 00:00:00
7571,3414,튜토리얼완료,2025-02-01 04:00:00
7572,3414,첫결제,2025-02-11 05:02:00
7573,3415,가입,2025-06-29 00:00:00
7574,3415,튜토리얼완료,2025-07-02 01:00:00
7575,3416,가입,2025-04-21 00:00:00
7576,3417,가입,2025-06-03 00:00:00
7577,3417,튜토리얼완료,2025-06-04 02:00:00
7578,3417,첫결제,2025-06-06 19:25:00
7579,3418,가입,2025-02-03 00:00:00
7580,3418,튜토리얼완료,2025-02-05 17:00:00
7581,3419,가입,2025-01-18 00:00:00
7582,3419,튜토리얼완료,2025-01-20 15:00:00
7583,3419,첫결제,2025-02-01 08:11:00
7584,3420,가입,2025-02-13 00:00:00
7585,3420,튜토리얼완료,2025-02-15 11:00:00
7586,3421,가입,2025-01-28 00:00:00
7587,3421,첫결제,2025-04-01 12:24:00
7588,3422,가입,2025-05-01 00:00:00
7589,3422,첫결제,2025-06-15 17:21:00
7590,3423,가입,2025-05-13 00:00:00
7591,3423,튜토리얼완료,2025-05-13 10:00:00
7592,3423,첫결제,2025-06-21 00:33:00
7593,3424,가입,2025-02-28 00:00:00
7594,3424,튜토리얼완료,2025-03-03 13:00:00
7595,3425,가입,2025-02-10 00:00:00
7596,3425,튜토리얼완료,2025-02-10 11:00:00
7597,3425,첫결제,2025-03-02 10:54:00
7598,3426,가입,2025-02-02 00:00:00
7599,3426,튜토리얼완료,2025-02-02 02:00:00
7600,3427,가입,2025-02-18 00:00:00
7601,3427,튜토리얼완료,2025-02-18 06:00:00
7602,3428,가입,2025-01-11 00:00:00
7603,3428,튜토리얼완료,2025-01-12 23:00:00
7604,3429,가입,2025-05-24 00:00:00
7605,3429,첫결제,2025-05-24 21:43:00
7606,3430,가입,2025-01-22 00:00:00
7607,3430,튜토리얼완료,2025-01-23 03:00:00
7608,3430,첫결제,2025-01-22 02:27:00
7609,3431,가입,2025-01-21 00:00:00
7610,3432,가입,2025-06-29 00:00:00
7611,3433,가입,2025-06-05 00:00:00
7612,3433,튜토리얼완료,2025-06-05 09:00:00
7613,3434,가입,2025-03-23 00:00:00
7614,3434,튜토리얼완료,2025-03-23 05:00:00
7615,3435,가입,2025-01-14 00:00:00
7616,3435,튜토리얼완료,2025-01-15 04:00:00
7617,3435,첫결제,2025-02-16 20:36:00
7618,3436,가입,2025-03-03 00:00:00
7619,3436,튜토리얼완료,2025-03-04 07:00:00
7620,3436,첫결제,2025-03-05 03:06:00
7621,3437,가입,2025-03-03 00:00:00
7622,3437,튜토리얼완료,2025-03-06 18:00:00
7623,3437,첫결제,2025-03-06 00:40:00
7624,3438,가입,2025-01-11 00:00:00
7625,3438,튜토리얼완료,2025-01-13 15:00:00
7626,3439,가입,2025-01-09 00:00:00
7627,3439,튜토리얼완료,2025-01-11 06:00:00
7628,3440,가입,2025-01-12 00:00:00
7629,3440,튜토리얼완료,2025-01-14 21:00:00
7630,3441,가입,2025-02-19 00:00:00
7631,3441,튜토리얼완료,2025-02-21 21:00:00
7632,3441,첫결제,2025-03-16 15:28:00
7633,3442,가입,2025-01-09 00:00:00
7634,3443,가입,2025-01-14 00:00:00
7635,3444,가입,2025-01-31 00:00:00
7636,3444,튜토리얼완료,2025-02-03 10:00:00
7637,3445,가입,2025-02-10 00:00:00
7638,3445,튜토리얼완료,2025-02-10 08:00:00
7639,3446,가입,2025-03-12 00:00:00
7640,3446,튜토리얼완료,2025-03-15 12:00:00
7641,3447,가입,2025-01-13 00:00:00
7642,3447,튜토리얼완료,2025-01-13 07:00:00
7643,3447,첫결제,2025-02-22 21:41:00
7644,3448,가입,2025-06-21 00:00:00
7645,3448,튜토리얼완료,2025-06-24 18:00:00
7646,3449,가입,2025-01-21 00:00:00
7647,3449,튜토리얼완료,2025-01-23 00:00:00
7648,3450,가입,2025-03-20 00:00:00
7649,3450,튜토리얼완료,2025-03-22 22:00:00
7650,3450,첫결제,2025-03-22 21:52:00
7651,3451,가입,2025-01-03 00:00:00
7652,3451,튜토리얼완료,2025-01-06 00:00:00
7653,3452,가입,2025-02-08 00:00:00
7654,3452,튜토리얼완료,2025-02-09 05:00:00
7655,3453,가입,2025-01-22 00:00:00
7656,3453,튜토리얼완료,2025-01-25 19:00:00
7657,3453,첫결제,2025-02-08 12:07:00
7658,3454,가입,2025-04-06 00:00:00
7659,3454,튜토리얼완료,2025-04-08 23:00:00
7660,3455,가입,2025-05-16 00:00:00
7661,3455,튜토리얼완료,2025-05-17 16:00:00
7662,3455,첫결제,2025-05-18 23:59:00
7663,3456,가입,2025-03-07 00:00:00
7664,3457,가입,2025-06-29 00:00:00
7665,3457,튜토리얼완료,2025-07-02 02:00:00
7666,3457,첫결제,2025-06-29 19:30:00
7667,3458,가입,2025-01-08 00:00:00
7668,3459,가입,2025-02-27 00:00:00
7669,3459,튜토리얼완료,2025-02-28 23:00:00
7670,3460,가입,2025-01-30 00:00:00
7671,3461,가입,2025-02-21 00:00:00
7672,3461,튜토리얼완료,2025-02-24 10:00:00
7673,3462,가입,2025-01-15 00:00:00
7674,3463,가입,2025-04-02 00:00:00
7675,3463,튜토리얼완료,2025-04-04 14:00:00
7676,3464,가입,2025-03-27 00:00:00
7677,3465,가입,2025-01-27 00:00:00
7678,3465,튜토리얼완료,2025-01-30 17:00:00
7679,3466,가입,2025-01-13 00:00:00
7680,3466,튜토리얼완료,2025-01-16 07:00:00
7681,3467,가입,2025-02-15 00:00:00
7682,3467,튜토리얼완료,2025-02-18 15:00:00
7683,3468,가입,2025-02-24 00:00:00
7684,3468,튜토리얼완료,2025-02-27 06:00:00
7685,3469,가입,2025-02-25 00:00:00
7686,3469,튜토리얼완료,2025-02-26 23:00:00
7687,3469,첫결제,2025-03-01 06:30:00
7688,3470,가입,2025-02-22 00:00:00
7689,3470,튜토리얼완료,2025-02-23 23:00:00
7690,3470,첫결제,2025-02-24 19:15:00
7691,3471,가입,2025-01-12 00:00:00
7692,3471,튜토리얼완료,2025-01-15 23:00:00
7693,3472,가입,2025-02-24 00:00:00
7694,3472,튜토리얼완료,2025-02-27 19:00:00
7695,3472,첫결제,2025-02-27 20:40:00
7696,3473,가입,2025-02-06 00:00:00
7697,3473,튜토리얼완료,2025-02-06 18:00:00
7698,3473,첫결제,2025-02-27 17:02:00
7699,3474,가입,2025-05-13 00:00:00
7700,3474,첫결제,2025-05-13 10:14:00
7701,3475,가입,2025-01-01 00:00:00
7702,3475,튜토리얼완료,2025-01-03 04:00:00
7703,3476,가입,2025-01-08 00:00:00
7704,3476,튜토리얼완료,2025-01-08 04:00:00
7705,3477,가입,2025-02-05 00:00:00
7706,3477,튜토리얼완료,2025-02-05 17:00:00
7707,3477,첫결제,2025-02-13 16:31:00
7708,3478,가입,2025-02-23 00:00:00
7709,3478,튜토리얼완료,2025-02-24 18:00:00
7710,3479,가입,2025-02-14 00:00:00
7711,3479,튜토리얼완료,2025-02-16 23:00:00
7712,3479,첫결제,2025-02-15 05:17:00
7713,3480,가입,2025-03-15 00:00:00
7714,3480,첫결제,2025-03-19 13:25:00
7715,3481,가입,2025-01-18 00:00:00
7716,3481,튜토리얼완료,2025-01-21 13:00:00
7717,3482,가입,2025-01-30 00:00:00
7718,3482,튜토리얼완료,2025-02-02 08:00:00
7719,3483,가입,2025-02-04 00:00:00
7720,3483,튜토리얼완료,2025-02-06 23:00:00
7721,3484,가입,2025-03-12 00:00:00
7722,3484,튜토리얼완료,2025-03-13 08:00:00
7723,3484,첫결제,2025-03-14 22:29:00
7724,3485,가입,2025-05-31 00:00:00
7725,3485,튜토리얼완료,2025-06-02 05:00:00
7726,3486,가입,2025-03-07 00:00:00
7727,3486,튜토리얼완료,2025-03-09 21:00:00
7728,3486,첫결제,2025-05-09 21:38:00
7729,3487,가입,2025-01-03 00:00:00
7730,3487,튜토리얼완료,2025-01-03 18:00:00
7731,3488,가입,2025-02-03 00:00:00
7732,3488,첫결제,2025-02-03 03:26:00
7733,3489,가입,2025-02-18 00:00:00
7734,3490,가입,2025-01-08 00:00:00
7735,3490,튜토리얼완료,2025-01-09 09:00:00
7736,3491,가입,2025-01-13 00:00:00
7737,3491,튜토리얼완료,2025-01-13 14:00:00
7738,3492,가입,2025-02-19 00:00:00
7739,3492,튜토리얼완료,2025-02-21 23:00:00
7740,3493,가입,2025-02-05 00:00:00
7741,3493,튜토리얼완료,2025-02-08 02:00:00
7742,3494,가입,2025-04-19 00:00:00
7743,3494,튜토리얼완료,2025-04-22 21:00:00
7744,3495,가입,2025-04-02 00:00:00
7745,3495,튜토리얼완료,2025-04-05 23:00:00
7746,3496,가입,2025-05-13 00:00:00
7747,3496,튜토리얼완료,2025-05-16 23:00:00
7748,3497,가입,2025-01-10 00:00:00
7749,3497,튜토리얼완료,2025-01-10 03:00:00
7750,3498,가입,2025-04-06 00:00:00
7751,3498,튜토리얼완료,2025-04-09 21:00:00
7752,3498,첫결제,2025-04-11 19:49:00
7753,3499,가입,2025-01-09 00:00:00
7754,3500,가입,2025-01-08 00:00:00
7755,3500,튜토리얼완료,2025-01-11 05:00:00
7756,3501,가입,2025-01-21 00:00:00
7757,3502,가입,2025-01-11 00:00:00
7758,3502,튜토리얼완료,2025-01-14 04:00:00
7759,3502,첫결제,2025-03-01 20:00:00
7760,3503,가입,2025-03-20 00:00:00
7761,3503,튜토리얼완료,2025-03-23 20:00:00
7762,3504,가입,2025-01-07 00:00:00
7763,3504,튜토리얼완료,2025-01-07 02:00:00
7764,3505,가입,2025-04-06 00:00:00
7765,3505,튜토리얼완료,2025-04-08 20:00:00
7766,3505,첫결제,2025-04-08 23:15:00
7767,3506,가입,2025-01-21 00:00:00
7768,3506,튜토리얼완료,2025-01-22 18:00:00
7769,3507,가입,2025-04-07 00:00:00
7770,3507,튜토리얼완료,2025-04-09 15:00:00
7771,3508,가입,2025-02-13 00:00:00
7772,3508,튜토리얼완료,2025-02-15 15:00:00
7773,3508,첫결제,2025-02-13 19:56:00
7774,3509,가입,2025-03-06 00:00:00
7775,3510,가입,2025-01-04 00:00:00
7776,3510,튜토리얼완료,2025-01-07 01:00:00
7777,3511,가입,2025-03-28 00:00:00
7778,3511,튜토리얼완료,2025-03-28 13:00:00
7779,3512,가입,2025-01-27 00:00:00
7780,3512,튜토리얼완료,2025-01-28 03:00:00
7781,3512,첫결제,2025-01-28 21:38:00
7782,3513,가입,2025-01-10 00:00:00
7783,3513,튜토리얼완료,2025-01-12 08:00:00
7784,3514,가입,2025-01-25 00:00:00
7785,3514,튜토리얼완료,2025-01-26 09:00:00
7786,3515,가입,2025-02-01 00:00:00
7787,3515,튜토리얼완료,2025-02-02 21:00:00
7788,3516,가입,2025-01-18 00:00:00
7789,3517,가입,2025-02-14 00:00:00
7790,3517,튜토리얼완료,2025-02-15 22:00:00
7791,3518,가입,2025-04-12 00:00:00
7792,3518,튜토리얼완료,2025-04-15 11:00:00
7793,3519,가입,2025-02-05 00:00:00
7794,3519,튜토리얼완료,2025-02-08 14:00:00
7795,3520,가입,2025-01-11 00:00:00
7796,3520,튜토리얼완료,2025-01-14 15:00:00
7797,3521,가입,2025-02-02 00:00:00
7798,3521,튜토리얼완료,2025-02-02 20:00:00
7799,3521,첫결제,2025-02-03 21:51:00
7800,3522,가입,2025-01-23 00:00:00
7801,3522,튜토리얼완료,2025-01-23 20:00:00
7802,3522,첫결제,2025-02-01 14:57:00
7803,3523,가입,2025-01-07 00:00:00
7804,3523,튜토리얼완료,2025-01-07 11:00:00
7805,3524,가입,2025-01-15 00:00:00
7806,3524,튜토리얼완료,2025-01-18 20:00:00
7807,3525,가입,2025-01-29 00:00:00
7808,3525,튜토리얼완료,2025-01-29 02:00:00
7809,3525,첫결제,2025-02-03 12:45:00
7810,3526,가입,2025-02-22 00:00:00
7811,3526,튜토리얼완료,2025-02-25 05:00:00
7812,3526,첫결제,2025-03-18 23:39:00
7813,3527,가입,2025-04-30 00:00:00
7814,3527,튜토리얼완료,2025-05-02 12:00:00
7815,3528,가입,2025-01-03 00:00:00
7816,3528,튜토리얼완료,2025-01-03 19:00:00
7817,3529,가입,2025-01-12 00:00:00
7818,3529,튜토리얼완료,2025-01-13 07:00:00
7819,3530,가입,2025-01-17 00:00:00
7820,3531,가입,2025-04-11 00:00:00
7821,3532,가입,2025-02-13 00:00:00
7822,3532,튜토리얼완료,2025-02-13 14:00:00
7823,3533,가입,2025-01-21 00:00:00
7824,3533,튜토리얼완료,2025-01-21 11:00:00
7825,3533,첫결제,2025-01-27 21:18:00
7826,3534,가입,2025-01-30 00:00:00
7827,3534,튜토리얼완료,2025-02-02 12:00:00
7828,3535,가입,2025-02-15 00:00:00
7829,3535,튜토리얼완료,2025-02-17 16:00:00
7830,3536,가입,2025-01-17 00:00:00
7831,3536,튜토리얼완료,2025-01-19 13:00:00
7832,3537,가입,2025-04-13 00:00:00
7833,3537,튜토리얼완료,2025-04-16 06:00:00
7834,3538,가입,2025-04-04 00:00:00
7835,3538,튜토리얼완료,2025-04-05 02:00:00
7836,3539,가입,2025-02-13 00:00:00
7837,3539,튜토리얼완료,2025-02-13 12:00:00
7838,3539,첫결제,2025-03-03 13:50:00
7839,3540,가입,2025-05-28 00:00:00
7840,3540,튜토리얼완료,2025-05-30 15:00:00
7841,3541,가입,2025-01-02 00:00:00
7842,3542,가입,2025-06-29 00:00:00
7843,3542,튜토리얼완료,2025-06-29 20:00:00
7844,3543,가입,2025-06-29 00:00:00
7845,3543,첫결제,2025-06-29 21:40:00
7846,3544,가입,2025-01-11 00:00:00
7847,3544,튜토리얼완료,2025-01-13 12:00:00
7848,3544,첫결제,2025-01-26 00:54:00
7849,3545,가입,2025-01-21 00:00:00
7850,3545,튜토리얼완료,2025-01-24 01:00:00
7851,3546,가입,2025-02-03 00:00:00
7852,3546,튜토리얼완료,2025-02-05 19:00:00
7853,3546,첫결제,2025-02-09 20:05:00
7854,3547,가입,2025-01-07 00:00:00
7855,3547,튜토리얼완료,2025-01-10 03:00:00
7856,3548,가입,2025-02-26 00:00:00
7857,3548,튜토리얼완료,2025-03-01 04:00:00
7858,3549,가입,2025-01-15 00:00:00
7859,3549,튜토리얼완료,2025-01-18 01:00:00
7860,3550,가입,2025-03-01 00:00:00
7861,3550,튜토리얼완료,2025-03-02 07:00:00
7862,3550,첫결제,2025-04-10 17:52:00
7863,3551,가입,2025-02-15 00:00:00
7864,3551,튜토리얼완료,2025-02-15 23:00:00
7865,3551,첫결제,2025-02-18 08:18:00
7866,3552,가입,2025-02-09 00:00:00
7867,3552,첫결제,2025-03-12 23:48:00
7868,3553,가입,2025-01-11 00:00:00
7869,3553,튜토리얼완료,2025-01-13 08:00:00
7870,3553,첫결제,2025-01-18 20:01:00
7871,3554,가입,2025-01-27 00:00:00
7872,3554,튜토리얼완료,2025-01-28 17:00:00
7873,3555,가입,2025-04-02 00:00:00
7874,3555,첫결제,2025-04-06 19:09:00
7875,3556,가입,2025-04-24 00:00:00
7876,3556,튜토리얼완료,2025-04-26 07:00:00
7877,3557,가입,2025-01-08 00:00:00
7878,3557,튜토리얼완료,2025-01-10 22:00:00
7879,3557,첫결제,2025-01-16 23:40:00
7880,3558,가입,2025-01-05 00:00:00
7881,3558,튜토리얼완료,2025-01-07 20:00:00
7882,3559,가입,2025-02-01 00:00:00
7883,3559,튜토리얼완료,2025-02-04 04:00:00
7884,3560,가입,2025-01-07 00:00:00
7885,3560,튜토리얼완료,2025-01-07 16:00:00
7886,3561,가입,2025-04-22 00:00:00
7887,3561,튜토리얼완료,2025-04-23 12:00:00
7888,3562,가입,2025-04-28 00:00:00
7889,3562,튜토리얼완료,2025-05-01 16:00:00
7890,3563,가입,2025-03-21 00:00:00
7891,3563,튜토리얼완료,2025-03-23 14:00:00
7892,3563,첫결제,2025-03-25 19:47:00
7893,3564,가입,2025-01-28 00:00:00
7894,3564,튜토리얼완료,2025-01-28 11:00:00
7895,3564,첫결제,2025-02-09 13:24:00
7896,3565,가입,2025-01-07 00:00:00
7897,3565,튜토리얼완료,2025-01-09 02:00:00
7898,3566,가입,2025-01-03 00:00:00
7899,3566,튜토리얼완료,2025-01-06 08:00:00
7900,3567,가입,2025-03-11 00:00:00
7901,3567,튜토리얼완료,2025-03-13 08:00:00
7902,3568,가입,2025-03-05 00:00:00
7903,3568,튜토리얼완료,2025-03-06 06:00:00
7904,3569,가입,2025-01-23 00:00:00
7905,3570,가입,2025-03-05 00:00:00
7906,3570,첫결제,2025-03-17 20:43:00
7907,3571,가입,2025-02-21 00:00:00
7908,3571,튜토리얼완료,2025-02-22 12:00:00
7909,3571,첫결제,2025-02-23 22:21:00
7910,3572,가입,2025-01-06 00:00:00
7911,3572,튜토리얼완료,2025-01-08 01:00:00
7912,3573,가입,2025-01-18 00:00:00
7913,3573,튜토리얼완료,2025-01-18 20:00:00
7914,3573,첫결제,2025-03-06 21:14:00
7915,3574,가입,2025-03-13 00:00:00
7916,3574,튜토리얼완료,2025-03-13 23:00:00
7917,3575,가입,2025-02-10 00:00:00
7918,3575,튜토리얼완료,2025-02-13 10:00:00
7919,3575,첫결제,2025-02-16 04:01:00
7920,3576,가입,2025-04-18 00:00:00
7921,3576,튜토리얼완료,2025-04-20 06:00:00
7922,3576,첫결제,2025-04-18 19:28:00
7923,3577,가입,2025-01-30 00:00:00
7924,3577,튜토리얼완료,2025-02-01 03:00:00
7925,3578,가입,2025-05-30 00:00:00
7926,3578,튜토리얼완료,2025-06-02 23:00:00
7927,3579,가입,2025-04-10 00:00:00
7928,3579,튜토리얼완료,2025-04-12 19:00:00
7929,3579,첫결제,2025-05-06 20:32:00
7930,3580,가입,2025-04-25 00:00:00
7931,3580,튜토리얼완료,2025-04-28 13:00:00
7932,3580,첫결제,2025-04-30 04:54:00
7933,3581,가입,2025-02-28 00:00:00
7934,3581,튜토리얼완료,2025-02-28 15:00:00
7935,3581,첫결제,2025-03-03 03:42:00
7936,3582,가입,2025-01-07 00:00:00
7937,3582,튜토리얼완료,2025-01-10 17:00:00
7938,3583,가입,2025-01-21 00:00:00
7939,3583,튜토리얼완료,2025-01-23 07:00:00
7940,3584,가입,2025-06-29 00:00:00
7941,3584,튜토리얼완료,2025-06-30 21:00:00
7942,3585,가입,2025-01-18 00:00:00
7943,3585,튜토리얼완료,2025-01-19 17:00:00
7944,3586,가입,2025-02-23 00:00:00
7945,3586,튜토리얼완료,2025-02-25 12:00:00
7946,3587,가입,2025-05-14 00:00:00
7947,3587,튜토리얼완료,2025-05-14 02:00:00
7948,3588,가입,2025-05-03 00:00:00
7949,3588,튜토리얼완료,2025-05-06 09:00:00
7950,3588,첫결제,2025-05-19 22:33:00
7951,3589,가입,2025-04-05 00:00:00
7952,3589,튜토리얼완료,2025-04-06 15:00:00
7953,3590,가입,2025-04-11 00:00:00
7954,3590,튜토리얼완료,2025-04-13 10:00:00
7955,3590,첫결제,2025-05-22 20:52:00
7956,3591,가입,2025-03-22 00:00:00
7957,3591,튜토리얼완료,2025-03-23 07:00:00
7958,3592,가입,2025-03-31 00:00:00
7959,3592,튜토리얼완료,2025-04-03 01:00:00
7960,3593,가입,2025-02-05 00:00:00
7961,3593,튜토리얼완료,2025-02-08 04:00:00
7962,3594,가입,2025-03-29 00:00:00
7963,3594,첫결제,2025-04-28 23:09:00
7964,3595,가입,2025-02-05 00:00:00
7965,3595,튜토리얼완료,2025-02-05 16:00:00
7966,3596,가입,2025-05-10 00:00:00
7967,3596,튜토리얼완료,2025-05-12 01:00:00
7968,3597,가입,2025-02-06 00:00:00
7969,3597,튜토리얼완료,2025-02-08 10:00:00
7970,3597,첫결제,2025-02-08 14:22:00
7971,3598,가입,2025-03-31 00:00:00
7972,3599,가입,2025-02-12 00:00:00
7973,3599,튜토리얼완료,2025-02-15 03:00:00
7974,3600,가입,2025-01-08 00:00:00
7975,3600,튜토리얼완료,2025-01-08 23:00:00
7976,3600,첫결제,2025-02-22 20:40:00
7977,3601,가입,2025-06-29 00:00:00
7978,3601,튜토리얼완료,2025-07-01 15:00:00
7979,3602,가입,2025-01-28 00:00:00
7980,3602,튜토리얼완료,2025-01-31 17:00:00
7981,3602,첫결제,2025-02-06 12:05:00
7982,3603,가입,2025-01-20 00:00:00
7983,3603,튜토리얼완료,2025-01-20 08:00:00
7984,3603,첫결제,2025-01-24 19:16:00
7985,3604,가입,2025-01-06 00:00:00
7986,3604,튜토리얼완료,2025-01-09 13:00:00
7987,3604,첫결제,2025-03-05 13:54:00
7988,3605,가입,2025-02-06 00:00:00
7989,3605,튜토리얼완료,2025-02-07 11:00:00
7990,3606,가입,2025-02-03 00:00:00
7991,3606,튜토리얼완료,2025-02-03 21:00:00
7992,3607,가입,2025-05-19 00:00:00
7993,3607,튜토리얼완료,2025-05-19 03:00:00
7994,3607,첫결제,2025-05-30 12:28:00
7995,3608,가입,2025-03-23 00:00:00
7996,3608,튜토리얼완료,2025-03-25 11:00:00
7997,3609,가입,2025-01-12 00:00:00
7998,3609,튜토리얼완료,2025-01-15 10:00:00
7999,3610,가입,2025-01-31 00:00:00
8000,3610,튜토리얼완료,2025-02-03 03:00:00
8001,3610,첫결제,2025-01-31 23:51:00
8002,3611,가입,2025-02-23 00:00:00
8003,3611,튜토리얼완료,2025-02-24 20:00:00
8004,3611,첫결제,2025-03-18 16:39:00
8005,3612,가입,2025-06-06 00:00:00
8006,3612,튜토리얼완료,2025-06-06 04:00:00
8007,3613,가입,2025-01-04 00:00:00
8008,3613,튜토리얼완료,2025-01-04 18:00:00
8009,3613,첫결제,2025-02-15 21:59:00
8010,3614,가입,2025-01-26 00:00:00
8011,3615,가입,2025-01-14 00:00:00
8012,3615,튜토리얼완료,2025-01-16 03:00:00
8013,3615,첫결제,2025-01-14 14:52:00
8014,3616,가입,2025-02-17 00:00:00
8015,3616,튜토리얼완료,2025-02-18 06:00:00
8016,3617,가입,2025-02-14 00:00:00
8017,3617,튜토리얼완료,2025-02-15 17:00:00
8018,3618,가입,2025-03-20 00:00:00
8019,3619,가입,2025-02-11 00:00:00
8020,3619,튜토리얼완료,2025-02-14 07:00:00
8021,3620,가입,2025-02-23 00:00:00
8022,3620,튜토리얼완료,2025-02-23 13:00:00
8023,3621,가입,2025-02-17 00:00:00
8024,3621,튜토리얼완료,2025-02-18 00:00:00
8025,3621,첫결제,2025-03-19 07:36:00
8026,3622,가입,2025-01-09 00:00:00
8027,3623,가입,2025-01-17 00:00:00
8028,3623,튜토리얼완료,2025-01-17 06:00:00
8029,3623,첫결제,2025-01-19 23:47:00
8030,3624,가입,2025-01-20 00:00:00
8031,3624,튜토리얼완료,2025-01-20 10:00:00
8032,3625,가입,2025-06-29 00:00:00
8033,3625,튜토리얼완료,2025-07-02 22:00:00
8034,3626,가입,2025-01-07 00:00:00
8035,3626,튜토리얼완료,2025-01-10 07:00:00
8036,3627,가입,2025-01-11 00:00:00
8037,3627,튜토리얼완료,2025-01-12 12:00:00
8038,3627,첫결제,2025-03-10 08:56:00
8039,3628,가입,2025-01-02 00:00:00
8040,3628,튜토리얼완료,2025-01-03 23:00:00
8041,3629,가입,2025-02-11 00:00:00
8042,3629,튜토리얼완료,2025-02-11 10:00:00
8043,3630,가입,2025-03-26 00:00:00
8044,3630,튜토리얼완료,2025-03-28 22:00:00
8045,3631,가입,2025-03-19 00:00:00
8046,3631,튜토리얼완료,2025-03-20 08:00:00
8047,3631,첫결제,2025-03-19 23:25:00
8048,3632,가입,2025-02-17 00:00:00
8049,3632,튜토리얼완료,2025-02-17 22:00:00
8050,3632,첫결제,2025-02-25 16:44:00
8051,3633,가입,2025-02-18 00:00:00
8052,3633,첫결제,2025-03-03 16:58:00
8053,3634,가입,2025-02-06 00:00:00
8054,3634,튜토리얼완료,2025-02-08 16:00:00
8055,3634,첫결제,2025-03-09 00:40:00
8056,3635,가입,2025-02-14 00:00:00
8057,3635,튜토리얼완료,2025-02-14 21:00:00
8058,3635,첫결제,2025-02-16 20:52:00
8059,3636,가입,2025-03-10 00:00:00
8060,3636,첫결제,2025-03-14 21:36:00
8061,3637,가입,2025-06-29 00:00:00
8062,3637,튜토리얼완료,2025-06-30 22:00:00
8063,3638,가입,2025-05-19 00:00:00
8064,3639,가입,2025-04-15 00:00:00
8065,3639,튜토리얼완료,2025-04-15 18:00:00
8066,3640,가입,2025-05-22 00:00:00
8067,3640,튜토리얼완료,2025-05-25 20:00:00
8068,3640,첫결제,2025-05-23 08:55:00
8069,3641,가입,2025-01-09 00:00:00
8070,3641,튜토리얼완료,2025-01-09 16:00:00
8071,3641,첫결제,2025-01-14 23:19:00
8072,3642,가입,2025-04-15 00:00:00
8073,3642,튜토리얼완료,2025-04-18 18:00:00
8074,3642,첫결제,2025-05-08 21:28:00
8075,3643,가입,2025-06-02 00:00:00
8076,3643,튜토리얼완료,2025-06-04 10:00:00
8077,3644,가입,2025-01-05 00:00:00
8078,3644,튜토리얼완료,2025-01-06 09:00:00
8079,3644,첫결제,2025-01-21 22:32:00
8080,3645,가입,2025-01-23 00:00:00
8081,3645,튜토리얼완료,2025-01-25 02:00:00
8082,3646,가입,2025-03-26 00:00:00
8083,3646,튜토리얼완료,2025-03-26 17:00:00
8084,3647,가입,2025-01-19 00:00:00
8085,3648,가입,2025-01-21 00:00:00
8086,3648,튜토리얼완료,2025-01-24 01:00:00
8087,3649,가입,2025-04-01 00:00:00
8088,3649,튜토리얼완료,2025-04-03 17:00:00
8089,3650,가입,2025-03-29 00:00:00
8090,3650,튜토리얼완료,2025-04-01 16:00:00
8091,3650,첫결제,2025-06-07 03:26:00
8092,3651,가입,2025-01-07 00:00:00
8093,3651,튜토리얼완료,2025-01-08 21:00:00
8094,3651,첫결제,2025-01-14 20:55:00
8095,3652,가입,2025-01-30 00:00:00
8096,3652,튜토리얼완료,2025-01-30 13:00:00
8097,3653,가입,2025-01-31 00:00:00
8098,3653,튜토리얼완료,2025-02-02 01:00:00
8099,3654,가입,2025-01-09 00:00:00
8100,3654,튜토리얼완료,2025-01-12 01:00:00
8101,3654,첫결제,2025-01-17 23:36:00
8102,3655,가입,2025-01-20 00:00:00
8103,3655,첫결제,2025-02-01 14:55:00
8104,3656,가입,2025-01-02 00:00:00
8105,3656,첫결제,2025-01-02 23:34:00
8106,3657,가입,2025-01-20 00:00:00
8107,3657,튜토리얼완료,2025-01-22 15:00:00
8108,3658,가입,2025-02-05 00:00:00
8109,3658,튜토리얼완료,2025-02-07 11:00:00
8110,3659,가입,2025-01-25 00:00:00
8111,3659,튜토리얼완료,2025-01-26 13:00:00
8112,3659,첫결제,2025-01-25 14:34:00
8113,3660,가입,2025-04-02 00:00:00
8114,3660,튜토리얼완료,2025-04-02 11:00:00
8115,3661,가입,2025-04-04 00:00:00
8116,3661,튜토리얼완료,2025-04-07 21:00:00
8117,3661,첫결제,2025-04-26 19:40:00
8118,3662,가입,2025-02-19 00:00:00
8119,3662,튜토리얼완료,2025-02-21 13:00:00
8120,3663,가입,2025-01-22 00:00:00
8121,3663,튜토리얼완료,2025-01-24 23:00:00
8122,3663,첫결제,2025-02-10 17:30:00
8123,3664,가입,2025-01-03 00:00:00
8124,3664,튜토리얼완료,2025-01-06 01:00:00
8125,3665,가입,2025-01-09 00:00:00
8126,3665,튜토리얼완료,2025-01-10 16:00:00
8127,3666,가입,2025-03-30 00:00:00
8128,3666,튜토리얼완료,2025-03-31 02:00:00
8129,3667,가입,2025-01-05 00:00:00
8130,3668,가입,2025-01-03 00:00:00
8131,3668,튜토리얼완료,2025-01-05 03:00:00
8132,3669,가입,2025-01-30 00:00:00
8133,3669,튜토리얼완료,2025-02-01 04:00:00
8134,3670,가입,2025-04-22 00:00:00
8135,3670,튜토리얼완료,2025-04-23 18:00:00
8136,3671,가입,2025-03-09 00:00:00
8137,3671,튜토리얼완료,2025-03-10 03:00:00
8138,3672,가입,2025-04-14 00:00:00
8139,3672,튜토리얼완료,2025-04-15 11:00:00
8140,3673,가입,2025-01-27 00:00:00
8141,3673,튜토리얼완료,2025-01-28 20:00:00
8142,3674,가입,2025-02-08 00:00:00
8143,3674,튜토리얼완료,2025-02-09 15:00:00
8144,3674,첫결제,2025-02-10 02:26:00
8145,3675,가입,2025-02-01 00:00:00
8146,3675,튜토리얼완료,2025-02-01 04:00:00
8147,3676,가입,2025-03-12 00:00:00
8148,3676,첫결제,2025-04-03 13:30:00
8149,3677,가입,2025-02-02 00:00:00
8150,3677,튜토리얼완료,2025-02-04 02:00:00
8151,3678,가입,2025-03-19 00:00:00
8152,3678,튜토리얼완료,2025-03-21 04:00:00
8153,3679,가입,2025-01-30 00:00:00
8154,3679,튜토리얼완료,2025-01-30 03:00:00
8155,3679,첫결제,2025-02-17 21:04:00
8156,3680,가입,2025-01-25 00:00:00
8157,3680,튜토리얼완료,2025-01-27 14:00:00
8158,3680,첫결제,2025-02-04 22:07:00
8159,3681,가입,2025-02-14 00:00:00
8160,3681,첫결제,2025-03-03 21:22:00
8161,3682,가입,2025-01-15 00:00:00
8162,3682,튜토리얼완료,2025-01-16 17:00:00
8163,3683,가입,2025-06-29 00:00:00
8164,3683,튜토리얼완료,2025-06-30 06:00:00
8165,3684,가입,2025-02-12 00:00:00
8166,3684,튜토리얼완료,2025-02-12 08:00:00
8167,3685,가입,2025-02-18 00:00:00
8168,3686,가입,2025-02-16 00:00:00
8169,3686,튜토리얼완료,2025-02-17 03:00:00
8170,3686,첫결제,2025-02-23 17:34:00
8171,3687,가입,2025-01-02 00:00:00
8172,3687,튜토리얼완료,2025-01-04 23:00:00
8173,3688,가입,2025-02-21 00:00:00
8174,3688,튜토리얼완료,2025-02-21 13:00:00
8175,3689,가입,2025-03-22 00:00:00
8176,3689,튜토리얼완료,2025-03-24 09:00:00
8177,3690,가입,2025-02-12 00:00:00
8178,3690,튜토리얼완료,2025-02-13 10:00:00
8179,3691,가입,2025-02-21 00:00:00
8180,3691,튜토리얼완료,2025-02-24 23:00:00
8181,3692,가입,2025-02-13 00:00:00
8182,3692,튜토리얼완료,2025-02-13 03:00:00
8183,3693,가입,2025-04-02 00:00:00
8184,3693,튜토리얼완료,2025-04-04 04:00:00
8185,3693,첫결제,2025-04-03 15:26:00
8186,3694,가입,2025-01-29 00:00:00
8187,3694,튜토리얼완료,2025-01-30 16:00:00
8188,3695,가입,2025-01-22 00:00:00
8189,3695,튜토리얼완료,2025-01-24 21:00:00
8190,3696,가입,2025-02-04 00:00:00
8191,3696,튜토리얼완료,2025-02-04 10:00:00
8192,3697,가입,2025-02-15 00:00:00
8193,3697,튜토리얼완료,2025-02-15 21:00:00
8194,3698,가입,2025-02-06 00:00:00
8195,3698,튜토리얼완료,2025-02-09 11:00:00
8196,3699,가입,2025-02-08 00:00:00
8197,3699,튜토리얼완료,2025-02-11 00:00:00
8198,3699,첫결제,2025-02-14 20:01:00
8199,3700,가입,2025-02-21 00:00:00
8200,3700,튜토리얼완료,2025-02-22 21:00:00
8201,3701,가입,2025-01-02 00:00:00
8202,3701,튜토리얼완료,2025-01-04 20:00:00
8203,3702,가입,2025-06-29 00:00:00
8204,3702,튜토리얼완료,2025-07-01 17:00:00
8205,3703,가입,2025-02-06 00:00:00
8206,3703,튜토리얼완료,2025-02-09 19:00:00
8207,3704,가입,2025-02-16 00:00:00
8208,3705,가입,2025-04-03 00:00:00
8209,3705,첫결제,2025-05-08 23:20:00
8210,3706,가입,2025-02-04 00:00:00
8211,3707,가입,2025-03-02 00:00:00
8212,3707,튜토리얼완료,2025-03-02 17:00:00
8213,3708,가입,2025-06-29 00:00:00
8214,3708,튜토리얼완료,2025-06-30 08:00:00
8215,3709,가입,2025-02-20 00:00:00
8216,3709,첫결제,2025-04-03 21:39:00
8217,3710,가입,2025-04-14 00:00:00
8218,3710,튜토리얼완료,2025-04-17 21:00:00
8219,3711,가입,2025-03-13 00:00:00
8220,3711,첫결제,2025-03-13 08:50:00
8221,3712,가입,2025-02-05 00:00:00
8222,3712,튜토리얼완료,2025-02-05 13:00:00
8223,3713,가입,2025-02-11 00:00:00
8224,3713,튜토리얼완료,2025-02-11 20:00:00
8225,3713,첫결제,2025-02-14 02:55:00
8226,3714,가입,2025-01-12 00:00:00
8227,3714,튜토리얼완료,2025-01-14 18:00:00
8228,3715,가입,2025-02-19 00:00:00
8229,3715,튜토리얼완료,2025-02-22 17:00:00
8230,3716,가입,2025-02-07 00:00:00
8231,3716,첫결제,2025-02-09 12:49:00
8232,3717,가입,2025-01-31 00:00:00
8233,3717,튜토리얼완료,2025-02-03 12:00:00
8234,3718,가입,2025-01-13 00:00:00
8235,3718,튜토리얼완료,2025-01-15 14:00:00
8236,3718,첫결제,2025-01-14 21:16:00
8237,3719,가입,2025-02-08 00:00:00
8238,3719,튜토리얼완료,2025-02-09 01:00:00
8239,3720,가입,2025-05-17 00:00:00
8240,3720,튜토리얼완료,2025-05-17 13:00:00
8241,3720,첫결제,2025-05-24 23:01:00
8242,3721,가입,2025-01-12 00:00:00
8243,3721,튜토리얼완료,2025-01-13 09:00:00
8244,3722,가입,2025-02-14 00:00:00
8245,3722,튜토리얼완료,2025-02-15 00:00:00
8246,3723,가입,2025-01-19 00:00:00
8247,3723,튜토리얼완료,2025-01-19 01:00:00
8248,3724,가입,2025-01-24 00:00:00
8249,3725,가입,2025-01-02 00:00:00
8250,3726,가입,2025-05-01 00:00:00
8251,3726,튜토리얼완료,2025-05-03 13:00:00
8252,3726,첫결제,2025-05-08 20:20:00
8253,3727,가입,2025-01-08 00:00:00
8254,3727,튜토리얼완료,2025-01-08 15:00:00
8255,3727,첫결제,2025-01-27 03:27:00
8256,3728,가입,2025-02-14 00:00:00
8257,3728,튜토리얼완료,2025-02-17 11:00:00
8258,3729,가입,2025-02-15 00:00:00
8259,3729,튜토리얼완료,2025-02-17 12:00:00
8260,3730,가입,2025-02-28 00:00:00
8261,3730,튜토리얼완료,2025-03-03 06:00:00
8262,3731,가입,2025-01-11 00:00:00
8263,3731,튜토리얼완료,2025-01-12 23:00:00
8264,3731,첫결제,2025-03-01 02:57:00
8265,3732,가입,2025-04-04 00:00:00
8266,3732,튜토리얼완료,2025-04-06 13:00:00
8267,3732,첫결제,2025-04-18 22:17:00
8268,3733,가입,2025-01-27 00:00:00
8269,3733,튜토리얼완료,2025-01-30 15:00:00
8270,3734,가입,2025-02-04 00:00:00
8271,3734,튜토리얼완료,2025-02-05 08:00:00
8272,3735,가입,2025-01-10 00:00:00
8273,3735,튜토리얼완료,2025-01-11 22:00:00
8274,3736,가입,2025-01-13 00:00:00
8275,3736,튜토리얼완료,2025-01-13 01:00:00
8276,3737,가입,2025-01-04 00:00:00
8277,3737,튜토리얼완료,2025-01-07 14:00:00
8278,3738,가입,2025-01-01 00:00:00
8279,3738,튜토리얼완료,2025-01-01 04:00:00
8280,3739,가입,2025-04-29 00:00:00
8281,3739,튜토리얼완료,2025-05-02 13:00:00
8282,3739,첫결제,2025-05-21 21:37:00
8283,3740,가입,2025-01-02 00:00:00
8284,3741,가입,2025-02-05 00:00:00
8285,3741,튜토리얼완료,2025-02-08 07:00:00
8286,3742,가입,2025-05-23 00:00:00
8287,3742,튜토리얼완료,2025-05-24 20:00:00
8288,3743,가입,2025-02-08 00:00:00
8289,3743,튜토리얼완료,2025-02-11 14:00:00
8290,3744,가입,2025-01-10 00:00:00
8291,3744,튜토리얼완료,2025-01-12 10:00:00
8292,3744,첫결제,2025-01-24 15:05:00
8293,3745,가입,2025-05-29 00:00:00
8294,3745,첫결제,2025-05-30 22:20:00
8295,3746,가입,2025-03-17 00:00:00
8296,3746,튜토리얼완료,2025-03-18 15:00:00
8297,3747,가입,2025-01-02 00:00:00
8298,3747,튜토리얼완료,2025-01-03 15:00:00
8299,3748,가입,2025-04-01 00:00:00
8300,3748,튜토리얼완료,2025-04-02 04:00:00
8301,3748,첫결제,2025-04-08 05:53:00
8302,3749,가입,2025-03-14 00:00:00
8303,3749,튜토리얼완료,2025-03-17 08:00:00
8304,3749,첫결제,2025-03-22 00:19:00
8305,3750,가입,2025-04-20 00:00:00
8306,3750,튜토리얼완료,2025-04-20 00:00:00
8307,3750,첫결제,2025-04-25 07:43:00
8308,3751,가입,2025-03-05 00:00:00
8309,3751,튜토리얼완료,2025-03-08 10:00:00
8310,3752,가입,2025-01-14 00:00:00
8311,3752,튜토리얼완료,2025-01-14 14:00:00
8312,3753,가입,2025-03-06 00:00:00
8313,3753,튜토리얼완료,2025-03-08 10:00:00
8314,3754,가입,2025-03-17 00:00:00
8315,3754,튜토리얼완료,2025-03-20 08:00:00
8316,3755,가입,2025-04-08 00:00:00
8317,3755,튜토리얼완료,2025-04-09 19:00:00
8318,3755,첫결제,2025-04-11 06:21:00
8319,3756,가입,2025-01-31 00:00:00
8320,3756,튜토리얼완료,2025-02-01 15:00:00
8321,3757,가입,2025-02-04 00:00:00
8322,3757,튜토리얼완료,2025-02-04 20:00:00
8323,3758,가입,2025-02-15 00:00:00
8324,3758,튜토리얼완료,2025-02-16 01:00:00
8325,3759,가입,2025-02-11 00:00:00
8326,3759,튜토리얼완료,2025-02-11 16:00:00
8327,3760,가입,2025-02-04 00:00:00
8328,3760,튜토리얼완료,2025-02-07 17:00:00
8329,3760,첫결제,2025-02-04 22:11:00
8330,3761,가입,2025-01-20 00:00:00
8331,3761,튜토리얼완료,2025-01-22 07:00:00
8332,3762,가입,2025-01-11 00:00:00
8333,3762,튜토리얼완료,2025-01-11 02:00:00
8334,3763,가입,2025-03-06 00:00:00
8335,3763,첫결제,2025-04-10 23:00:00
8336,3764,가입,2025-04-02 00:00:00
8337,3764,튜토리얼완료,2025-04-03 23:00:00
8338,3765,가입,2025-02-13 00:00:00
8339,3765,튜토리얼완료,2025-02-13 15:00:00
8340,3766,가입,2025-02-10 00:00:00
8341,3766,튜토리얼완료,2025-02-13 12:00:00
8342,3767,가입,2025-06-13 00:00:00
8343,3767,튜토리얼완료,2025-06-15 09:00:00
8344,3768,가입,2025-03-12 00:00:00
8345,3768,튜토리얼완료,2025-03-15 02:00:00
8346,3769,가입,2025-02-07 00:00:00
8347,3770,가입,2025-02-01 00:00:00
8348,3770,튜토리얼완료,2025-02-01 19:00:00
8349,3771,가입,2025-01-29 00:00:00
8350,3771,튜토리얼완료,2025-01-29 04:00:00
8351,3771,첫결제,2025-04-21 15:17:00
8352,3772,가입,2025-02-20 00:00:00
8353,3772,튜토리얼완료,2025-02-23 18:00:00
8354,3772,첫결제,2025-02-20 23:11:00
8355,3773,가입,2025-02-20 00:00:00
8356,3773,튜토리얼완료,2025-02-20 15:00:00
8357,3774,가입,2025-04-05 00:00:00
8358,3774,튜토리얼완료,2025-04-05 08:00:00
8359,3775,가입,2025-01-15 00:00:00
8360,3775,튜토리얼완료,2025-01-16 15:00:00
8361,3776,가입,2025-04-08 00:00:00
8362,3776,튜토리얼완료,2025-04-11 14:00:00
8363,3777,가입,2025-03-10 00:00:00
8364,3777,튜토리얼완료,2025-03-11 17:00:00
8365,3778,가입,2025-01-26 00:00:00
8366,3778,튜토리얼완료,2025-01-27 14:00:00
8367,3779,가입,2025-01-18 00:00:00
8368,3779,튜토리얼완료,2025-01-18 20:00:00
8369,3780,가입,2025-03-09 00:00:00
8370,3780,튜토리얼완료,2025-03-09 16:00:00
8371,3781,가입,2025-02-13 00:00:00
8372,3781,튜토리얼완료,2025-02-15 08:00:00
8373,3782,가입,2025-01-11 00:00:00
8374,3782,튜토리얼완료,2025-01-11 01:00:00
8375,3782,첫결제,2025-01-18 02:22:00
8376,3783,가입,2025-02-05 00:00:00
8377,3783,튜토리얼완료,2025-02-06 10:00:00
8378,3784,가입,2025-03-15 00:00:00
8379,3784,튜토리얼완료,2025-03-18 08:00:00
8380,3784,첫결제,2025-04-22 11:21:00
8381,3785,가입,2025-03-13 00:00:00
8382,3785,튜토리얼완료,2025-03-15 00:00:00
8383,3786,가입,2025-02-20 00:00:00
8384,3786,튜토리얼완료,2025-02-23 14:00:00
8385,3787,가입,2025-03-12 00:00:00
8386,3787,튜토리얼완료,2025-03-14 21:00:00
8387,3787,첫결제,2025-03-21 08:51:00
8388,3788,가입,2025-02-25 00:00:00
8389,3788,튜토리얼완료,2025-02-26 09:00:00
8390,3789,가입,2025-02-19 00:00:00
8391,3789,튜토리얼완료,2025-02-19 12:00:00
8392,3789,첫결제,2025-02-23 22:13:00
8393,3790,가입,2025-01-19 00:00:00
8394,3790,튜토리얼완료,2025-01-19 18:00:00
8395,3791,가입,2025-03-17 00:00:00
8396,3791,튜토리얼완료,2025-03-17 14:00:00
8397,3792,가입,2025-02-12 00:00:00
8398,3792,튜토리얼완료,2025-02-12 19:00:00
8399,3793,가입,2025-03-30 00:00:00
8400,3793,튜토리얼완료,2025-03-30 16:00:00
8401,3794,가입,2025-03-10 00:00:00
8402,3794,튜토리얼완료,2025-03-10 20:00:00
8403,3794,첫결제,2025-03-22 21:41:00
8404,3795,가입,2025-01-03 00:00:00
8405,3795,튜토리얼완료,2025-01-06 12:00:00
8406,3796,가입,2025-02-05 00:00:00
8407,3796,튜토리얼완료,2025-02-07 13:00:00
8408,3797,가입,2025-01-28 00:00:00
8409,3797,튜토리얼완료,2025-01-30 04:00:00
8410,3798,가입,2025-01-20 00:00:00
8411,3798,튜토리얼완료,2025-01-21 21:00:00
8412,3799,가입,2025-02-20 00:00:00
8413,3800,가입,2025-01-18 00:00:00
8414,3800,튜토리얼완료,2025-01-21 22:00:00
8415,3801,가입,2025-01-10 00:00:00
8416,3801,튜토리얼완료,2025-01-12 04:00:00
8417,3801,첫결제,2025-02-17 19:27:00
8418,3802,가입,2025-01-11 00:00:00
8419,3802,튜토리얼완료,2025-01-13 18:00:00
8420,3802,첫결제,2025-03-11 21:36:00
8421,3803,가입,2025-01-12 00:00:00
8422,3804,가입,2025-02-18 00:00:00
8423,3804,튜토리얼완료,2025-02-18 22:00:00
8424,3804,첫결제,2025-02-24 05:39:00
8425,3805,가입,2025-06-13 00:00:00
8426,3805,튜토리얼완료,2025-06-16 04:00:00
8427,3805,첫결제,2025-06-16 22:53:00
8428,3806,가입,2025-01-24 00:00:00
8429,3806,튜토리얼완료,2025-01-24 11:00:00
8430,3807,가입,2025-04-12 00:00:00
8431,3807,첫결제,2025-04-21 23:06:00
8432,3808,가입,2025-01-12 00:00:00
8433,3808,튜토리얼완료,2025-01-12 22:00:00
8434,3809,가입,2025-01-25 00:00:00
8435,3809,튜토리얼완료,2025-01-27 03:00:00
8436,3810,가입,2025-04-11 00:00:00
8437,3810,튜토리얼완료,2025-04-14 23:00:00
8438,3810,첫결제,2025-04-11 22:14:00
8439,3811,가입,2025-03-12 00:00:00
8440,3811,튜토리얼완료,2025-03-13 00:00:00
8441,3812,가입,2025-03-14 00:00:00
8442,3812,튜토리얼완료,2025-03-16 03:00:00
8443,3812,첫결제,2025-03-17 07:34:00
8444,3813,가입,2025-03-29 00:00:00
8445,3813,튜토리얼완료,2025-03-31 14:00:00
8446,3813,첫결제,2025-06-04 14:17:00
8447,3814,가입,2025-06-16 00:00:00
8448,3814,튜토리얼완료,2025-06-19 16:00:00
8449,3814,첫결제,2025-06-25 10:51:00
8450,3815,가입,2025-03-06 00:00:00
8451,3815,튜토리얼완료,2025-03-06 20:00:00
8452,3816,가입,2025-01-09 00:00:00
8453,3816,튜토리얼완료,2025-01-11 13:00:00
8454,3817,가입,2025-04-03 00:00:00
8455,3817,튜토리얼완료,2025-04-05 04:00:00
8456,3818,가입,2025-03-24 00:00:00
8457,3818,튜토리얼완료,2025-03-26 22:00:00
8458,3819,가입,2025-04-07 00:00:00
8459,3819,튜토리얼완료,2025-04-07 02:00:00
8460,3819,첫결제,2025-05-05 18:50:00
8461,3820,가입,2025-01-21 00:00:00
8462,3820,튜토리얼완료,2025-01-22 00:00:00
8463,3821,가입,2025-02-16 00:00:00
8464,3821,튜토리얼완료,2025-02-18 14:00:00
8465,3822,가입,2025-01-05 00:00:00
8466,3822,튜토리얼완료,2025-01-05 11:00:00
8467,3822,첫결제,2025-01-05 09:02:00
8468,3823,가입,2025-01-21 00:00:00
8469,3823,튜토리얼완료,2025-01-23 14:00:00
8470,3824,가입,2025-02-04 00:00:00
8471,3824,첫결제,2025-03-03 22:49:00
8472,3825,가입,2025-01-27 00:00:00
8473,3825,튜토리얼완료,2025-01-27 01:00:00
8474,3826,가입,2025-04-05 00:00:00
8475,3826,튜토리얼완료,2025-04-05 08:00:00
8476,3827,가입,2025-01-27 00:00:00
8477,3827,튜토리얼완료,2025-01-28 11:00:00
8478,3828,가입,2025-06-29 00:00:00
8479,3829,가입,2025-01-23 00:00:00
8480,3829,튜토리얼완료,2025-01-25 13:00:00
8481,3829,첫결제,2025-01-26 22:20:00
8482,3830,가입,2025-02-12 00:00:00
8483,3830,튜토리얼완료,2025-02-15 23:00:00
8484,3831,가입,2025-01-05 00:00:00
8485,3831,튜토리얼완료,2025-01-05 05:00:00
8486,3832,가입,2025-02-19 00:00:00
8487,3832,튜토리얼완료,2025-02-19 10:00:00
8488,3832,첫결제,2025-03-01 14:02:00
8489,3833,가입,2025-01-29 00:00:00
8490,3833,튜토리얼완료,2025-01-31 15:00:00
8491,3834,가입,2025-06-29 00:00:00
8492,3834,튜토리얼완료,2025-06-30 21:00:00
8493,3835,가입,2025-02-10 00:00:00
8494,3835,튜토리얼완료,2025-02-12 20:00:00
8495,3836,가입,2025-01-05 00:00:00
8496,3836,튜토리얼완료,2025-01-08 01:00:00
8497,3836,첫결제,2025-01-05 13:15:00
8498,3837,가입,2025-01-06 00:00:00
8499,3837,튜토리얼완료,2025-01-06 22:00:00
8500,3837,첫결제,2025-01-07 22:38:00
8501,3838,가입,2025-01-05 00:00:00
8502,3838,튜토리얼완료,2025-01-07 17:00:00
8503,3839,가입,2025-01-23 00:00:00
8504,3839,튜토리얼완료,2025-01-26 08:00:00
8505,3840,가입,2025-01-21 00:00:00
8506,3840,첫결제,2025-02-03 22:21:00
8507,3841,가입,2025-06-29 00:00:00
8508,3841,튜토리얼완료,2025-06-29 05:00:00
8509,3842,가입,2025-01-12 00:00:00
8510,3842,튜토리얼완료,2025-01-15 18:00:00
8511,3843,가입,2025-03-03 00:00:00
8512,3843,튜토리얼완료,2025-03-03 00:00:00
8513,3843,첫결제,2025-04-22 20:15:00
8514,3844,가입,2025-01-30 00:00:00
8515,3844,튜토리얼완료,2025-02-02 19:00:00
8516,3845,가입,2025-03-06 00:00:00
8517,3845,튜토리얼완료,2025-03-06 10:00:00
8518,3846,가입,2025-01-21 00:00:00
8519,3846,튜토리얼완료,2025-01-21 00:00:00
8520,3846,첫결제,2025-03-03 06:29:00
8521,3847,가입,2025-01-04 00:00:00
8522,3847,첫결제,2025-03-31 20:37:00
8523,3848,가입,2025-01-14 00:00:00
8524,3848,튜토리얼완료,2025-01-17 02:00:00
8525,3849,가입,2025-01-25 00:00:00
8526,3849,튜토리얼완료,2025-01-26 19:00:00
8527,3849,첫결제,2025-02-01 19:43:00
8528,3850,가입,2025-05-07 00:00:00
8529,3850,튜토리얼완료,2025-05-08 21:00:00
8530,3851,가입,2025-03-12 00:00:00
8531,3851,튜토리얼완료,2025-03-14 14:00:00
8532,3851,첫결제,2025-03-19 16:45:00
8533,3852,가입,2025-01-14 00:00:00
8534,3852,튜토리얼완료,2025-01-15 15:00:00
8535,3853,가입,2025-02-04 00:00:00
8536,3853,첫결제,2025-02-05 23:08:00
8537,3854,가입,2025-01-22 00:00:00
8538,3854,튜토리얼완료,2025-01-23 18:00:00
8539,3855,가입,2025-01-02 00:00:00
8540,3855,튜토리얼완료,2025-01-05 08:00:00
8541,3856,가입,2025-01-10 00:00:00
8542,3856,첫결제,2025-02-04 22:11:00
8543,3857,가입,2025-03-15 00:00:00
8544,3857,튜토리얼완료,2025-03-17 00:00:00
8545,3858,가입,2025-02-22 00:00:00
8546,3858,튜토리얼완료,2025-02-22 04:00:00
8547,3859,가입,2025-01-28 00:00:00
8548,3859,첫결제,2025-01-31 22:51:00
8549,3860,가입,2025-03-04 00:00:00
8550,3860,튜토리얼완료,2025-03-06 20:00:00
8551,3861,가입,2025-04-12 00:00:00
8552,3861,튜토리얼완료,2025-04-15 16:00:00
8553,3861,첫결제,2025-04-12 19:59:00
8554,3862,가입,2025-04-08 00:00:00
8555,3862,튜토리얼완료,2025-04-09 14:00:00
8556,3863,가입,2025-01-09 00:00:00
8557,3863,튜토리얼완료,2025-01-11 19:00:00
8558,3864,가입,2025-05-25 00:00:00
8559,3864,튜토리얼완료,2025-05-26 22:00:00
8560,3865,가입,2025-01-11 00:00:00
8561,3865,튜토리얼완료,2025-01-11 23:00:00
8562,3866,가입,2025-03-18 00:00:00
8563,3866,튜토리얼완료,2025-03-19 04:00:00
8564,3867,가입,2025-01-07 00:00:00
8565,3867,튜토리얼완료,2025-01-10 04:00:00
8566,3868,가입,2025-01-14 00:00:00
8567,3868,튜토리얼완료,2025-01-15 09:00:00
8568,3869,가입,2025-03-20 00:00:00
8569,3869,튜토리얼완료,2025-03-21 13:00:00
8570,3870,가입,2025-01-19 00:00:00
8571,3870,튜토리얼완료,2025-01-22 07:00:00
8572,3870,첫결제,2025-01-28 20:04:00
8573,3871,가입,2025-01-19 00:00:00
8574,3871,튜토리얼완료,2025-01-19 19:00:00
8575,3872,가입,2025-06-03 00:00:00
8576,3872,튜토리얼완료,2025-06-06 08:00:00
8577,3873,가입,2025-01-10 00:00:00
8578,3873,튜토리얼완료,2025-01-13 12:00:00
8579,3874,가입,2025-02-23 00:00:00
8580,3874,튜토리얼완료,2025-02-23 05:00:00
8581,3874,첫결제,2025-03-01 19:15:00
8582,3875,가입,2025-04-15 00:00:00
8583,3875,튜토리얼완료,2025-04-17 21:00:00
8584,3876,가입,2025-02-22 00:00:00
8585,3876,튜토리얼완료,2025-02-24 19:00:00
8586,3876,첫결제,2025-03-05 05:20:00
8587,3877,가입,2025-01-30 00:00:00
8588,3877,튜토리얼완료,2025-01-30 12:00:00
8589,3878,가입,2025-01-02 00:00:00
8590,3878,튜토리얼완료,2025-01-03 21:00:00
8591,3878,첫결제,2025-01-04 02:23:00
8592,3879,가입,2025-03-08 00:00:00
8593,3879,튜토리얼완료,2025-03-10 11:00:00
8594,3880,가입,2025-03-07 00:00:00
8595,3880,튜토리얼완료,2025-03-07 22:00:00
8596,3881,가입,2025-02-19 00:00:00
8597,3881,튜토리얼완료,2025-02-20 22:00:00
8598,3882,가입,2025-02-17 00:00:00
8599,3882,튜토리얼완료,2025-02-17 02:00:00
8600,3882,첫결제,2025-02-25 19:19:00
8601,3883,가입,2025-03-11 00:00:00
8602,3884,가입,2025-01-10 00:00:00
8603,3884,튜토리얼완료,2025-01-12 20:00:00
8604,3884,첫결제,2025-01-31 17:47:00
8605,3885,가입,2025-01-27 00:00:00
8606,3885,튜토리얼완료,2025-01-29 01:00:00
8607,3886,가입,2025-05-07 00:00:00
8608,3887,가입,2025-01-05 00:00:00
8609,3887,튜토리얼완료,2025-01-07 13:00:00
8610,3887,첫결제,2025-01-23 21:36:00
8611,3888,가입,2025-06-26 00:00:00
8612,3889,가입,2025-03-26 00:00:00
8613,3889,튜토리얼완료,2025-03-27 17:00:00
8614,3889,첫결제,2025-05-29 19:17:00
8615,3890,가입,2025-01-25 00:00:00
8616,3890,첫결제,2025-03-03 17:28:00
8617,3891,가입,2025-02-08 00:00:00
8618,3891,튜토리얼완료,2025-02-09 10:00:00
8619,3892,가입,2025-03-13 00:00:00
8620,3892,튜토리얼완료,2025-03-16 07:00:00
8621,3893,가입,2025-01-05 00:00:00
8622,3893,튜토리얼완료,2025-01-05 01:00:00
8623,3894,가입,2025-02-13 00:00:00
8624,3894,튜토리얼완료,2025-02-13 16:00:00
8625,3894,첫결제,2025-03-02 22:01:00
8626,3895,가입,2025-02-26 00:00:00
8627,3895,튜토리얼완료,2025-02-28 20:00:00
8628,3896,가입,2025-04-07 00:00:00
8629,3896,튜토리얼완료,2025-04-08 19:00:00
8630,3897,가입,2025-04-16 00:00:00
8631,3897,튜토리얼완료,2025-04-19 02:00:00
8632,3898,가입,2025-06-18 00:00:00
8633,3898,첫결제,2025-06-18 03:50:00
8634,3899,가입,2025-02-14 00:00:00
8635,3899,튜토리얼완료,2025-02-14 23:00:00
8636,3899,첫결제,2025-02-23 22:12:00
8637,3900,가입,2025-04-24 00:00:00
8638,3900,튜토리얼완료,2025-04-27 10:00:00
8639,3901,가입,2025-01-18 00:00:00
8640,3901,튜토리얼완료,2025-01-19 06:00:00
8641,3901,첫결제,2025-02-13 09:08:00
8642,3902,가입,2025-02-16 00:00:00
8643,3902,튜토리얼완료,2025-02-19 03:00:00
8644,3902,첫결제,2025-02-24 23:14:00
8645,3903,가입,2025-03-02 00:00:00
8646,3903,튜토리얼완료,2025-03-03 02:00:00
8647,3904,가입,2025-02-03 00:00:00
8648,3905,가입,2025-02-22 00:00:00
8649,3905,튜토리얼완료,2025-02-24 01:00:00
8650,3906,가입,2025-05-19 00:00:00
8651,3906,튜토리얼완료,2025-05-19 06:00:00
8652,3907,가입,2025-03-04 00:00:00
8653,3907,튜토리얼완료,2025-03-06 02:00:00
8654,3908,가입,2025-02-09 00:00:00
8655,3908,튜토리얼완료,2025-02-10 10:00:00
8656,3909,가입,2025-05-11 00:00:00
8657,3909,튜토리얼완료,2025-05-11 06:00:00
8658,3910,가입,2025-05-22 00:00:00
8659,3910,튜토리얼완료,2025-05-24 09:00:00
8660,3911,가입,2025-02-19 00:00:00
8661,3911,튜토리얼완료,2025-02-19 10:00:00
8662,3912,가입,2025-02-08 00:00:00
8663,3912,튜토리얼완료,2025-02-11 07:00:00
8664,3913,가입,2025-04-10 00:00:00
8665,3913,튜토리얼완료,2025-04-13 19:00:00
8666,3914,가입,2025-06-09 00:00:00
8667,3914,튜토리얼완료,2025-06-11 15:00:00
8668,3915,가입,2025-02-02 00:00:00
8669,3916,가입,2025-02-05 00:00:00
8670,3916,튜토리얼완료,2025-02-08 18:00:00
8671,3916,첫결제,2025-02-22 22:43:00
8672,3917,가입,2025-04-15 00:00:00
8673,3917,튜토리얼완료,2025-04-17 20:00:00
8674,3918,가입,2025-02-10 00:00:00
8675,3918,튜토리얼완료,2025-02-13 13:00:00
8676,3918,첫결제,2025-02-17 21:05:00
8677,3919,가입,2025-02-12 00:00:00
8678,3919,튜토리얼완료,2025-02-14 13:00:00
8679,3919,첫결제,2025-02-13 00:29:00
8680,3920,가입,2025-03-05 00:00:00
8681,3920,튜토리얼완료,2025-03-06 13:00:00
8682,3921,가입,2025-01-09 00:00:00
8683,3921,튜토리얼완료,2025-01-10 17:00:00
8684,3921,첫결제,2025-01-14 15:11:00
8685,3922,가입,2025-02-21 00:00:00
8686,3922,튜토리얼완료,2025-02-22 08:00:00
8687,3923,가입,2025-01-06 00:00:00
8688,3923,튜토리얼완료,2025-01-07 14:00:00
8689,3923,첫결제,2025-02-26 21:54:00
8690,3924,가입,2025-01-05 00:00:00
8691,3925,가입,2025-03-29 00:00:00
8692,3925,튜토리얼완료,2025-03-31 04:00:00
8693,3925,첫결제,2025-04-23 23:03:00
8694,3926,가입,2025-02-18 00:00:00
8695,3926,튜토리얼완료,2025-02-21 14:00:00
8696,3927,가입,2025-01-02 00:00:00
8697,3927,튜토리얼완료,2025-01-05 11:00:00
8698,3927,첫결제,2025-01-21 10:28:00
8699,3928,가입,2025-02-17 00:00:00
8700,3928,튜토리얼완료,2025-02-20 13:00:00
8701,3929,가입,2025-02-26 00:00:00
8702,3929,튜토리얼완료,2025-02-27 10:00:00
8703,3929,첫결제,2025-03-07 19:58:00
8704,3930,가입,2025-01-13 00:00:00
8705,3930,튜토리얼완료,2025-01-14 00:00:00
8706,3930,첫결제,2025-01-13 22:45:00
8707,3931,가입,2025-01-13 00:00:00
8708,3931,튜토리얼완료,2025-01-16 02:00:00
8709,3931,첫결제,2025-01-15 21:54:00
8710,3932,가입,2025-01-06 00:00:00
8711,3932,튜토리얼완료,2025-01-07 19:00:00
8712,3933,가입,2025-02-03 00:00:00
8713,3934,가입,2025-03-01 00:00:00
8714,3934,튜토리얼완료,2025-03-04 00:00:00
8715,3934,첫결제,2025-03-03 02:33:00
8716,3935,가입,2025-06-29 00:00:00
8717,3935,튜토리얼완료,2025-07-02 18:00:00
8718,3936,가입,2025-01-16 00:00:00
8719,3936,튜토리얼완료,2025-01-17 05:00:00
8720,3937,가입,2025-03-01 00:00:00
8721,3937,튜토리얼완료,2025-03-02 01:00:00
8722,3937,첫결제,2025-03-14 23:34:00
8723,3938,가입,2025-01-31 00:00:00
8724,3938,튜토리얼완료,2025-02-01 04:00:00
8725,3938,첫결제,2025-02-03 19:09:00
8726,3939,가입,2025-02-25 00:00:00
8727,3939,튜토리얼완료,2025-02-27 17:00:00
8728,3940,가입,2025-03-23 00:00:00
8729,3940,튜토리얼완료,2025-03-24 01:00:00
8730,3941,가입,2025-01-29 00:00:00
8731,3941,튜토리얼완료,2025-01-31 09:00:00
8732,3941,첫결제,2025-02-14 18:38:00
8733,3942,가입,2025-01-06 00:00:00
8734,3942,튜토리얼완료,2025-01-06 20:00:00
8735,3943,가입,2025-04-01 00:00:00
8736,3943,튜토리얼완료,2025-04-04 07:00:00
8737,3943,첫결제,2025-04-06 04:33:00
8738,3944,가입,2025-02-14 00:00:00
8739,3944,첫결제,2025-03-13 15:48:00
8740,3945,가입,2025-05-19 00:00:00
8741,3945,튜토리얼완료,2025-05-22 06:00:00
8742,3946,가입,2025-01-13 00:00:00
8743,3946,첫결제,2025-02-17 23:06:00
8744,3947,가입,2025-01-09 00:00:00
8745,3947,첫결제,2025-02-03 19:49:00
8746,3948,가입,2025-01-11 00:00:00
8747,3949,가입,2025-06-29 00:00:00
8748,3949,튜토리얼완료,2025-06-30 07:00:00
8749,3950,가입,2025-04-20 00:00:00
8750,3950,튜토리얼완료,2025-04-21 22:00:00
8751,3950,첫결제,2025-05-05 20:03:00
8752,3951,가입,2025-01-19 00:00:00
8753,3951,튜토리얼완료,2025-01-21 10:00:00
8754,3952,가입,2025-01-22 00:00:00
8755,3952,튜토리얼완료,2025-01-23 15:00:00
8756,3952,첫결제,2025-02-08 21:12:00
8757,3953,가입,2025-03-01 00:00:00
8758,3953,튜토리얼완료,2025-03-03 04:00:00
8759,3954,가입,2025-02-03 00:00:00
8760,3954,튜토리얼완료,2025-02-05 12:00:00
8761,3955,가입,2025-01-20 00:00:00
8762,3955,튜토리얼완료,2025-01-22 01:00:00
8763,3955,첫결제,2025-01-21 23:06:00
8764,3956,가입,2025-01-24 00:00:00
8765,3956,튜토리얼완료,2025-01-25 07:00:00
8766,3957,가입,2025-05-05 00:00:00
8767,3957,튜토리얼완료,2025-05-05 14:00:00
8768,3958,가입,2025-03-08 00:00:00
8769,3958,튜토리얼완료,2025-03-10 20:00:00
8770,3959,가입,2025-05-06 00:00:00
8771,3959,튜토리얼완료,2025-05-08 17:00:00
8772,3959,첫결제,2025-05-09 22:11:00
8773,3960,가입,2025-06-09 00:00:00
8774,3960,튜토리얼완료,2025-06-12 14:00:00
8775,3960,첫결제,2025-06-15 01:30:00
8776,3961,가입,2025-03-06 00:00:00
8777,3961,튜토리얼완료,2025-03-08 23:00:00
8778,3962,가입,2025-03-01 00:00:00
8779,3962,첫결제,2025-04-19 00:53:00
8780,3963,가입,2025-01-10 00:00:00
8781,3963,튜토리얼완료,2025-01-12 10:00:00
8782,3963,첫결제,2025-01-14 08:54:00
8783,3964,가입,2025-02-13 00:00:00
8784,3964,튜토리얼완료,2025-02-13 05:00:00
8785,3965,가입,2025-01-22 00:00:00
8786,3966,가입,2025-05-29 00:00:00
8787,3966,튜토리얼완료,2025-05-31 16:00:00
8788,3966,첫결제,2025-06-16 23:24:00
8789,3967,가입,2025-01-20 00:00:00
8790,3967,튜토리얼완료,2025-01-21 10:00:00
8791,3968,가입,2025-01-25 00:00:00
8792,3968,튜토리얼완료,2025-01-26 06:00:00
8793,3969,가입,2025-06-02 00:00:00
8794,3969,튜토리얼완료,2025-06-04 22:00:00
8795,3970,가입,2025-06-29 00:00:00
8796,3970,튜토리얼완료,2025-06-29 11:00:00
8797,3971,가입,2025-03-01 00:00:00
8798,3971,튜토리얼완료,2025-03-02 23:00:00
8799,3972,가입,2025-02-19 00:00:00
8800,3973,가입,2025-01-21 00:00:00
8801,3973,튜토리얼완료,2025-01-23 00:00:00
8802,3974,가입,2025-03-29 00:00:00
8803,3974,튜토리얼완료,2025-04-01 23:00:00
8804,3974,첫결제,2025-04-04 14:38:00
8805,3975,가입,2025-02-11 00:00:00
8806,3975,튜토리얼완료,2025-02-14 14:00:00
8807,3976,가입,2025-02-15 00:00:00
8808,3976,튜토리얼완료,2025-02-16 19:00:00
8809,3977,가입,2025-02-10 00:00:00
8810,3977,튜토리얼완료,2025-02-13 13:00:00
8811,3978,가입,2025-02-08 00:00:00
8812,3978,튜토리얼완료,2025-02-10 06:00:00
8813,3979,가입,2025-01-20 00:00:00
8814,3979,튜토리얼완료,2025-01-21 02:00:00
8815,3979,첫결제,2025-01-21 12:26:00
8816,3980,가입,2025-06-29 00:00:00
8817,3980,튜토리얼완료,2025-07-02 19:00:00
8818,3981,가입,2025-03-21 00:00:00
8819,3981,튜토리얼완료,2025-03-24 02:00:00
8820,3981,첫결제,2025-03-24 21:44:00
8821,3982,가입,2025-06-29 00:00:00
8822,3982,튜토리얼완료,2025-06-29 20:00:00
8823,3983,가입,2025-06-29 00:00:00
8824,3983,튜토리얼완료,2025-07-01 12:00:00
8825,3984,가입,2025-01-28 00:00:00
8826,3984,튜토리얼완료,2025-01-28 08:00:00
8827,3984,첫결제,2025-02-02 21:24:00
8828,3985,가입,2025-02-09 00:00:00
8829,3985,튜토리얼완료,2025-02-11 08:00:00
8830,3986,가입,2025-04-02 00:00:00
8831,3986,튜토리얼완료,2025-04-04 11:00:00
8832,3986,첫결제,2025-04-03 23:03:00
8833,3987,가입,2025-01-25 00:00:00
8834,3987,튜토리얼완료,2025-01-25 02:00:00
8835,3987,첫결제,2025-01-29 23:08:00
8836,3988,가입,2025-06-03 00:00:00
8837,3988,튜토리얼완료,2025-06-05 03:00:00
8838,3988,첫결제,2025-06-09 21:31:00
8839,3989,가입,2025-02-08 00:00:00
8840,3989,튜토리얼완료,2025-02-10 01:00:00
8841,3989,첫결제,2025-02-09 02:36:00
8842,3990,가입,2025-01-27 00:00:00
8843,3990,튜토리얼완료,2025-01-28 06:00:00
8844,3990,첫결제,2025-02-11 21:52:00
8845,3991,가입,2025-02-02 00:00:00
8846,3991,튜토리얼완료,2025-02-03 03:00:00
8847,3992,가입,2025-01-05 00:00:00
8848,3993,가입,2025-01-22 00:00:00
8849,3993,튜토리얼완료,2025-01-24 01:00:00
8850,3993,첫결제,2025-01-22 03:30:00
8851,3994,가입,2025-06-29 00:00:00
8852,3994,튜토리얼완료,2025-07-01 07:00:00
8853,3994,첫결제,2025-06-29 21:51:00
8854,3995,가입,2025-02-02 00:00:00
8855,3995,튜토리얼완료,2025-02-05 09:00:00
8856,3996,가입,2025-01-29 00:00:00
8857,3996,튜토리얼완료,2025-01-30 10:00:00
8858,3997,가입,2025-02-24 00:00:00
8859,3997,튜토리얼완료,2025-02-27 13:00:00
8860,3998,가입,2025-02-21 00:00:00
8861,3998,튜토리얼완료,2025-02-24 01:00:00
8862,3999,가입,2025-01-08 00:00:00
8863,3999,튜토리얼완료,2025-01-10 02:00:00
8864,4000,가입,2025-03-06 00:00:00
8865,4000,튜토리얼완료,2025-03-09 20:00:00
8866,4001,가입,2025-01-08 00:00:00
8867,4001,튜토리얼완료,2025-01-08 17:00:00
8868,4001,첫결제,2025-01-13 09:54:00
8869,4002,가입,2025-01-14 00:00:00
8870,4003,가입,2025-01-04 00:00:00
8871,4003,튜토리얼완료,2025-01-05 06:00:00
8872,4003,첫결제,2025-01-07 21:28:00
8873,4004,가입,2025-04-03 00:00:00
8874,4004,튜토리얼완료,2025-04-06 09:00:00
8875,4005,가입,2025-03-17 00:00:00
8876,4005,튜토리얼완료,2025-03-18 18:00:00
8877,4005,첫결제,2025-03-18 02:35:00
8878,4006,가입,2025-01-27 00:00:00
8879,4006,튜토리얼완료,2025-01-29 04:00:00
8880,4007,가입,2025-03-07 00:00:00
8881,4008,가입,2025-05-14 00:00:00
8882,4008,튜토리얼완료,2025-05-15 23:00:00
8883,4008,첫결제,2025-05-25 22:07:00
8884,4009,가입,2025-01-12 00:00:00
8885,4009,튜토리얼완료,2025-01-13 12:00:00
8886,4009,첫결제,2025-01-14 21:57:00
8887,4010,가입,2025-01-29 00:00:00
8888,4010,튜토리얼완료,2025-01-29 12:00:00
8889,4011,가입,2025-01-07 00:00:00
8890,4012,가입,2025-01-01 00:00:00
8891,4012,튜토리얼완료,2025-01-03 09:00:00
8892,4012,첫결제,2025-01-02 21:14:00
8893,4013,가입,2025-01-11 00:00:00
8894,4013,튜토리얼완료,2025-01-14 08:00:00
8895,4014,가입,2025-03-02 00:00:00
8896,4014,튜토리얼완료,2025-03-03 12:00:00
8897,4015,가입,2025-02-17 00:00:00
8898,4015,첫결제,2025-02-18 03:19:00
8899,4016,가입,2025-02-01 00:00:00
8900,4016,튜토리얼완료,2025-02-02 13:00:00
8901,4016,첫결제,2025-02-01 19:59:00
8902,4017,가입,2025-02-23 00:00:00
8903,4017,튜토리얼완료,2025-02-26 01:00:00
8904,4018,가입,2025-04-24 00:00:00
8905,4018,튜토리얼완료,2025-04-26 05:00:00
8906,4018,첫결제,2025-04-26 17:37:00
8907,4019,가입,2025-02-20 00:00:00
8908,4019,튜토리얼완료,2025-02-21 06:00:00
8909,4020,가입,2025-03-25 00:00:00
8910,4020,튜토리얼완료,2025-03-28 21:00:00
8911,4020,첫결제,2025-03-31 20:49:00
8912,4021,가입,2025-02-08 00:00:00
8913,4021,튜토리얼완료,2025-02-10 16:00:00
8914,4021,첫결제,2025-02-13 00:22:00
8915,4022,가입,2025-01-03 00:00:00
8916,4022,튜토리얼완료,2025-01-04 19:00:00
8917,4023,가입,2025-02-01 00:00:00
8918,4023,튜토리얼완료,2025-02-02 07:00:00
8919,4023,첫결제,2025-02-09 04:02:00
8920,4024,가입,2025-04-28 00:00:00
8921,4024,튜토리얼완료,2025-04-29 01:00:00
8922,4024,첫결제,2025-05-01 03:21:00
8923,4025,가입,2025-02-24 00:00:00
8924,4025,튜토리얼완료,2025-02-27 03:00:00
8925,4026,가입,2025-06-29 00:00:00
8926,4027,가입,2025-03-01 00:00:00
8927,4027,첫결제,2025-03-23 23:02:00
8928,4028,가입,2025-04-09 00:00:00
8929,4028,튜토리얼완료,2025-04-12 12:00:00
8930,4029,가입,2025-04-19 00:00:00
8931,4029,튜토리얼완료,2025-04-19 08:00:00
8932,4030,가입,2025-02-16 00:00:00
8933,4030,튜토리얼완료,2025-02-19 12:00:00
8934,4031,가입,2025-02-08 00:00:00
8935,4031,튜토리얼완료,2025-02-08 03:00:00
8936,4031,첫결제,2025-02-10 23:19:00
8937,4032,가입,2025-03-01 00:00:00
8938,4032,튜토리얼완료,2025-03-03 00:00:00
8939,4033,가입,2025-04-16 00:00:00
8940,4033,튜토리얼완료,2025-04-17 07:00:00
8941,4034,가입,2025-03-25 00:00:00
8942,4034,튜토리얼완료,2025-03-25 18:00:00
8943,4035,가입,2025-03-20 00:00:00
8944,4035,튜토리얼완료,2025-03-21 21:00:00
8945,4036,가입,2025-01-11 00:00:00
8946,4036,튜토리얼완료,2025-01-14 09:00:00
8947,4037,가입,2025-02-01 00:00:00
8948,4037,튜토리얼완료,2025-02-02 14:00:00
8949,4038,가입,2025-03-14 00:00:00
8950,4038,튜토리얼완료,2025-03-16 09:00:00
8951,4039,가입,2025-02-09 00:00:00
8952,4039,튜토리얼완료,2025-02-10 20:00:00
8953,4039,첫결제,2025-02-13 20:58:00
8954,4040,가입,2025-06-01 00:00:00
8955,4041,가입,2025-01-04 00:00:00
8956,4042,가입,2025-01-23 00:00:00
8957,4042,튜토리얼완료,2025-01-24 14:00:00
8958,4043,가입,2025-01-04 00:00:00
8959,4043,튜토리얼완료,2025-01-06 19:00:00
8960,4043,첫결제,2025-01-05 16:48:00
8961,4044,가입,2025-01-22 00:00:00
8962,4045,가입,2025-01-01 00:00:00
8963,4045,튜토리얼완료,2025-01-01 08:00:00
8964,4046,가입,2025-06-29 00:00:00
8965,4046,튜토리얼완료,2025-06-29 17:00:00
8966,4047,가입,2025-03-02 00:00:00
8967,4047,튜토리얼완료,2025-03-03 10:00:00
8968,4048,가입,2025-02-22 00:00:00
8969,4048,튜토리얼완료,2025-02-25 02:00:00
8970,4049,가입,2025-02-24 00:00:00
8971,4049,튜토리얼완료,2025-02-27 15:00:00
8972,4050,가입,2025-01-24 00:00:00
8973,4050,첫결제,2025-02-08 12:24:00
8974,4051,가입,2025-01-12 00:00:00
8975,4051,튜토리얼완료,2025-01-15 22:00:00
8976,4052,가입,2025-03-07 00:00:00
8977,4052,튜토리얼완료,2025-03-07 21:00:00
8978,4052,첫결제,2025-06-03 20:33:00
8979,4053,가입,2025-01-09 00:00:00
8980,4053,튜토리얼완료,2025-01-10 05:00:00
8981,4053,첫결제,2025-01-10 00:03:00
8982,4054,가입,2025-01-04 00:00:00
8983,4054,튜토리얼완료,2025-01-05 17:00:00
8984,4054,첫결제,2025-01-06 07:00:00
8985,4055,가입,2025-01-27 00:00:00
8986,4055,튜토리얼완료,2025-01-27 21:00:00
8987,4056,가입,2025-02-25 00:00:00
8988,4056,튜토리얼완료,2025-02-27 09:00:00
8989,4056,첫결제,2025-03-05 06:21:00
8990,4057,가입,2025-01-06 00:00:00
8991,4057,튜토리얼완료,2025-01-07 10:00:00
8992,4058,가입,2025-04-21 00:00:00
8993,4058,튜토리얼완료,2025-04-21 08:00:00
8994,4059,가입,2025-02-19 00:00:00
8995,4060,가입,2025-06-10 00:00:00
8996,4060,튜토리얼완료,2025-06-13 02:00:00
8997,4061,가입,2025-01-03 00:00:00
8998,4061,튜토리얼완료,2025-01-06 05:00:00
8999,4061,첫결제,2025-01-05 13:42:00
9000,4062,가입,2025-01-01 00:00:00
9001,4062,튜토리얼완료,2025-01-03 15:00:00
9002,4062,첫결제,2025-01-04 02:46:00
9003,4063,가입,2025-01-19 00:00:00
9004,4063,튜토리얼완료,2025-01-20 10:00:00
9005,4063,첫결제,2025-01-19 03:08:00
9006,4064,가입,2025-01-03 00:00:00
9007,4064,튜토리얼완료,2025-01-05 17:00:00
9008,4064,첫결제,2025-01-05 20:39:00
9009,4065,가입,2025-04-07 00:00:00
9010,4065,튜토리얼완료,2025-04-07 06:00:00
9011,4065,첫결제,2025-05-10 17:45:00
9012,4066,가입,2025-03-20 00:00:00
9013,4066,튜토리얼완료,2025-03-20 02:00:00
9014,4066,첫결제,2025-03-27 21:04:00
9015,4067,가입,2025-02-01 00:00:00
9016,4068,가입,2025-01-12 00:00:00
9017,4068,튜토리얼완료,2025-01-15 04:00:00
9018,4069,가입,2025-02-18 00:00:00
9019,4069,튜토리얼완료,2025-02-19 03:00:00
9020,4070,가입,2025-02-19 00:00:00
9021,4070,튜토리얼완료,2025-02-21 08:00:00
9022,4070,첫결제,2025-02-27 20:15:00
9023,4071,가입,2025-04-07 00:00:00
9024,4071,튜토리얼완료,2025-04-07 15:00:00
9025,4071,첫결제,2025-04-22 22:44:00
9026,4072,가입,2025-01-13 00:00:00
9027,4072,튜토리얼완료,2025-01-15 11:00:00
9028,4072,첫결제,2025-01-13 17:14:00
9029,4073,가입,2025-03-24 00:00:00
9030,4073,튜토리얼완료,2025-03-24 00:00:00
9031,4073,첫결제,2025-05-09 22:37:00
9032,4074,가입,2025-03-12 00:00:00
9033,4074,튜토리얼완료,2025-03-12 07:00:00
9034,4075,가입,2025-02-04 00:00:00
9035,4075,튜토리얼완료,2025-02-05 10:00:00
9036,4076,가입,2025-01-04 00:00:00
9037,4076,튜토리얼완료,2025-01-05 00:00:00
9038,4077,가입,2025-01-08 00:00:00
9039,4077,튜토리얼완료,2025-01-11 06:00:00
9040,4077,첫결제,2025-01-08 19:42:00
9041,4078,가입,2025-01-07 00:00:00
9042,4079,가입,2025-02-17 00:00:00
9043,4079,튜토리얼완료,2025-02-17 20:00:00
9044,4080,가입,2025-04-26 00:00:00
9045,4080,튜토리얼완료,2025-04-26 22:00:00
9046,4081,가입,2025-03-07 00:00:00
9047,4081,튜토리얼완료,2025-03-07 02:00:00
9048,4081,첫결제,2025-03-07 17:25:00
9049,4082,가입,2025-01-17 00:00:00
9050,4082,튜토리얼완료,2025-01-19 13:00:00
9051,4083,가입,2025-02-27 00:00:00
9052,4083,첫결제,2025-03-14 10:17:00
9053,4084,가입,2025-03-10 00:00:00
9054,4084,튜토리얼완료,2025-03-10 06:00:00
9055,4085,가입,2025-06-29 00:00:00
9056,4085,튜토리얼완료,2025-06-30 07:00:00
9057,4086,가입,2025-01-04 00:00:00
9058,4086,튜토리얼완료,2025-01-06 20:00:00
9059,4086,첫결제,2025-02-06 10:44:00
9060,4087,가입,2025-02-19 00:00:00
9061,4087,튜토리얼완료,2025-02-20 05:00:00
9062,4088,가입,2025-05-14 00:00:00
9063,4088,첫결제,2025-05-15 22:33:00
9064,4089,가입,2025-01-04 00:00:00
9065,4089,튜토리얼완료,2025-01-07 08:00:00
9066,4089,첫결제,2025-01-10 19:44:00
9067,4090,가입,2025-01-18 00:00:00
9068,4091,가입,2025-02-27 00:00:00
9069,4091,튜토리얼완료,2025-03-01 16:00:00
9070,4091,첫결제,2025-03-05 20:56:00
9071,4092,가입,2025-01-31 00:00:00
9072,4092,튜토리얼완료,2025-02-02 13:00:00
9073,4092,첫결제,2025-05-19 23:37:00
9074,4093,가입,2025-02-12 00:00:00
9075,4093,튜토리얼완료,2025-02-15 09:00:00
9076,4094,가입,2025-02-11 00:00:00
9077,4094,튜토리얼완료,2025-02-12 21:00:00
9078,4095,가입,2025-03-10 00:00:00
9079,4095,튜토리얼완료,2025-03-11 22:00:00
9080,4096,가입,2025-01-26 00:00:00
9081,4096,튜토리얼완료,2025-01-29 11:00:00
9082,4097,가입,2025-03-15 00:00:00
9083,4097,튜토리얼완료,2025-03-16 18:00:00
9084,4098,가입,2025-04-01 00:00:00
9085,4098,첫결제,2025-04-25 01:17:00
9086,4099,가입,2025-02-24 00:00:00
9087,4099,튜토리얼완료,2025-02-25 16:00:00
9088,4099,첫결제,2025-02-24 16:49:00
9089,4100,가입,2025-01-22 00:00:00
9090,4100,튜토리얼완료,2025-01-23 08:00:00
9091,4101,가입,2025-05-10 00:00:00
9092,4101,튜토리얼완료,2025-05-10 23:00:00
9093,4101,첫결제,2025-05-29 22:49:00
9094,4102,가입,2025-01-03 00:00:00
9095,4102,튜토리얼완료,2025-01-04 14:00:00
9096,4102,첫결제,2025-03-31 15:50:00
9097,4103,가입,2025-02-11 00:00:00
9098,4103,튜토리얼완료,2025-02-14 02:00:00
9099,4103,첫결제,2025-02-13 05:14:00
9100,4104,가입,2025-03-25 00:00:00
9101,4104,튜토리얼완료,2025-03-25 03:00:00
9102,4104,첫결제,2025-04-22 23:14:00
9103,4105,가입,2025-01-29 00:00:00
9104,4105,튜토리얼완료,2025-01-29 17:00:00
9105,4106,가입,2025-01-24 00:00:00
9106,4106,튜토리얼완료,2025-01-26 10:00:00
9107,4107,가입,2025-01-08 00:00:00
9108,4107,튜토리얼완료,2025-01-11 16:00:00
9109,4108,가입,2025-02-05 00:00:00
9110,4108,튜토리얼완료,2025-02-08 10:00:00
9111,4109,가입,2025-06-10 00:00:00
9112,4109,튜토리얼완료,2025-06-12 00:00:00
9113,4110,가입,2025-01-02 00:00:00
9114,4111,가입,2025-01-04 00:00:00
9115,4111,튜토리얼완료,2025-01-06 20:00:00
9116,4112,가입,2025-05-18 00:00:00
9117,4112,튜토리얼완료,2025-05-18 05:00:00
9118,4113,가입,2025-06-29 00:00:00
9119,4113,튜토리얼완료,2025-06-30 11:00:00
9120,4114,가입,2025-02-27 00:00:00
9121,4114,튜토리얼완료,2025-03-02 18:00:00
9122,4115,가입,2025-06-29 00:00:00
9123,4115,튜토리얼완료,2025-06-29 23:00:00
9124,4116,가입,2025-02-17 00:00:00
9125,4117,가입,2025-02-18 00:00:00
9126,4117,튜토리얼완료,2025-02-21 07:00:00
9127,4117,첫결제,2025-03-04 20:17:00
9128,4118,가입,2025-03-19 00:00:00
9129,4118,튜토리얼완료,2025-03-21 19:00:00
9130,4118,첫결제,2025-04-13 21:59:00
9131,4119,가입,2025-06-29 00:00:00
9132,4119,튜토리얼완료,2025-07-01 05:00:00
9133,4120,가입,2025-01-21 00:00:00
9134,4120,튜토리얼완료,2025-01-24 15:00:00
9135,4120,첫결제,2025-01-23 19:02:00
9136,4121,가입,2025-02-15 00:00:00
9137,4121,튜토리얼완료,2025-02-18 21:00:00
9138,4121,첫결제,2025-03-09 12:00:00
9139,4122,가입,2025-06-12 00:00:00
9140,4122,튜토리얼완료,2025-06-13 15:00:00
9141,4123,가입,2025-06-01 00:00:00
9142,4123,튜토리얼완료,2025-06-03 18:00:00
9143,4124,가입,2025-05-15 00:00:00
9144,4124,튜토리얼완료,2025-05-17 07:00:00
9145,4125,가입,2025-03-14 00:00:00
9146,4125,튜토리얼완료,2025-03-17 12:00:00
9147,4125,첫결제,2025-03-18 19:39:00
9148,4126,가입,2025-03-14 00:00:00
9149,4126,튜토리얼완료,2025-03-17 07:00:00
9150,4126,첫결제,2025-03-14 21:58:00
9151,4127,가입,2025-02-17 00:00:00
9152,4127,튜토리얼완료,2025-02-17 23:00:00
9153,4128,가입,2025-01-05 00:00:00
9154,4128,튜토리얼완료,2025-01-06 02:00:00
9155,4129,가입,2025-01-27 00:00:00
9156,4129,튜토리얼완료,2025-01-27 18:00:00
9157,4130,가입,2025-03-25 00:00:00
9158,4130,튜토리얼완료,2025-03-26 18:00:00
9159,4131,가입,2025-01-29 00:00:00
9160,4131,튜토리얼완료,2025-01-31 02:00:00
9161,4132,가입,2025-01-21 00:00:00
9162,4133,가입,2025-01-02 00:00:00
9163,4133,튜토리얼완료,2025-01-02 19:00:00
9164,4134,가입,2025-04-10 00:00:00
9165,4134,첫결제,2025-05-18 15:58:00
9166,4135,가입,2025-02-16 00:00:00
9167,4135,첫결제,2025-03-09 13:40:00
9168,4136,가입,2025-01-30 00:00:00
9169,4136,튜토리얼완료,2025-02-02 14:00:00
9170,4136,첫결제,2025-02-07 07:11:00
9171,4137,가입,2025-03-08 00:00:00
9172,4138,가입,2025-01-11 00:00:00
9173,4139,가입,2025-05-06 00:00:00
9174,4139,튜토리얼완료,2025-05-07 05:00:00
9175,4139,첫결제,2025-06-17 20:51:00
9176,4140,가입,2025-02-20 00:00:00
9177,4140,튜토리얼완료,2025-02-20 20:00:00
9178,4141,가입,2025-05-01 00:00:00
9179,4141,튜토리얼완료,2025-05-02 01:00:00
9180,4141,첫결제,2025-05-01 23:23:00
9181,4142,가입,2025-01-02 00:00:00
9182,4142,튜토리얼완료,2025-01-03 09:00:00
9183,4143,가입,2025-01-12 00:00:00
9184,4144,가입,2025-01-07 00:00:00
9185,4145,가입,2025-01-16 00:00:00
9186,4145,튜토리얼완료,2025-01-17 03:00:00
9187,4146,가입,2025-03-16 00:00:00
9188,4146,튜토리얼완료,2025-03-19 18:00:00
9189,4147,가입,2025-01-08 00:00:00
9190,4147,튜토리얼완료,2025-01-08 04:00:00
9191,4148,가입,2025-06-29 00:00:00
9192,4148,튜토리얼완료,2025-07-02 16:00:00
9193,4149,가입,2025-02-28 00:00:00
9194,4150,가입,2025-04-03 00:00:00
9195,4150,튜토리얼완료,2025-04-03 17:00:00
9196,4150,첫결제,2025-05-03 07:47:00
9197,4151,가입,2025-06-29 00:00:00
9198,4151,튜토리얼완료,2025-06-30 16:00:00
9199,4152,가입,2025-01-26 00:00:00
9200,4152,튜토리얼완료,2025-01-27 05:00:00
9201,4152,첫결제,2025-01-27 23:27:00
9202,4153,가입,2025-03-15 00:00:00
9203,4153,첫결제,2025-03-15 12:50:00
9204,4154,가입,2025-01-05 00:00:00
9205,4154,튜토리얼완료,2025-01-07 12:00:00
9206,4155,가입,2025-01-04 00:00:00
9207,4155,튜토리얼완료,2025-01-05 08:00:00
9208,4156,가입,2025-02-10 00:00:00
9209,4156,튜토리얼완료,2025-02-13 17:00:00
9210,4157,가입,2025-03-05 00:00:00
9211,4157,튜토리얼완료,2025-03-06 03:00:00
9212,4158,가입,2025-03-16 00:00:00
9213,4158,튜토리얼완료,2025-03-18 20:00:00
9214,4158,첫결제,2025-04-11 23:10:00
9215,4159,가입,2025-04-30 00:00:00
9216,4159,튜토리얼완료,2025-05-01 02:00:00
9217,4159,첫결제,2025-04-30 18:49:00
9218,4160,가입,2025-04-11 00:00:00
9219,4160,튜토리얼완료,2025-04-13 19:00:00
9220,4161,가입,2025-02-22 00:00:00
9221,4161,튜토리얼완료,2025-02-23 20:00:00
9222,4162,가입,2025-02-08 00:00:00
9223,4162,튜토리얼완료,2025-02-08 13:00:00
9224,4162,첫결제,2025-02-13 21:16:00
9225,4163,가입,2025-01-30 00:00:00
9226,4163,튜토리얼완료,2025-01-30 20:00:00
9227,4164,가입,2025-01-01 00:00:00
9228,4164,튜토리얼완료,2025-01-01 21:00:00
9229,4165,가입,2025-03-10 00:00:00
9230,4165,튜토리얼완료,2025-03-13 22:00:00
9231,4166,가입,2025-04-26 00:00:00
9232,4166,튜토리얼완료,2025-04-27 15:00:00
9233,4167,가입,2025-03-30 00:00:00
9234,4167,튜토리얼완료,2025-03-31 00:00:00
9235,4168,가입,2025-01-26 00:00:00
9236,4168,튜토리얼완료,2025-01-28 11:00:00
9237,4168,첫결제,2025-01-28 22:34:00
9238,4169,가입,2025-02-08 00:00:00
9239,4169,튜토리얼완료,2025-02-09 08:00:00
9240,4169,첫결제,2025-02-11 02:06:00
9241,4170,가입,2025-01-29 00:00:00
9242,4170,튜토리얼완료,2025-01-31 12:00:00
9243,4171,가입,2025-02-05 00:00:00
9244,4171,튜토리얼완료,2025-02-07 18:00:00
9245,4171,첫결제,2025-02-08 22:55:00
9246,4172,가입,2025-02-17 00:00:00
9247,4173,가입,2025-01-06 00:00:00
9248,4173,튜토리얼완료,2025-01-09 05:00:00
9249,4174,가입,2025-01-17 00:00:00
9250,4174,튜토리얼완료,2025-01-20 19:00:00
9251,4174,첫결제,2025-01-17 04:48:00
9252,4175,가입,2025-01-08 00:00:00
9253,4175,튜토리얼완료,2025-01-08 09:00:00
9254,4175,첫결제,2025-02-13 21:04:00
9255,4176,가입,2025-01-01 00:00:00
9256,4176,튜토리얼완료,2025-01-03 23:00:00
9257,4176,첫결제,2025-02-07 19:23:00
9258,4177,가입,2025-01-23 00:00:00
9259,4177,튜토리얼완료,2025-01-24 06:00:00
9260,4178,가입,2025-02-02 00:00:00
9261,4178,튜토리얼완료,2025-02-03 20:00:00
9262,4179,가입,2025-01-31 00:00:00
9263,4179,튜토리얼완료,2025-02-02 15:00:00
9264,4179,첫결제,2025-02-05 02:16:00
9265,4180,가입,2025-01-03 00:00:00
9266,4180,튜토리얼완료,2025-01-04 00:00:00
9267,4181,가입,2025-04-13 00:00:00
9268,4181,튜토리얼완료,2025-04-16 22:00:00
9269,4181,첫결제,2025-04-21 02:00:00
9270,4182,가입,2025-01-10 00:00:00
9271,4182,튜토리얼완료,2025-01-13 03:00:00
9272,4182,첫결제,2025-03-08 00:36:00
9273,4183,가입,2025-02-25 00:00:00
9274,4183,튜토리얼완료,2025-02-26 23:00:00
9275,4184,가입,2025-02-28 00:00:00
9276,4184,튜토리얼완료,2025-03-01 16:00:00
9277,4184,첫결제,2025-03-05 22:53:00
9278,4185,가입,2025-01-08 00:00:00
9279,4185,튜토리얼완료,2025-01-11 05:00:00
9280,4185,첫결제,2025-01-20 23:49:00
9281,4186,가입,2025-01-03 00:00:00
9282,4186,첫결제,2025-01-12 11:05:00
9283,4187,가입,2025-01-02 00:00:00
9284,4188,가입,2025-01-20 00:00:00
9285,4188,튜토리얼완료,2025-01-20 22:00:00
9286,4189,가입,2025-02-21 00:00:00
9287,4189,튜토리얼완료,2025-02-22 12:00:00
9288,4190,가입,2025-01-09 00:00:00
9289,4190,튜토리얼완료,2025-01-12 16:00:00
9290,4191,가입,2025-01-05 00:00:00
9291,4191,튜토리얼완료,2025-01-05 07:00:00
9292,4191,첫결제,2025-01-05 12:51:00
9293,4192,가입,2025-02-23 00:00:00
9294,4192,튜토리얼완료,2025-02-26 21:00:00
9295,4192,첫결제,2025-02-26 00:50:00
9296,4193,가입,2025-01-10 00:00:00
9297,4194,가입,2025-04-10 00:00:00
9298,4194,튜토리얼완료,2025-04-13 04:00:00
9299,4194,첫결제,2025-06-24 09:31:00
9300,4195,가입,2025-02-10 00:00:00
9301,4195,튜토리얼완료,2025-02-13 06:00:00
9302,4195,첫결제,2025-02-11 03:29:00
9303,4196,가입,2025-02-23 00:00:00
9304,4196,튜토리얼완료,2025-02-24 10:00:00
9305,4196,첫결제,2025-03-14 19:37:00
9306,4197,가입,2025-05-06 00:00:00
9307,4197,튜토리얼완료,2025-05-06 02:00:00
9308,4198,가입,2025-01-11 00:00:00
9309,4199,가입,2025-02-19 00:00:00
9310,4199,튜토리얼완료,2025-02-21 04:00:00
9311,4200,가입,2025-01-26 00:00:00
9312,4200,튜토리얼완료,2025-01-26 14:00:00
9313,4200,첫결제,2025-01-26 21:45:00
9314,4201,가입,2025-01-09 00:00:00
9315,4201,튜토리얼완료,2025-01-10 14:00:00
9316,4202,가입,2025-02-24 00:00:00
9317,4202,튜토리얼완료,2025-02-27 18:00:00
9318,4203,가입,2025-01-03 00:00:00
9319,4203,튜토리얼완료,2025-01-05 10:00:00
9320,4203,첫결제,2025-01-03 22:48:00
9321,4204,가입,2025-04-23 00:00:00
9322,4204,튜토리얼완료,2025-04-26 13:00:00
9323,4204,첫결제,2025-05-01 10:14:00
9324,4205,가입,2025-03-10 00:00:00
9325,4205,튜토리얼완료,2025-03-12 06:00:00
9326,4205,첫결제,2025-03-30 22:06:00
9327,4206,가입,2025-06-29 00:00:00
9328,4206,튜토리얼완료,2025-06-30 10:00:00
9329,4207,가입,2025-02-06 00:00:00
9330,4207,튜토리얼완료,2025-02-07 13:00:00
9331,4208,가입,2025-06-01 00:00:00
9332,4208,첫결제,2025-06-01 21:08:00
9333,4209,가입,2025-01-13 00:00:00
9334,4209,튜토리얼완료,2025-01-16 02:00:00
9335,4209,첫결제,2025-01-15 23:18:00
9336,4210,가입,2025-02-15 00:00:00
9337,4210,튜토리얼완료,2025-02-18 00:00:00
9338,4210,첫결제,2025-02-16 04:05:00
9339,4211,가입,2025-02-15 00:00:00
9340,4211,튜토리얼완료,2025-02-16 19:00:00
9341,4212,가입,2025-03-11 00:00:00
9342,4212,튜토리얼완료,2025-03-14 10:00:00
9343,4213,가입,2025-06-24 00:00:00
9344,4213,튜토리얼완료,2025-06-24 13:00:00
9345,4214,가입,2025-04-06 00:00:00
9346,4214,튜토리얼완료,2025-04-06 14:00:00
9347,4214,첫결제,2025-04-09 02:32:00
9348,4215,가입,2025-01-05 00:00:00
9349,4215,튜토리얼완료,2025-01-05 21:00:00
9350,4216,가입,2025-02-20 00:00:00
9351,4216,튜토리얼완료,2025-02-23 21:00:00
9352,4217,가입,2025-01-24 00:00:00
9353,4217,첫결제,2025-01-26 00:40:00
9354,4218,가입,2025-01-09 00:00:00
9355,4218,튜토리얼완료,2025-01-12 10:00:00
9356,4218,첫결제,2025-01-17 23:04:00
9357,4219,가입,2025-02-09 00:00:00
9358,4219,튜토리얼완료,2025-02-09 00:00:00
9359,4219,첫결제,2025-03-01 20:35:00
9360,4220,가입,2025-01-31 00:00:00
9361,4220,튜토리얼완료,2025-01-31 00:00:00
9362,4220,첫결제,2025-03-18 16:31:00
9363,4221,가입,2025-01-03 00:00:00
9364,4221,튜토리얼완료,2025-01-05 04:00:00
9365,4222,가입,2025-02-17 00:00:00
9366,4222,튜토리얼완료,2025-02-18 07:00:00
9367,4223,가입,2025-01-06 00:00:00
9368,4223,튜토리얼완료,2025-01-06 14:00:00
9369,4223,첫결제,2025-03-14 16:32:00
9370,4224,가입,2025-03-25 00:00:00
9371,4224,튜토리얼완료,2025-03-26 15:00:00
9372,4224,첫결제,2025-03-27 21:17:00
9373,4225,가입,2025-01-19 00:00:00
9374,4225,튜토리얼완료,2025-01-21 17:00:00
9375,4226,가입,2025-02-23 00:00:00
9376,4226,튜토리얼완료,2025-02-26 12:00:00
9377,4227,가입,2025-01-12 00:00:00
9378,4227,튜토리얼완료,2025-01-12 21:00:00
9379,4228,가입,2025-05-18 00:00:00
9380,4228,튜토리얼완료,2025-05-20 11:00:00
9381,4229,가입,2025-01-04 00:00:00
9382,4229,튜토리얼완료,2025-01-07 00:00:00
9383,4230,가입,2025-05-12 00:00:00
9384,4230,튜토리얼완료,2025-05-15 17:00:00
9385,4231,가입,2025-01-12 00:00:00
9386,4231,튜토리얼완료,2025-01-15 04:00:00
9387,4232,가입,2025-01-10 00:00:00
9388,4232,튜토리얼완료,2025-01-13 21:00:00
9389,4233,가입,2025-02-25 00:00:00
9390,4233,튜토리얼완료,2025-02-26 02:00:00
9391,4233,첫결제,2025-02-26 22:35:00
9392,4234,가입,2025-02-17 00:00:00
9393,4234,튜토리얼완료,2025-02-20 19:00:00
9394,4235,가입,2025-06-29 00:00:00
9395,4235,튜토리얼완료,2025-07-02 21:00:00
9396,4236,가입,2025-02-10 00:00:00
9397,4236,튜토리얼완료,2025-02-13 08:00:00
9398,4237,가입,2025-01-14 00:00:00
9399,4237,튜토리얼완료,2025-01-16 19:00:00
9400,4237,첫결제,2025-01-17 20:28:00
9401,4238,가입,2025-02-23 00:00:00
9402,4238,튜토리얼완료,2025-02-25 02:00:00
9403,4239,가입,2025-02-17 00:00:00
9404,4239,첫결제,2025-02-19 15:21:00
9405,4240,가입,2025-02-17 00:00:00
9406,4241,가입,2025-06-29 00:00:00
9407,4241,튜토리얼완료,2025-07-02 13:00:00
9408,4242,가입,2025-01-18 00:00:00
9409,4242,튜토리얼완료,2025-01-21 11:00:00
9410,4243,가입,2025-02-03 00:00:00
9411,4243,첫결제,2025-03-02 04:05:00
9412,4244,가입,2025-04-15 00:00:00
9413,4244,튜토리얼완료,2025-04-17 05:00:00
9414,4244,첫결제,2025-04-19 23:53:00
9415,4245,가입,2025-03-05 00:00:00
9416,4245,튜토리얼완료,2025-03-05 17:00:00
9417,4246,가입,2025-01-14 00:00:00
9418,4246,튜토리얼완료,2025-01-14 07:00:00
9419,4247,가입,2025-03-26 00:00:00
9420,4247,튜토리얼완료,2025-03-29 15:00:00
9421,4248,가입,2025-01-11 00:00:00
9422,4248,튜토리얼완료,2025-01-11 14:00:00
9423,4249,가입,2025-03-07 00:00:00
9424,4249,튜토리얼완료,2025-03-10 09:00:00
9425,4249,첫결제,2025-03-08 02:58:00
9426,4250,가입,2025-04-27 00:00:00
9427,4251,가입,2025-03-28 00:00:00
9428,4251,튜토리얼완료,2025-03-28 22:00:00
9429,4251,첫결제,2025-04-13 04:31:00
9430,4252,가입,2025-01-01 00:00:00
9431,4252,튜토리얼완료,2025-01-02 18:00:00
9432,4253,가입,2025-02-12 00:00:00
9433,4253,튜토리얼완료,2025-02-15 07:00:00
9434,4254,가입,2025-01-11 00:00:00
9435,4254,첫결제,2025-01-11 23:17:00
9436,4255,가입,2025-01-24 00:00:00
9437,4255,튜토리얼완료,2025-01-24 19:00:00
9438,4256,가입,2025-03-24 00:00:00
9439,4256,튜토리얼완료,2025-03-26 09:00:00
9440,4257,가입,2025-01-12 00:00:00
9441,4257,튜토리얼완료,2025-01-15 07:00:00
9442,4258,가입,2025-06-08 00:00:00
9443,4259,가입,2025-01-02 00:00:00
9444,4259,튜토리얼완료,2025-01-02 00:00:00
9445,4259,첫결제,2025-01-05 08:28:00
9446,4260,가입,2025-01-12 00:00:00
9447,4260,튜토리얼완료,2025-01-14 17:00:00
9448,4261,가입,2025-01-04 00:00:00
9449,4261,튜토리얼완료,2025-01-05 08:00:00
9450,4262,가입,2025-02-10 00:00:00
9451,4262,튜토리얼완료,2025-02-13 15:00:00
9452,4263,가입,2025-01-18 00:00:00
9453,4263,튜토리얼완료,2025-01-21 01:00:00
9454,4264,가입,2025-02-12 00:00:00
9455,4264,튜토리얼완료,2025-02-14 05:00:00
9456,4265,가입,2025-05-06 00:00:00
9457,4265,튜토리얼완료,2025-05-07 21:00:00
9458,4266,가입,2025-02-28 00:00:00
9459,4266,튜토리얼완료,2025-02-28 06:00:00
9460,4267,가입,2025-01-03 00:00:00
9461,4267,튜토리얼완료,2025-01-03 04:00:00
9462,4268,가입,2025-01-01 00:00:00
9463,4268,튜토리얼완료,2025-01-01 09:00:00
9464,4268,첫결제,2025-01-25 23:26:00
9465,4269,가입,2025-03-07 00:00:00
9466,4269,튜토리얼완료,2025-03-10 21:00:00
9467,4270,가입,2025-01-07 00:00:00
9468,4270,첫결제,2025-01-24 12:32:00
9469,4271,가입,2025-02-14 00:00:00
9470,4272,가입,2025-05-25 00:00:00
9471,4273,가입,2025-02-18 00:00:00
9472,4273,튜토리얼완료,2025-02-18 16:00:00
9473,4273,첫결제,2025-02-19 16:55:00
9474,4274,가입,2025-03-20 00:00:00
9475,4274,튜토리얼완료,2025-03-21 20:00:00
9476,4275,가입,2025-01-29 00:00:00
9477,4275,튜토리얼완료,2025-01-31 15:00:00
9478,4276,가입,2025-01-30 00:00:00
9479,4276,튜토리얼완료,2025-02-02 23:00:00
9480,4277,가입,2025-01-03 00:00:00
9481,4277,튜토리얼완료,2025-01-05 21:00:00
9482,4278,가입,2025-01-10 00:00:00
9483,4278,튜토리얼완료,2025-01-12 18:00:00
9484,4279,가입,2025-01-03 00:00:00
9485,4279,튜토리얼완료,2025-01-06 22:00:00
9486,4280,가입,2025-01-23 00:00:00
9487,4280,튜토리얼완료,2025-01-25 15:00:00
9488,4281,가입,2025-03-08 00:00:00
9489,4281,튜토리얼완료,2025-03-09 19:00:00
9490,4282,가입,2025-01-09 00:00:00
9491,4282,튜토리얼완료,2025-01-10 07:00:00
9492,4283,가입,2025-04-18 00:00:00
9493,4283,튜토리얼완료,2025-04-19 03:00:00
9494,4284,가입,2025-02-14 00:00:00
9495,4284,튜토리얼완료,2025-02-15 19:00:00
9496,4284,첫결제,2025-02-15 06:21:00
9497,4285,가입,2025-02-24 00:00:00
9498,4285,튜토리얼완료,2025-02-24 22:00:00
9499,4285,첫결제,2025-03-14 00:14:00
9500,4286,가입,2025-04-12 00:00:00
9501,4286,튜토리얼완료,2025-04-13 14:00:00
9502,4287,가입,2025-02-10 00:00:00
9503,4287,튜토리얼완료,2025-02-13 02:00:00
9504,4288,가입,2025-02-24 00:00:00
9505,4288,튜토리얼완료,2025-02-25 06:00:00
9506,4288,첫결제,2025-03-07 15:05:00
9507,4289,가입,2025-02-15 00:00:00
9508,4289,튜토리얼완료,2025-02-16 05:00:00
9509,4290,가입,2025-01-05 00:00:00
9510,4290,첫결제,2025-01-05 19:28:00
9511,4291,가입,2025-01-13 00:00:00
9512,4291,첫결제,2025-01-21 18:40:00
9513,4292,가입,2025-04-05 00:00:00
9514,4292,튜토리얼완료,2025-04-05 11:00:00
9515,4293,가입,2025-06-29 00:00:00
9516,4293,튜토리얼완료,2025-07-01 13:00:00
9517,4294,가입,2025-01-11 00:00:00
9518,4294,튜토리얼완료,2025-01-11 09:00:00
9519,4295,가입,2025-02-01 00:00:00
9520,4296,가입,2025-01-19 00:00:00
9521,4296,첫결제,2025-01-19 15:06:00
9522,4297,가입,2025-03-04 00:00:00
9523,4297,튜토리얼완료,2025-03-07 08:00:00
9524,4297,첫결제,2025-03-11 17:53:00
9525,4298,가입,2025-02-17 00:00:00
9526,4298,튜토리얼완료,2025-02-19 18:00:00
9527,4299,가입,2025-01-03 00:00:00
9528,4299,튜토리얼완료,2025-01-06 22:00:00
9529,4299,첫결제,2025-01-19 19:20:00
9530,4300,가입,2025-06-29 00:00:00
9531,4300,튜토리얼완료,2025-07-02 04:00:00
9532,4301,가입,2025-06-04 00:00:00
9533,4301,튜토리얼완료,2025-06-06 03:00:00
9534,4301,첫결제,2025-06-22 14:37:00
9535,4302,가입,2025-03-17 00:00:00
9536,4302,튜토리얼완료,2025-03-20 13:00:00
9537,4302,첫결제,2025-03-21 22:39:00
9538,4303,가입,2025-02-16 00:00:00
9539,4303,튜토리얼완료,2025-02-18 07:00:00
9540,4303,첫결제,2025-03-02 12:51:00
9541,4304,가입,2025-01-21 00:00:00
9542,4304,튜토리얼완료,2025-01-23 01:00:00
9543,4305,가입,2025-01-31 00:00:00
9544,4305,튜토리얼완료,2025-01-31 09:00:00
9545,4306,가입,2025-01-25 00:00:00
9546,4306,첫결제,2025-02-07 17:55:00
9547,4307,가입,2025-01-31 00:00:00
9548,4307,튜토리얼완료,2025-02-02 14:00:00
9549,4308,가입,2025-01-05 00:00:00
9550,4308,튜토리얼완료,2025-01-07 12:00:00
9551,4308,첫결제,2025-01-10 12:07:00
9552,4309,가입,2025-04-23 00:00:00
9553,4310,가입,2025-02-21 00:00:00
9554,4310,튜토리얼완료,2025-02-22 10:00:00
9555,4311,가입,2025-02-04 00:00:00
9556,4311,튜토리얼완료,2025-02-04 16:00:00
9557,4312,가입,2025-03-14 00:00:00
9558,4312,튜토리얼완료,2025-03-14 04:00:00
9559,4313,가입,2025-03-15 00:00:00
9560,4313,튜토리얼완료,2025-03-16 09:00:00
9561,4314,가입,2025-01-02 00:00:00
9562,4314,튜토리얼완료,2025-01-05 01:00:00
9563,4315,가입,2025-01-11 00:00:00
9564,4315,튜토리얼완료,2025-01-12 18:00:00
9565,4315,첫결제,2025-01-13 13:27:00
9566,4316,가입,2025-02-09 00:00:00
9567,4316,튜토리얼완료,2025-02-10 06:00:00
9568,4317,가입,2025-04-12 00:00:00
9569,4317,튜토리얼완료,2025-04-15 16:00:00
9570,4317,첫결제,2025-04-23 13:43:00
9571,4318,가입,2025-04-16 00:00:00
9572,4318,튜토리얼완료,2025-04-16 18:00:00
9573,4319,가입,2025-01-23 00:00:00
9574,4319,튜토리얼완료,2025-01-23 19:00:00
9575,4319,첫결제,2025-02-04 21:56:00
9576,4320,가입,2025-03-25 00:00:00
9577,4320,튜토리얼완료,2025-03-27 05:00:00
9578,4321,가입,2025-01-02 00:00:00
9579,4321,튜토리얼완료,2025-01-04 02:00:00
9580,4321,첫결제,2025-01-06 07:11:00
9581,4322,가입,2025-03-13 00:00:00
9582,4323,가입,2025-02-05 00:00:00
9583,4323,튜토리얼완료,2025-02-06 06:00:00
9584,4324,가입,2025-01-20 00:00:00
9585,4324,튜토리얼완료,2025-01-21 12:00:00
9586,4325,가입,2025-02-16 00:00:00
9587,4325,튜토리얼완료,2025-02-18 02:00:00
9588,4326,가입,2025-02-24 00:00:00
9589,4326,튜토리얼완료,2025-02-25 14:00:00
9590,4327,가입,2025-06-18 00:00:00
9591,4327,튜토리얼완료,2025-06-19 14:00:00
9592,4328,가입,2025-06-29 00:00:00
9593,4328,튜토리얼완료,2025-06-29 14:00:00
9594,4329,가입,2025-02-03 00:00:00
9595,4329,첫결제,2025-03-01 23:12:00
9596,4330,가입,2025-04-15 00:00:00
9597,4330,튜토리얼완료,2025-04-16 02:00:00
9598,4331,가입,2025-01-31 00:00:00
9599,4331,튜토리얼완료,2025-02-01 12:00:00
9600,4331,첫결제,2025-02-04 23:27:00
9601,4332,가입,2025-02-27 00:00:00
9602,4332,튜토리얼완료,2025-03-01 04:00:00
9603,4333,가입,2025-01-15 00:00:00
9604,4333,튜토리얼완료,2025-01-17 17:00:00
9605,4333,첫결제,2025-01-24 15:54:00
9606,4334,가입,2025-01-10 00:00:00
9607,4334,튜토리얼완료,2025-01-13 08:00:00
9608,4334,첫결제,2025-01-10 07:08:00
9609,4335,가입,2025-02-16 00:00:00
9610,4335,튜토리얼완료,2025-02-16 15:00:00
9611,4336,가입,2025-01-24 00:00:00
9612,4336,튜토리얼완료,2025-01-27 02:00:00
9613,4337,가입,2025-01-21 00:00:00
9614,4337,튜토리얼완료,2025-01-23 23:00:00
9615,4337,첫결제,2025-01-26 21:51:00
9616,4338,가입,2025-01-04 00:00:00
9617,4339,가입,2025-01-08 00:00:00
9618,4339,튜토리얼완료,2025-01-10 17:00:00
9619,4340,가입,2025-03-07 00:00:00
9620,4340,튜토리얼완료,2025-03-10 07:00:00
9621,4341,가입,2025-03-07 00:00:00
9622,4341,튜토리얼완료,2025-03-09 03:00:00
9623,4342,가입,2025-02-07 00:00:00
9624,4342,첫결제,2025-02-17 23:13:00
9625,4343,가입,2025-02-21 00:00:00
9626,4343,튜토리얼완료,2025-02-22 21:00:00
9627,4344,가입,2025-01-04 00:00:00
9628,4344,튜토리얼완료,2025-01-06 22:00:00
9629,4345,가입,2025-04-11 00:00:00
9630,4345,튜토리얼완료,2025-04-11 21:00:00
9631,4346,가입,2025-02-20 00:00:00
9632,4346,튜토리얼완료,2025-02-22 22:00:00
9633,4347,가입,2025-03-10 00:00:00
9634,4347,튜토리얼완료,2025-03-12 13:00:00
9635,4347,첫결제,2025-03-12 02:08:00
9636,4348,가입,2025-01-11 00:00:00
9637,4348,튜토리얼완료,2025-01-12 02:00:00
9638,4348,첫결제,2025-01-30 21:40:00
9639,4349,가입,2025-03-04 00:00:00
9640,4349,튜토리얼완료,2025-03-04 22:00:00
9641,4349,첫결제,2025-03-11 12:38:00
9642,4350,가입,2025-03-05 00:00:00
9643,4350,튜토리얼완료,2025-03-07 02:00:00
9644,4351,가입,2025-01-24 00:00:00
9645,4351,튜토리얼완료,2025-01-24 22:00:00
9646,4352,가입,2025-06-29 00:00:00
9647,4352,튜토리얼완료,2025-07-01 08:00:00
9648,4353,가입,2025-01-24 00:00:00
9649,4353,튜토리얼완료,2025-01-25 07:00:00
9650,4354,가입,2025-05-12 00:00:00
9651,4354,첫결제,2025-05-15 04:15:00
9652,4355,가입,2025-04-11 00:00:00
9653,4355,튜토리얼완료,2025-04-14 05:00:00
9654,4355,첫결제,2025-04-16 12:32:00
9655,4356,가입,2025-05-20 00:00:00
9656,4356,첫결제,2025-05-20 05:35:00
9657,4357,가입,2025-02-04 00:00:00
9658,4357,튜토리얼완료,2025-02-04 20:00:00
9659,4358,가입,2025-01-13 00:00:00
9660,4358,튜토리얼완료,2025-01-13 10:00:00
9661,4358,첫결제,2025-01-14 13:05:00
9662,4359,가입,2025-01-11 00:00:00
9663,4359,튜토리얼완료,2025-01-12 16:00:00
9664,4359,첫결제,2025-01-12 23:35:00
9665,4360,가입,2025-03-23 00:00:00
9666,4360,튜토리얼완료,2025-03-26 22:00:00
9667,4361,가입,2025-02-14 00:00:00
9668,4362,가입,2025-02-05 00:00:00
9669,4362,튜토리얼완료,2025-02-07 02:00:00
9670,4362,첫결제,2025-02-25 09:45:00
9671,4363,가입,2025-02-02 00:00:00
9672,4363,튜토리얼완료,2025-02-02 05:00:00
9673,4364,가입,2025-01-03 00:00:00
9674,4364,튜토리얼완료,2025-01-06 11:00:00
9675,4365,가입,2025-01-26 00:00:00
9676,4366,가입,2025-06-02 00:00:00
9677,4366,튜토리얼완료,2025-06-02 22:00:00
9678,4367,가입,2025-02-28 00:00:00
9679,4367,튜토리얼완료,2025-03-01 12:00:00
9680,4367,첫결제,2025-02-28 22:28:00
9681,4368,가입,2025-01-15 00:00:00
9682,4368,튜토리얼완료,2025-01-17 17:00:00
9683,4368,첫결제,2025-01-31 23:17:00
9684,4369,가입,2025-04-15 00:00:00
9685,4369,튜토리얼완료,2025-04-17 13:00:00
9686,4369,첫결제,2025-05-16 04:23:00
9687,4370,가입,2025-03-08 00:00:00
9688,4370,튜토리얼완료,2025-03-09 20:00:00
9689,4371,가입,2025-06-29 00:00:00
9690,4371,튜토리얼완료,2025-06-30 03:00:00
9691,4372,가입,2025-01-20 00:00:00
9692,4372,튜토리얼완료,2025-01-23 01:00:00
9693,4373,가입,2025-01-15 00:00:00
9694,4373,튜토리얼완료,2025-01-16 16:00:00
9695,4374,가입,2025-05-12 00:00:00
9696,4374,튜토리얼완료,2025-05-14 17:00:00
9697,4374,첫결제,2025-05-13 19:46:00
9698,4375,가입,2025-02-01 00:00:00
9699,4375,튜토리얼완료,2025-02-04 06:00:00
9700,4375,첫결제,2025-02-10 21:23:00
9701,4376,가입,2025-01-25 00:00:00
9702,4376,튜토리얼완료,2025-01-25 11:00:00
9703,4376,첫결제,2025-02-13 20:21:00
9704,4377,가입,2025-03-12 00:00:00
9705,4377,튜토리얼완료,2025-03-13 09:00:00
9706,4378,가입,2025-01-27 00:00:00
9707,4378,튜토리얼완료,2025-01-29 03:00:00
9708,4379,가입,2025-01-14 00:00:00
9709,4379,튜토리얼완료,2025-01-17 23:00:00
9710,4379,첫결제,2025-01-31 11:35:00
9711,4380,가입,2025-03-17 00:00:00
9712,4380,튜토리얼완료,2025-03-18 11:00:00
9713,4381,가입,2025-02-19 00:00:00
9714,4382,가입,2025-01-10 00:00:00
9715,4382,튜토리얼완료,2025-01-11 17:00:00
9716,4382,첫결제,2025-01-19 23:40:00
9717,4383,가입,2025-03-14 00:00:00
9718,4383,튜토리얼완료,2025-03-15 23:00:00
9719,4384,가입,2025-01-10 00:00:00
9720,4385,가입,2025-01-03 00:00:00
9721,4385,튜토리얼완료,2025-01-04 00:00:00
9722,4386,가입,2025-02-28 00:00:00
9723,4386,튜토리얼완료,2025-03-02 21:00:00
9724,4387,가입,2025-01-15 00:00:00
9725,4388,가입,2025-02-21 00:00:00
9726,4388,튜토리얼완료,2025-02-21 19:00:00
9727,4389,가입,2025-06-29 00:00:00
9728,4389,튜토리얼완료,2025-06-29 06:00:00
9729,4390,가입,2025-06-29 00:00:00
9730,4390,튜토리얼완료,2025-07-01 10:00:00
9731,4391,가입,2025-01-17 00:00:00
9732,4391,튜토리얼완료,2025-01-20 01:00:00
9733,4392,가입,2025-01-22 00:00:00
9734,4392,튜토리얼완료,2025-01-23 07:00:00
9735,4392,첫결제,2025-01-27 03:03:00
9736,4393,가입,2025-03-13 00:00:00
9737,4393,튜토리얼완료,2025-03-14 17:00:00
9738,4394,가입,2025-01-01 00:00:00
9739,4394,첫결제,2025-01-23 15:33:00
9740,4395,가입,2025-02-22 00:00:00
9741,4395,튜토리얼완료,2025-02-25 08:00:00
9742,4395,첫결제,2025-03-16 17:30:00
9743,4396,가입,2025-01-19 00:00:00
9744,4396,튜토리얼완료,2025-01-21 01:00:00
9745,4397,가입,2025-03-01 00:00:00
9746,4397,튜토리얼완료,2025-03-02 14:00:00
9747,4398,가입,2025-03-10 00:00:00
9748,4398,튜토리얼완료,2025-03-11 22:00:00
9749,4398,첫결제,2025-03-11 04:15:00
9750,4399,가입,2025-03-07 00:00:00
9751,4400,가입,2025-01-03 00:00:00
9752,4400,튜토리얼완료,2025-01-06 09:00:00
9753,4401,가입,2025-01-09 00:00:00
9754,4401,튜토리얼완료,2025-01-09 02:00:00
9755,4402,가입,2025-05-03 00:00:00
9756,4402,튜토리얼완료,2025-05-05 17:00:00
9757,4402,첫결제,2025-05-08 10:37:00
9758,4403,가입,2025-01-10 00:00:00
9759,4403,튜토리얼완료,2025-01-13 22:00:00
9760,4404,가입,2025-02-08 00:00:00
9761,4405,가입,2025-04-20 00:00:00
9762,4405,튜토리얼완료,2025-04-23 07:00:00
9763,4406,가입,2025-01-02 00:00:00
9764,4406,튜토리얼완료,2025-01-05 03:00:00
9765,4406,첫결제,2025-01-05 04:41:00
9766,4407,가입,2025-01-13 00:00:00
9767,4407,튜토리얼완료,2025-01-15 20:00:00
9768,4408,가입,2025-03-06 00:00:00
9769,4408,튜토리얼완료,2025-03-08 16:00:00
9770,4408,첫결제,2025-04-04 23:59:00
9771,4409,가입,2025-01-08 00:00:00
9772,4409,튜토리얼완료,2025-01-09 05:00:00
9773,4409,첫결제,2025-01-12 21:35:00
9774,4410,가입,2025-02-18 00:00:00
9775,4410,튜토리얼완료,2025-02-21 22:00:00
9776,4411,가입,2025-04-18 00:00:00
9777,4411,튜토리얼완료,2025-04-21 23:00:00
9778,4412,가입,2025-02-23 00:00:00
9779,4412,튜토리얼완료,2025-02-26 13:00:00
9780,4412,첫결제,2025-03-06 13:54:00
9781,4413,가입,2025-04-28 00:00:00
9782,4414,가입,2025-01-22 00:00:00
9783,4415,가입,2025-03-18 00:00:00
9784,4415,튜토리얼완료,2025-03-18 23:00:00
9785,4416,가입,2025-04-24 00:00:00
9786,4416,튜토리얼완료,2025-04-26 20:00:00
9787,4417,가입,2025-01-20 00:00:00
9788,4417,튜토리얼완료,2025-01-20 06:00:00
9789,4418,가입,2025-04-23 00:00:00
9790,4418,튜토리얼완료,2025-04-23 17:00:00
9791,4418,첫결제,2025-04-26 09:13:00
9792,4419,가입,2025-01-07 00:00:00
9793,4419,튜토리얼완료,2025-01-07 16:00:00
9794,4419,첫결제,2025-01-25 22:29:00
9795,4420,가입,2025-02-21 00:00:00
9796,4421,가입,2025-01-11 00:00:00
9797,4422,가입,2025-03-15 00:00:00
9798,4422,튜토리얼완료,2025-03-15 16:00:00
9799,4423,가입,2025-02-16 00:00:00
9800,4423,튜토리얼완료,2025-02-17 11:00:00
9801,4423,첫결제,2025-03-21 10:38:00
9802,4424,가입,2025-03-09 00:00:00
9803,4424,튜토리얼완료,2025-03-12 02:00:00
9804,4425,가입,2025-04-12 00:00:00
9805,4425,튜토리얼완료,2025-04-15 11:00:00
9806,4425,첫결제,2025-04-12 06:13:00
9807,4426,가입,2025-02-11 00:00:00
9808,4426,튜토리얼완료,2025-02-11 15:00:00
9809,4426,첫결제,2025-02-26 23:14:00
9810,4427,가입,2025-01-16 00:00:00
9811,4427,튜토리얼완료,2025-01-19 02:00:00
9812,4427,첫결제,2025-01-18 22:35:00
9813,4428,가입,2025-04-27 00:00:00
9814,4428,튜토리얼완료,2025-04-27 16:00:00
9815,4429,가입,2025-06-15 00:00:00
9816,4429,튜토리얼완료,2025-06-16 05:00:00
9817,4430,가입,2025-04-28 00:00:00
9818,4430,튜토리얼완료,2025-04-30 02:00:00
9819,4431,가입,2025-01-09 00:00:00
9820,4431,첫결제,2025-01-10 20:18:00
9821,4432,가입,2025-04-05 00:00:00
9822,4432,첫결제,2025-04-08 22:57:00
9823,4433,가입,2025-03-03 00:00:00
9824,4433,튜토리얼완료,2025-03-06 13:00:00
9825,4433,첫결제,2025-03-13 21:44:00
9826,4434,가입,2025-02-03 00:00:00
9827,4434,튜토리얼완료,2025-02-05 12:00:00
9828,4435,가입,2025-01-08 00:00:00
9829,4435,첫결제,2025-01-19 23:38:00
9830,4436,가입,2025-03-13 00:00:00
9831,4436,튜토리얼완료,2025-03-15 15:00:00
9832,4437,가입,2025-03-06 00:00:00
9833,4437,튜토리얼완료,2025-03-09 03:00:00
9834,4438,가입,2025-01-17 00:00:00
9835,4438,튜토리얼완료,2025-01-19 19:00:00
9836,4438,첫결제,2025-01-17 20:14:00
9837,4439,가입,2025-01-30 00:00:00
9838,4439,튜토리얼완료,2025-02-02 00:00:00
9839,4439,첫결제,2025-02-04 14:08:00
9840,4440,가입,2025-01-11 00:00:00
9841,4440,첫결제,2025-01-16 19:21:00
9842,4441,가입,2025-06-09 00:00:00
9843,4441,튜토리얼완료,2025-06-11 01:00:00
9844,4441,첫결제,2025-06-12 23:07:00
9845,4442,가입,2025-02-09 00:00:00
9846,4443,가입,2025-02-26 00:00:00
9847,4443,튜토리얼완료,2025-02-28 17:00:00
9848,4443,첫결제,2025-03-13 10:53:00
9849,4444,가입,2025-02-20 00:00:00
9850,4444,튜토리얼완료,2025-02-21 00:00:00
9851,4444,첫결제,2025-03-23 20:47:00
9852,4445,가입,2025-04-04 00:00:00
9853,4445,튜토리얼완료,2025-04-06 06:00:00
9854,4446,가입,2025-03-05 00:00:00
9855,4446,튜토리얼완료,2025-03-07 23:00:00
9856,4447,가입,2025-01-18 00:00:00
9857,4447,튜토리얼완료,2025-01-18 22:00:00
9858,4448,가입,2025-02-07 00:00:00
9859,4448,튜토리얼완료,2025-02-09 14:00:00
9860,4449,가입,2025-01-23 00:00:00
9861,4449,튜토리얼완료,2025-01-26 11:00:00
9862,4449,첫결제,2025-02-12 13:16:00
9863,4450,가입,2025-02-05 00:00:00
9864,4450,튜토리얼완료,2025-02-07 22:00:00
9865,4450,첫결제,2025-02-05 07:35:00
9866,4451,가입,2025-03-07 00:00:00
9867,4451,첫결제,2025-03-26 23:04:00
9868,4452,가입,2025-02-09 00:00:00
9869,4452,튜토리얼완료,2025-02-09 20:00:00
9870,4453,가입,2025-02-25 00:00:00
9871,4453,튜토리얼완료,2025-02-25 15:00:00
9872,4454,가입,2025-01-12 00:00:00
9873,4454,튜토리얼완료,2025-01-14 04:00:00
9874,4455,가입,2025-02-11 00:00:00
9875,4455,튜토리얼완료,2025-02-14 23:00:00
9876,4455,첫결제,2025-04-02 05:50:00
9877,4456,가입,2025-03-11 00:00:00
9878,4456,튜토리얼완료,2025-03-14 14:00:00
9879,4457,가입,2025-03-03 00:00:00
9880,4457,튜토리얼완료,2025-03-04 08:00:00
9881,4458,가입,2025-01-31 00:00:00
9882,4458,튜토리얼완료,2025-02-03 07:00:00
9883,4458,첫결제,2025-02-14 19:53:00
9884,4459,가입,2025-01-14 00:00:00
9885,4459,튜토리얼완료,2025-01-15 10:00:00
9886,4460,가입,2025-06-24 00:00:00
9887,4460,튜토리얼완료,2025-06-27 15:00:00
9888,4461,가입,2025-02-25 00:00:00
9889,4461,튜토리얼완료,2025-02-27 23:00:00
9890,4461,첫결제,2025-03-06 20:54:00
9891,4462,가입,2025-02-10 00:00:00
9892,4462,튜토리얼완료,2025-02-12 16:00:00
9893,4462,첫결제,2025-02-16 02:06:00
9894,4463,가입,2025-01-11 00:00:00
9895,4463,첫결제,2025-01-11 23:58:00
9896,4464,가입,2025-03-21 00:00:00
9897,4464,튜토리얼완료,2025-03-21 11:00:00
9898,4464,첫결제,2025-04-05 19:14:00
9899,4465,가입,2025-02-21 00:00:00
9900,4465,튜토리얼완료,2025-02-21 03:00:00
9901,4466,가입,2025-01-16 00:00:00
9902,4466,튜토리얼완료,2025-01-17 09:00:00
9903,4467,가입,2025-01-01 00:00:00
9904,4467,튜토리얼완료,2025-01-02 17:00:00
9905,4468,가입,2025-02-14 00:00:00
9906,4468,튜토리얼완료,2025-02-17 01:00:00
9907,4469,가입,2025-01-12 00:00:00
9908,4469,첫결제,2025-01-18 21:29:00
9909,4470,가입,2025-01-31 00:00:00
9910,4470,튜토리얼완료,2025-01-31 12:00:00
9911,4471,가입,2025-03-11 00:00:00
9912,4471,튜토리얼완료,2025-03-12 14:00:00
9913,4472,가입,2025-03-09 00:00:00
9914,4472,튜토리얼완료,2025-03-12 00:00:00
9915,4472,첫결제,2025-03-11 19:21:00
9916,4473,가입,2025-01-05 00:00:00
9917,4473,튜토리얼완료,2025-01-07 06:00:00
9918,4474,가입,2025-01-25 00:00:00
9919,4474,튜토리얼완료,2025-01-27 18:00:00
9920,4475,가입,2025-05-11 00:00:00
9921,4475,튜토리얼완료,2025-05-12 01:00:00
9922,4475,첫결제,2025-05-19 15:29:00
9923,4476,가입,2025-01-18 00:00:00
9924,4476,튜토리얼완료,2025-01-19 14:00:00
9925,4477,가입,2025-01-27 00:00:00
9926,4477,튜토리얼완료,2025-01-27 10:00:00
9927,4478,가입,2025-02-01 00:00:00
9928,4478,튜토리얼완료,2025-02-02 13:00:00
9929,4479,가입,2025-01-01 00:00:00
9930,4479,튜토리얼완료,2025-01-01 05:00:00
9931,4479,첫결제,2025-01-15 02:42:00
9932,4480,가입,2025-03-18 00:00:00
9933,4480,튜토리얼완료,2025-03-19 00:00:00
9934,4480,첫결제,2025-03-19 05:58:00
9935,4481,가입,2025-01-04 00:00:00
9936,4481,튜토리얼완료,2025-01-07 09:00:00
9937,4481,첫결제,2025-01-05 21:28:00
9938,4482,가입,2025-01-19 00:00:00
9939,4482,튜토리얼완료,2025-01-22 13:00:00
9940,4483,가입,2025-01-15 00:00:00
9941,4483,튜토리얼완료,2025-01-16 03:00:00
9942,4483,첫결제,2025-02-07 23:26:00
9943,4484,가입,2025-02-20 00:00:00
9944,4485,가입,2025-01-26 00:00:00
9945,4486,가입,2025-03-13 00:00:00
9946,4486,튜토리얼완료,2025-03-15 04:00:00
9947,4487,가입,2025-03-29 00:00:00
9948,4487,튜토리얼완료,2025-04-01 11:00:00
9949,4488,가입,2025-01-10 00:00:00
9950,4489,가입,2025-01-13 00:00:00
9951,4489,튜토리얼완료,2025-01-16 21:00:00
9952,4490,가입,2025-02-24 00:00:00
9953,4490,튜토리얼완료,2025-02-24 15:00:00
9954,4491,가입,2025-04-05 00:00:00
9955,4491,튜토리얼완료,2025-04-06 21:00:00
9956,4492,가입,2025-06-29 00:00:00
9957,4492,튜토리얼완료,2025-07-02 13:00:00
9958,4492,첫결제,2025-06-29 02:06:00
9959,4493,가입,2025-01-15 00:00:00
9960,4493,튜토리얼완료,2025-01-17 06:00:00
9961,4494,가입,2025-04-19 00:00:00
9962,4494,튜토리얼완료,2025-04-19 01:00:00
9963,4494,첫결제,2025-06-05 02:12:00
9964,4495,가입,2025-01-09 00:00:00
9965,4495,튜토리얼완료,2025-01-09 06:00:00
9966,4496,가입,2025-01-31 00:00:00
9967,4497,가입,2025-04-07 00:00:00
9968,4497,튜토리얼완료,2025-04-07 02:00:00
9969,4497,첫결제,2025-04-07 17:07:00
9970,4498,가입,2025-01-16 00:00:00
9971,4498,튜토리얼완료,2025-01-19 19:00:00
9972,4499,가입,2025-01-11 00:00:00
9973,4499,첫결제,2025-01-15 19:04:00
9974,4500,가입,2025-01-03 00:00:00
9975,4500,튜토리얼완료,2025-01-05 22:00:00
9976,4500,첫결제,2025-01-20 21:57:00
9977,4501,가입,2025-02-25 00:00:00
9978,4501,튜토리얼완료,2025-02-25 00:00:00
9979,4502,가입,2025-02-19 00:00:00
9980,4502,튜토리얼완료,2025-02-19 00:00:00
9981,4502,첫결제,2025-02-19 16:01:00
9982,4503,가입,2025-06-29 00:00:00
9983,4503,튜토리얼완료,2025-07-02 13:00:00
9984,4504,가입,2025-02-09 00:00:00
9985,4504,튜토리얼완료,2025-02-10 04:00:00
9986,4504,첫결제,2025-02-17 15:07:00
9987,4505,가입,2025-01-12 00:00:00
9988,4505,튜토리얼완료,2025-01-15 09:00:00
9989,4506,가입,2025-01-28 00:00:00
9990,4506,튜토리얼완료,2025-01-31 08:00:00
9991,4507,가입,2025-01-04 00:00:00
9992,4507,튜토리얼완료,2025-01-06 04:00:00
9993,4508,가입,2025-03-06 00:00:00
9994,4508,튜토리얼완료,2025-03-09 12:00:00
9995,4509,가입,2025-03-18 00:00:00
9996,4509,튜토리얼완료,2025-03-21 18:00:00
9997,4510,가입,2025-01-15 00:00:00
9998,4510,튜토리얼완료,2025-01-15 19:00:00
9999,4510,첫결제,2025-01-16 21:09:00
10000,4511,가입,2025-01-18 00:00:00
10001,4511,튜토리얼완료,2025-01-18 06:00:00
10002,4512,가입,2025-01-05 00:00:00
10003,4512,튜토리얼완료,2025-01-06 17:00:00
10004,4512,첫결제,2025-01-06 13:06:00
10005,4513,가입,2025-01-05 00:00:00
10006,4513,튜토리얼완료,2025-01-05 01:00:00
10007,4513,첫결제,2025-01-06 16:00:00
10008,4514,가입,2025-02-03 00:00:00
10009,4515,가입,2025-02-14 00:00:00
10010,4515,튜토리얼완료,2025-02-14 02:00:00
10011,4516,가입,2025-01-01 00:00:00
10012,4517,가입,2025-03-06 00:00:00
10013,4517,튜토리얼완료,2025-03-07 05:00:00
10014,4518,가입,2025-01-21 00:00:00
10015,4518,튜토리얼완료,2025-01-23 19:00:00
10016,4519,가입,2025-02-19 00:00:00
10017,4519,튜토리얼완료,2025-02-21 02:00:00
10018,4519,첫결제,2025-03-10 13:05:00
10019,4520,가입,2025-02-16 00:00:00
10020,4520,튜토리얼완료,2025-02-18 08:00:00
10021,4521,가입,2025-04-03 00:00:00
10022,4521,튜토리얼완료,2025-04-04 18:00:00
10023,4522,가입,2025-04-28 00:00:00
10024,4522,튜토리얼완료,2025-04-29 04:00:00
10025,4523,가입,2025-04-24 00:00:00
10026,4523,튜토리얼완료,2025-04-27 09:00:00
10027,4524,가입,2025-01-24 00:00:00
10028,4524,튜토리얼완료,2025-01-26 14:00:00
10029,4524,첫결제,2025-02-06 17:02:00
10030,4525,가입,2025-02-26 00:00:00
10031,4525,튜토리얼완료,2025-02-28 00:00:00
10032,4525,첫결제,2025-03-06 01:53:00
10033,4526,가입,2025-01-10 00:00:00
10034,4526,튜토리얼완료,2025-01-13 00:00:00
10035,4527,가입,2025-02-06 00:00:00
10036,4527,튜토리얼완료,2025-02-07 01:00:00
10037,4528,가입,2025-01-22 00:00:00
10038,4528,튜토리얼완료,2025-01-24 08:00:00
10039,4528,첫결제,2025-01-29 23:11:00
10040,4529,가입,2025-01-24 00:00:00
10041,4529,첫결제,2025-02-16 21:16:00
10042,4530,가입,2025-03-30 00:00:00
10043,4530,튜토리얼완료,2025-03-31 00:00:00
10044,4531,가입,2025-05-19 00:00:00
10045,4531,튜토리얼완료,2025-05-20 21:00:00
10046,4532,가입,2025-01-25 00:00:00
10047,4532,튜토리얼완료,2025-01-28 01:00:00
10048,4533,가입,2025-04-09 00:00:00
10049,4533,튜토리얼완료,2025-04-11 06:00:00
10050,4534,가입,2025-02-03 00:00:00
10051,4534,튜토리얼완료,2025-02-06 07:00:00
10052,4535,가입,2025-01-19 00:00:00
10053,4535,튜토리얼완료,2025-01-21 11:00:00
10054,4535,첫결제,2025-02-06 19:03:00
10055,4536,가입,2025-01-30 00:00:00
10056,4536,튜토리얼완료,2025-02-02 15:00:00
10057,4537,가입,2025-01-22 00:00:00
10058,4537,튜토리얼완료,2025-01-22 20:00:00
10059,4537,첫결제,2025-01-24 12:03:00
10060,4538,가입,2025-01-10 00:00:00
10061,4538,튜토리얼완료,2025-01-12 22:00:00
10062,4538,첫결제,2025-02-02 19:15:00
10063,4539,가입,2025-01-03 00:00:00
10064,4539,첫결제,2025-01-22 22:42:00
10065,4540,가입,2025-01-02 00:00:00
10066,4540,튜토리얼완료,2025-01-05 15:00:00
10067,4541,가입,2025-03-16 00:00:00
10068,4541,튜토리얼완료,2025-03-16 02:00:00
10069,4542,가입,2025-02-18 00:00:00
10070,4542,튜토리얼완료,2025-02-18 07:00:00
10071,4542,첫결제,2025-02-20 21:51:00
10072,4543,가입,2025-01-26 00:00:00
10073,4543,튜토리얼완료,2025-01-26 14:00:00
10074,4543,첫결제,2025-03-01 23:36:00
10075,4544,가입,2025-02-07 00:00:00
10076,4544,튜토리얼완료,2025-02-10 15:00:00
10077,4545,가입,2025-06-29 00:00:00
10078,4545,튜토리얼완료,2025-06-30 22:00:00
10079,4546,가입,2025-02-02 00:00:00
10080,4546,튜토리얼완료,2025-02-05 22:00:00
10081,4546,첫결제,2025-02-09 20:35:00
10082,4547,가입,2025-01-15 00:00:00
10083,4547,튜토리얼완료,2025-01-18 03:00:00
10084,4547,첫결제,2025-01-28 08:12:00
10085,4548,가입,2025-03-13 00:00:00
10086,4548,튜토리얼완료,2025-03-15 03:00:00
10087,4549,가입,2025-01-08 00:00:00
10088,4549,튜토리얼완료,2025-01-10 03:00:00
10089,4549,첫결제,2025-01-12 20:01:00
10090,4550,가입,2025-02-22 00:00:00
10091,4551,가입,2025-02-02 00:00:00
10092,4551,튜토리얼완료,2025-02-05 21:00:00
10093,4552,가입,2025-02-16 00:00:00
10094,4552,튜토리얼완료,2025-02-18 16:00:00
10095,4553,가입,2025-01-20 00:00:00
10096,4553,튜토리얼완료,2025-01-23 07:00:00
10097,4553,첫결제,2025-02-03 17:01:00
10098,4554,가입,2025-01-30 00:00:00
10099,4555,가입,2025-03-24 00:00:00
10100,4555,튜토리얼완료,2025-03-27 17:00:00
10101,4556,가입,2025-01-06 00:00:00
10102,4556,튜토리얼완료,2025-01-07 17:00:00
10103,4557,가입,2025-04-04 00:00:00
10104,4557,튜토리얼완료,2025-04-06 22:00:00
10105,4558,가입,2025-04-17 00:00:00
10106,4559,가입,2025-01-29 00:00:00
10107,4559,튜토리얼완료,2025-01-29 15:00:00
10108,4560,가입,2025-03-15 00:00:00
10109,4560,튜토리얼완료,2025-03-15 13:00:00
10110,4561,가입,2025-02-28 00:00:00
10111,4561,튜토리얼완료,2025-03-02 14:00:00
10112,4562,가입,2025-02-13 00:00:00
10113,4563,가입,2025-03-24 00:00:00
10114,4563,튜토리얼완료,2025-03-26 11:00:00
10115,4563,첫결제,2025-04-16 22:42:00
10116,4564,가입,2025-01-26 00:00:00
10117,4564,튜토리얼완료,2025-01-28 13:00:00
10118,4565,가입,2025-04-20 00:00:00
10119,4565,첫결제,2025-04-27 16:08:00
10120,4566,가입,2025-05-26 00:00:00
10121,4567,가입,2025-02-26 00:00:00
10122,4568,가입,2025-01-13 00:00:00
10123,4568,튜토리얼완료,2025-01-13 20:00:00
10124,4569,가입,2025-01-03 00:00:00
10125,4569,튜토리얼완료,2025-01-03 08:00:00
10126,4570,가입,2025-01-30 00:00:00
10127,4570,튜토리얼완료,2025-01-30 21:00:00
10128,4571,가입,2025-01-05 00:00:00
10129,4571,튜토리얼완료,2025-01-07 19:00:00
10130,4571,첫결제,2025-01-24 00:34:00
10131,4572,가입,2025-01-28 00:00:00
10132,4572,튜토리얼완료,2025-01-28 17:00:00
10133,4573,가입,2025-05-27 00:00:00
10134,4573,튜토리얼완료,2025-05-27 19:00:00
10135,4574,가입,2025-03-26 00:00:00
10136,4574,튜토리얼완료,2025-03-26 15:00:00
10137,4575,가입,2025-01-05 00:00:00
10138,4575,튜토리얼완료,2025-01-05 11:00:00
10139,4576,가입,2025-01-14 00:00:00
10140,4576,튜토리얼완료,2025-01-17 04:00:00
10141,4577,가입,2025-03-08 00:00:00
10142,4577,튜토리얼완료,2025-03-08 06:00:00
10143,4578,가입,2025-06-29 00:00:00
10144,4578,튜토리얼완료,2025-06-29 14:00:00
10145,4579,가입,2025-03-20 00:00:00
10146,4579,튜토리얼완료,2025-03-20 06:00:00
10147,4579,첫결제,2025-05-01 08:38:00
10148,4580,가입,2025-01-10 00:00:00
10149,4580,튜토리얼완료,2025-01-12 09:00:00
10150,4581,가입,2025-01-30 00:00:00
10151,4581,튜토리얼완료,2025-02-01 22:00:00
10152,4582,가입,2025-04-04 00:00:00
10153,4582,튜토리얼완료,2025-04-06 23:00:00
10154,4582,첫결제,2025-04-05 05:43:00
10155,4583,가입,2025-02-20 00:00:00
10156,4583,튜토리얼완료,2025-02-23 10:00:00
10157,4584,가입,2025-01-28 00:00:00
10158,4584,튜토리얼완료,2025-01-31 00:00:00
10159,4584,첫결제,2025-02-15 16:03:00
10160,4585,가입,2025-06-29 00:00:00
10161,4585,튜토리얼완료,2025-07-01 11:00:00
10162,4585,첫결제,2025-06-29 00:57:00
10163,4586,가입,2025-03-16 00:00:00
10164,4586,튜토리얼완료,2025-03-16 09:00:00
10165,4587,가입,2025-02-08 00:00:00
10166,4587,튜토리얼완료,2025-02-08 22:00:00
10167,4588,가입,2025-03-09 00:00:00
10168,4588,튜토리얼완료,2025-03-11 16:00:00
10169,4589,가입,2025-01-16 00:00:00
10170,4589,튜토리얼완료,2025-01-16 11:00:00
10171,4589,첫결제,2025-02-06 23:47:00
10172,4590,가입,2025-04-20 00:00:00
10173,4590,튜토리얼완료,2025-04-20 10:00:00
10174,4591,가입,2025-02-13 00:00:00
10175,4591,튜토리얼완료,2025-02-14 23:00:00
10176,4591,첫결제,2025-02-17 08:01:00
10177,4592,가입,2025-03-12 00:00:00
10178,4592,튜토리얼완료,2025-03-14 23:00:00
10179,4593,가입,2025-06-29 00:00:00
10180,4593,튜토리얼완료,2025-06-30 12:00:00
10181,4593,첫결제,2025-06-29 21:34:00
10182,4594,가입,2025-02-11 00:00:00
10183,4594,튜토리얼완료,2025-02-12 21:00:00
10184,4594,첫결제,2025-02-12 12:07:00
10185,4595,가입,2025-02-08 00:00:00
10186,4595,튜토리얼완료,2025-02-09 10:00:00
10187,4596,가입,2025-02-15 00:00:00
10188,4596,튜토리얼완료,2025-02-18 22:00:00
10189,4597,가입,2025-01-26 00:00:00
10190,4597,튜토리얼완료,2025-01-28 06:00:00
10191,4598,가입,2025-02-21 00:00:00
10192,4598,튜토리얼완료,2025-02-21 15:00:00
10193,4599,가입,2025-01-05 00:00:00
10194,4599,튜토리얼완료,2025-01-06 18:00:00
10195,4600,가입,2025-04-27 00:00:00
10196,4600,튜토리얼완료,2025-04-29 12:00:00
10197,4601,가입,2025-06-29 00:00:00
10198,4601,튜토리얼완료,2025-06-29 09:00:00
10199,4602,가입,2025-02-10 00:00:00
10200,4602,튜토리얼완료,2025-02-11 21:00:00
10201,4602,첫결제,2025-02-10 08:59:00
10202,4603,가입,2025-01-01 00:00:00
10203,4603,튜토리얼완료,2025-01-01 19:00:00
10204,4603,첫결제,2025-01-06 13:34:00
10205,4604,가입,2025-01-21 00:00:00
10206,4604,튜토리얼완료,2025-01-23 03:00:00
10207,4604,첫결제,2025-02-16 18:01:00
10208,4605,가입,2025-01-01 00:00:00
10209,4605,튜토리얼완료,2025-01-04 04:00:00
10210,4606,가입,2025-01-11 00:00:00
10211,4606,튜토리얼완료,2025-01-14 21:00:00
10212,4607,가입,2025-05-22 00:00:00
10213,4607,튜토리얼완료,2025-05-24 03:00:00
10214,4607,첫결제,2025-06-19 20:08:00
10215,4608,가입,2025-01-31 00:00:00
10216,4608,튜토리얼완료,2025-02-03 02:00:00
10217,4608,첫결제,2025-03-10 19:29:00
10218,4609,가입,2025-02-10 00:00:00
10219,4609,튜토리얼완료,2025-02-13 13:00:00
10220,4609,첫결제,2025-03-02 20:21:00
10221,4610,가입,2025-02-18 00:00:00
10222,4610,튜토리얼완료,2025-02-18 12:00:00
10223,4611,가입,2025-01-15 00:00:00
10224,4611,튜토리얼완료,2025-01-16 21:00:00
10225,4612,가입,2025-04-25 00:00:00
10226,4612,튜토리얼완료,2025-04-27 23:00:00
10227,4613,가입,2025-03-01 00:00:00
10228,4613,튜토리얼완료,2025-03-04 08:00:00
10229,4614,가입,2025-03-04 00:00:00
10230,4614,튜토리얼완료,2025-03-07 11:00:00
10231,4615,가입,2025-02-14 00:00:00
10232,4615,튜토리얼완료,2025-02-17 09:00:00
10233,4616,가입,2025-03-15 00:00:00
10234,4616,튜토리얼완료,2025-03-17 15:00:00
10235,4617,가입,2025-02-02 00:00:00
10236,4617,튜토리얼완료,2025-02-04 08:00:00
10237,4618,가입,2025-03-31 00:00:00
10238,4618,튜토리얼완료,2025-04-01 22:00:00
10239,4619,가입,2025-02-19 00:00:00
10240,4619,튜토리얼완료,2025-02-22 12:00:00
10241,4619,첫결제,2025-02-23 04:15:00
10242,4620,가입,2025-01-03 00:00:00
10243,4620,튜토리얼완료,2025-01-04 00:00:00
10244,4620,첫결제,2025-01-04 08:15:00
10245,4621,가입,2025-01-06 00:00:00
10246,4621,튜토리얼완료,2025-01-07 10:00:00
10247,4622,가입,2025-01-29 00:00:00
10248,4622,첫결제,2025-04-27 23:37:00
10249,4623,가입,2025-01-02 00:00:00
10250,4623,튜토리얼완료,2025-01-04 13:00:00
10251,4624,가입,2025-01-05 00:00:00
10252,4624,튜토리얼완료,2025-01-08 17:00:00
10253,4624,첫결제,2025-01-06 13:59:00
10254,4625,가입,2025-01-28 00:00:00
10255,4625,튜토리얼완료,2025-01-29 21:00:00
10256,4625,첫결제,2025-03-16 14:47:00
10257,4626,가입,2025-01-21 00:00:00
10258,4626,튜토리얼완료,2025-01-24 22:00:00
10259,4627,가입,2025-03-03 00:00:00
10260,4627,튜토리얼완료,2025-03-06 04:00:00
10261,4628,가입,2025-01-18 00:00:00
10262,4628,튜토리얼완료,2025-01-20 15:00:00
10263,4628,첫결제,2025-01-18 03:00:00
10264,4629,가입,2025-01-19 00:00:00
10265,4629,튜토리얼완료,2025-01-22 15:00:00
10266,4629,첫결제,2025-02-06 13:33:00
10267,4630,가입,2025-01-28 00:00:00
10268,4630,튜토리얼완료,2025-01-28 02:00:00
10269,4631,가입,2025-01-03 00:00:00
10270,4631,튜토리얼완료,2025-01-04 22:00:00
10271,4632,가입,2025-03-03 00:00:00
10272,4632,튜토리얼완료,2025-03-05 19:00:00
10273,4633,가입,2025-03-21 00:00:00
10274,4633,튜토리얼완료,2025-03-22 17:00:00
10275,4633,첫결제,2025-03-24 02:13:00
10276,4634,가입,2025-06-29 00:00:00
10277,4635,가입,2025-04-01 00:00:00
10278,4635,튜토리얼완료,2025-04-02 01:00:00
10279,4636,가입,2025-01-23 00:00:00
10280,4637,가입,2025-03-30 00:00:00
10281,4637,튜토리얼완료,2025-04-01 11:00:00
10282,4638,가입,2025-06-29 00:00:00
10283,4638,튜토리얼완료,2025-07-02 04:00:00
10284,4639,가입,2025-01-15 00:00:00
10285,4639,튜토리얼완료,2025-01-18 10:00:00
10286,4639,첫결제,2025-02-18 19:28:00
10287,4640,가입,2025-06-29 00:00:00
10288,4640,첫결제,2025-06-29 02:36:00
10289,4641,가입,2025-01-26 00:00:00
10290,4641,튜토리얼완료,2025-01-26 23:00:00
10291,4642,가입,2025-01-04 00:00:00
10292,4642,튜토리얼완료,2025-01-05 08:00:00
10293,4642,첫결제,2025-01-06 09:42:00
10294,4643,가입,2025-01-05 00:00:00
10295,4643,튜토리얼완료,2025-01-07 13:00:00
10296,4643,첫결제,2025-01-09 03:21:00
10297,4644,가입,2025-01-13 00:00:00
10298,4644,튜토리얼완료,2025-01-13 21:00:00
10299,4645,가입,2025-03-08 00:00:00
10300,4646,가입,2025-03-16 00:00:00
10301,4646,튜토리얼완료,2025-03-16 17:00:00
10302,4647,가입,2025-03-12 00:00:00
10303,4647,튜토리얼완료,2025-03-15 22:00:00
10304,4647,첫결제,2025-03-13 21:38:00
10305,4648,가입,2025-01-31 00:00:00
10306,4648,튜토리얼완료,2025-02-01 10:00:00
10307,4648,첫결제,2025-03-03 20:58:00
10308,4649,가입,2025-02-19 00:00:00
10309,4649,튜토리얼완료,2025-02-22 06:00:00
10310,4650,가입,2025-03-15 00:00:00
10311,4651,가입,2025-02-15 00:00:00
10312,4651,튜토리얼완료,2025-02-18 14:00:00
10313,4652,가입,2025-02-05 00:00:00
10314,4653,가입,2025-01-17 00:00:00
10315,4653,튜토리얼완료,2025-01-18 04:00:00
10316,4653,첫결제,2025-03-05 19:13:00
10317,4654,가입,2025-01-29 00:00:00
10318,4654,튜토리얼완료,2025-02-01 12:00:00
10319,4654,첫결제,2025-02-04 13:30:00
10320,4655,가입,2025-03-29 00:00:00
10321,4655,튜토리얼완료,2025-03-30 12:00:00
10322,4656,가입,2025-02-17 00:00:00
10323,4656,튜토리얼완료,2025-02-18 12:00:00
10324,4657,가입,2025-01-14 00:00:00
10325,4657,튜토리얼완료,2025-01-15 20:00:00
10326,4658,가입,2025-01-16 00:00:00
10327,4658,튜토리얼완료,2025-01-18 03:00:00
10328,4659,가입,2025-04-04 00:00:00
10329,4659,튜토리얼완료,2025-04-07 05:00:00
10330,4660,가입,2025-05-22 00:00:00
10331,4660,튜토리얼완료,2025-05-22 04:00:00
10332,4661,가입,2025-01-22 00:00:00
10333,4661,튜토리얼완료,2025-01-24 06:00:00
10334,4661,첫결제,2025-02-06 22:18:00
10335,4662,가입,2025-01-31 00:00:00
10336,4662,튜토리얼완료,2025-02-01 12:00:00
10337,4663,가입,2025-01-01 00:00:00
10338,4663,튜토리얼완료,2025-01-03 03:00:00
10339,4663,첫결제,2025-01-04 22:06:00
10340,4664,가입,2025-01-07 00:00:00
10341,4664,튜토리얼완료,2025-01-08 13:00:00
10342,4664,첫결제,2025-02-01 16:43:00
10343,4665,가입,2025-03-14 00:00:00
10344,4665,튜토리얼완료,2025-03-14 02:00:00
10345,4666,가입,2025-06-29 00:00:00
10346,4666,튜토리얼완료,2025-06-29 11:00:00
10347,4667,가입,2025-02-25 00:00:00
10348,4668,가입,2025-02-18 00:00:00
10349,4668,튜토리얼완료,2025-02-19 19:00:00
10350,4669,가입,2025-03-31 00:00:00
10351,4669,튜토리얼완료,2025-04-02 16:00:00
10352,4670,가입,2025-01-21 00:00:00
10353,4670,튜토리얼완료,2025-01-22 00:00:00
10354,4671,가입,2025-02-17 00:00:00
10355,4671,튜토리얼완료,2025-02-18 16:00:00
10356,4671,첫결제,2025-04-27 21:11:00
10357,4672,가입,2025-01-30 00:00:00
10358,4672,첫결제,2025-02-03 02:16:00
10359,4673,가입,2025-01-29 00:00:00
10360,4673,튜토리얼완료,2025-01-31 03:00:00
10361,4673,첫결제,2025-03-13 22:44:00
10362,4674,가입,2025-01-13 00:00:00
10363,4674,튜토리얼완료,2025-01-14 06:00:00
10364,4675,가입,2025-02-05 00:00:00
10365,4675,첫결제,2025-02-08 16:39:00
10366,4676,가입,2025-02-13 00:00:00
10367,4676,튜토리얼완료,2025-02-13 22:00:00
10368,4676,첫결제,2025-02-19 06:53:00
10369,4677,가입,2025-04-26 00:00:00
10370,4677,튜토리얼완료,2025-04-28 01:00:00
10371,4677,첫결제,2025-05-04 01:13:00
10372,4678,가입,2025-06-29 00:00:00
10373,4678,튜토리얼완료,2025-07-01 07:00:00
10374,4679,가입,2025-01-06 00:00:00
10375,4679,튜토리얼완료,2025-01-09 02:00:00
10376,4680,가입,2025-01-08 00:00:00
10377,4680,튜토리얼완료,2025-01-09 03:00:00
10378,4681,가입,2025-04-17 00:00:00
10379,4681,튜토리얼완료,2025-04-20 02:00:00
10380,4682,가입,2025-02-19 00:00:00
10381,4682,튜토리얼완료,2025-02-22 19:00:00
10382,4683,가입,2025-03-26 00:00:00
10383,4683,첫결제,2025-04-08 22:03:00
10384,4684,가입,2025-01-07 00:00:00
10385,4684,튜토리얼완료,2025-01-07 16:00:00
10386,4684,첫결제,2025-01-09 17:56:00
10387,4685,가입,2025-01-11 00:00:00
10388,4685,튜토리얼완료,2025-01-14 02:00:00
10389,4685,첫결제,2025-01-17 14:38:00
10390,4686,가입,2025-02-19 00:00:00
10391,4686,튜토리얼완료,2025-02-19 11:00:00
10392,4687,가입,2025-02-04 00:00:00
10393,4687,튜토리얼완료,2025-02-04 09:00:00
10394,4688,가입,2025-02-06 00:00:00
10395,4688,튜토리얼완료,2025-02-08 13:00:00
10396,4689,가입,2025-05-16 00:00:00
10397,4689,튜토리얼완료,2025-05-17 18:00:00
10398,4689,첫결제,2025-05-22 19:01:00
10399,4690,가입,2025-03-24 00:00:00
10400,4690,첫결제,2025-04-30 23:24:00
10401,4691,가입,2025-01-30 00:00:00
10402,4691,튜토리얼완료,2025-02-02 20:00:00
10403,4691,첫결제,2025-02-09 20:23:00
10404,4692,가입,2025-05-16 00:00:00
10405,4692,첫결제,2025-05-21 19:35:00
10406,4693,가입,2025-02-05 00:00:00
10407,4693,튜토리얼완료,2025-02-07 15:00:00
10408,4694,가입,2025-03-24 00:00:00
10409,4694,튜토리얼완료,2025-03-27 04:00:00
10410,4695,가입,2025-03-21 00:00:00
10411,4695,튜토리얼완료,2025-03-21 12:00:00
10412,4695,첫결제,2025-03-29 19:27:00
10413,4696,가입,2025-01-27 00:00:00
10414,4696,튜토리얼완료,2025-01-30 07:00:00
10415,4697,가입,2025-03-06 00:00:00
10416,4697,튜토리얼완료,2025-03-06 05:00:00
10417,4698,가입,2025-05-30 00:00:00
10418,4698,튜토리얼완료,2025-06-01 00:00:00
10419,4699,가입,2025-05-15 00:00:00
10420,4699,튜토리얼완료,2025-05-17 15:00:00
10421,4700,가입,2025-02-24 00:00:00
10422,4700,튜토리얼완료,2025-02-27 03:00:00
10423,4700,첫결제,2025-02-24 00:35:00
10424,4701,가입,2025-01-17 00:00:00
10425,4701,튜토리얼완료,2025-01-19 10:00:00
10426,4702,가입,2025-01-19 00:00:00
10427,4702,튜토리얼완료,2025-01-21 17:00:00
10428,4703,가입,2025-04-03 00:00:00
10429,4703,첫결제,2025-04-09 23:31:00
10430,4704,가입,2025-02-14 00:00:00
10431,4704,튜토리얼완료,2025-02-16 21:00:00
10432,4705,가입,2025-02-15 00:00:00
10433,4705,튜토리얼완료,2025-02-17 21:00:00
10434,4705,첫결제,2025-02-27 02:13:00
10435,4706,가입,2025-01-04 00:00:00
10436,4706,튜토리얼완료,2025-01-05 07:00:00
10437,4706,첫결제,2025-01-06 21:44:00
10438,4707,가입,2025-01-18 00:00:00
10439,4707,튜토리얼완료,2025-01-20 05:00:00
10440,4708,가입,2025-03-08 00:00:00
10441,4708,튜토리얼완료,2025-03-08 08:00:00
10442,4709,가입,2025-01-18 00:00:00
10443,4709,튜토리얼완료,2025-01-20 13:00:00
10444,4710,가입,2025-01-10 00:00:00
10445,4710,튜토리얼완료,2025-01-10 14:00:00
10446,4711,가입,2025-01-24 00:00:00
10447,4711,튜토리얼완료,2025-01-26 20:00:00
10448,4712,가입,2025-03-12 00:00:00
10449,4712,튜토리얼완료,2025-03-15 09:00:00
10450,4713,가입,2025-03-13 00:00:00
10451,4713,튜토리얼완료,2025-03-16 22:00:00
10452,4714,가입,2025-02-17 00:00:00
10453,4714,튜토리얼완료,2025-02-20 16:00:00
10454,4714,첫결제,2025-03-08 11:14:00
10455,4715,가입,2025-02-08 00:00:00
10456,4716,가입,2025-05-04 00:00:00
10457,4716,튜토리얼완료,2025-05-05 01:00:00
10458,4717,가입,2025-04-22 00:00:00
10459,4717,튜토리얼완료,2025-04-25 20:00:00
10460,4718,가입,2025-02-02 00:00:00
10461,4718,튜토리얼완료,2025-02-04 06:00:00
10462,4718,첫결제,2025-02-24 12:25:00
10463,4719,가입,2025-05-10 00:00:00
10464,4719,튜토리얼완료,2025-05-13 07:00:00
10465,4720,가입,2025-05-24 00:00:00
10466,4720,튜토리얼완료,2025-05-24 13:00:00
10467,4721,가입,2025-03-06 00:00:00
10468,4721,튜토리얼완료,2025-03-06 01:00:00
10469,4721,첫결제,2025-03-06 00:55:00
10470,4722,가입,2025-02-01 00:00:00
10471,4722,튜토리얼완료,2025-02-02 10:00:00
10472,4722,첫결제,2025-02-13 22:17:00
10473,4723,가입,2025-02-15 00:00:00
10474,4723,튜토리얼완료,2025-02-18 04:00:00
10475,4723,첫결제,2025-02-28 23:49:00
10476,4724,가입,2025-01-19 00:00:00
10477,4724,첫결제,2025-02-10 22:43:00
10478,4725,가입,2025-04-19 00:00:00
10479,4726,가입,2025-02-08 00:00:00
10480,4726,튜토리얼완료,2025-02-08 04:00:00
10481,4727,가입,2025-03-30 00:00:00
10482,4728,가입,2025-03-30 00:00:00
10483,4728,튜토리얼완료,2025-03-30 09:00:00
10484,4729,가입,2025-01-04 00:00:00
10485,4729,튜토리얼완료,2025-01-04 12:00:00
10486,4729,첫결제,2025-01-07 17:44:00
10487,4730,가입,2025-04-30 00:00:00
10488,4730,튜토리얼완료,2025-05-03 12:00:00
10489,4730,첫결제,2025-05-05 21:57:00
10490,4731,가입,2025-01-12 00:00:00
10491,4731,튜토리얼완료,2025-01-14 23:00:00
10492,4732,가입,2025-01-20 00:00:00
10493,4732,튜토리얼완료,2025-01-22 09:00:00
10494,4732,첫결제,2025-03-01 19:20:00
10495,4733,가입,2025-02-18 00:00:00
10496,4733,첫결제,2025-03-10 21:01:00
10497,4734,가입,2025-02-21 00:00:00
10498,4734,튜토리얼완료,2025-02-21 15:00:00
10499,4735,가입,2025-01-29 00:00:00
10500,4735,튜토리얼완료,2025-01-31 23:00:00
10501,4736,가입,2025-01-29 00:00:00
10502,4736,튜토리얼완료,2025-01-30 03:00:00
10503,4737,가입,2025-03-24 00:00:00
10504,4737,튜토리얼완료,2025-03-27 23:00:00
10505,4738,가입,2025-02-14 00:00:00
10506,4738,튜토리얼완료,2025-02-15 17:00:00
10507,4738,첫결제,2025-03-09 21:13:00
10508,4739,가입,2025-03-14 00:00:00
10509,4739,튜토리얼완료,2025-03-17 03:00:00
10510,4740,가입,2025-05-06 00:00:00
10511,4740,튜토리얼완료,2025-05-06 11:00:00
10512,4740,첫결제,2025-05-23 20:20:00
10513,4741,가입,2025-02-06 00:00:00
10514,4741,튜토리얼완료,2025-02-07 13:00:00
10515,4742,가입,2025-02-09 00:00:00
10516,4742,튜토리얼완료,2025-02-10 03:00:00
10517,4743,가입,2025-01-29 00:00:00
10518,4743,첫결제,2025-02-15 20:16:00
10519,4744,가입,2025-01-21 00:00:00
10520,4744,튜토리얼완료,2025-01-23 06:00:00
10521,4745,가입,2025-04-22 00:00:00
10522,4745,튜토리얼완료,2025-04-25 22:00:00
10523,4745,첫결제,2025-04-25 22:59:00
10524,4746,가입,2025-01-09 00:00:00
10525,4746,튜토리얼완료,2025-01-09 15:00:00
10526,4746,첫결제,2025-02-18 19:14:00
10527,4747,가입,2025-03-17 00:00:00
10528,4747,첫결제,2025-04-02 07:11:00
10529,4748,가입,2025-02-02 00:00:00
10530,4748,튜토리얼완료,2025-02-02 15:00:00
10531,4749,가입,2025-02-05 00:00:00
10532,4749,튜토리얼완료,2025-02-06 08:00:00
10533,4749,첫결제,2025-02-28 21:44:00
10534,4750,가입,2025-06-12 00:00:00
10535,4750,튜토리얼완료,2025-06-12 11:00:00
10536,4751,가입,2025-01-27 00:00:00
10537,4751,튜토리얼완료,2025-01-28 04:00:00
10538,4751,첫결제,2025-02-07 19:00:00
10539,4752,가입,2025-01-31 00:00:00
10540,4752,튜토리얼완료,2025-02-02 23:00:00
10541,4753,가입,2025-01-17 00:00:00
10542,4753,튜토리얼완료,2025-01-20 11:00:00
10543,4754,가입,2025-02-04 00:00:00
10544,4754,튜토리얼완료,2025-02-06 12:00:00
10545,4755,가입,2025-01-14 00:00:00
10546,4755,튜토리얼완료,2025-01-17 05:00:00
10547,4755,첫결제,2025-01-29 03:43:00
10548,4756,가입,2025-02-20 00:00:00
10549,4756,튜토리얼완료,2025-02-22 18:00:00
10550,4757,가입,2025-01-26 00:00:00
10551,4757,튜토리얼완료,2025-01-28 05:00:00
10552,4757,첫결제,2025-03-18 23:43:00
10553,4758,가입,2025-02-05 00:00:00
10554,4758,튜토리얼완료,2025-02-08 17:00:00
10555,4758,첫결제,2025-03-11 02:04:00
10556,4759,가입,2025-05-29 00:00:00
10557,4760,가입,2025-06-29 00:00:00
10558,4760,튜토리얼완료,2025-07-02 07:00:00
10559,4761,가입,2025-01-12 00:00:00
10560,4761,튜토리얼완료,2025-01-15 18:00:00
10561,4761,첫결제,2025-01-20 12:59:00
10562,4762,가입,2025-05-04 00:00:00
10563,4762,튜토리얼완료,2025-05-04 08:00:00
10564,4763,가입,2025-01-03 00:00:00
10565,4763,튜토리얼완료,2025-01-05 13:00:00
10566,4764,가입,2025-02-17 00:00:00
10567,4764,튜토리얼완료,2025-02-18 20:00:00
10568,4764,첫결제,2025-03-01 19:49:00
10569,4765,가입,2025-06-29 00:00:00
10570,4765,튜토리얼완료,2025-07-02 20:00:00
10571,4766,가입,2025-02-21 00:00:00
10572,4766,튜토리얼완료,2025-02-21 21:00:00
10573,4766,첫결제,2025-03-27 05:24:00
10574,4767,가입,2025-06-04 00:00:00
10575,4767,튜토리얼완료,2025-06-06 13:00:00
10576,4767,첫결제,2025-06-06 05:21:00
10577,4768,가입,2025-03-19 00:00:00
10578,4769,가입,2025-02-08 00:00:00
10579,4769,튜토리얼완료,2025-02-08 16:00:00
10580,4770,가입,2025-02-23 00:00:00
10581,4770,튜토리얼완료,2025-02-25 10:00:00
10582,4771,가입,2025-02-21 00:00:00
10583,4771,튜토리얼완료,2025-02-24 03:00:00
10584,4772,가입,2025-03-22 00:00:00
10585,4773,가입,2025-02-03 00:00:00
10586,4773,튜토리얼완료,2025-02-06 11:00:00
10587,4773,첫결제,2025-02-11 13:35:00
10588,4774,가입,2025-02-06 00:00:00
10589,4774,튜토리얼완료,2025-02-08 00:00:00
10590,4775,가입,2025-06-29 00:00:00
10591,4775,튜토리얼완료,2025-06-30 04:00:00
10592,4776,가입,2025-01-19 00:00:00
10593,4776,튜토리얼완료,2025-01-22 06:00:00
10594,4776,첫결제,2025-01-29 17:45:00
10595,4777,가입,2025-01-22 00:00:00
10596,4777,튜토리얼완료,2025-01-24 15:00:00
10597,4778,가입,2025-02-03 00:00:00
10598,4778,튜토리얼완료,2025-02-03 12:00:00
10599,4779,가입,2025-02-07 00:00:00
10600,4779,튜토리얼완료,2025-02-10 03:00:00
10601,4779,첫결제,2025-02-12 12:27:00
10602,4780,가입,2025-01-15 00:00:00
10603,4780,첫결제,2025-01-21 15:19:00
10604,4781,가입,2025-01-18 00:00:00
10605,4782,가입,2025-01-04 00:00:00
10606,4782,튜토리얼완료,2025-01-04 09:00:00
10607,4783,가입,2025-01-17 00:00:00
10608,4783,튜토리얼완료,2025-01-19 14:00:00
10609,4784,가입,2025-03-07 00:00:00
10610,4784,튜토리얼완료,2025-03-10 17:00:00
10611,4785,가입,2025-02-05 00:00:00
10612,4785,튜토리얼완료,2025-02-07 12:00:00
10613,4786,가입,2025-01-11 00:00:00
10614,4787,가입,2025-01-02 00:00:00
10615,4787,튜토리얼완료,2025-01-04 10:00:00
10616,4787,첫결제,2025-01-02 10:46:00
10617,4788,가입,2025-01-23 00:00:00
10618,4788,튜토리얼완료,2025-01-26 11:00:00
10619,4789,가입,2025-01-08 00:00:00
10620,4789,튜토리얼완료,2025-01-10 21:00:00
10621,4789,첫결제,2025-01-09 18:11:00
10622,4790,가입,2025-01-02 00:00:00
10623,4790,튜토리얼완료,2025-01-02 08:00:00
10624,4791,가입,2025-03-22 00:00:00
10625,4792,가입,2025-03-15 00:00:00
10626,4792,튜토리얼완료,2025-03-16 09:00:00
10627,4793,가입,2025-01-16 00:00:00
10628,4793,튜토리얼완료,2025-01-17 08:00:00
10629,4794,가입,2025-01-12 00:00:00
10630,4794,튜토리얼완료,2025-01-14 05:00:00
10631,4794,첫결제,2025-01-14 19:28:00
10632,4795,가입,2025-03-05 00:00:00
10633,4795,튜토리얼완료,2025-03-07 20:00:00
10634,4796,가입,2025-02-02 00:00:00
10635,4796,첫결제,2025-02-06 04:25:00
10636,4797,가입,2025-02-02 00:00:00
10637,4797,튜토리얼완료,2025-02-05 11:00:00
10638,4797,첫결제,2025-02-14 11:23:00
10639,4798,가입,2025-02-01 00:00:00
10640,4798,튜토리얼완료,2025-02-03 11:00:00
10641,4799,가입,2025-03-12 00:00:00
10642,4799,튜토리얼완료,2025-03-12 07:00:00
10643,4800,가입,2025-06-29 00:00:00
10644,4800,튜토리얼완료,2025-07-01 22:00:00
10645,4801,가입,2025-02-13 00:00:00
10646,4801,튜토리얼완료,2025-02-16 19:00:00
10647,4802,가입,2025-06-29 00:00:00
10648,4802,튜토리얼완료,2025-07-01 21:00:00
10649,4803,가입,2025-01-12 00:00:00
10650,4803,튜토리얼완료,2025-01-14 18:00:00
10651,4803,첫결제,2025-01-23 13:10:00
10652,4804,가입,2025-02-24 00:00:00
10653,4804,튜토리얼완료,2025-02-25 03:00:00
10654,4805,가입,2025-01-06 00:00:00
10655,4805,튜토리얼완료,2025-01-09 02:00:00
10656,4805,첫결제,2025-01-21 00:18:00
10657,4806,가입,2025-02-22 00:00:00
10658,4806,튜토리얼완료,2025-02-23 03:00:00
10659,4807,가입,2025-03-24 00:00:00
10660,4807,튜토리얼완료,2025-03-24 16:00:00
10661,4807,첫결제,2025-04-18 22:40:00
10662,4808,가입,2025-01-13 00:00:00
10663,4808,튜토리얼완료,2025-01-13 05:00:00
10664,4809,가입,2025-01-18 00:00:00
10665,4809,튜토리얼완료,2025-01-20 12:00:00
10666,4810,가입,2025-03-16 00:00:00
10667,4810,튜토리얼완료,2025-03-17 16:00:00
10668,4810,첫결제,2025-03-22 20:41:00
10669,4811,가입,2025-01-22 00:00:00
10670,4811,튜토리얼완료,2025-01-25 04:00:00
10671,4812,가입,2025-01-02 00:00:00
10672,4812,튜토리얼완료,2025-01-05 10:00:00
10673,4813,가입,2025-03-15 00:00:00
10674,4813,튜토리얼완료,2025-03-15 11:00:00
10675,4813,첫결제,2025-04-20 23:37:00
10676,4814,가입,2025-03-12 00:00:00
10677,4814,튜토리얼완료,2025-03-14 21:00:00
10678,4815,가입,2025-01-17 00:00:00
10679,4816,가입,2025-06-10 00:00:00
10680,4816,튜토리얼완료,2025-06-13 14:00:00
10681,4816,첫결제,2025-06-12 04:54:00
10682,4817,가입,2025-01-20 00:00:00
10683,4817,튜토리얼완료,2025-01-21 11:00:00
10684,4817,첫결제,2025-01-25 16:09:00
10685,4818,가입,2025-01-08 00:00:00
10686,4818,튜토리얼완료,2025-01-08 06:00:00
10687,4819,가입,2025-01-30 00:00:00
10688,4819,튜토리얼완료,2025-01-30 21:00:00
10689,4819,첫결제,2025-02-04 04:34:00
10690,4820,가입,2025-01-03 00:00:00
10691,4820,튜토리얼완료,2025-01-05 13:00:00
10692,4820,첫결제,2025-02-05 23:09:00
10693,4821,가입,2025-02-05 00:00:00
10694,4822,가입,2025-02-26 00:00:00
10695,4822,튜토리얼완료,2025-03-01 00:00:00
10696,4822,첫결제,2025-03-25 22:10:00
10697,4823,가입,2025-06-29 00:00:00
10698,4823,튜토리얼완료,2025-06-30 20:00:00
10699,4824,가입,2025-06-01 00:00:00
10700,4824,튜토리얼완료,2025-06-01 03:00:00
10701,4824,첫결제,2025-06-15 23:01:00
10702,4825,가입,2025-02-20 00:00:00
10703,4825,튜토리얼완료,2025-02-22 19:00:00
10704,4825,첫결제,2025-03-01 21:36:00
10705,4826,가입,2025-01-04 00:00:00
10706,4826,튜토리얼완료,2025-01-06 21:00:00
10707,4827,가입,2025-02-15 00:00:00
10708,4827,튜토리얼완료,2025-02-15 11:00:00
10709,4828,가입,2025-03-12 00:00:00
10710,4828,튜토리얼완료,2025-03-12 15:00:00
10711,4829,가입,2025-04-23 00:00:00
10712,4829,튜토리얼완료,2025-04-25 20:00:00
10713,4830,가입,2025-05-28 00:00:00
10714,4830,튜토리얼완료,2025-05-28 00:00:00
10715,4830,첫결제,2025-05-30 22:30:00
10716,4831,가입,2025-02-02 00:00:00
10717,4831,튜토리얼완료,2025-02-04 05:00:00
10718,4831,첫결제,2025-04-04 13:13:00
10719,4832,가입,2025-01-05 00:00:00
10720,4832,첫결제,2025-01-10 04:41:00
10721,4833,가입,2025-04-19 00:00:00
10722,4833,튜토리얼완료,2025-04-19 21:00:00
10723,4834,가입,2025-01-11 00:00:00
10724,4834,튜토리얼완료,2025-01-13 10:00:00
10725,4835,가입,2025-03-04 00:00:00
10726,4835,튜토리얼완료,2025-03-05 13:00:00
10727,4835,첫결제,2025-03-06 05:45:00
10728,4836,가입,2025-01-18 00:00:00
10729,4836,튜토리얼완료,2025-01-21 08:00:00
10730,4837,가입,2025-01-17 00:00:00
10731,4837,튜토리얼완료,2025-01-19 14:00:00
10732,4838,가입,2025-05-24 00:00:00
10733,4838,튜토리얼완료,2025-05-26 05:00:00
10734,4839,가입,2025-02-19 00:00:00
10735,4839,튜토리얼완료,2025-02-22 00:00:00
10736,4839,첫결제,2025-02-20 14:31:00
10737,4840,가입,2025-04-21 00:00:00
10738,4840,튜토리얼완료,2025-04-21 02:00:00
10739,4840,첫결제,2025-04-28 15:04:00
10740,4841,가입,2025-01-26 00:00:00
10741,4841,튜토리얼완료,2025-01-26 23:00:00
10742,4842,가입,2025-02-09 00:00:00
10743,4842,튜토리얼완료,2025-02-12 18:00:00
10744,4842,첫결제,2025-02-16 23:29:00
10745,4843,가입,2025-02-16 00:00:00
10746,4843,튜토리얼완료,2025-02-19 21:00:00
10747,4843,첫결제,2025-02-23 16:28:00
10748,4844,가입,2025-04-16 00:00:00
10749,4844,첫결제,2025-04-28 03:58:00
10750,4845,가입,2025-02-06 00:00:00
10751,4846,가입,2025-02-17 00:00:00
10752,4846,튜토리얼완료,2025-02-20 08:00:00
10753,4847,가입,2025-02-15 00:00:00
10754,4847,튜토리얼완료,2025-02-18 13:00:00
10755,4848,가입,2025-02-23 00:00:00
10756,4848,튜토리얼완료,2025-02-26 12:00:00
10757,4848,첫결제,2025-02-24 18:10:00
10758,4849,가입,2025-01-07 00:00:00
10759,4849,튜토리얼완료,2025-01-09 13:00:00
10760,4850,가입,2025-01-26 00:00:00
10761,4850,튜토리얼완료,2025-01-27 05:00:00
10762,4851,가입,2025-01-03 00:00:00
10763,4851,튜토리얼완료,2025-01-06 03:00:00
10764,4852,가입,2025-01-03 00:00:00
10765,4852,튜토리얼완료,2025-01-04 03:00:00
10766,4853,가입,2025-06-29 00:00:00
10767,4854,가입,2025-01-06 00:00:00
10768,4854,튜토리얼완료,2025-01-06 05:00:00
10769,4855,가입,2025-03-02 00:00:00
10770,4855,튜토리얼완료,2025-03-03 10:00:00
10771,4855,첫결제,2025-03-11 23:59:00
10772,4856,가입,2025-01-26 00:00:00
10773,4856,튜토리얼완료,2025-01-28 23:00:00
10774,4856,첫결제,2025-01-28 22:46:00
10775,4857,가입,2025-01-15 00:00:00
10776,4857,첫결제,2025-01-22 23:31:00
10777,4858,가입,2025-04-01 00:00:00
10778,4858,튜토리얼완료,2025-04-03 15:00:00
10779,4859,가입,2025-01-11 00:00:00
10780,4859,첫결제,2025-02-11 16:25:00
10781,4860,가입,2025-04-24 00:00:00
10782,4860,첫결제,2025-05-10 22:44:00
10783,4861,가입,2025-01-27 00:00:00
10784,4861,튜토리얼완료,2025-01-30 16:00:00
10785,4861,첫결제,2025-02-03 03:44:00
10786,4862,가입,2025-01-04 00:00:00
10787,4862,튜토리얼완료,2025-01-06 18:00:00
10788,4863,가입,2025-01-22 00:00:00
10789,4864,가입,2025-02-28 00:00:00
10790,4864,튜토리얼완료,2025-02-28 22:00:00
10791,4865,가입,2025-01-25 00:00:00
10792,4865,튜토리얼완료,2025-01-26 08:00:00
10793,4866,가입,2025-01-11 00:00:00
10794,4866,튜토리얼완료,2025-01-11 17:00:00
10795,4866,첫결제,2025-02-05 05:13:00
10796,4867,가입,2025-01-23 00:00:00
10797,4867,튜토리얼완료,2025-01-25 16:00:00
10798,4868,가입,2025-01-10 00:00:00
10799,4868,첫결제,2025-02-23 21:03:00
10800,4869,가입,2025-04-24 00:00:00
10801,4869,튜토리얼완료,2025-04-26 03:00:00
10802,4869,첫결제,2025-05-10 06:20:00
10803,4870,가입,2025-02-09 00:00:00
10804,4870,튜토리얼완료,2025-02-11 09:00:00
10805,4871,가입,2025-02-19 00:00:00
10806,4871,튜토리얼완료,2025-02-22 14:00:00
10807,4872,가입,2025-06-19 00:00:00
10808,4872,튜토리얼완료,2025-06-19 08:00:00
10809,4873,가입,2025-01-14 00:00:00
10810,4873,튜토리얼완료,2025-01-15 00:00:00
10811,4874,가입,2025-01-11 00:00:00
10812,4874,튜토리얼완료,2025-01-14 08:00:00
10813,4874,첫결제,2025-01-19 15:07:00
10814,4875,가입,2025-01-15 00:00:00
10815,4875,튜토리얼완료,2025-01-15 00:00:00
10816,4876,가입,2025-06-03 00:00:00
10817,4876,튜토리얼완료,2025-06-05 23:00:00
10818,4877,가입,2025-04-01 00:00:00
10819,4877,튜토리얼완료,2025-04-03 09:00:00
10820,4878,가입,2025-06-29 00:00:00
10821,4878,튜토리얼완료,2025-06-30 23:00:00
10822,4879,가입,2025-01-07 00:00:00
10823,4879,첫결제,2025-02-15 22:53:00
10824,4880,가입,2025-01-17 00:00:00
10825,4880,튜토리얼완료,2025-01-18 07:00:00
10826,4880,첫결제,2025-01-22 17:56:00
10827,4881,가입,2025-01-11 00:00:00
10828,4881,튜토리얼완료,2025-01-13 20:00:00
10829,4882,가입,2025-03-16 00:00:00
10830,4882,튜토리얼완료,2025-03-17 06:00:00
10831,4883,가입,2025-01-14 00:00:00
10832,4883,튜토리얼완료,2025-01-16 03:00:00
10833,4883,첫결제,2025-01-16 11:17:00
10834,4884,가입,2025-05-19 00:00:00
10835,4884,튜토리얼완료,2025-05-21 20:00:00
10836,4885,가입,2025-01-24 00:00:00
10837,4885,튜토리얼완료,2025-01-24 05:00:00
10838,4886,가입,2025-05-02 00:00:00
10839,4886,튜토리얼완료,2025-05-03 13:00:00
10840,4886,첫결제,2025-05-03 16:15:00
10841,4887,가입,2025-01-25 00:00:00
10842,4887,튜토리얼완료,2025-01-28 15:00:00
10843,4888,가입,2025-01-07 00:00:00
10844,4888,튜토리얼완료,2025-01-10 23:00:00
10845,4889,가입,2025-03-08 00:00:00
10846,4889,첫결제,2025-03-10 11:58:00
10847,4890,가입,2025-01-22 00:00:00
10848,4891,가입,2025-01-08 00:00:00
10849,4891,튜토리얼완료,2025-01-09 07:00:00
10850,4892,가입,2025-01-20 00:00:00
10851,4892,튜토리얼완료,2025-01-20 11:00:00
10852,4893,가입,2025-01-25 00:00:00
10853,4893,튜토리얼완료,2025-01-26 01:00:00
10854,4894,가입,2025-06-29 00:00:00
10855,4895,가입,2025-03-01 00:00:00
10856,4895,튜토리얼완료,2025-03-03 17:00:00
10857,4895,첫결제,2025-03-18 23:37:00
10858,4896,가입,2025-01-09 00:00:00
10859,4896,튜토리얼완료,2025-01-09 09:00:00
10860,4896,첫결제,2025-01-10 04:40:00
10861,4897,가입,2025-01-20 00:00:00
10862,4897,첫결제,2025-01-22 04:53:00
10863,4898,가입,2025-02-12 00:00:00
10864,4898,튜토리얼완료,2025-02-15 23:00:00
10865,4898,첫결제,2025-02-14 11:34:00
10866,4899,가입,2025-01-17 00:00:00
10867,4899,튜토리얼완료,2025-01-18 22:00:00
10868,4900,가입,2025-01-24 00:00:00
10869,4900,튜토리얼완료,2025-01-24 09:00:00
10870,4901,가입,2025-01-12 00:00:00
10871,4901,튜토리얼완료,2025-01-13 16:00:00
10872,4902,가입,2025-01-06 00:00:00
10873,4902,튜토리얼완료,2025-01-06 06:00:00
10874,4903,가입,2025-05-05 00:00:00
10875,4903,튜토리얼완료,2025-05-05 16:00:00
10876,4904,가입,2025-01-22 00:00:00
10877,4905,가입,2025-02-14 00:00:00
10878,4905,첫결제,2025-02-14 19:25:00
10879,4906,가입,2025-01-18 00:00:00
10880,4906,튜토리얼완료,2025-01-20 11:00:00
10881,4907,가입,2025-05-25 00:00:00
10882,4907,튜토리얼완료,2025-05-27 23:00:00
10883,4907,첫결제,2025-06-04 19:04:00
10884,4908,가입,2025-02-08 00:00:00
10885,4908,튜토리얼완료,2025-02-11 19:00:00
10886,4909,가입,2025-01-07 00:00:00
10887,4909,튜토리얼완료,2025-01-07 18:00:00
10888,4910,가입,2025-02-11 00:00:00
10889,4910,튜토리얼완료,2025-02-13 02:00:00
10890,4910,첫결제,2025-02-20 12:31:00
10891,4911,가입,2025-02-21 00:00:00
10892,4911,튜토리얼완료,2025-02-21 07:00:00
10893,4912,가입,2025-01-06 00:00:00
10894,4912,튜토리얼완료,2025-01-07 12:00:00
10895,4913,가입,2025-04-04 00:00:00
10896,4913,튜토리얼완료,2025-04-07 09:00:00
10897,4914,가입,2025-02-09 00:00:00
10898,4914,튜토리얼완료,2025-02-12 14:00:00
10899,4914,첫결제,2025-02-09 19:40:00
10900,4915,가입,2025-01-10 00:00:00
10901,4915,튜토리얼완료,2025-01-10 02:00:00
10902,4916,가입,2025-06-01 00:00:00
10903,4917,가입,2025-03-20 00:00:00
10904,4917,튜토리얼완료,2025-03-21 09:00:00
10905,4918,가입,2025-02-25 00:00:00
10906,4918,튜토리얼완료,2025-02-25 16:00:00
10907,4919,가입,2025-01-03 00:00:00
10908,4919,튜토리얼완료,2025-01-03 20:00:00
10909,4919,첫결제,2025-01-06 05:46:00
10910,4920,가입,2025-06-29 00:00:00
10911,4920,튜토리얼완료,2025-07-01 15:00:00
10912,4921,가입,2025-01-29 00:00:00
10913,4921,튜토리얼완료,2025-01-30 03:00:00
10914,4922,가입,2025-01-25 00:00:00
10915,4922,튜토리얼완료,2025-01-26 02:00:00
10916,4922,첫결제,2025-01-25 21:28:00
10917,4923,가입,2025-01-04 00:00:00
10918,4923,튜토리얼완료,2025-01-06 16:00:00
10919,4923,첫결제,2025-01-28 23:19:00
10920,4924,가입,2025-01-19 00:00:00
10921,4924,튜토리얼완료,2025-01-21 14:00:00
10922,4925,가입,2025-04-20 00:00:00
10923,4925,튜토리얼완료,2025-04-23 23:00:00
10924,4926,가입,2025-04-18 00:00:00
10925,4926,튜토리얼완료,2025-04-18 22:00:00
10926,4926,첫결제,2025-04-18 02:35:00
10927,4927,가입,2025-01-06 00:00:00
10928,4927,튜토리얼완료,2025-01-09 21:00:00
10929,4928,가입,2025-01-30 00:00:00
10930,4929,가입,2025-03-15 00:00:00
10931,4929,첫결제,2025-04-24 22:20:00
10932,4930,가입,2025-02-09 00:00:00
10933,4930,튜토리얼완료,2025-02-12 16:00:00
10934,4931,가입,2025-01-16 00:00:00
10935,4931,튜토리얼완료,2025-01-19 13:00:00
10936,4932,가입,2025-02-26 00:00:00
10937,4932,튜토리얼완료,2025-02-27 20:00:00
10938,4933,가입,2025-02-08 00:00:00
10939,4933,튜토리얼완료,2025-02-08 22:00:00
10940,4934,가입,2025-02-12 00:00:00
10941,4934,튜토리얼완료,2025-02-12 19:00:00
10942,4935,가입,2025-01-11 00:00:00
10943,4935,튜토리얼완료,2025-01-12 23:00:00
10944,4936,가입,2025-01-31 00:00:00
10945,4936,튜토리얼완료,2025-02-03 14:00:00
10946,4937,가입,2025-03-23 00:00:00
10947,4937,튜토리얼완료,2025-03-25 16:00:00
10948,4938,가입,2025-02-09 00:00:00
10949,4938,튜토리얼완료,2025-02-09 16:00:00
10950,4939,가입,2025-02-25 00:00:00
10951,4939,튜토리얼완료,2025-02-27 04:00:00
10952,4940,가입,2025-01-27 00:00:00
10953,4940,튜토리얼완료,2025-01-28 08:00:00
10954,4940,첫결제,2025-02-20 17:36:00
10955,4941,가입,2025-04-04 00:00:00
10956,4941,튜토리얼완료,2025-04-07 05:00:00
10957,4941,첫결제,2025-04-13 22:01:00
10958,4942,가입,2025-01-07 00:00:00
10959,4942,튜토리얼완료,2025-01-08 09:00:00
10960,4943,가입,2025-03-12 00:00:00
10961,4944,가입,2025-01-12 00:00:00
10962,4944,튜토리얼완료,2025-01-13 06:00:00
10963,4945,가입,2025-01-17 00:00:00
10964,4945,첫결제,2025-01-30 17:32:00
10965,4946,가입,2025-05-10 00:00:00
10966,4946,튜토리얼완료,2025-05-13 07:00:00
10967,4947,가입,2025-01-31 00:00:00
10968,4948,가입,2025-02-04 00:00:00
10969,4948,첫결제,2025-02-05 23:18:00
10970,4949,가입,2025-03-03 00:00:00
10971,4949,첫결제,2025-03-31 00:29:00
10972,4950,가입,2025-03-11 00:00:00
10973,4950,튜토리얼완료,2025-03-14 02:00:00
10974,4950,첫결제,2025-03-11 01:51:00
10975,4951,가입,2025-03-01 00:00:00
10976,4952,가입,2025-02-17 00:00:00
10977,4952,튜토리얼완료,2025-02-18 06:00:00
10978,4952,첫결제,2025-02-17 19:20:00
10979,4953,가입,2025-01-01 00:00:00
10980,4953,튜토리얼완료,2025-01-03 13:00:00
10981,4954,가입,2025-01-10 00:00:00
10982,4954,튜토리얼완료,2025-01-13 09:00:00
10983,4954,첫결제,2025-01-10 22:59:00
10984,4955,가입,2025-01-19 00:00:00
10985,4955,튜토리얼완료,2025-01-20 00:00:00
10986,4956,가입,2025-04-19 00:00:00
10987,4956,튜토리얼완료,2025-04-20 22:00:00
10988,4956,첫결제,2025-04-22 19:14:00
10989,4957,가입,2025-06-02 00:00:00
10990,4957,첫결제,2025-06-09 11:05:00
10991,4958,가입,2025-02-08 00:00:00
10992,4958,튜토리얼완료,2025-02-08 11:00:00
10993,4958,첫결제,2025-04-06 22:36:00
10994,4959,가입,2025-01-28 00:00:00
10995,4959,튜토리얼완료,2025-01-30 12:00:00
10996,4959,첫결제,2025-02-21 03:16:00
10997,4960,가입,2025-06-29 00:00:00
10998,4960,튜토리얼완료,2025-07-01 14:00:00
10999,4961,가입,2025-02-12 00:00:00
11000,4961,튜토리얼완료,2025-02-14 06:00:00
11001,4962,가입,2025-03-16 00:00:00
11002,4962,튜토리얼완료,2025-03-16 18:00:00
11003,4963,가입,2025-02-19 00:00:00
11004,4963,튜토리얼완료,2025-02-22 22:00:00
11005,4963,첫결제,2025-04-25 19:24:00
11006,4964,가입,2025-01-28 00:00:00
11007,4964,튜토리얼완료,2025-01-30 11:00:00
11008,4965,가입,2025-02-03 00:00:00
11009,4966,가입,2025-03-04 00:00:00
11010,4966,튜토리얼완료,2025-03-06 02:00:00
11011,4967,가입,2025-05-21 00:00:00
11012,4967,튜토리얼완료,2025-05-24 16:00:00
11013,4967,첫결제,2025-05-23 03:27:00
11014,4968,가입,2025-02-04 00:00:00
11015,4969,가입,2025-02-01 00:00:00
11016,4969,튜토리얼완료,2025-02-02 07:00:00
11017,4970,가입,2025-01-04 00:00:00
11018,4971,가입,2025-01-08 00:00:00
11019,4971,튜토리얼완료,2025-01-08 05:00:00
11020,4972,가입,2025-01-01 00:00:00
11021,4972,튜토리얼완료,2025-01-02 01:00:00
11022,4973,가입,2025-01-09 00:00:00
11023,4973,튜토리얼완료,2025-01-09 07:00:00
11024,4974,가입,2025-03-31 00:00:00
11025,4974,튜토리얼완료,2025-03-31 18:00:00
11026,4974,첫결제,2025-04-06 22:45:00
11027,4975,가입,2025-03-20 00:00:00
11028,4975,튜토리얼완료,2025-03-22 04:00:00
11029,4976,가입,2025-03-31 00:00:00
11030,4976,첫결제,2025-03-31 02:15:00
11031,4977,가입,2025-01-02 00:00:00
11032,4977,튜토리얼완료,2025-01-04 05:00:00
11033,4978,가입,2025-03-07 00:00:00
11034,4978,튜토리얼완료,2025-03-07 07:00:00
11035,4979,가입,2025-01-19 00:00:00
11036,4979,첫결제,2025-01-23 21:55:00
11037,4980,가입,2025-02-08 00:00:00
11038,4980,튜토리얼완료,2025-02-10 09:00:00
11039,4980,첫결제,2025-02-12 19:32:00
11040,4981,가입,2025-05-10 00:00:00
11041,4982,가입,2025-02-18 00:00:00
11042,4982,튜토리얼완료,2025-02-21 17:00:00
11043,4983,가입,2025-01-08 00:00:00
11044,4983,튜토리얼완료,2025-01-08 23:00:00
11045,4984,가입,2025-01-30 00:00:00
11046,4984,튜토리얼완료,2025-01-31 05:00:00
11047,4985,가입,2025-06-29 00:00:00
11048,4985,튜토리얼완료,2025-07-02 10:00:00
11049,4986,가입,2025-05-17 00:00:00
11050,4986,튜토리얼완료,2025-05-17 01:00:00
11051,4987,가입,2025-04-04 00:00:00
11052,4987,튜토리얼완료,2025-04-04 18:00:00
11053,4988,가입,2025-01-09 00:00:00
11054,4988,튜토리얼완료,2025-01-09 04:00:00
11055,4989,가입,2025-01-10 00:00:00
11056,4989,첫결제,2025-01-16 21:37:00
11057,4990,가입,2025-01-07 00:00:00
11058,4990,튜토리얼완료,2025-01-07 06:00:00
11059,4991,가입,2025-01-09 00:00:00
11060,4991,튜토리얼완료,2025-01-10 08:00:00
11061,4991,첫결제,2025-01-09 23:44:00
11062,4992,가입,2025-01-01 00:00:00
11063,4992,튜토리얼완료,2025-01-02 23:00:00
11064,4993,가입,2025-04-21 00:00:00
11065,4993,튜토리얼완료,2025-04-24 08:00:00
11066,4993,첫결제,2025-04-22 20:32:00
11067,4994,가입,2025-03-13 00:00:00
11068,4994,튜토리얼완료,2025-03-14 16:00:00
11069,4994,첫결제,2025-03-17 00:31:00
11070,4995,가입,2025-04-04 00:00:00
11071,4995,튜토리얼완료,2025-04-05 11:00:00
11072,4996,가입,2025-02-10 00:00:00
11073,4997,가입,2025-01-01 00:00:00
11074,4997,튜토리얼완료,2025-01-03 18:00:00
11075,4998,가입,2025-02-07 00:00:00
11076,4998,튜토리얼완료,2025-02-10 16:00:00
11077,4998,첫결제,2025-02-19 11:45:00
11078,4999,가입,2025-01-04 00:00:00
11079,4999,튜토리얼완료,2025-01-05 21:00:00
11080,5000,가입,2025-04-26 00:00:00
11081,5000,튜토리얼완료,2025-04-27 00:00:00
11082,5000,첫결제,2025-05-05 20:36:00
11083,5001,가입,2025-01-02 00:00:00
11084,5001,첫결제,2025-01-07 15:22:00
11085,5002,가입,2025-01-23 00:00:00
11086,5002,튜토리얼완료,2025-01-26 05:00:00
11087,5003,가입,2025-04-19 00:00:00
11088,5003,튜토리얼완료,2025-04-22 11:00:00
11089,5003,첫결제,2025-05-16 23:59:00
11090,5004,가입,2025-04-02 00:00:00
11091,5004,튜토리얼완료,2025-04-02 08:00:00
11092,5004,첫결제,2025-04-08 18:54:00
11093,5005,가입,2025-04-14 00:00:00
11094,5005,튜토리얼완료,2025-04-14 03:00:00
11095,5005,첫결제,2025-06-23 19:24:00
11096,5006,가입,2025-03-01 00:00:00
11097,5006,튜토리얼완료,2025-03-01 03:00:00
11098,5007,가입,2025-01-14 00:00:00
11099,5007,튜토리얼완료,2025-01-16 23:00:00
11100,5008,가입,2025-04-02 00:00:00
11101,5008,튜토리얼완료,2025-04-05 03:00:00
11102,5009,가입,2025-04-29 00:00:00
11103,5009,튜토리얼완료,2025-04-30 18:00:00
11104,5010,가입,2025-04-30 00:00:00
11105,5011,가입,2025-04-08 00:00:00
11106,5011,튜토리얼완료,2025-04-11 07:00:00
11107,5011,첫결제,2025-04-11 04:31:00
11108,5012,가입,2025-03-06 00:00:00
11109,5012,튜토리얼완료,2025-03-09 11:00:00
11110,5013,가입,2025-05-17 00:00:00
11111,5013,튜토리얼완료,2025-05-17 05:00:00
11112,5014,가입,2025-04-06 00:00:00
11113,5014,튜토리얼완료,2025-04-06 14:00:00
11114,5015,가입,2025-01-05 00:00:00
11115,5015,튜토리얼완료,2025-01-08 10:00:00
11116,5015,첫결제,2025-01-06 19:49:00
11117,5016,가입,2025-01-21 00:00:00
11118,5016,튜토리얼완료,2025-01-22 03:00:00
11119,5017,가입,2025-01-26 00:00:00
11120,5017,튜토리얼완료,2025-01-28 19:00:00
11121,5018,가입,2025-04-30 00:00:00
11122,5018,튜토리얼완료,2025-04-30 16:00:00
11123,5019,가입,2025-02-19 00:00:00
11124,5019,튜토리얼완료,2025-02-20 20:00:00
11125,5020,가입,2025-01-04 00:00:00
11126,5020,튜토리얼완료,2025-01-07 11:00:00
11127,5021,가입,2025-01-07 00:00:00
11128,5022,가입,2025-01-23 00:00:00
11129,5022,튜토리얼완료,2025-01-24 06:00:00
11130,5023,가입,2025-01-15 00:00:00
11131,5023,튜토리얼완료,2025-01-15 03:00:00
11132,5024,가입,2025-01-11 00:00:00
11133,5025,가입,2025-01-19 00:00:00
11134,5025,튜토리얼완료,2025-01-21 10:00:00
11135,5025,첫결제,2025-01-24 08:57:00
11136,5026,가입,2025-03-06 00:00:00
11137,5026,튜토리얼완료,2025-03-08 16:00:00
11138,5027,가입,2025-03-15 00:00:00
11139,5027,튜토리얼완료,2025-03-16 18:00:00
11140,5027,첫결제,2025-03-17 20:37:00
11141,5028,가입,2025-06-05 00:00:00
11142,5029,가입,2025-02-18 00:00:00
11143,5029,튜토리얼완료,2025-02-19 10:00:00
11144,5030,가입,2025-01-24 00:00:00
11145,5030,튜토리얼완료,2025-01-25 12:00:00
11146,5030,첫결제,2025-02-04 23:35:00
11147,5031,가입,2025-02-01 00:00:00
11148,5031,튜토리얼완료,2025-02-03 07:00:00
11149,5032,가입,2025-01-03 00:00:00
11150,5032,튜토리얼완료,2025-01-04 07:00:00
11151,5033,가입,2025-01-24 00:00:00
11152,5033,튜토리얼완료,2025-01-27 18:00:00
11153,5034,가입,2025-01-14 00:00:00
11154,5034,튜토리얼완료,2025-01-16 22:00:00
11155,5034,첫결제,2025-01-15 20:31:00
11156,5035,가입,2025-01-08 00:00:00
11157,5035,튜토리얼완료,2025-01-09 08:00:00
11158,5036,가입,2025-01-29 00:00:00
11159,5036,튜토리얼완료,2025-02-01 17:00:00
11160,5037,가입,2025-01-09 00:00:00
11161,5037,튜토리얼완료,2025-01-10 03:00:00
11162,5038,가입,2025-01-05 00:00:00
11163,5038,튜토리얼완료,2025-01-05 15:00:00
11164,5039,가입,2025-02-26 00:00:00
11165,5039,튜토리얼완료,2025-02-26 08:00:00
11166,5040,가입,2025-03-28 00:00:00
11167,5040,첫결제,2025-04-12 04:05:00
11168,5041,가입,2025-02-04 00:00:00
11169,5041,튜토리얼완료,2025-02-05 06:00:00
11170,5041,첫결제,2025-02-04 22:41:00
11171,5042,가입,2025-01-01 00:00:00
11172,5042,튜토리얼완료,2025-01-03 04:00:00
11173,5042,첫결제,2025-01-21 19:03:00
11174,5043,가입,2025-01-28 00:00:00
11175,5043,튜토리얼완료,2025-01-28 09:00:00
11176,5044,가입,2025-01-04 00:00:00
11177,5044,튜토리얼완료,2025-01-07 22:00:00
11178,5045,가입,2025-03-06 00:00:00
11179,5045,튜토리얼완료,2025-03-08 18:00:00
11180,5046,가입,2025-04-29 00:00:00
11181,5046,튜토리얼완료,2025-04-30 19:00:00
11182,5047,가입,2025-02-19 00:00:00
11183,5047,튜토리얼완료,2025-02-22 23:00:00
11184,5048,가입,2025-01-16 00:00:00
11185,5048,튜토리얼완료,2025-01-19 21:00:00
11186,5049,가입,2025-06-04 00:00:00
11187,5049,튜토리얼완료,2025-06-06 14:00:00
11188,5050,가입,2025-03-05 00:00:00
11189,5050,튜토리얼완료,2025-03-08 18:00:00
11190,5050,첫결제,2025-03-20 22:25:00
11191,5051,가입,2025-01-05 00:00:00
11192,5051,튜토리얼완료,2025-01-06 12:00:00
11193,5051,첫결제,2025-01-16 11:56:00
11194,5052,가입,2025-01-13 00:00:00
11195,5052,튜토리얼완료,2025-01-16 11:00:00
11196,5052,첫결제,2025-01-22 20:19:00
11197,5053,가입,2025-03-18 00:00:00
11198,5053,튜토리얼완료,2025-03-19 03:00:00
11199,5054,가입,2025-01-14 00:00:00
11200,5054,튜토리얼완료,2025-01-17 22:00:00
11201,5054,첫결제,2025-01-17 22:38:00
11202,5055,가입,2025-02-11 00:00:00
11203,5055,튜토리얼완료,2025-02-14 21:00:00
11204,5056,가입,2025-01-28 00:00:00
11205,5056,튜토리얼완료,2025-01-28 04:00:00
11206,5057,가입,2025-01-21 00:00:00
11207,5057,튜토리얼완료,2025-01-22 22:00:00
11208,5058,가입,2025-01-08 00:00:00
11209,5058,튜토리얼완료,2025-01-09 04:00:00
11210,5059,가입,2025-03-11 00:00:00
11211,5059,튜토리얼완료,2025-03-11 23:00:00
11212,5060,가입,2025-02-26 00:00:00
11213,5060,튜토리얼완료,2025-02-26 12:00:00
11214,5060,첫결제,2025-03-04 13:28:00
11215,5061,가입,2025-05-02 00:00:00
11216,5062,가입,2025-01-17 00:00:00
11217,5062,튜토리얼완료,2025-01-17 16:00:00
11218,5062,첫결제,2025-01-21 13:47:00
11219,5063,가입,2025-01-03 00:00:00
11220,5063,튜토리얼완료,2025-01-05 12:00:00
11221,5064,가입,2025-05-17 00:00:00
11222,5064,튜토리얼완료,2025-05-19 07:00:00
11223,5064,첫결제,2025-05-17 13:28:00
11224,5065,가입,2025-02-24 00:00:00
11225,5065,튜토리얼완료,2025-02-26 07:00:00
11226,5065,첫결제,2025-02-24 05:31:00
11227,5066,가입,2025-01-01 00:00:00
11228,5066,튜토리얼완료,2025-01-03 04:00:00
11229,5067,가입,2025-06-29 00:00:00
11230,5067,튜토리얼완료,2025-06-29 11:00:00
11231,5068,가입,2025-05-06 00:00:00
11232,5068,튜토리얼완료,2025-05-06 13:00:00
11233,5068,첫결제,2025-05-23 10:15:00
11234,5069,가입,2025-01-26 00:00:00
11235,5069,튜토리얼완료,2025-01-27 16:00:00
11236,5070,가입,2025-02-24 00:00:00
11237,5070,튜토리얼완료,2025-02-27 01:00:00
11238,5070,첫결제,2025-02-26 22:30:00
11239,5071,가입,2025-01-19 00:00:00
11240,5071,튜토리얼완료,2025-01-22 17:00:00
11241,5071,첫결제,2025-01-27 21:56:00
11242,5072,가입,2025-01-17 00:00:00
11243,5072,튜토리얼완료,2025-01-20 15:00:00
11244,5073,가입,2025-02-02 00:00:00
11245,5073,튜토리얼완료,2025-02-03 03:00:00
11246,5074,가입,2025-01-21 00:00:00
11247,5075,가입,2025-01-23 00:00:00
11248,5075,튜토리얼완료,2025-01-26 08:00:00
11249,5076,가입,2025-01-05 00:00:00
11250,5076,첫결제,2025-01-07 21:09:00
11251,5077,가입,2025-06-29 00:00:00
11252,5077,튜토리얼완료,2025-06-30 02:00:00
11253,5078,가입,2025-02-28 00:00:00
11254,5078,튜토리얼완료,2025-03-01 03:00:00
11255,5078,첫결제,2025-03-27 21:25:00
11256,5079,가입,2025-01-07 00:00:00
11257,5079,튜토리얼완료,2025-01-08 20:00:00
11258,5080,가입,2025-01-09 00:00:00
11259,5080,튜토리얼완료,2025-01-10 08:00:00
11260,5081,가입,2025-03-20 00:00:00
11261,5081,튜토리얼완료,2025-03-22 02:00:00
11262,5082,가입,2025-06-29 00:00:00
11263,5082,튜토리얼완료,2025-06-30 11:00:00
11264,5083,가입,2025-02-10 00:00:00
11265,5083,튜토리얼완료,2025-02-10 16:00:00
11266,5083,첫결제,2025-02-27 20:12:00
11267,5084,가입,2025-01-14 00:00:00
11268,5084,튜토리얼완료,2025-01-17 12:00:00
11269,5085,가입,2025-06-29 00:00:00
11270,5085,튜토리얼완료,2025-07-02 13:00:00
11271,5086,가입,2025-03-02 00:00:00
11272,5087,가입,2025-01-18 00:00:00
11273,5087,튜토리얼완료,2025-01-19 10:00:00
11274,5087,첫결제,2025-01-19 05:18:00
11275,5088,가입,2025-02-15 00:00:00
11276,5088,튜토리얼완료,2025-02-15 21:00:00
11277,5089,가입,2025-02-12 00:00:00
11278,5089,튜토리얼완료,2025-02-15 00:00:00
11279,5090,가입,2025-03-16 00:00:00
11280,5090,튜토리얼완료,2025-03-17 21:00:00
11281,5091,가입,2025-02-26 00:00:00
11282,5091,튜토리얼완료,2025-02-26 00:00:00
11283,5092,가입,2025-06-13 00:00:00
11284,5092,튜토리얼완료,2025-06-16 01:00:00
11285,5093,가입,2025-04-09 00:00:00
11286,5093,튜토리얼완료,2025-04-10 22:00:00
11287,5093,첫결제,2025-04-17 23:47:00
11288,5094,가입,2025-01-27 00:00:00
11289,5095,가입,2025-06-02 00:00:00
11290,5095,튜토리얼완료,2025-06-05 02:00:00
11291,5096,가입,2025-01-20 00:00:00
11292,5096,튜토리얼완료,2025-01-22 22:00:00
11293,5096,첫결제,2025-01-25 07:21:00
11294,5097,가입,2025-02-01 00:00:00
11295,5097,튜토리얼완료,2025-02-02 06:00:00
11296,5097,첫결제,2025-02-15 03:00:00
11297,5098,가입,2025-01-03 00:00:00
11298,5098,튜토리얼완료,2025-01-05 23:00:00
11299,5098,첫결제,2025-01-05 19:22:00
11300,5099,가입,2025-03-21 00:00:00
11301,5099,튜토리얼완료,2025-03-24 03:00:00
11302,5100,가입,2025-02-22 00:00:00
11303,5100,튜토리얼완료,2025-02-24 19:00:00
11304,5100,첫결제,2025-03-01 13:52:00
11305,5101,가입,2025-03-23 00:00:00
11306,5101,첫결제,2025-04-10 20:35:00
11307,5102,가입,2025-06-29 00:00:00
11308,5102,튜토리얼완료,2025-06-29 19:00:00
11309,5103,가입,2025-01-30 00:00:00
11310,5103,튜토리얼완료,2025-01-30 22:00:00
11311,5104,가입,2025-03-27 00:00:00
11312,5105,가입,2025-03-06 00:00:00
11313,5105,튜토리얼완료,2025-03-06 15:00:00
11314,5105,첫결제,2025-03-17 19:52:00
11315,5106,가입,2025-05-15 00:00:00
11316,5106,튜토리얼완료,2025-05-16 03:00:00
11317,5107,가입,2025-06-24 00:00:00
11318,5107,튜토리얼완료,2025-06-24 14:00:00
11319,5107,첫결제,2025-06-24 20:08:00
11320,5108,가입,2025-05-10 00:00:00
11321,5108,튜토리얼완료,2025-05-11 18:00:00
11322,5108,첫결제,2025-05-13 12:07:00
11323,5109,가입,2025-02-09 00:00:00
11324,5109,튜토리얼완료,2025-02-10 08:00:00
11325,5109,첫결제,2025-02-26 22:10:00
11326,5110,가입,2025-01-14 00:00:00
11327,5110,튜토리얼완료,2025-01-17 12:00:00
11328,5111,가입,2025-01-08 00:00:00
11329,5111,튜토리얼완료,2025-01-08 01:00:00
11330,5111,첫결제,2025-01-08 09:49:00
11331,5112,가입,2025-01-20 00:00:00
11332,5112,튜토리얼완료,2025-01-21 07:00:00
11333,5113,가입,2025-02-01 00:00:00
11334,5113,튜토리얼완료,2025-02-04 17:00:00
11335,5113,첫결제,2025-03-11 10:55:00
11336,5114,가입,2025-06-14 00:00:00
11337,5114,튜토리얼완료,2025-06-14 13:00:00
11338,5115,가입,2025-01-28 00:00:00
11339,5115,튜토리얼완료,2025-01-30 23:00:00
11340,5116,가입,2025-01-02 00:00:00
11341,5116,튜토리얼완료,2025-01-02 11:00:00
11342,5117,가입,2025-01-26 00:00:00
11343,5117,튜토리얼완료,2025-01-27 00:00:00
11344,5117,첫결제,2025-02-11 07:41:00
11345,5118,가입,2025-01-29 00:00:00
11346,5118,튜토리얼완료,2025-01-30 20:00:00
11347,5118,첫결제,2025-02-10 15:01:00
11348,5119,가입,2025-01-17 00:00:00
11349,5119,튜토리얼완료,2025-01-18 16:00:00
11350,5120,가입,2025-02-17 00:00:00
11351,5120,튜토리얼완료,2025-02-17 12:00:00
11352,5121,가입,2025-02-01 00:00:00
11353,5121,튜토리얼완료,2025-02-01 04:00:00
11354,5121,첫결제,2025-02-21 22:10:00
11355,5122,가입,2025-01-05 00:00:00
11356,5122,튜토리얼완료,2025-01-05 03:00:00
11357,5123,가입,2025-02-09 00:00:00
11358,5124,가입,2025-03-30 00:00:00
11359,5124,튜토리얼완료,2025-04-01 08:00:00
11360,5124,첫결제,2025-04-17 21:26:00
11361,5125,가입,2025-03-06 00:00:00
11362,5125,튜토리얼완료,2025-03-07 10:00:00
11363,5126,가입,2025-01-05 00:00:00
11364,5126,튜토리얼완료,2025-01-07 04:00:00
11365,5127,가입,2025-06-04 00:00:00
11366,5127,튜토리얼완료,2025-06-04 14:00:00
11367,5128,가입,2025-02-19 00:00:00
11368,5128,튜토리얼완료,2025-02-19 01:00:00
11369,5129,가입,2025-02-09 00:00:00
11370,5129,튜토리얼완료,2025-02-09 20:00:00
11371,5129,첫결제,2025-02-10 05:29:00
11372,5130,가입,2025-01-16 00:00:00
11373,5130,튜토리얼완료,2025-01-17 09:00:00
11374,5131,가입,2025-04-18 00:00:00
11375,5131,튜토리얼완료,2025-04-21 14:00:00
11376,5132,가입,2025-03-15 00:00:00
11377,5132,튜토리얼완료,2025-03-17 01:00:00
11378,5133,가입,2025-01-03 00:00:00
11379,5133,튜토리얼완료,2025-01-04 10:00:00
11380,5134,가입,2025-01-07 00:00:00
11381,5134,튜토리얼완료,2025-01-08 06:00:00
11382,5135,가입,2025-01-04 00:00:00
11383,5135,튜토리얼완료,2025-01-04 18:00:00
11384,5136,가입,2025-02-17 00:00:00
11385,5136,튜토리얼완료,2025-02-17 05:00:00
11386,5136,첫결제,2025-02-28 07:27:00
11387,5137,가입,2025-06-29 00:00:00
11388,5137,튜토리얼완료,2025-07-01 01:00:00
11389,5138,가입,2025-06-04 00:00:00
11390,5138,튜토리얼완료,2025-06-07 18:00:00
11391,5138,첫결제,2025-06-09 22:29:00
11392,5139,가입,2025-02-22 00:00:00
11393,5139,튜토리얼완료,2025-02-25 00:00:00
11394,5139,첫결제,2025-02-24 16:49:00
11395,5140,가입,2025-06-29 00:00:00
11396,5140,튜토리얼완료,2025-06-29 20:00:00
11397,5141,가입,2025-02-04 00:00:00
11398,5141,튜토리얼완료,2025-02-07 21:00:00
11399,5141,첫결제,2025-02-10 12:56:00
11400,5142,가입,2025-01-21 00:00:00
11401,5142,튜토리얼완료,2025-01-22 10:00:00
11402,5142,첫결제,2025-01-26 20:12:00
11403,5143,가입,2025-02-11 00:00:00
11404,5143,튜토리얼완료,2025-02-13 10:00:00
11405,5144,가입,2025-01-17 00:00:00
11406,5144,튜토리얼완료,2025-01-17 13:00:00
11407,5145,가입,2025-01-22 00:00:00
11408,5145,튜토리얼완료,2025-01-23 11:00:00
11409,5145,첫결제,2025-01-23 13:39:00
11410,5146,가입,2025-02-14 00:00:00
11411,5146,튜토리얼완료,2025-02-14 14:00:00
11412,5147,가입,2025-03-01 00:00:00
11413,5147,튜토리얼완료,2025-03-01 11:00:00
11414,5148,가입,2025-04-17 00:00:00
11415,5148,튜토리얼완료,2025-04-18 06:00:00
11416,5149,가입,2025-02-04 00:00:00
11417,5149,튜토리얼완료,2025-02-04 07:00:00
11418,5150,가입,2025-03-20 00:00:00
11419,5150,튜토리얼완료,2025-03-21 19:00:00
11420,5151,가입,2025-01-03 00:00:00
11421,5151,튜토리얼완료,2025-01-06 23:00:00
11422,5151,첫결제,2025-01-09 20:32:00
11423,5152,가입,2025-01-16 00:00:00
11424,5152,튜토리얼완료,2025-01-17 08:00:00
11425,5153,가입,2025-01-12 00:00:00
11426,5153,튜토리얼완료,2025-01-13 04:00:00
11427,5154,가입,2025-02-25 00:00:00
11428,5154,튜토리얼완료,2025-02-25 19:00:00
11429,5155,가입,2025-01-08 00:00:00
11430,5155,첫결제,2025-02-03 04:41:00
11431,5156,가입,2025-06-29 00:00:00
11432,5156,튜토리얼완료,2025-07-02 00:00:00
11433,5157,가입,2025-02-18 00:00:00
11434,5157,튜토리얼완료,2025-02-21 04:00:00
11435,5158,가입,2025-04-26 00:00:00
11436,5158,튜토리얼완료,2025-04-26 18:00:00
11437,5158,첫결제,2025-05-25 21:36:00
11438,5159,가입,2025-01-05 00:00:00
11439,5159,튜토리얼완료,2025-01-08 08:00:00
11440,5159,첫결제,2025-01-10 02:59:00
11441,5160,가입,2025-02-28 00:00:00
11442,5160,튜토리얼완료,2025-03-02 16:00:00
11443,5161,가입,2025-03-30 00:00:00
11444,5161,튜토리얼완료,2025-04-01 17:00:00
11445,5161,첫결제,2025-04-14 00:01:00
11446,5162,가입,2025-02-24 00:00:00
11447,5163,가입,2025-02-15 00:00:00
11448,5163,튜토리얼완료,2025-02-15 09:00:00
11449,5164,가입,2025-03-19 00:00:00
11450,5165,가입,2025-06-29 00:00:00
11451,5165,튜토리얼완료,2025-06-29 15:00:00
11452,5166,가입,2025-02-26 00:00:00
11453,5166,튜토리얼완료,2025-02-26 14:00:00
11454,5166,첫결제,2025-02-28 11:05:00
11455,5167,가입,2025-04-24 00:00:00
11456,5167,튜토리얼완료,2025-04-27 13:00:00
11457,5168,가입,2025-01-27 00:00:00
11458,5168,튜토리얼완료,2025-01-29 23:00:00
11459,5168,첫결제,2025-02-01 15:32:00
11460,5169,가입,2025-02-03 00:00:00
11461,5169,튜토리얼완료,2025-02-04 21:00:00
11462,5170,가입,2025-02-26 00:00:00
11463,5170,튜토리얼완료,2025-02-27 17:00:00
11464,5171,가입,2025-01-11 00:00:00
11465,5171,튜토리얼완료,2025-01-12 15:00:00
11466,5171,첫결제,2025-01-13 20:23:00
11467,5172,가입,2025-01-11 00:00:00
11468,5172,튜토리얼완료,2025-01-14 10:00:00
11469,5172,첫결제,2025-01-27 21:14:00
11470,5173,가입,2025-06-29 00:00:00
11471,5174,가입,2025-05-19 00:00:00
11472,5174,튜토리얼완료,2025-05-20 19:00:00
11473,5175,가입,2025-06-21 00:00:00
11474,5176,가입,2025-04-30 00:00:00
11475,5176,첫결제,2025-04-30 14:15:00
11476,5177,가입,2025-04-08 00:00:00
11477,5177,튜토리얼완료,2025-04-08 01:00:00
11478,5178,가입,2025-05-27 00:00:00
11479,5178,튜토리얼완료,2025-05-28 06:00:00
11480,5179,가입,2025-03-04 00:00:00
11481,5179,튜토리얼완료,2025-03-04 11:00:00
11482,5179,첫결제,2025-04-12 16:42:00
11483,5180,가입,2025-01-25 00:00:00
11484,5180,튜토리얼완료,2025-01-25 21:00:00
11485,5180,첫결제,2025-01-31 19:38:00
11486,5181,가입,2025-05-06 00:00:00
11487,5181,튜토리얼완료,2025-05-08 04:00:00
11488,5182,가입,2025-03-07 00:00:00
11489,5182,튜토리얼완료,2025-03-08 01:00:00
11490,5182,첫결제,2025-03-12 20:57:00
11491,5183,가입,2025-01-16 00:00:00
11492,5183,튜토리얼완료,2025-01-16 07:00:00
11493,5184,가입,2025-06-29 00:00:00
11494,5184,튜토리얼완료,2025-06-29 04:00:00
11495,5184,첫결제,2025-06-29 19:38:00
11496,5185,가입,2025-03-26 00:00:00
11497,5185,튜토리얼완료,2025-03-29 04:00:00
11498,5186,가입,2025-01-20 00:00:00
11499,5186,튜토리얼완료,2025-01-21 19:00:00
11500,5186,첫결제,2025-02-03 20:44:00
11501,5187,가입,2025-02-14 00:00:00
11502,5187,튜토리얼완료,2025-02-17 15:00:00
11503,5187,첫결제,2025-05-22 10:06:00
11504,5188,가입,2025-03-03 00:00:00
11505,5188,첫결제,2025-03-03 20:02:00
11506,5189,가입,2025-02-07 00:00:00
11507,5189,튜토리얼완료,2025-02-09 10:00:00
11508,5190,가입,2025-04-18 00:00:00
11509,5190,튜토리얼완료,2025-04-21 16:00:00
11510,5190,첫결제,2025-05-05 20:15:00
11511,5191,가입,2025-02-25 00:00:00
11512,5191,튜토리얼완료,2025-02-25 13:00:00
11513,5192,가입,2025-01-30 00:00:00
11514,5192,튜토리얼완료,2025-02-02 17:00:00
11515,5193,가입,2025-03-08 00:00:00
11516,5193,튜토리얼완료,2025-03-11 06:00:00
11517,5194,가입,2025-05-12 00:00:00
11518,5194,튜토리얼완료,2025-05-14 22:00:00
11519,5194,첫결제,2025-05-23 22:02:00
11520,5195,가입,2025-01-06 00:00:00
11521,5195,튜토리얼완료,2025-01-07 16:00:00
11522,5196,가입,2025-01-14 00:00:00
11523,5196,튜토리얼완료,2025-01-17 13:00:00
11524,5196,첫결제,2025-01-27 11:24:00
11525,5197,가입,2025-03-17 00:00:00
11526,5197,튜토리얼완료,2025-03-18 16:00:00
11527,5197,첫결제,2025-04-17 14:06:00
11528,5198,가입,2025-04-10 00:00:00
11529,5198,튜토리얼완료,2025-04-11 20:00:00
11530,5198,첫결제,2025-04-21 07:12:00
11531,5199,가입,2025-01-29 00:00:00
11532,5199,튜토리얼완료,2025-01-29 19:00:00
11533,5200,가입,2025-01-16 00:00:00
11534,5200,튜토리얼완료,2025-01-18 14:00:00
11535,5200,첫결제,2025-02-10 07:27:00
11536,5201,가입,2025-06-29 00:00:00
11537,5201,튜토리얼완료,2025-06-30 09:00:00
11538,5202,가입,2025-01-26 00:00:00
11539,5202,튜토리얼완료,2025-01-26 16:00:00
11540,5202,첫결제,2025-02-14 22:09:00
11541,5203,가입,2025-01-11 00:00:00
11542,5203,튜토리얼완료,2025-01-11 02:00:00
11543,5204,가입,2025-03-06 00:00:00
11544,5204,튜토리얼완료,2025-03-07 15:00:00
11545,5204,첫결제,2025-03-17 02:26:00
11546,5205,가입,2025-03-01 00:00:00
11547,5205,튜토리얼완료,2025-03-04 05:00:00
11548,5205,첫결제,2025-03-08 01:35:00
11549,5206,가입,2025-01-09 00:00:00
11550,5206,튜토리얼완료,2025-01-11 23:00:00
11551,5207,가입,2025-02-28 00:00:00
11552,5207,튜토리얼완료,2025-03-01 00:00:00
11553,5208,가입,2025-01-03 00:00:00
11554,5208,튜토리얼완료,2025-01-03 21:00:00
11555,5209,가입,2025-03-01 00:00:00
11556,5209,튜토리얼완료,2025-03-03 08:00:00
11557,5209,첫결제,2025-03-26 15:37:00
11558,5210,가입,2025-01-21 00:00:00
11559,5210,튜토리얼완료,2025-01-22 10:00:00
11560,5210,첫결제,2025-02-02 17:24:00
11561,5211,가입,2025-01-27 00:00:00
11562,5211,튜토리얼완료,2025-01-30 04:00:00
11563,5212,가입,2025-01-24 00:00:00
11564,5212,튜토리얼완료,2025-01-26 10:00:00
11565,5212,첫결제,2025-01-27 02:27:00
11566,5213,가입,2025-02-15 00:00:00
11567,5213,튜토리얼완료,2025-02-18 02:00:00
11568,5214,가입,2025-03-31 00:00:00
11569,5214,튜토리얼완료,2025-04-01 13:00:00
11570,5214,첫결제,2025-04-02 22:35:00
11571,5215,가입,2025-02-22 00:00:00
11572,5215,튜토리얼완료,2025-02-22 22:00:00
11573,5215,첫결제,2025-02-22 19:01:00
11574,5216,가입,2025-01-18 00:00:00
11575,5217,가입,2025-01-10 00:00:00
11576,5217,튜토리얼완료,2025-01-11 04:00:00
11577,5217,첫결제,2025-01-10 21:30:00
11578,5218,가입,2025-04-04 00:00:00
11579,5218,튜토리얼완료,2025-04-04 09:00:00
11580,5219,가입,2025-02-02 00:00:00
11581,5219,튜토리얼완료,2025-02-03 11:00:00
11582,5220,가입,2025-02-25 00:00:00
11583,5220,튜토리얼완료,2025-02-26 00:00:00
11584,5220,첫결제,2025-02-26 10:22:00
11585,5221,가입,2025-01-29 00:00:00
11586,5221,튜토리얼완료,2025-01-30 12:00:00
11587,5222,가입,2025-01-17 00:00:00
11588,5222,튜토리얼완료,2025-01-18 07:00:00
11589,5223,가입,2025-01-12 00:00:00
11590,5224,가입,2025-01-16 00:00:00
11591,5224,튜토리얼완료,2025-01-17 06:00:00
11592,5224,첫결제,2025-02-02 20:24:00
11593,5225,가입,2025-01-04 00:00:00
11594,5225,튜토리얼완료,2025-01-06 10:00:00
11595,5225,첫결제,2025-02-01 03:26:00
11596,5226,가입,2025-05-13 00:00:00
11597,5226,튜토리얼완료,2025-05-14 05:00:00
11598,5226,첫결제,2025-05-13 20:10:00
11599,5227,가입,2025-01-11 00:00:00
11600,5227,튜토리얼완료,2025-01-12 01:00:00
11601,5227,첫결제,2025-01-19 20:27:00
11602,5228,가입,2025-02-14 00:00:00
11603,5228,튜토리얼완료,2025-02-14 07:00:00
11604,5228,첫결제,2025-03-13 21:20:00
11605,5229,가입,2025-01-25 00:00:00
11606,5229,튜토리얼완료,2025-01-26 11:00:00
11607,5229,첫결제,2025-02-14 20:20:00
11608,5230,가입,2025-04-02 00:00:00
11609,5230,튜토리얼완료,2025-04-04 16:00:00
11610,5230,첫결제,2025-04-02 10:02:00
11611,5231,가입,2025-03-18 00:00:00
11612,5231,튜토리얼완료,2025-03-20 15:00:00
11613,5232,가입,2025-01-01 00:00:00
11614,5232,튜토리얼완료,2025-01-03 21:00:00
11615,5232,첫결제,2025-01-31 23:11:00
11616,5233,가입,2025-01-19 00:00:00
11617,5233,튜토리얼완료,2025-01-19 20:00:00
11618,5234,가입,2025-03-20 00:00:00
11619,5234,튜토리얼완료,2025-03-20 05:00:00
11620,5235,가입,2025-02-11 00:00:00
11621,5235,튜토리얼완료,2025-02-14 21:00:00
11622,5236,가입,2025-06-29 00:00:00
11623,5236,튜토리얼완료,2025-06-29 16:00:00
11624,5237,가입,2025-06-29 00:00:00
11625,5237,튜토리얼완료,2025-06-29 11:00:00
11626,5237,첫결제,2025-06-29 17:33:00
11627,5238,가입,2025-03-08 00:00:00
11628,5238,튜토리얼완료,2025-03-10 08:00:00
11629,5239,가입,2025-01-10 00:00:00
11630,5239,튜토리얼완료,2025-01-10 05:00:00
11631,5239,첫결제,2025-01-10 19:29:00
11632,5240,가입,2025-02-25 00:00:00
11633,5240,튜토리얼완료,2025-02-25 10:00:00
11634,5241,가입,2025-03-08 00:00:00
11635,5241,튜토리얼완료,2025-03-09 11:00:00
11636,5241,첫결제,2025-03-10 20:40:00
11637,5242,가입,2025-04-06 00:00:00
11638,5242,튜토리얼완료,2025-04-09 05:00:00
11639,5243,가입,2025-05-16 00:00:00
11640,5243,튜토리얼완료,2025-05-17 05:00:00
11641,5243,첫결제,2025-05-17 10:51:00
11642,5244,가입,2025-01-06 00:00:00
11643,5244,튜토리얼완료,2025-01-07 20:00:00
11644,5245,가입,2025-06-29 00:00:00
11645,5246,가입,2025-01-10 00:00:00
11646,5246,튜토리얼완료,2025-01-12 10:00:00
11647,5246,첫결제,2025-01-17 12:42:00
11648,5247,가입,2025-01-10 00:00:00
11649,5247,튜토리얼완료,2025-01-11 05:00:00
11650,5247,첫결제,2025-01-21 07:50:00
11651,5248,가입,2025-01-17 00:00:00
11652,5248,첫결제,2025-02-11 22:25:00
11653,5249,가입,2025-04-08 00:00:00
11654,5249,튜토리얼완료,2025-04-11 04:00:00
11655,5250,가입,2025-01-17 00:00:00
11656,5250,튜토리얼완료,2025-01-20 01:00:00
11657,5251,가입,2025-03-24 00:00:00
11658,5251,튜토리얼완료,2025-03-24 23:00:00
11659,5252,가입,2025-04-05 00:00:00
11660,5253,가입,2025-01-19 00:00:00
11661,5253,튜토리얼완료,2025-01-21 19:00:00
11662,5254,가입,2025-02-21 00:00:00
11663,5254,튜토리얼완료,2025-02-24 06:00:00
11664,5254,첫결제,2025-04-27 20:13:00
11665,5255,가입,2025-02-02 00:00:00
11666,5255,첫결제,2025-02-02 20:19:00
11667,5256,가입,2025-06-29 00:00:00
11668,5256,튜토리얼완료,2025-06-29 15:00:00
11669,5257,가입,2025-02-09 00:00:00
11670,5257,튜토리얼완료,2025-02-12 23:00:00
11671,5257,첫결제,2025-02-14 22:16:00
11672,5258,가입,2025-01-01 00:00:00
11673,5258,튜토리얼완료,2025-01-04 16:00:00
11674,5259,가입,2025-02-13 00:00:00
11675,5260,가입,2025-02-24 00:00:00
11676,5260,첫결제,2025-03-09 21:28:00
11677,5261,가입,2025-01-27 00:00:00
11678,5261,튜토리얼완료,2025-01-27 10:00:00
11679,5262,가입,2025-06-11 00:00:00
11680,5262,튜토리얼완료,2025-06-13 20:00:00
11681,5263,가입,2025-04-19 00:00:00
11682,5263,튜토리얼완료,2025-04-21 17:00:00
11683,5263,첫결제,2025-05-29 19:21:00
11684,5264,가입,2025-01-30 00:00:00
11685,5264,튜토리얼완료,2025-02-02 07:00:00
11686,5265,가입,2025-01-21 00:00:00
11687,5265,튜토리얼완료,2025-01-23 08:00:00
11688,5266,가입,2025-01-20 00:00:00
11689,5266,튜토리얼완료,2025-01-21 23:00:00
11690,5267,가입,2025-01-14 00:00:00
11691,5267,튜토리얼완료,2025-01-14 23:00:00
11692,5267,첫결제,2025-01-25 19:30:00
11693,5268,가입,2025-05-21 00:00:00
11694,5268,튜토리얼완료,2025-05-22 16:00:00
11695,5269,가입,2025-01-27 00:00:00
11696,5269,튜토리얼완료,2025-01-30 20:00:00
11697,5269,첫결제,2025-01-31 00:11:00
11698,5270,가입,2025-01-07 00:00:00
11699,5270,튜토리얼완료,2025-01-10 07:00:00
11700,5271,가입,2025-03-19 00:00:00
11701,5271,튜토리얼완료,2025-03-21 17:00:00
11702,5271,첫결제,2025-03-30 23:55:00
11703,5272,가입,2025-01-06 00:00:00
11704,5272,튜토리얼완료,2025-01-06 09:00:00
11705,5272,첫결제,2025-01-07 19:59:00
11706,5273,가입,2025-06-16 00:00:00
11707,5273,튜토리얼완료,2025-06-17 21:00:00
11708,5274,가입,2025-01-04 00:00:00
11709,5274,튜토리얼완료,2025-01-04 07:00:00
11710,5274,첫결제,2025-01-28 23:01:00
11711,5275,가입,2025-01-31 00:00:00
11712,5275,튜토리얼완료,2025-02-02 06:00:00
11713,5276,가입,2025-02-07 00:00:00
11714,5276,튜토리얼완료,2025-02-10 00:00:00
11715,5277,가입,2025-02-24 00:00:00
11716,5277,튜토리얼완료,2025-02-26 17:00:00
11717,5278,가입,2025-01-06 00:00:00
11718,5278,튜토리얼완료,2025-01-07 05:00:00
11719,5279,가입,2025-03-31 00:00:00
11720,5279,튜토리얼완료,2025-04-01 19:00:00
11721,5279,첫결제,2025-04-01 19:29:00
11722,5280,가입,2025-01-26 00:00:00
11723,5280,튜토리얼완료,2025-01-28 13:00:00
11724,5280,첫결제,2025-01-28 16:37:00
11725,5281,가입,2025-03-14 00:00:00
11726,5281,튜토리얼완료,2025-03-16 07:00:00
11727,5281,첫결제,2025-03-24 22:48:00
11728,5282,가입,2025-01-31 00:00:00
11729,5283,가입,2025-02-17 00:00:00
11730,5283,튜토리얼완료,2025-02-20 10:00:00
11731,5283,첫결제,2025-02-17 23:25:00
11732,5284,가입,2025-05-11 00:00:00
11733,5284,튜토리얼완료,2025-05-14 03:00:00
11734,5284,첫결제,2025-05-16 22:34:00
11735,5285,가입,2025-01-01 00:00:00
11736,5285,튜토리얼완료,2025-01-04 10:00:00
11737,5286,가입,2025-01-05 00:00:00
11738,5286,튜토리얼완료,2025-01-07 21:00:00
11739,5286,첫결제,2025-06-10 13:01:00
11740,5287,가입,2025-04-27 00:00:00
11741,5287,튜토리얼완료,2025-04-28 23:00:00
11742,5287,첫결제,2025-05-03 20:23:00
11743,5288,가입,2025-06-29 00:00:00
11744,5289,가입,2025-05-09 00:00:00
11745,5289,첫결제,2025-05-09 05:33:00
11746,5290,가입,2025-05-21 00:00:00
11747,5290,튜토리얼완료,2025-05-22 00:00:00
11748,5291,가입,2025-01-23 00:00:00
11749,5291,튜토리얼완료,2025-01-25 16:00:00
11750,5291,첫결제,2025-01-23 05:48:00
11751,5292,가입,2025-06-29 00:00:00
11752,5292,튜토리얼완료,2025-07-02 12:00:00
11753,5293,가입,2025-02-23 00:00:00
11754,5293,튜토리얼완료,2025-02-23 13:00:00
11755,5293,첫결제,2025-03-04 21:24:00
11756,5294,가입,2025-01-12 00:00:00
11757,5294,튜토리얼완료,2025-01-13 03:00:00
11758,5295,가입,2025-01-08 00:00:00
11759,5295,튜토리얼완료,2025-01-08 18:00:00
11760,5296,가입,2025-01-18 00:00:00
11761,5297,가입,2025-03-16 00:00:00
11762,5297,튜토리얼완료,2025-03-17 21:00:00
11763,5298,가입,2025-06-21 00:00:00
11764,5299,가입,2025-01-28 00:00:00
11765,5299,튜토리얼완료,2025-01-31 02:00:00
11766,5299,첫결제,2025-01-29 07:04:00
11767,5300,가입,2025-03-14 00:00:00
11768,5300,튜토리얼완료,2025-03-17 21:00:00
11769,5300,첫결제,2025-03-25 23:30:00
11770,5301,가입,2025-02-05 00:00:00
11771,5301,튜토리얼완료,2025-02-06 00:00:00
11772,5302,가입,2025-01-02 00:00:00
11773,5302,첫결제,2025-01-16 19:20:00
11774,5303,가입,2025-01-13 00:00:00
11775,5303,튜토리얼완료,2025-01-13 05:00:00
11776,5304,가입,2025-01-09 00:00:00
11777,5304,튜토리얼완료,2025-01-10 11:00:00
11778,5305,가입,2025-02-25 00:00:00
11779,5305,튜토리얼완료,2025-02-25 20:00:00
11780,5306,가입,2025-01-02 00:00:00
11781,5306,튜토리얼완료,2025-01-03 08:00:00
11782,5306,첫결제,2025-01-07 05:01:00
11783,5307,가입,2025-01-30 00:00:00
11784,5307,튜토리얼완료,2025-01-30 19:00:00
11785,5307,첫결제,2025-02-01 21:36:00
11786,5308,가입,2025-06-29 00:00:00
11787,5308,튜토리얼완료,2025-06-30 04:00:00
11788,5309,가입,2025-01-09 00:00:00
11789,5310,가입,2025-01-14 00:00:00
11790,5310,튜토리얼완료,2025-01-15 00:00:00
11791,5311,가입,2025-01-18 00:00:00
11792,5311,튜토리얼완료,2025-01-20 08:00:00
11793,5312,가입,2025-03-02 00:00:00
11794,5312,튜토리얼완료,2025-03-05 08:00:00
11795,5312,첫결제,2025-03-10 22:06:00
11796,5313,가입,2025-03-09 00:00:00
11797,5313,튜토리얼완료,2025-03-09 18:00:00
11798,5313,첫결제,2025-03-15 17:47:00
11799,5314,가입,2025-01-14 00:00:00
11800,5315,가입,2025-01-29 00:00:00
11801,5315,튜토리얼완료,2025-01-31 11:00:00
11802,5316,가입,2025-01-27 00:00:00
11803,5316,튜토리얼완료,2025-01-30 01:00:00
11804,5316,첫결제,2025-03-17 13:00:00
11805,5317,가입,2025-01-11 00:00:00
11806,5317,튜토리얼완료,2025-01-14 22:00:00
11807,5318,가입,2025-01-12 00:00:00
11808,5318,튜토리얼완료,2025-01-14 06:00:00
11809,5319,가입,2025-05-18 00:00:00
11810,5319,튜토리얼완료,2025-05-21 10:00:00
11811,5319,첫결제,2025-05-23 20:11:00
11812,5320,가입,2025-01-07 00:00:00
11813,5320,튜토리얼완료,2025-01-07 04:00:00
11814,5320,첫결제,2025-01-24 15:37:00
11815,5321,가입,2025-01-29 00:00:00
11816,5321,튜토리얼완료,2025-01-30 13:00:00
11817,5321,첫결제,2025-02-19 19:18:00
11818,5322,가입,2025-01-07 00:00:00
11819,5322,튜토리얼완료,2025-01-10 16:00:00
11820,5323,가입,2025-02-13 00:00:00
11821,5323,튜토리얼완료,2025-02-16 04:00:00
11822,5323,첫결제,2025-02-14 20:48:00
11823,5324,가입,2025-03-11 00:00:00
11824,5325,가입,2025-02-05 00:00:00
11825,5325,첫결제,2025-02-10 04:37:00
11826,5326,가입,2025-01-20 00:00:00
11827,5327,가입,2025-03-06 00:00:00
11828,5327,튜토리얼완료,2025-03-08 13:00:00
11829,5328,가입,2025-01-18 00:00:00
11830,5328,튜토리얼완료,2025-01-20 21:00:00
11831,5329,가입,2025-04-18 00:00:00
11832,5329,튜토리얼완료,2025-04-19 03:00:00
11833,5330,가입,2025-01-19 00:00:00
11834,5330,튜토리얼완료,2025-01-22 09:00:00
11835,5331,가입,2025-01-16 00:00:00
11836,5332,가입,2025-06-10 00:00:00
11837,5332,튜토리얼완료,2025-06-11 16:00:00
11838,5332,첫결제,2025-06-14 13:05:00
11839,5333,가입,2025-06-18 00:00:00
11840,5333,튜토리얼완료,2025-06-20 00:00:00
11841,5334,가입,2025-01-19 00:00:00
11842,5334,튜토리얼완료,2025-01-20 18:00:00
11843,5335,가입,2025-06-06 00:00:00
11844,5335,튜토리얼완료,2025-06-06 04:00:00
11845,5336,가입,2025-06-15 00:00:00
11846,5336,첫결제,2025-06-18 05:48:00
11847,5337,가입,2025-01-21 00:00:00
11848,5338,가입,2025-05-05 00:00:00
11849,5338,튜토리얼완료,2025-05-08 05:00:00
11850,5339,가입,2025-06-29 00:00:00
11851,5339,튜토리얼완료,2025-07-01 23:00:00
11852,5340,가입,2025-01-02 00:00:00
11853,5341,가입,2025-04-13 00:00:00
11854,5341,튜토리얼완료,2025-04-15 22:00:00
11855,5342,가입,2025-01-01 00:00:00
11856,5342,튜토리얼완료,2025-01-01 01:00:00
11857,5342,첫결제,2025-01-02 21:12:00
11858,5343,가입,2025-05-18 00:00:00
11859,5343,튜토리얼완료,2025-05-20 07:00:00
11860,5344,가입,2025-01-11 00:00:00
11861,5344,튜토리얼완료,2025-01-13 13:00:00
11862,5345,가입,2025-04-12 00:00:00
11863,5345,튜토리얼완료,2025-04-12 04:00:00
11864,5345,첫결제,2025-05-06 23:15:00
11865,5346,가입,2025-01-15 00:00:00
11866,5347,가입,2025-01-25 00:00:00
11867,5347,튜토리얼완료,2025-01-26 12:00:00
11868,5347,첫결제,2025-02-03 03:56:00
11869,5348,가입,2025-01-23 00:00:00
11870,5348,튜토리얼완료,2025-01-24 16:00:00
11871,5349,가입,2025-01-26 00:00:00
11872,5349,튜토리얼완료,2025-01-29 16:00:00
11873,5350,가입,2025-05-07 00:00:00
11874,5350,튜토리얼완료,2025-05-09 21:00:00
11875,5351,가입,2025-01-31 00:00:00
11876,5351,튜토리얼완료,2025-02-03 14:00:00
11877,5352,가입,2025-02-07 00:00:00
11878,5352,튜토리얼완료,2025-02-09 15:00:00
11879,5353,가입,2025-01-04 00:00:00
11880,5353,첫결제,2025-01-04 01:50:00
11881,5354,가입,2025-02-07 00:00:00
11882,5354,튜토리얼완료,2025-02-07 12:00:00
11883,5355,가입,2025-01-18 00:00:00
11884,5355,튜토리얼완료,2025-01-18 16:00:00
11885,5356,가입,2025-01-25 00:00:00
11886,5356,튜토리얼완료,2025-01-25 18:00:00
11887,5356,첫결제,2025-02-13 21:14:00
11888,5357,가입,2025-03-16 00:00:00
11889,5357,튜토리얼완료,2025-03-16 14:00:00
11890,5358,가입,2025-01-21 00:00:00
11891,5358,튜토리얼완료,2025-01-24 22:00:00
11892,5359,가입,2025-01-27 00:00:00
11893,5359,튜토리얼완료,2025-01-29 10:00:00
11894,5359,첫결제,2025-01-31 13:48:00
11895,5360,가입,2025-03-04 00:00:00
11896,5361,가입,2025-01-25 00:00:00
11897,5361,튜토리얼완료,2025-01-26 00:00:00
11898,5362,가입,2025-03-11 00:00:00
11899,5362,튜토리얼완료,2025-03-12 23:00:00
11900,5362,첫결제,2025-03-11 22:39:00
11901,5363,가입,2025-01-12 00:00:00
11902,5363,튜토리얼완료,2025-01-13 12:00:00
11903,5364,가입,2025-01-06 00:00:00
11904,5364,튜토리얼완료,2025-01-08 14:00:00
11905,5364,첫결제,2025-01-27 23:34:00
11906,5365,가입,2025-01-18 00:00:00
11907,5365,튜토리얼완료,2025-01-19 18:00:00
11908,5366,가입,2025-02-20 00:00:00
11909,5366,튜토리얼완료,2025-02-23 03:00:00
11910,5367,가입,2025-01-16 00:00:00
11911,5367,튜토리얼완료,2025-01-19 04:00:00
11912,5368,가입,2025-06-29 00:00:00
11913,5368,튜토리얼완료,2025-06-30 11:00:00
11914,5369,가입,2025-03-07 00:00:00
11915,5369,튜토리얼완료,2025-03-10 15:00:00
11916,5370,가입,2025-01-26 00:00:00
11917,5371,가입,2025-06-29 00:00:00
11918,5372,가입,2025-01-29 00:00:00
11919,5372,튜토리얼완료,2025-01-31 13:00:00
11920,5373,가입,2025-01-01 00:00:00
11921,5373,튜토리얼완료,2025-01-02 08:00:00
11922,5374,가입,2025-02-09 00:00:00
11923,5374,튜토리얼완료,2025-02-12 06:00:00
11924,5374,첫결제,2025-02-10 23:09:00
11925,5375,가입,2025-03-17 00:00:00
11926,5375,튜토리얼완료,2025-03-20 19:00:00
11927,5375,첫결제,2025-03-27 04:17:00
11928,5376,가입,2025-01-21 00:00:00
11929,5376,튜토리얼완료,2025-01-22 12:00:00
11930,5377,가입,2025-01-07 00:00:00
11931,5377,튜토리얼완료,2025-01-08 15:00:00
11932,5378,가입,2025-06-25 00:00:00
11933,5378,튜토리얼완료,2025-06-25 07:00:00
11934,5379,가입,2025-02-02 00:00:00
11935,5379,튜토리얼완료,2025-02-05 03:00:00
11936,5380,가입,2025-03-21 00:00:00
11937,5380,튜토리얼완료,2025-03-23 19:00:00
11938,5381,가입,2025-04-24 00:00:00
11939,5381,튜토리얼완료,2025-04-24 21:00:00
11940,5381,첫결제,2025-04-28 20:12:00
11941,5382,가입,2025-02-21 00:00:00
11942,5382,튜토리얼완료,2025-02-23 16:00:00
11943,5383,가입,2025-02-16 00:00:00
11944,5384,가입,2025-02-11 00:00:00
11945,5384,튜토리얼완료,2025-02-11 11:00:00
11946,5384,첫결제,2025-02-28 09:49:00
11947,5385,가입,2025-06-23 00:00:00
11948,5385,튜토리얼완료,2025-06-23 17:00:00
11949,5386,가입,2025-01-24 00:00:00
11950,5386,튜토리얼완료,2025-01-26 20:00:00
11951,5386,첫결제,2025-01-26 21:09:00
11952,5387,가입,2025-03-28 00:00:00
11953,5387,튜토리얼완료,2025-03-31 14:00:00
11954,5387,첫결제,2025-04-03 05:04:00
11955,5388,가입,2025-02-18 00:00:00
11956,5388,튜토리얼완료,2025-02-18 05:00:00
11957,5389,가입,2025-01-08 00:00:00
11958,5389,튜토리얼완료,2025-01-10 09:00:00
11959,5389,첫결제,2025-02-07 21:59:00
11960,5390,가입,2025-03-16 00:00:00
11961,5390,튜토리얼완료,2025-03-19 10:00:00
11962,5391,가입,2025-04-21 00:00:00
11963,5391,튜토리얼완료,2025-04-22 15:00:00
11964,5392,가입,2025-01-29 00:00:00
11965,5392,튜토리얼완료,2025-02-01 10:00:00
11966,5392,첫결제,2025-02-20 22:08:00
11967,5393,가입,2025-03-02 00:00:00
11968,5393,튜토리얼완료,2025-03-02 11:00:00
11969,5393,첫결제,2025-03-03 02:22:00
11970,5394,가입,2025-02-04 00:00:00
11971,5394,튜토리얼완료,2025-02-06 08:00:00
11972,5395,가입,2025-01-02 00:00:00
11973,5395,튜토리얼완료,2025-01-03 11:00:00
11974,5396,가입,2025-01-29 00:00:00
11975,5396,튜토리얼완료,2025-01-31 13:00:00
11976,5396,첫결제,2025-02-04 23:02:00
11977,5397,가입,2025-02-02 00:00:00
11978,5397,튜토리얼완료,2025-02-03 19:00:00
11979,5397,첫결제,2025-03-31 20:18:00
11980,5398,가입,2025-06-29 00:00:00
11981,5398,튜토리얼완료,2025-06-29 03:00:00
11982,5399,가입,2025-03-04 00:00:00
11983,5400,가입,2025-01-14 00:00:00
11984,5400,첫결제,2025-02-02 15:22:00
11985,5401,가입,2025-02-05 00:00:00
11986,5401,튜토리얼완료,2025-02-07 12:00:00
11987,5401,첫결제,2025-03-18 15:42:00
11988,5402,가입,2025-01-08 00:00:00
11989,5402,튜토리얼완료,2025-01-08 21:00:00
11990,5403,가입,2025-05-10 00:00:00
11991,5403,튜토리얼완료,2025-05-13 04:00:00
11992,5404,가입,2025-05-12 00:00:00
11993,5404,튜토리얼완료,2025-05-15 02:00:00
11994,5405,가입,2025-04-07 00:00:00
11995,5405,튜토리얼완료,2025-04-07 23:00:00
11996,5405,첫결제,2025-04-15 14:36:00
11997,5406,가입,2025-01-22 00:00:00
11998,5406,첫결제,2025-02-03 19:26:00
11999,5407,가입,2025-01-04 00:00:00
12000,5407,튜토리얼완료,2025-01-06 07:00:00
12001,5407,첫결제,2025-01-11 20:08:00
12002,5408,가입,2025-01-27 00:00:00
12003,5408,튜토리얼완료,2025-01-29 01:00:00
12004,5409,가입,2025-05-18 00:00:00
12005,5409,튜토리얼완료,2025-05-19 10:00:00
12006,5410,가입,2025-04-30 00:00:00
12007,5410,튜토리얼완료,2025-05-03 03:00:00
12008,5410,첫결제,2025-05-01 13:56:00
12009,5411,가입,2025-01-10 00:00:00
12010,5411,튜토리얼완료,2025-01-13 21:00:00
12011,5411,첫결제,2025-01-16 22:23:00
12012,5412,가입,2025-03-04 00:00:00
12013,5412,첫결제,2025-03-25 03:50:00
12014,5413,가입,2025-02-04 00:00:00
12015,5413,튜토리얼완료,2025-02-04 23:00:00
12016,5413,첫결제,2025-02-21 02:17:00
12017,5414,가입,2025-03-05 00:00:00
12018,5414,튜토리얼완료,2025-03-05 21:00:00
12019,5414,첫결제,2025-03-15 14:55:00
12020,5415,가입,2025-03-07 00:00:00
12021,5415,튜토리얼완료,2025-03-09 12:00:00
12022,5416,가입,2025-01-06 00:00:00
12023,5416,튜토리얼완료,2025-01-06 13:00:00
12024,5417,가입,2025-01-30 00:00:00
12025,5417,튜토리얼완료,2025-01-31 12:00:00
12026,5418,가입,2025-01-14 00:00:00
12027,5419,가입,2025-02-14 00:00:00
12028,5419,튜토리얼완료,2025-02-15 13:00:00
12029,5419,첫결제,2025-02-25 01:07:00
12030,5420,가입,2025-01-10 00:00:00
12031,5420,튜토리얼완료,2025-01-10 06:00:00
12032,5421,가입,2025-01-22 00:00:00
12033,5421,튜토리얼완료,2025-01-25 08:00:00
12034,5422,가입,2025-01-28 00:00:00
12035,5422,튜토리얼완료,2025-01-31 20:00:00
12036,5423,가입,2025-02-02 00:00:00
12037,5423,튜토리얼완료,2025-02-04 22:00:00
12038,5424,가입,2025-04-07 00:00:00
12039,5424,튜토리얼완료,2025-04-07 17:00:00
12040,5425,가입,2025-01-01 00:00:00
12041,5426,가입,2025-05-15 00:00:00
12042,5426,튜토리얼완료,2025-05-17 15:00:00
12043,5427,가입,2025-02-13 00:00:00
12044,5427,튜토리얼완료,2025-02-13 20:00:00
12045,5428,가입,2025-02-27 00:00:00
12046,5428,첫결제,2025-03-27 11:18:00
12047,5429,가입,2025-01-09 00:00:00
12048,5429,튜토리얼완료,2025-01-10 21:00:00
12049,5429,첫결제,2025-04-23 20:52:00
12050,5430,가입,2025-02-24 00:00:00
12051,5431,가입,2025-01-31 00:00:00
12052,5431,튜토리얼완료,2025-01-31 16:00:00
12053,5431,첫결제,2025-01-31 14:24:00
12054,5432,가입,2025-01-09 00:00:00
12055,5432,튜토리얼완료,2025-01-09 10:00:00
12056,5433,가입,2025-02-28 00:00:00
12057,5433,튜토리얼완료,2025-03-03 18:00:00
12058,5433,첫결제,2025-03-11 19:42:00
12059,5434,가입,2025-01-10 00:00:00
12060,5434,튜토리얼완료,2025-01-11 22:00:00
12061,5434,첫결제,2025-01-17 20:51:00
12062,5435,가입,2025-01-10 00:00:00
12063,5435,튜토리얼완료,2025-01-10 18:00:00
12064,5435,첫결제,2025-01-21 14:54:00
12065,5436,가입,2025-06-29 00:00:00
12066,5436,튜토리얼완료,2025-07-01 04:00:00
12067,5437,가입,2025-02-13 00:00:00
12068,5437,튜토리얼완료,2025-02-13 05:00:00
12069,5438,가입,2025-04-09 00:00:00
12070,5438,튜토리얼완료,2025-04-09 17:00:00
12071,5438,첫결제,2025-05-13 23:17:00
12072,5439,가입,2025-01-05 00:00:00
12073,5439,튜토리얼완료,2025-01-06 20:00:00
12074,5439,첫결제,2025-03-02 02:23:00
12075,5440,가입,2025-01-31 00:00:00
12076,5440,튜토리얼완료,2025-02-01 06:00:00
12077,5440,첫결제,2025-02-03 22:38:00
12078,5441,가입,2025-01-08 00:00:00
12079,5441,튜토리얼완료,2025-01-09 15:00:00
12080,5442,가입,2025-01-13 00:00:00
12081,5442,튜토리얼완료,2025-01-16 03:00:00
12082,5442,첫결제,2025-01-17 22:34:00
12083,5443,가입,2025-03-29 00:00:00
12084,5443,튜토리얼완료,2025-04-01 19:00:00
12085,5443,첫결제,2025-03-31 00:41:00
12086,5444,가입,2025-01-29 00:00:00
12087,5444,튜토리얼완료,2025-01-29 16:00:00
12088,5444,첫결제,2025-02-03 20:50:00
12089,5445,가입,2025-06-29 00:00:00
12090,5445,튜토리얼완료,2025-06-29 16:00:00
12091,5445,첫결제,2025-06-29 22:14:00
12092,5446,가입,2025-01-06 00:00:00
12093,5446,튜토리얼완료,2025-01-06 04:00:00
12094,5447,가입,2025-02-01 00:00:00
12095,5447,튜토리얼완료,2025-02-02 06:00:00
12096,5448,가입,2025-01-19 00:00:00
12097,5448,첫결제,2025-03-14 05:56:00
12098,5449,가입,2025-01-17 00:00:00
12099,5449,튜토리얼완료,2025-01-18 23:00:00
12100,5449,첫결제,2025-03-22 20:00:00
12101,5450,가입,2025-01-15 00:00:00
12102,5450,튜토리얼완료,2025-01-17 03:00:00
12103,5451,가입,2025-02-24 00:00:00
12104,5451,튜토리얼완료,2025-02-27 21:00:00
12105,5452,가입,2025-01-15 00:00:00
12106,5452,튜토리얼완료,2025-01-16 10:00:00
12107,5452,첫결제,2025-02-06 12:53:00
12108,5453,가입,2025-03-04 00:00:00
12109,5453,튜토리얼완료,2025-03-07 16:00:00
12110,5454,가입,2025-01-30 00:00:00
12111,5454,첫결제,2025-02-13 19:52:00
12112,5455,가입,2025-02-28 00:00:00
12113,5455,튜토리얼완료,2025-03-01 09:00:00
12114,5455,첫결제,2025-03-11 13:48:00
12115,5456,가입,2025-01-13 00:00:00
12116,5456,튜토리얼완료,2025-01-16 20:00:00
12117,5457,가입,2025-05-25 00:00:00
12118,5457,튜토리얼완료,2025-05-27 14:00:00
12119,5457,첫결제,2025-06-19 23:54:00
12120,5458,가입,2025-04-07 00:00:00
12121,5458,튜토리얼완료,2025-04-10 08:00:00
12122,5459,가입,2025-02-19 00:00:00
12123,5459,튜토리얼완료,2025-02-19 10:00:00
12124,5460,가입,2025-04-15 00:00:00
12125,5460,튜토리얼완료,2025-04-18 06:00:00
12126,5460,첫결제,2025-04-15 21:20:00
12127,5461,가입,2025-02-15 00:00:00
12128,5461,튜토리얼완료,2025-02-15 11:00:00
12129,5462,가입,2025-01-01 00:00:00
12130,5462,튜토리얼완료,2025-01-03 00:00:00
12131,5463,가입,2025-02-13 00:00:00
12132,5463,튜토리얼완료,2025-02-15 22:00:00
12133,5463,첫결제,2025-02-14 07:55:00
12134,5464,가입,2025-01-30 00:00:00
12135,5464,튜토리얼완료,2025-01-31 17:00:00
12136,5465,가입,2025-01-28 00:00:00
12137,5465,튜토리얼완료,2025-01-31 13:00:00
12138,5466,가입,2025-03-15 00:00:00
12139,5466,튜토리얼완료,2025-03-16 18:00:00
12140,5467,가입,2025-01-10 00:00:00
12141,5467,튜토리얼완료,2025-01-10 16:00:00
12142,5468,가입,2025-06-06 00:00:00
12143,5468,튜토리얼완료,2025-06-09 07:00:00
12144,5469,가입,2025-03-14 00:00:00
12145,5469,튜토리얼완료,2025-03-14 09:00:00
12146,5469,첫결제,2025-03-19 03:49:00
12147,5470,가입,2025-02-10 00:00:00
12148,5470,튜토리얼완료,2025-02-12 11:00:00
12149,5471,가입,2025-01-25 00:00:00
12150,5471,튜토리얼완료,2025-01-25 13:00:00
12151,5472,가입,2025-05-15 00:00:00
12152,5472,튜토리얼완료,2025-05-15 21:00:00
12153,5472,첫결제,2025-06-08 17:15:00
12154,5473,가입,2025-01-22 00:00:00
12155,5473,튜토리얼완료,2025-01-25 03:00:00
12156,5474,가입,2025-06-29 00:00:00
12157,5474,튜토리얼완료,2025-07-02 17:00:00
12158,5475,가입,2025-02-24 00:00:00
12159,5475,튜토리얼완료,2025-02-24 02:00:00
12160,5475,첫결제,2025-03-04 22:07:00
12161,5476,가입,2025-06-18 00:00:00
12162,5476,튜토리얼완료,2025-06-21 16:00:00
12163,5476,첫결제,2025-06-19 19:59:00
12164,5477,가입,2025-01-20 00:00:00
12165,5477,튜토리얼완료,2025-01-21 05:00:00
12166,5478,가입,2025-06-25 00:00:00
12167,5478,튜토리얼완료,2025-06-28 09:00:00
12168,5479,가입,2025-04-22 00:00:00
12169,5479,튜토리얼완료,2025-04-23 22:00:00
12170,5479,첫결제,2025-06-02 21:01:00
12171,5480,가입,2025-01-10 00:00:00
12172,5480,튜토리얼완료,2025-01-13 22:00:00
12173,5480,첫결제,2025-01-25 21:43:00
12174,5481,가입,2025-04-12 00:00:00
12175,5481,튜토리얼완료,2025-04-15 14:00:00
12176,5482,가입,2025-03-05 00:00:00
12177,5482,튜토리얼완료,2025-03-06 01:00:00
12178,5483,가입,2025-01-02 00:00:00
12179,5483,튜토리얼완료,2025-01-05 03:00:00
12180,5484,가입,2025-06-04 00:00:00
12181,5484,튜토리얼완료,2025-06-04 22:00:00
12182,5484,첫결제,2025-06-09 01:54:00
12183,5485,가입,2025-01-13 00:00:00
12184,5485,튜토리얼완료,2025-01-16 01:00:00
12185,5485,첫결제,2025-02-04 19:47:00
12186,5486,가입,2025-01-04 00:00:00
12187,5486,튜토리얼완료,2025-01-07 16:00:00
12188,5487,가입,2025-01-05 00:00:00
12189,5488,가입,2025-01-09 00:00:00
12190,5488,튜토리얼완료,2025-01-11 19:00:00
12191,5488,첫결제,2025-01-29 08:28:00
12192,5489,가입,2025-04-14 00:00:00
12193,5489,튜토리얼완료,2025-04-15 12:00:00
12194,5490,가입,2025-02-25 00:00:00
12195,5490,튜토리얼완료,2025-02-28 14:00:00
12196,5490,첫결제,2025-02-25 03:48:00
12197,5491,가입,2025-02-25 00:00:00
12198,5491,튜토리얼완료,2025-02-28 11:00:00
12199,5491,첫결제,2025-03-08 23:38:00
12200,5492,가입,2025-01-01 00:00:00
12201,5492,튜토리얼완료,2025-01-03 17:00:00
12202,5492,첫결제,2025-01-03 19:17:00
12203,5493,가입,2025-02-10 00:00:00
12204,5493,튜토리얼완료,2025-02-13 00:00:00
12205,5494,가입,2025-03-27 00:00:00
12206,5494,튜토리얼완료,2025-03-28 10:00:00
12207,5494,첫결제,2025-04-16 21:20:00
12208,5495,가입,2025-02-01 00:00:00
12209,5495,튜토리얼완료,2025-02-04 07:00:00
12210,5496,가입,2025-01-16 00:00:00
12211,5496,튜토리얼완료,2025-01-19 17:00:00
12212,5496,첫결제,2025-01-17 06:40:00
12213,5497,가입,2025-01-28 00:00:00
12214,5497,튜토리얼완료,2025-01-28 02:00:00
12215,5498,가입,2025-03-18 00:00:00
12216,5498,튜토리얼완료,2025-03-21 00:00:00
12217,5499,가입,2025-01-05 00:00:00
12218,5499,튜토리얼완료,2025-01-08 05:00:00
12219,5500,가입,2025-01-09 00:00:00
12220,5500,튜토리얼완료,2025-01-10 09:00:00
12221,5500,첫결제,2025-01-17 20:12:00
12222,5501,가입,2025-01-12 00:00:00
12223,5501,튜토리얼완료,2025-01-13 18:00:00
12224,5502,가입,2025-01-07 00:00:00
12225,5502,튜토리얼완료,2025-01-08 10:00:00
12226,5503,가입,2025-03-11 00:00:00
12227,5503,튜토리얼완료,2025-03-13 09:00:00
12228,5503,첫결제,2025-04-23 22:03:00
12229,5504,가입,2025-01-04 00:00:00
12230,5504,튜토리얼완료,2025-01-05 04:00:00
12231,5505,가입,2025-02-01 00:00:00
12232,5505,튜토리얼완료,2025-02-01 04:00:00
12233,5506,가입,2025-02-11 00:00:00
12234,5506,튜토리얼완료,2025-02-12 11:00:00
12235,5507,가입,2025-02-14 00:00:00
12236,5507,튜토리얼완료,2025-02-15 02:00:00
12237,5507,첫결제,2025-02-17 15:03:00
12238,5508,가입,2025-01-11 00:00:00
12239,5508,첫결제,2025-01-26 22:11:00
12240,5509,가입,2025-03-08 00:00:00
12241,5509,튜토리얼완료,2025-03-08 22:00:00
12242,5509,첫결제,2025-03-23 19:36:00
12243,5510,가입,2025-06-17 00:00:00
12244,5510,튜토리얼완료,2025-06-20 18:00:00
12245,5510,첫결제,2025-06-19 21:34:00
12246,5511,가입,2025-04-04 00:00:00
12247,5511,튜토리얼완료,2025-04-07 06:00:00
12248,5511,첫결제,2025-06-06 19:09:00
12249,5512,가입,2025-06-29 00:00:00
12250,5512,튜토리얼완료,2025-06-29 19:00:00
12251,5513,가입,2025-06-29 00:00:00
12252,5513,튜토리얼완료,2025-06-29 08:00:00
12253,5514,가입,2025-01-07 00:00:00
12254,5514,튜토리얼완료,2025-01-08 16:00:00
12255,5514,첫결제,2025-01-08 20:08:00
12256,5515,가입,2025-02-02 00:00:00
12257,5515,튜토리얼완료,2025-02-04 01:00:00
12258,5515,첫결제,2025-02-08 05:55:00
12259,5516,가입,2025-05-17 00:00:00
12260,5517,가입,2025-01-04 00:00:00
12261,5517,튜토리얼완료,2025-01-04 07:00:00
12262,5517,첫결제,2025-02-03 21:44:00
12263,5518,가입,2025-01-17 00:00:00
12264,5518,튜토리얼완료,2025-01-18 01:00:00
12265,5519,가입,2025-01-16 00:00:00
12266,5519,튜토리얼완료,2025-01-19 06:00:00
12267,5520,가입,2025-01-05 00:00:00
12268,5521,가입,2025-03-22 00:00:00
12269,5521,튜토리얼완료,2025-03-24 20:00:00
12270,5521,첫결제,2025-03-29 15:46:00
12271,5522,가입,2025-03-19 00:00:00
12272,5522,튜토리얼완료,2025-03-20 01:00:00
12273,5523,가입,2025-04-06 00:00:00
12274,5523,튜토리얼완료,2025-04-07 19:00:00
12275,5524,가입,2025-02-08 00:00:00
12276,5524,튜토리얼완료,2025-02-09 11:00:00
12277,5525,가입,2025-02-06 00:00:00
12278,5525,튜토리얼완료,2025-02-08 15:00:00
12279,5525,첫결제,2025-02-06 03:06:00
12280,5526,가입,2025-06-17 00:00:00
12281,5526,튜토리얼완료,2025-06-18 07:00:00
12282,5527,가입,2025-01-05 00:00:00
12283,5527,튜토리얼완료,2025-01-07 04:00:00
12284,5528,가입,2025-02-20 00:00:00
12285,5528,튜토리얼완료,2025-02-22 18:00:00
12286,5528,첫결제,2025-02-21 16:43:00
12287,5529,가입,2025-02-15 00:00:00
12288,5529,튜토리얼완료,2025-02-16 03:00:00
12289,5529,첫결제,2025-03-14 22:02:00
12290,5530,가입,2025-06-29 00:00:00
12291,5530,튜토리얼완료,2025-07-02 22:00:00
12292,5531,가입,2025-06-20 00:00:00
12293,5531,튜토리얼완료,2025-06-22 05:00:00
12294,5532,가입,2025-01-22 00:00:00
12295,5532,튜토리얼완료,2025-01-25 18:00:00
12296,5532,첫결제,2025-01-25 07:32:00
12297,5533,가입,2025-06-29 00:00:00
12298,5533,튜토리얼완료,2025-06-30 21:00:00
12299,5534,가입,2025-02-10 00:00:00
12300,5534,튜토리얼완료,2025-02-12 02:00:00
12301,5535,가입,2025-03-20 00:00:00
12302,5535,튜토리얼완료,2025-03-23 03:00:00
12303,5536,가입,2025-06-10 00:00:00
12304,5536,튜토리얼완료,2025-06-13 01:00:00
12305,5537,가입,2025-02-26 00:00:00
12306,5537,튜토리얼완료,2025-02-28 21:00:00
12307,5537,첫결제,2025-03-14 06:06:00
12308,5538,가입,2025-03-06 00:00:00
12309,5538,튜토리얼완료,2025-03-06 14:00:00
12310,5539,가입,2025-06-29 00:00:00
12311,5539,튜토리얼완료,2025-06-29 20:00:00
12312,5540,가입,2025-02-14 00:00:00
12313,5540,튜토리얼완료,2025-02-17 07:00:00
12314,5541,가입,2025-04-08 00:00:00
12315,5541,튜토리얼완료,2025-04-09 03:00:00
12316,5541,첫결제,2025-04-12 22:34:00
12317,5542,가입,2025-04-27 00:00:00
12318,5542,튜토리얼완료,2025-04-28 23:00:00
12319,5542,첫결제,2025-05-18 22:24:00
12320,5543,가입,2025-01-13 00:00:00
12321,5544,가입,2025-01-17 00:00:00
12322,5544,튜토리얼완료,2025-01-20 20:00:00
12323,5544,첫결제,2025-01-28 04:36:00
12324,5545,가입,2025-02-08 00:00:00
12325,5545,튜토리얼완료,2025-02-10 21:00:00
12326,5546,가입,2025-03-10 00:00:00
12327,5546,튜토리얼완료,2025-03-13 08:00:00
12328,5547,가입,2025-04-13 00:00:00
12329,5547,튜토리얼완료,2025-04-13 17:00:00
12330,5548,가입,2025-01-04 00:00:00
12331,5548,튜토리얼완료,2025-01-06 18:00:00
12332,5548,첫결제,2025-01-09 19:20:00
12333,5549,가입,2025-04-21 00:00:00
12334,5549,첫결제,2025-04-23 23:39:00
12335,5550,가입,2025-04-16 00:00:00
12336,5550,튜토리얼완료,2025-04-16 05:00:00
12337,5551,가입,2025-03-24 00:00:00
12338,5551,튜토리얼완료,2025-03-27 16:00:00
12339,5552,가입,2025-01-15 00:00:00
12340,5552,튜토리얼완료,2025-01-18 09:00:00
12341,5552,첫결제,2025-01-28 02:00:00
12342,5553,가입,2025-05-10 00:00:00
12343,5554,가입,2025-01-03 00:00:00
12344,5554,튜토리얼완료,2025-01-05 04:00:00
12345,5555,가입,2025-01-04 00:00:00
12346,5555,튜토리얼완료,2025-01-04 17:00:00
12347,5555,첫결제,2025-01-11 13:47:00
12348,5556,가입,2025-01-23 00:00:00
12349,5556,튜토리얼완료,2025-01-24 20:00:00
12350,5556,첫결제,2025-01-31 01:25:00
12351,5557,가입,2025-01-08 00:00:00
12352,5557,튜토리얼완료,2025-01-08 18:00:00
12353,5558,가입,2025-01-03 00:00:00
12354,5558,튜토리얼완료,2025-01-04 08:00:00
12355,5559,가입,2025-03-01 00:00:00
12356,5559,첫결제,2025-03-16 19:16:00
12357,5560,가입,2025-05-01 00:00:00
12358,5560,튜토리얼완료,2025-05-04 04:00:00
12359,5561,가입,2025-04-23 00:00:00
12360,5561,튜토리얼완료,2025-04-25 04:00:00
12361,5561,첫결제,2025-05-11 12:26:00
12362,5562,가입,2025-03-14 00:00:00
12363,5562,첫결제,2025-03-14 04:19:00
12364,5563,가입,2025-01-13 00:00:00
12365,5563,튜토리얼완료,2025-01-14 05:00:00
12366,5563,첫결제,2025-01-25 16:31:00
12367,5564,가입,2025-01-12 00:00:00
12368,5564,튜토리얼완료,2025-01-14 17:00:00
12369,5565,가입,2025-06-29 00:00:00
12370,5565,튜토리얼완료,2025-06-29 16:00:00
12371,5566,가입,2025-01-10 00:00:00
12372,5566,튜토리얼완료,2025-01-11 14:00:00
12373,5566,첫결제,2025-01-25 19:21:00
12374,5567,가입,2025-06-29 00:00:00
12375,5567,튜토리얼완료,2025-06-30 04:00:00
12376,5568,가입,2025-06-14 00:00:00
12377,5568,튜토리얼완료,2025-06-15 14:00:00
12378,5569,가입,2025-02-07 00:00:00
12379,5569,튜토리얼완료,2025-02-09 19:00:00
12380,5569,첫결제,2025-02-07 23:52:00
12381,5570,가입,2025-02-07 00:00:00
12382,5570,튜토리얼완료,2025-02-07 04:00:00
12383,5571,가입,2025-01-16 00:00:00
12384,5571,튜토리얼완료,2025-01-19 07:00:00
12385,5572,가입,2025-02-10 00:00:00
12386,5572,튜토리얼완료,2025-02-11 11:00:00
12387,5573,가입,2025-01-07 00:00:00
12388,5573,튜토리얼완료,2025-01-10 06:00:00
12389,5574,가입,2025-02-12 00:00:00
12390,5574,튜토리얼완료,2025-02-12 10:00:00
12391,5575,가입,2025-05-10 00:00:00
12392,5575,튜토리얼완료,2025-05-13 08:00:00
12393,5575,첫결제,2025-05-16 20:48:00
12394,5576,가입,2025-02-08 00:00:00
12395,5577,가입,2025-01-10 00:00:00
12396,5577,튜토리얼완료,2025-01-10 13:00:00
12397,5578,가입,2025-01-26 00:00:00
12398,5578,튜토리얼완료,2025-01-27 22:00:00
12399,5578,첫결제,2025-02-01 21:46:00
12400,5579,가입,2025-03-19 00:00:00
12401,5579,튜토리얼완료,2025-03-22 01:00:00
12402,5580,가입,2025-01-20 00:00:00
12403,5581,가입,2025-02-06 00:00:00
12404,5581,튜토리얼완료,2025-02-07 06:00:00
12405,5581,첫결제,2025-03-04 19:42:00
12406,5582,가입,2025-01-17 00:00:00
12407,5582,튜토리얼완료,2025-01-19 21:00:00
12408,5583,가입,2025-01-29 00:00:00
12409,5583,튜토리얼완료,2025-01-31 11:00:00
12410,5584,가입,2025-01-12 00:00:00
12411,5584,튜토리얼완료,2025-01-12 04:00:00
12412,5585,가입,2025-06-12 00:00:00
12413,5585,튜토리얼완료,2025-06-12 05:00:00
12414,5585,첫결제,2025-06-14 23:02:00
12415,5586,가입,2025-02-25 00:00:00
12416,5586,튜토리얼완료,2025-02-25 10:00:00
12417,5587,가입,2025-02-07 00:00:00
12418,5587,튜토리얼완료,2025-02-07 18:00:00
12419,5587,첫결제,2025-02-09 01:10:00
12420,5588,가입,2025-06-29 00:00:00
12421,5588,튜토리얼완료,2025-07-01 15:00:00
12422,5589,가입,2025-05-04 00:00:00
12423,5589,첫결제,2025-06-20 15:02:00
12424,5590,가입,2025-01-08 00:00:00
12425,5590,튜토리얼완료,2025-01-08 11:00:00
12426,5590,첫결제,2025-01-12 16:08:00
12427,5591,가입,2025-04-11 00:00:00
12428,5591,튜토리얼완료,2025-04-14 07:00:00
12429,5592,가입,2025-03-10 00:00:00
12430,5592,튜토리얼완료,2025-03-11 06:00:00
12431,5592,첫결제,2025-03-20 23:17:00
12432,5593,가입,2025-04-17 00:00:00
12433,5593,튜토리얼완료,2025-04-18 04:00:00
12434,5593,첫결제,2025-04-19 22:35:00
12435,5594,가입,2025-01-25 00:00:00
12436,5594,튜토리얼완료,2025-01-26 09:00:00
12437,5594,첫결제,2025-02-25 19:15:00
12438,5595,가입,2025-02-07 00:00:00
12439,5595,튜토리얼완료,2025-02-07 00:00:00
12440,5595,첫결제,2025-02-18 22:17:00
12441,5596,가입,2025-04-13 00:00:00
12442,5596,튜토리얼완료,2025-04-14 12:00:00
12443,5597,가입,2025-04-02 00:00:00
12444,5597,튜토리얼완료,2025-04-05 09:00:00
12445,5597,첫결제,2025-05-08 18:33:00
12446,5598,가입,2025-02-19 00:00:00
12447,5598,튜토리얼완료,2025-02-22 23:00:00
12448,5598,첫결제,2025-03-09 22:33:00
12449,5599,가입,2025-04-05 00:00:00
12450,5599,튜토리얼완료,2025-04-05 17:00:00
12451,5599,첫결제,2025-06-13 01:39:00
12452,5600,가입,2025-01-06 00:00:00
12453,5600,튜토리얼완료,2025-01-06 05:00:00
12454,5600,첫결제,2025-01-13 10:55:00
12455,5601,가입,2025-03-08 00:00:00
12456,5601,튜토리얼완료,2025-03-11 19:00:00
12457,5602,가입,2025-01-01 00:00:00
12458,5602,튜토리얼완료,2025-01-04 02:00:00
12459,5602,첫결제,2025-01-03 03:11:00
12460,5603,가입,2025-01-05 00:00:00
12461,5603,튜토리얼완료,2025-01-06 15:00:00
12462,5604,가입,2025-01-03 00:00:00
12463,5604,튜토리얼완료,2025-01-06 08:00:00
12464,5605,가입,2025-06-14 00:00:00
12465,5605,튜토리얼완료,2025-06-17 03:00:00
12466,5606,가입,2025-04-21 00:00:00
12467,5606,튜토리얼완료,2025-04-23 12:00:00
12468,5607,가입,2025-03-04 00:00:00
12469,5607,튜토리얼완료,2025-03-04 23:00:00
12470,5608,가입,2025-02-16 00:00:00
12471,5608,튜토리얼완료,2025-02-18 02:00:00
12472,5609,가입,2025-01-10 00:00:00
12473,5609,튜토리얼완료,2025-01-11 23:00:00
12474,5609,첫결제,2025-01-12 22:28:00
12475,5610,가입,2025-01-08 00:00:00
12476,5610,튜토리얼완료,2025-01-11 00:00:00
12477,5610,첫결제,2025-01-17 11:31:00
12478,5611,가입,2025-03-13 00:00:00
12479,5611,튜토리얼완료,2025-03-16 13:00:00
12480,5611,첫결제,2025-04-07 16:30:00
12481,5612,가입,2025-04-14 00:00:00
12482,5612,튜토리얼완료,2025-04-14 00:00:00
12483,5613,가입,2025-04-10 00:00:00
12484,5613,튜토리얼완료,2025-04-13 01:00:00
12485,5613,첫결제,2025-04-11 07:42:00
12486,5614,가입,2025-06-29 00:00:00
12487,5614,튜토리얼완료,2025-06-29 14:00:00
12488,5615,가입,2025-02-08 00:00:00
12489,5615,튜토리얼완료,2025-02-09 17:00:00
12490,5615,첫결제,2025-02-28 04:38:00
12491,5616,가입,2025-01-10 00:00:00
12492,5616,튜토리얼완료,2025-01-11 04:00:00
12493,5617,가입,2025-01-08 00:00:00
12494,5617,첫결제,2025-02-19 01:17:00
12495,5618,가입,2025-01-12 00:00:00
12496,5618,튜토리얼완료,2025-01-13 06:00:00
12497,5619,가입,2025-06-29 00:00:00
12498,5619,튜토리얼완료,2025-07-02 09:00:00
12499,5620,가입,2025-01-07 00:00:00
12500,5620,튜토리얼완료,2025-01-10 12:00:00
12501,5621,가입,2025-02-17 00:00:00
12502,5621,튜토리얼완료,2025-02-19 02:00:00
12503,5621,첫결제,2025-03-20 21:44:00
12504,5622,가입,2025-06-27 00:00:00
12505,5623,가입,2025-02-08 00:00:00
12506,5623,튜토리얼완료,2025-02-09 11:00:00
12507,5624,가입,2025-01-08 00:00:00
12508,5624,튜토리얼완료,2025-01-09 23:00:00
12509,5624,첫결제,2025-01-11 16:03:00
12510,5625,가입,2025-03-13 00:00:00
12511,5625,튜토리얼완료,2025-03-14 13:00:00
12512,5626,가입,2025-01-10 00:00:00
12513,5626,튜토리얼완료,2025-01-10 20:00:00
12514,5627,가입,2025-05-08 00:00:00
12515,5627,튜토리얼완료,2025-05-08 17:00:00
12516,5627,첫결제,2025-05-23 03:38:00
12517,5628,가입,2025-01-04 00:00:00
12518,5628,튜토리얼완료,2025-01-07 22:00:00
12519,5628,첫결제,2025-01-10 21:19:00
12520,5629,가입,2025-02-13 00:00:00
12521,5629,튜토리얼완료,2025-02-16 07:00:00
12522,5629,첫결제,2025-02-18 17:33:00
12523,5630,가입,2025-03-23 00:00:00
12524,5630,튜토리얼완료,2025-03-25 15:00:00
12525,5630,첫결제,2025-04-07 23:11:00
12526,5631,가입,2025-01-11 00:00:00
12527,5631,튜토리얼완료,2025-01-11 11:00:00
12528,5632,가입,2025-01-03 00:00:00
12529,5633,가입,2025-02-10 00:00:00
12530,5633,튜토리얼완료,2025-02-13 04:00:00
12531,5634,가입,2025-01-30 00:00:00
12532,5634,튜토리얼완료,2025-01-31 07:00:00
12533,5634,첫결제,2025-02-01 20:14:00
12534,5635,가입,2025-01-18 00:00:00
12535,5635,튜토리얼완료,2025-01-21 12:00:00
12536,5636,가입,2025-03-08 00:00:00
12537,5636,튜토리얼완료,2025-03-10 18:00:00
12538,5637,가입,2025-03-17 00:00:00
12539,5637,튜토리얼완료,2025-03-17 23:00:00
12540,5637,첫결제,2025-03-22 03:22:00
12541,5638,가입,2025-06-11 00:00:00
12542,5638,튜토리얼완료,2025-06-11 20:00:00
12543,5639,가입,2025-06-29 00:00:00
12544,5639,튜토리얼완료,2025-06-30 03:00:00
12545,5640,가입,2025-02-07 00:00:00
12546,5640,튜토리얼완료,2025-02-10 14:00:00
12547,5640,첫결제,2025-02-07 17:21:00
12548,5641,가입,2025-01-04 00:00:00
12549,5641,튜토리얼완료,2025-01-04 19:00:00
12550,5642,가입,2025-01-16 00:00:00
12551,5642,튜토리얼완료,2025-01-17 12:00:00
12552,5642,첫결제,2025-02-02 23:35:00
12553,5643,가입,2025-01-03 00:00:00
12554,5643,튜토리얼완료,2025-01-06 12:00:00
12555,5644,가입,2025-02-02 00:00:00
12556,5645,가입,2025-01-06 00:00:00
12557,5646,가입,2025-06-08 00:00:00
12558,5646,튜토리얼완료,2025-06-10 00:00:00
12559,5647,가입,2025-01-04 00:00:00
12560,5647,튜토리얼완료,2025-01-06 14:00:00
12561,5648,가입,2025-04-03 00:00:00
12562,5648,튜토리얼완료,2025-04-03 04:00:00
12563,5649,가입,2025-01-16 00:00:00
12564,5649,튜토리얼완료,2025-01-18 21:00:00
12565,5650,가입,2025-01-27 00:00:00
12566,5650,튜토리얼완료,2025-01-30 02:00:00
12567,5651,가입,2025-04-08 00:00:00
12568,5651,튜토리얼완료,2025-04-11 04:00:00
12569,5652,가입,2025-01-02 00:00:00
12570,5653,가입,2025-01-11 00:00:00
12571,5653,튜토리얼완료,2025-01-12 03:00:00
12572,5654,가입,2025-02-07 00:00:00
12573,5654,튜토리얼완료,2025-02-09 19:00:00
12574,5655,가입,2025-02-28 00:00:00
12575,5655,튜토리얼완료,2025-03-01 06:00:00
12576,5656,가입,2025-02-08 00:00:00
12577,5656,튜토리얼완료,2025-02-11 01:00:00
12578,5656,첫결제,2025-02-13 05:15:00
12579,5657,가입,2025-02-13 00:00:00
12580,5657,튜토리얼완료,2025-02-14 05:00:00
12581,5658,가입,2025-03-13 00:00:00
12582,5658,튜토리얼완료,2025-03-14 05:00:00
12583,5658,첫결제,2025-03-31 19:31:00
12584,5659,가입,2025-01-03 00:00:00
12585,5659,튜토리얼완료,2025-01-04 17:00:00
12586,5660,가입,2025-01-25 00:00:00
12587,5660,튜토리얼완료,2025-01-28 15:00:00
12588,5661,가입,2025-02-06 00:00:00
12589,5661,튜토리얼완료,2025-02-08 09:00:00
12590,5662,가입,2025-03-10 00:00:00
12591,5662,튜토리얼완료,2025-03-12 20:00:00
12592,5663,가입,2025-02-06 00:00:00
12593,5663,튜토리얼완료,2025-02-07 16:00:00
12594,5663,첫결제,2025-03-16 20:41:00
12595,5664,가입,2025-01-31 00:00:00
12596,5664,튜토리얼완료,2025-01-31 19:00:00
12597,5664,첫결제,2025-02-01 17:04:00
12598,5665,가입,2025-01-20 00:00:00
12599,5665,튜토리얼완료,2025-01-21 13:00:00
12600,5666,가입,2025-02-15 00:00:00
12601,5666,튜토리얼완료,2025-02-18 00:00:00
12602,5667,가입,2025-01-12 00:00:00
12603,5667,튜토리얼완료,2025-01-15 06:00:00
12604,5667,첫결제,2025-01-31 23:51:00
12605,5668,가입,2025-01-05 00:00:00
12606,5668,튜토리얼완료,2025-01-06 11:00:00
12607,5668,첫결제,2025-01-12 08:11:00
12608,5669,가입,2025-05-13 00:00:00
12609,5669,튜토리얼완료,2025-05-16 17:00:00
12610,5670,가입,2025-02-27 00:00:00
12611,5670,튜토리얼완료,2025-02-27 08:00:00
12612,5671,가입,2025-01-07 00:00:00
12613,5672,가입,2025-01-02 00:00:00
12614,5672,튜토리얼완료,2025-01-04 15:00:00
12615,5673,가입,2025-03-02 00:00:00
12616,5673,튜토리얼완료,2025-03-04 01:00:00
12617,5674,가입,2025-04-05 00:00:00
12618,5674,튜토리얼완료,2025-04-07 15:00:00
12619,5675,가입,2025-02-13 00:00:00
12620,5675,튜토리얼완료,2025-02-15 11:00:00
12621,5676,가입,2025-01-03 00:00:00
12622,5676,튜토리얼완료,2025-01-04 23:00:00
12623,5677,가입,2025-01-13 00:00:00
12624,5678,가입,2025-01-04 00:00:00
12625,5678,튜토리얼완료,2025-01-04 16:00:00
12626,5679,가입,2025-03-26 00:00:00
12627,5679,튜토리얼완료,2025-03-29 23:00:00
12628,5679,첫결제,2025-03-30 19:32:00
12629,5680,가입,2025-01-10 00:00:00
12630,5680,튜토리얼완료,2025-01-13 14:00:00
12631,5681,가입,2025-04-20 00:00:00
12632,5681,튜토리얼완료,2025-04-23 15:00:00
12633,5682,가입,2025-03-22 00:00:00
12634,5683,가입,2025-02-05 00:00:00
12635,5683,튜토리얼완료,2025-02-08 09:00:00
12636,5684,가입,2025-02-04 00:00:00
12637,5685,가입,2025-01-07 00:00:00
12638,5685,튜토리얼완료,2025-01-08 12:00:00
12639,5686,가입,2025-01-18 00:00:00
12640,5686,튜토리얼완료,2025-01-20 13:00:00
12641,5687,가입,2025-01-07 00:00:00
12642,5687,튜토리얼완료,2025-01-08 09:00:00
12643,5688,가입,2025-04-16 00:00:00
12644,5688,튜토리얼완료,2025-04-16 00:00:00
12645,5689,가입,2025-02-09 00:00:00
12646,5689,튜토리얼완료,2025-02-11 13:00:00
12647,5690,가입,2025-01-06 00:00:00
12648,5690,튜토리얼완료,2025-01-06 20:00:00
12649,5691,가입,2025-04-15 00:00:00
12650,5691,튜토리얼완료,2025-04-16 10:00:00
12651,5691,첫결제,2025-04-17 19:03:00
12652,5692,가입,2025-01-04 00:00:00
12653,5692,튜토리얼완료,2025-01-04 05:00:00
12654,5693,가입,2025-01-15 00:00:00
12655,5693,튜토리얼완료,2025-01-18 23:00:00
12656,5693,첫결제,2025-02-04 20:05:00
12657,5694,가입,2025-04-20 00:00:00
12658,5694,튜토리얼완료,2025-04-20 07:00:00
12659,5695,가입,2025-02-26 00:00:00
12660,5695,첫결제,2025-03-14 21:00:00
12661,5696,가입,2025-02-15 00:00:00
12662,5696,튜토리얼완료,2025-02-15 07:00:00
12663,5697,가입,2025-05-02 00:00:00
12664,5697,튜토리얼완료,2025-05-03 06:00:00
12665,5698,가입,2025-01-11 00:00:00
12666,5698,첫결제,2025-03-14 08:48:00
12667,5699,가입,2025-01-21 00:00:00
12668,5699,튜토리얼완료,2025-01-21 17:00:00
12669,5700,가입,2025-01-30 00:00:00
12670,5700,튜토리얼완료,2025-02-02 17:00:00
12671,5700,첫결제,2025-02-15 03:38:00
12672,5701,가입,2025-04-20 00:00:00
12673,5701,튜토리얼완료,2025-04-20 22:00:00
12674,5702,가입,2025-01-09 00:00:00
12675,5702,튜토리얼완료,2025-01-11 07:00:00
12676,5702,첫결제,2025-01-13 20:15:00
12677,5703,가입,2025-04-05 00:00:00
12678,5703,튜토리얼완료,2025-04-07 20:00:00
12679,5703,첫결제,2025-04-05 19:41:00
12680,5704,가입,2025-01-02 00:00:00
12681,5704,튜토리얼완료,2025-01-02 20:00:00
12682,5705,가입,2025-01-18 00:00:00
12683,5705,튜토리얼완료,2025-01-20 04:00:00
12684,5705,첫결제,2025-01-21 21:44:00
12685,5706,가입,2025-01-16 00:00:00
12686,5706,튜토리얼완료,2025-01-16 16:00:00
12687,5707,가입,2025-02-07 00:00:00
12688,5707,튜토리얼완료,2025-02-09 09:00:00
12689,5707,첫결제,2025-02-10 02:11:00
12690,5708,가입,2025-02-03 00:00:00
12691,5708,튜토리얼완료,2025-02-04 00:00:00
12692,5709,가입,2025-06-29 00:00:00
12693,5709,튜토리얼완료,2025-07-02 06:00:00
12694,5710,가입,2025-01-30 00:00:00
12695,5710,튜토리얼완료,2025-02-01 02:00:00
12696,5711,가입,2025-03-01 00:00:00
12697,5711,튜토리얼완료,2025-03-03 11:00:00
12698,5712,가입,2025-01-03 00:00:00
12699,5712,튜토리얼완료,2025-01-06 15:00:00
12700,5712,첫결제,2025-01-11 23:36:00
12701,5713,가입,2025-03-28 00:00:00
12702,5713,튜토리얼완료,2025-03-31 07:00:00
12703,5714,가입,2025-02-02 00:00:00
12704,5714,튜토리얼완료,2025-02-04 06:00:00
12705,5715,가입,2025-01-29 00:00:00
12706,5715,튜토리얼완료,2025-01-31 03:00:00
12707,5716,가입,2025-01-09 00:00:00
12708,5716,튜토리얼완료,2025-01-11 21:00:00
12709,5716,첫결제,2025-01-16 09:29:00
12710,5717,가입,2025-06-19 00:00:00
12711,5717,튜토리얼완료,2025-06-22 11:00:00
12712,5718,가입,2025-03-01 00:00:00
12713,5718,튜토리얼완료,2025-03-01 01:00:00
12714,5719,가입,2025-01-19 00:00:00
12715,5719,튜토리얼완료,2025-01-20 06:00:00
12716,5719,첫결제,2025-01-20 12:14:00
12717,5720,가입,2025-01-02 00:00:00
12718,5720,튜토리얼완료,2025-01-05 11:00:00
12719,5720,첫결제,2025-01-02 23:29:00
12720,5721,가입,2025-04-17 00:00:00
12721,5721,튜토리얼완료,2025-04-19 18:00:00
12722,5722,가입,2025-02-27 00:00:00
12723,5722,튜토리얼완료,2025-03-02 15:00:00
12724,5723,가입,2025-02-01 00:00:00
12725,5723,튜토리얼완료,2025-02-01 07:00:00
12726,5724,가입,2025-01-19 00:00:00
12727,5724,튜토리얼완료,2025-01-20 23:00:00
12728,5725,가입,2025-03-19 00:00:00
12729,5726,가입,2025-03-31 00:00:00
12730,5726,튜토리얼완료,2025-04-02 01:00:00
12731,5726,첫결제,2025-03-31 02:15:00
12732,5727,가입,2025-02-01 00:00:00
12733,5727,튜토리얼완료,2025-02-01 04:00:00
12734,5728,가입,2025-02-19 00:00:00
12735,5728,튜토리얼완료,2025-02-19 00:00:00
12736,5729,가입,2025-06-29 00:00:00
12737,5729,튜토리얼완료,2025-07-01 21:00:00
12738,5730,가입,2025-06-29 00:00:00
12739,5730,튜토리얼완료,2025-06-29 00:00:00
12740,5731,가입,2025-05-03 00:00:00
12741,5731,첫결제,2025-05-13 21:10:00
12742,5732,가입,2025-02-09 00:00:00
12743,5733,가입,2025-01-08 00:00:00
12744,5733,튜토리얼완료,2025-01-08 08:00:00
12745,5733,첫결제,2025-02-05 22:52:00
12746,5734,가입,2025-04-15 00:00:00
12747,5734,튜토리얼완료,2025-04-16 04:00:00
12748,5734,첫결제,2025-04-25 03:14:00
12749,5735,가입,2025-01-03 00:00:00
12750,5735,튜토리얼완료,2025-01-04 20:00:00
12751,5735,첫결제,2025-02-04 22:27:00
12752,5736,가입,2025-01-23 00:00:00
12753,5736,튜토리얼완료,2025-01-23 13:00:00
12754,5737,가입,2025-01-03 00:00:00
12755,5737,튜토리얼완료,2025-01-04 17:00:00
12756,5738,가입,2025-03-08 00:00:00
12757,5738,튜토리얼완료,2025-03-09 13:00:00
12758,5738,첫결제,2025-04-11 22:57:00
12759,5739,가입,2025-01-27 00:00:00
12760,5739,튜토리얼완료,2025-01-27 12:00:00
12761,5740,가입,2025-02-17 00:00:00
12762,5740,튜토리얼완료,2025-02-19 10:00:00
12763,5741,가입,2025-02-05 00:00:00
12764,5741,튜토리얼완료,2025-02-07 07:00:00
12765,5741,첫결제,2025-04-03 11:09:00
12766,5742,가입,2025-02-19 00:00:00
12767,5742,튜토리얼완료,2025-02-19 01:00:00
12768,5742,첫결제,2025-02-21 15:48:00
12769,5743,가입,2025-01-08 00:00:00
12770,5743,튜토리얼완료,2025-01-11 01:00:00
12771,5744,가입,2025-01-07 00:00:00
12772,5744,튜토리얼완료,2025-01-09 11:00:00
12773,5745,가입,2025-03-11 00:00:00
12774,5745,튜토리얼완료,2025-03-13 06:00:00
12775,5746,가입,2025-02-03 00:00:00
12776,5747,가입,2025-02-04 00:00:00
12777,5747,튜토리얼완료,2025-02-06 14:00:00
12778,5748,가입,2025-01-05 00:00:00
12779,5748,튜토리얼완료,2025-01-07 11:00:00
12780,5749,가입,2025-02-25 00:00:00
12781,5749,튜토리얼완료,2025-02-27 12:00:00
12782,5750,가입,2025-02-19 00:00:00
12783,5751,가입,2025-01-02 00:00:00
12784,5751,첫결제,2025-01-03 02:07:00
12785,5752,가입,2025-01-06 00:00:00
12786,5753,가입,2025-02-16 00:00:00
12787,5753,튜토리얼완료,2025-02-19 08:00:00
12788,5754,가입,2025-01-05 00:00:00
12789,5754,튜토리얼완료,2025-01-05 00:00:00
12790,5755,가입,2025-01-18 00:00:00
12791,5755,튜토리얼완료,2025-01-21 21:00:00
12792,5756,가입,2025-01-09 00:00:00
12793,5756,튜토리얼완료,2025-01-09 00:00:00
12794,5757,가입,2025-02-10 00:00:00
12795,5757,튜토리얼완료,2025-02-10 17:00:00
12796,5757,첫결제,2025-03-02 13:38:00
12797,5758,가입,2025-02-12 00:00:00
12798,5758,튜토리얼완료,2025-02-14 08:00:00
12799,5758,첫결제,2025-02-18 13:36:00
12800,5759,가입,2025-02-21 00:00:00
12801,5759,튜토리얼완료,2025-02-21 21:00:00
12802,5760,가입,2025-03-22 00:00:00
12803,5761,가입,2025-01-29 00:00:00
12804,5761,튜토리얼완료,2025-01-31 11:00:00
12805,5762,가입,2025-01-03 00:00:00
12806,5762,튜토리얼완료,2025-01-06 01:00:00
12807,5763,가입,2025-04-28 00:00:00
12808,5763,튜토리얼완료,2025-05-01 03:00:00
12809,5764,가입,2025-02-21 00:00:00
12810,5764,튜토리얼완료,2025-02-21 01:00:00
12811,5765,가입,2025-01-29 00:00:00
12812,5765,튜토리얼완료,2025-01-31 15:00:00
12813,5766,가입,2025-02-21 00:00:00
12814,5766,튜토리얼완료,2025-02-21 02:00:00
12815,5767,가입,2025-01-16 00:00:00
12816,5767,튜토리얼완료,2025-01-19 08:00:00
12817,5767,첫결제,2025-01-17 22:40:00
12818,5768,가입,2025-01-26 00:00:00
12819,5769,가입,2025-03-13 00:00:00
12820,5769,튜토리얼완료,2025-03-16 21:00:00
12821,5769,첫결제,2025-03-13 14:04:00
12822,5770,가입,2025-03-02 00:00:00
12823,5770,튜토리얼완료,2025-03-04 22:00:00
12824,5771,가입,2025-06-19 00:00:00
12825,5772,가입,2025-01-21 00:00:00
12826,5772,첫결제,2025-02-01 09:59:00
12827,5773,가입,2025-02-20 00:00:00
12828,5773,튜토리얼완료,2025-02-20 12:00:00
12829,5773,첫결제,2025-03-10 21:04:00
12830,5774,가입,2025-02-11 00:00:00
12831,5774,튜토리얼완료,2025-02-13 22:00:00
12832,5774,첫결제,2025-02-13 04:59:00
12833,5775,가입,2025-01-03 00:00:00
12834,5776,가입,2025-01-18 00:00:00
12835,5776,튜토리얼완료,2025-01-20 00:00:00
12836,5777,가입,2025-06-28 00:00:00
12837,5777,튜토리얼완료,2025-06-29 13:00:00
12838,5778,가입,2025-01-31 00:00:00
12839,5779,가입,2025-01-07 00:00:00
12840,5779,튜토리얼완료,2025-01-08 20:00:00
12841,5779,첫결제,2025-01-07 02:16:00
12842,5780,가입,2025-02-08 00:00:00
12843,5780,튜토리얼완료,2025-02-08 04:00:00
12844,5780,첫결제,2025-02-25 15:58:00
12845,5781,가입,2025-03-22 00:00:00
12846,5782,가입,2025-05-02 00:00:00
12847,5782,튜토리얼완료,2025-05-04 02:00:00
12848,5782,첫결제,2025-05-05 21:39:00
12849,5783,가입,2025-03-04 00:00:00
12850,5783,튜토리얼완료,2025-03-05 05:00:00
12851,5784,가입,2025-01-20 00:00:00
12852,5784,튜토리얼완료,2025-01-20 22:00:00
12853,5785,가입,2025-03-09 00:00:00
12854,5785,튜토리얼완료,2025-03-11 14:00:00
12855,5785,첫결제,2025-03-22 15:39:00
12856,5786,가입,2025-03-03 00:00:00
12857,5786,튜토리얼완료,2025-03-03 03:00:00
12858,5786,첫결제,2025-03-15 18:19:00
12859,5787,가입,2025-06-03 00:00:00
12860,5788,가입,2025-03-02 00:00:00
12861,5788,튜토리얼완료,2025-03-05 20:00:00
12862,5789,가입,2025-02-10 00:00:00
12863,5789,튜토리얼완료,2025-02-12 15:00:00
12864,5789,첫결제,2025-02-24 17:33:00
12865,5790,가입,2025-01-12 00:00:00
12866,5790,튜토리얼완료,2025-01-15 18:00:00
12867,5790,첫결제,2025-03-14 03:18:00
12868,5791,가입,2025-02-15 00:00:00
12869,5791,튜토리얼완료,2025-02-16 07:00:00
12870,5791,첫결제,2025-03-24 12:20:00
12871,5792,가입,2025-01-19 00:00:00
12872,5792,튜토리얼완료,2025-01-20 05:00:00
12873,5793,가입,2025-01-09 00:00:00
12874,5794,가입,2025-05-19 00:00:00
12875,5795,가입,2025-01-28 00:00:00
12876,5795,튜토리얼완료,2025-01-28 02:00:00
12877,5796,가입,2025-04-08 00:00:00
12878,5796,튜토리얼완료,2025-04-11 08:00:00
12879,5796,첫결제,2025-04-20 13:38:00
12880,5797,가입,2025-04-01 00:00:00
12881,5797,튜토리얼완료,2025-04-02 02:00:00
12882,5798,가입,2025-01-28 00:00:00
12883,5798,튜토리얼완료,2025-01-30 08:00:00
12884,5799,가입,2025-01-24 00:00:00
12885,5799,튜토리얼완료,2025-01-27 22:00:00
12886,5799,첫결제,2025-01-27 21:12:00
12887,5800,가입,2025-03-12 00:00:00
12888,5800,튜토리얼완료,2025-03-15 07:00:00
12889,5801,가입,2025-01-02 00:00:00
12890,5801,튜토리얼완료,2025-01-05 05:00:00
12891,5801,첫결제,2025-01-02 22:30:00
12892,5802,가입,2025-03-19 00:00:00
12893,5802,튜토리얼완료,2025-03-20 15:00:00
12894,5803,가입,2025-01-17 00:00:00
12895,5803,튜토리얼완료,2025-01-20 08:00:00
12896,5804,가입,2025-01-13 00:00:00
12897,5804,튜토리얼완료,2025-01-16 04:00:00
12898,5804,첫결제,2025-01-14 21:08:00
12899,5805,가입,2025-01-15 00:00:00
12900,5805,튜토리얼완료,2025-01-18 04:00:00
12901,5805,첫결제,2025-01-28 01:33:00
12902,5806,가입,2025-04-21 00:00:00
12903,5806,튜토리얼완료,2025-04-22 14:00:00
12904,5806,첫결제,2025-05-04 02:12:00
12905,5807,가입,2025-05-13 00:00:00
12906,5808,가입,2025-01-28 00:00:00
12907,5808,튜토리얼완료,2025-01-31 10:00:00
12908,5809,가입,2025-03-05 00:00:00
12909,5809,튜토리얼완료,2025-03-05 23:00:00
12910,5809,첫결제,2025-03-13 22:26:00
12911,5810,가입,2025-06-29 00:00:00
12912,5810,튜토리얼완료,2025-06-29 05:00:00
12913,5811,가입,2025-01-11 00:00:00
12914,5812,가입,2025-02-16 00:00:00
12915,5813,가입,2025-01-13 00:00:00
12916,5813,튜토리얼완료,2025-01-16 22:00:00
12917,5814,가입,2025-06-12 00:00:00
12918,5814,튜토리얼완료,2025-06-13 02:00:00
12919,5815,가입,2025-01-04 00:00:00
12920,5815,튜토리얼완료,2025-01-05 21:00:00
12921,5815,첫결제,2025-01-10 23:42:00
12922,5816,가입,2025-01-04 00:00:00
12923,5817,가입,2025-01-30 00:00:00
12924,5817,튜토리얼완료,2025-02-01 01:00:00
12925,5818,가입,2025-01-07 00:00:00
12926,5818,튜토리얼완료,2025-01-09 03:00:00
12927,5818,첫결제,2025-01-07 20:54:00
12928,5819,가입,2025-01-22 00:00:00
12929,5819,튜토리얼완료,2025-01-25 12:00:00
12930,5819,첫결제,2025-01-28 05:04:00
12931,5820,가입,2025-04-06 00:00:00
12932,5820,튜토리얼완료,2025-04-08 06:00:00
12933,5820,첫결제,2025-04-17 04:37:00
12934,5821,가입,2025-01-25 00:00:00
12935,5821,튜토리얼완료,2025-01-26 06:00:00
12936,5821,첫결제,2025-01-27 21:45:00
12937,5822,가입,2025-01-02 00:00:00
12938,5822,첫결제,2025-01-04 20:54:00
12939,5823,가입,2025-06-29 00:00:00
12940,5823,튜토리얼완료,2025-07-01 19:00:00
12941,5824,가입,2025-01-09 00:00:00
12942,5824,튜토리얼완료,2025-01-12 08:00:00
12943,5824,첫결제,2025-01-24 18:55:00
12944,5825,가입,2025-02-14 00:00:00
12945,5825,튜토리얼완료,2025-02-17 10:00:00
12946,5826,가입,2025-02-14 00:00:00
12947,5826,튜토리얼완료,2025-02-17 10:00:00
12948,5827,가입,2025-01-27 00:00:00
12949,5827,튜토리얼완료,2025-01-27 06:00:00
12950,5828,가입,2025-01-01 00:00:00
12951,5828,튜토리얼완료,2025-01-01 18:00:00
12952,5829,가입,2025-02-04 00:00:00
12953,5829,첫결제,2025-03-04 20:29:00
12954,5830,가입,2025-01-18 00:00:00
12955,5830,튜토리얼완료,2025-01-21 15:00:00
12956,5830,첫결제,2025-01-23 13:17:00
12957,5831,가입,2025-03-07 00:00:00
12958,5831,튜토리얼완료,2025-03-10 10:00:00
12959,5832,가입,2025-01-04 00:00:00
12960,5832,튜토리얼완료,2025-01-05 06:00:00
12961,5832,첫결제,2025-01-14 15:52:00
12962,5833,가입,2025-03-20 00:00:00
12963,5833,튜토리얼완료,2025-03-21 17:00:00
12964,5833,첫결제,2025-04-01 23:57:00
12965,5834,가입,2025-03-05 00:00:00
12966,5834,튜토리얼완료,2025-03-08 16:00:00
12967,5835,가입,2025-03-06 00:00:00
12968,5835,튜토리얼완료,2025-03-09 04:00:00
12969,5835,첫결제,2025-03-12 16:00:00
12970,5836,가입,2025-03-06 00:00:00
12971,5836,튜토리얼완료,2025-03-09 00:00:00
12972,5837,가입,2025-06-11 00:00:00
12973,5838,가입,2025-01-07 00:00:00
12974,5838,튜토리얼완료,2025-01-09 18:00:00
12975,5839,가입,2025-01-05 00:00:00
12976,5839,튜토리얼완료,2025-01-07 17:00:00
12977,5839,첫결제,2025-01-17 17:37:00
12978,5840,가입,2025-01-05 00:00:00
12979,5840,튜토리얼완료,2025-01-06 04:00:00
12980,5841,가입,2025-02-12 00:00:00
12981,5841,튜토리얼완료,2025-02-15 06:00:00
12982,5842,가입,2025-01-07 00:00:00
12983,5842,튜토리얼완료,2025-01-09 20:00:00
12984,5843,가입,2025-02-13 00:00:00
12985,5843,튜토리얼완료,2025-02-15 08:00:00
12986,5843,첫결제,2025-02-19 19:26:00
12987,5844,가입,2025-02-17 00:00:00
12988,5844,튜토리얼완료,2025-02-20 05:00:00
12989,5844,첫결제,2025-02-22 20:47:00
12990,5845,가입,2025-01-07 00:00:00
12991,5845,튜토리얼완료,2025-01-09 12:00:00
12992,5846,가입,2025-04-06 00:00:00
12993,5846,튜토리얼완료,2025-04-07 22:00:00
12994,5846,첫결제,2025-04-12 22:39:00
12995,5847,가입,2025-01-26 00:00:00
12996,5847,튜토리얼완료,2025-01-28 07:00:00
12997,5847,첫결제,2025-02-15 21:22:00
12998,5848,가입,2025-03-08 00:00:00
12999,5848,튜토리얼완료,2025-03-11 22:00:00
13000,5849,가입,2025-03-09 00:00:00
13001,5850,가입,2025-01-11 00:00:00
13002,5850,튜토리얼완료,2025-01-12 17:00:00
13003,5851,가입,2025-05-14 00:00:00
13004,5851,튜토리얼완료,2025-05-16 14:00:00
13005,5851,첫결제,2025-05-23 13:44:00
13006,5852,가입,2025-01-19 00:00:00
13007,5852,튜토리얼완료,2025-01-19 07:00:00
13008,5853,가입,2025-06-29 00:00:00
13009,5853,튜토리얼완료,2025-06-30 13:00:00
13010,5854,가입,2025-01-06 00:00:00
13011,5854,튜토리얼완료,2025-01-07 12:00:00
13012,5854,첫결제,2025-01-13 21:42:00
13013,5855,가입,2025-01-01 00:00:00
13014,5855,튜토리얼완료,2025-01-04 07:00:00
13015,5855,첫결제,2025-01-11 02:43:00
13016,5856,가입,2025-01-12 00:00:00
13017,5856,튜토리얼완료,2025-01-13 04:00:00
13018,5857,가입,2025-02-06 00:00:00
13019,5857,튜토리얼완료,2025-02-08 22:00:00
13020,5857,첫결제,2025-02-06 17:45:00
13021,5858,가입,2025-02-14 00:00:00
13022,5858,튜토리얼완료,2025-02-16 08:00:00
13023,5858,첫결제,2025-02-14 02:15:00
13024,5859,가입,2025-03-04 00:00:00
13025,5859,튜토리얼완료,2025-03-04 11:00:00
13026,5860,가입,2025-02-22 00:00:00
13027,5860,튜토리얼완료,2025-02-24 12:00:00
13028,5860,첫결제,2025-02-23 13:07:00
13029,5861,가입,2025-01-23 00:00:00
13030,5861,튜토리얼완료,2025-01-25 23:00:00
13031,5862,가입,2025-03-15 00:00:00
13032,5862,튜토리얼완료,2025-03-16 11:00:00
13033,5862,첫결제,2025-03-20 12:29:00
13034,5863,가입,2025-01-05 00:00:00
13035,5863,튜토리얼완료,2025-01-06 15:00:00
13036,5864,가입,2025-01-02 00:00:00
13037,5864,튜토리얼완료,2025-01-04 15:00:00
13038,5864,첫결제,2025-01-13 20:28:00
13039,5865,가입,2025-01-09 00:00:00
13040,5865,튜토리얼완료,2025-01-11 00:00:00
13041,5866,가입,2025-01-09 00:00:00
13042,5866,튜토리얼완료,2025-01-10 16:00:00
13043,5867,가입,2025-01-30 00:00:00
13044,5867,튜토리얼완료,2025-01-31 23:00:00
13045,5867,첫결제,2025-02-09 17:39:00
13046,5868,가입,2025-02-24 00:00:00
13047,5868,튜토리얼완료,2025-02-25 00:00:00
13048,5869,가입,2025-06-29 00:00:00
13049,5870,가입,2025-01-16 00:00:00
13050,5870,튜토리얼완료,2025-01-16 06:00:00
13051,5871,가입,2025-02-24 00:00:00
13052,5871,튜토리얼완료,2025-02-25 09:00:00
13053,5872,가입,2025-01-10 00:00:00
13054,5872,튜토리얼완료,2025-01-10 11:00:00
13055,5872,첫결제,2025-01-10 22:56:00
13056,5873,가입,2025-01-04 00:00:00
13057,5873,튜토리얼완료,2025-01-06 07:00:00
13058,5874,가입,2025-01-02 00:00:00
13059,5874,튜토리얼완료,2025-01-02 06:00:00
13060,5874,첫결제,2025-01-03 20:18:00
13061,5875,가입,2025-03-19 00:00:00
13062,5876,가입,2025-06-29 00:00:00
13063,5876,튜토리얼완료,2025-06-30 19:00:00
13064,5877,가입,2025-06-12 00:00:00
13065,5877,튜토리얼완료,2025-06-13 00:00:00
13066,5878,가입,2025-02-04 00:00:00
13067,5879,가입,2025-01-03 00:00:00
13068,5879,튜토리얼완료,2025-01-03 03:00:00
13069,5880,가입,2025-01-11 00:00:00
13070,5880,튜토리얼완료,2025-01-14 19:00:00
13071,5881,가입,2025-04-06 00:00:00
13072,5881,튜토리얼완료,2025-04-09 21:00:00
13073,5881,첫결제,2025-04-12 17:01:00
13074,5882,가입,2025-01-15 00:00:00
13075,5882,튜토리얼완료,2025-01-16 10:00:00
13076,5883,가입,2025-02-22 00:00:00
13077,5883,튜토리얼완료,2025-02-25 07:00:00
13078,5884,가입,2025-01-22 00:00:00
13079,5884,튜토리얼완료,2025-01-23 03:00:00
13080,5885,가입,2025-02-12 00:00:00
13081,5885,튜토리얼완료,2025-02-13 23:00:00
13082,5885,첫결제,2025-02-12 11:47:00
13083,5886,가입,2025-04-08 00:00:00
13084,5886,튜토리얼완료,2025-04-09 19:00:00
13085,5887,가입,2025-02-04 00:00:00
13086,5887,튜토리얼완료,2025-02-04 12:00:00
13087,5888,가입,2025-06-29 00:00:00
13088,5888,튜토리얼완료,2025-06-29 01:00:00
13089,5889,가입,2025-01-28 00:00:00
13090,5889,튜토리얼완료,2025-01-30 04:00:00
13091,5889,첫결제,2025-01-31 20:54:00
13092,5890,가입,2025-01-27 00:00:00
13093,5890,첫결제,2025-01-29 04:36:00
13094,5891,가입,2025-02-09 00:00:00
13095,5891,튜토리얼완료,2025-02-10 00:00:00
13096,5892,가입,2025-01-04 00:00:00
13097,5892,튜토리얼완료,2025-01-07 15:00:00
13098,5893,가입,2025-04-08 00:00:00
13099,5893,튜토리얼완료,2025-04-09 19:00:00
13100,5894,가입,2025-01-29 00:00:00
13101,5894,튜토리얼완료,2025-01-31 16:00:00
13102,5895,가입,2025-03-13 00:00:00
13103,5895,튜토리얼완료,2025-03-15 18:00:00
13104,5895,첫결제,2025-03-26 20:53:00
13105,5896,가입,2025-02-16 00:00:00
13106,5896,튜토리얼완료,2025-02-19 08:00:00
13107,5897,가입,2025-02-22 00:00:00
13108,5897,튜토리얼완료,2025-02-22 07:00:00
13109,5898,가입,2025-03-01 00:00:00
13110,5898,튜토리얼완료,2025-03-03 05:00:00
13111,5899,가입,2025-01-18 00:00:00
13112,5899,첫결제,2025-01-19 17:50:00
13113,5900,가입,2025-04-06 00:00:00
13114,5901,가입,2025-01-01 00:00:00
13115,5901,튜토리얼완료,2025-01-04 01:00:00
13116,5901,첫결제,2025-01-09 10:40:00
13117,5902,가입,2025-01-05 00:00:00
13118,5902,튜토리얼완료,2025-01-08 16:00:00
13119,5903,가입,2025-03-21 00:00:00
13120,5904,가입,2025-06-13 00:00:00
13121,5904,튜토리얼완료,2025-06-13 22:00:00
13122,5904,첫결제,2025-06-19 20:04:00
13123,5905,가입,2025-01-18 00:00:00
13124,5905,튜토리얼완료,2025-01-19 23:00:00
13125,5906,가입,2025-01-10 00:00:00
13126,5906,첫결제,2025-01-17 02:47:00
13127,5907,가입,2025-02-09 00:00:00
13128,5907,튜토리얼완료,2025-02-09 08:00:00
13129,5907,첫결제,2025-02-13 07:03:00
13130,5908,가입,2025-01-09 00:00:00
13131,5908,첫결제,2025-01-13 17:02:00
13132,5909,가입,2025-01-02 00:00:00
13133,5909,튜토리얼완료,2025-01-02 05:00:00
13134,5910,가입,2025-02-10 00:00:00
13135,5910,튜토리얼완료,2025-02-12 01:00:00
13136,5911,가입,2025-01-07 00:00:00
13137,5911,튜토리얼완료,2025-01-09 16:00:00
13138,5912,가입,2025-02-26 00:00:00
13139,5912,튜토리얼완료,2025-02-28 04:00:00
13140,5912,첫결제,2025-03-28 20:58:00
13141,5913,가입,2025-01-28 00:00:00
13142,5913,튜토리얼완료,2025-01-30 15:00:00
13143,5914,가입,2025-06-08 00:00:00
13144,5914,튜토리얼완료,2025-06-09 10:00:00
13145,5915,가입,2025-02-19 00:00:00
13146,5915,튜토리얼완료,2025-02-22 06:00:00
13147,5915,첫결제,2025-02-22 23:09:00
13148,5916,가입,2025-03-15 00:00:00
13149,5916,튜토리얼완료,2025-03-15 16:00:00
13150,5917,가입,2025-02-07 00:00:00
13151,5917,튜토리얼완료,2025-02-08 04:00:00
13152,5918,가입,2025-03-04 00:00:00
13153,5918,튜토리얼완료,2025-03-05 08:00:00
13154,5918,첫결제,2025-03-07 12:18:00
13155,5919,가입,2025-04-10 00:00:00
13156,5919,튜토리얼완료,2025-04-11 08:00:00
13157,5920,가입,2025-02-10 00:00:00
13158,5920,튜토리얼완료,2025-02-12 03:00:00
13159,5921,가입,2025-02-10 00:00:00
13160,5921,튜토리얼완료,2025-02-10 10:00:00
13161,5922,가입,2025-01-11 00:00:00
13162,5922,튜토리얼완료,2025-01-14 23:00:00
13163,5923,가입,2025-01-02 00:00:00
13164,5923,튜토리얼완료,2025-01-04 10:00:00
13165,5924,가입,2025-01-20 00:00:00
13166,5924,첫결제,2025-02-01 05:52:00
13167,5925,가입,2025-02-13 00:00:00
13168,5925,튜토리얼완료,2025-02-13 04:00:00
13169,5926,가입,2025-03-29 00:00:00
13170,5926,튜토리얼완료,2025-04-01 22:00:00
13171,5927,가입,2025-02-10 00:00:00
13172,5927,첫결제,2025-02-10 22:14:00
13173,5928,가입,2025-06-17 00:00:00
13174,5928,튜토리얼완료,2025-06-19 15:00:00
13175,5929,가입,2025-02-28 00:00:00
13176,5929,튜토리얼완료,2025-03-03 17:00:00
13177,5930,가입,2025-04-16 00:00:00
13178,5930,튜토리얼완료,2025-04-16 09:00:00
13179,5930,첫결제,2025-04-19 15:03:00
13180,5931,가입,2025-06-29 00:00:00
13181,5931,튜토리얼완료,2025-07-02 12:00:00
13182,5932,가입,2025-05-22 00:00:00
13183,5932,튜토리얼완료,2025-05-23 20:00:00
13184,5933,가입,2025-06-29 00:00:00
13185,5933,튜토리얼완료,2025-07-01 13:00:00
13186,5934,가입,2025-02-02 00:00:00
13187,5934,튜토리얼완료,2025-02-02 04:00:00
13188,5935,가입,2025-01-11 00:00:00
13189,5935,튜토리얼완료,2025-01-14 08:00:00
13190,5936,가입,2025-01-26 00:00:00
13191,5936,튜토리얼완료,2025-01-29 17:00:00
13192,5936,첫결제,2025-02-01 06:50:00
13193,5937,가입,2025-01-06 00:00:00
13194,5937,튜토리얼완료,2025-01-06 23:00:00
13195,5938,가입,2025-01-08 00:00:00
13196,5938,튜토리얼완료,2025-01-09 20:00:00
13197,5939,가입,2025-01-02 00:00:00
13198,5939,튜토리얼완료,2025-01-02 10:00:00
13199,5939,첫결제,2025-02-02 09:10:00
13200,5940,가입,2025-01-01 00:00:00
13201,5940,튜토리얼완료,2025-01-02 09:00:00
13202,5941,가입,2025-05-19 00:00:00
13203,5941,튜토리얼완료,2025-05-21 01:00:00
13204,5942,가입,2025-06-29 00:00:00
13205,5942,튜토리얼완료,2025-07-02 09:00:00
13206,5943,가입,2025-03-09 00:00:00
13207,5943,튜토리얼완료,2025-03-11 20:00:00
13208,5944,가입,2025-02-21 00:00:00
13209,5944,튜토리얼완료,2025-02-23 10:00:00
13210,5945,가입,2025-02-10 00:00:00
13211,5945,튜토리얼완료,2025-02-10 15:00:00
13212,5945,첫결제,2025-02-24 19:40:00
13213,5946,가입,2025-06-29 00:00:00
13214,5946,튜토리얼완료,2025-07-01 09:00:00
13215,5947,가입,2025-01-24 00:00:00
13216,5947,튜토리얼완료,2025-01-27 20:00:00
13217,5947,첫결제,2025-01-30 15:41:00
13218,5948,가입,2025-04-02 00:00:00
13219,5948,튜토리얼완료,2025-04-02 03:00:00
13220,5949,가입,2025-01-17 00:00:00
13221,5949,튜토리얼완료,2025-01-20 18:00:00
13222,5950,가입,2025-01-17 00:00:00
13223,5950,튜토리얼완료,2025-01-19 16:00:00
13224,5950,첫결제,2025-01-17 10:19:00
13225,5951,가입,2025-03-15 00:00:00
13226,5951,튜토리얼완료,2025-03-18 02:00:00
13227,5952,가입,2025-03-28 00:00:00
13228,5952,튜토리얼완료,2025-03-30 23:00:00
13229,5953,가입,2025-01-08 00:00:00
13230,5953,튜토리얼완료,2025-01-09 19:00:00
13231,5953,첫결제,2025-01-08 16:30:00
13232,5954,가입,2025-03-06 00:00:00
13233,5955,가입,2025-03-02 00:00:00
13234,5955,튜토리얼완료,2025-03-05 17:00:00
13235,5956,가입,2025-01-14 00:00:00
13236,5956,튜토리얼완료,2025-01-17 03:00:00
13237,5957,가입,2025-06-03 00:00:00
13238,5957,튜토리얼완료,2025-06-03 17:00:00
13239,5957,첫결제,2025-06-03 11:14:00
13240,5958,가입,2025-02-10 00:00:00
13241,5959,가입,2025-01-26 00:00:00
13242,5959,튜토리얼완료,2025-01-27 12:00:00
13243,5959,첫결제,2025-03-23 23:10:00
13244,5960,가입,2025-01-25 00:00:00
13245,5960,튜토리얼완료,2025-01-26 22:00:00
13246,5960,첫결제,2025-02-01 13:36:00
13247,5961,가입,2025-01-26 00:00:00
13248,5961,첫결제,2025-02-13 20:51:00
13249,5962,가입,2025-01-04 00:00:00
13250,5962,튜토리얼완료,2025-01-07 20:00:00
13251,5963,가입,2025-03-25 00:00:00
13252,5963,튜토리얼완료,2025-03-25 15:00:00
13253,5964,가입,2025-06-27 00:00:00
13254,5965,가입,2025-05-10 00:00:00
13255,5965,튜토리얼완료,2025-05-13 15:00:00
13256,5965,첫결제,2025-05-14 15:45:00
13257,5966,가입,2025-01-28 00:00:00
13258,5966,튜토리얼완료,2025-01-31 20:00:00
13259,5967,가입,2025-03-17 00:00:00
13260,5967,튜토리얼완료,2025-03-20 04:00:00
13261,5968,가입,2025-01-25 00:00:00
13262,5968,튜토리얼완료,2025-01-27 19:00:00
13263,5968,첫결제,2025-02-03 02:30:00
13264,5969,가입,2025-01-10 00:00:00
13265,5969,튜토리얼완료,2025-01-11 03:00:00
13266,5969,첫결제,2025-01-28 22:22:00
13267,5970,가입,2025-01-28 00:00:00
13268,5970,튜토리얼완료,2025-01-29 17:00:00
13269,5970,첫결제,2025-01-29 16:34:00
13270,5971,가입,2025-01-29 00:00:00
13271,5971,튜토리얼완료,2025-01-30 14:00:00
13272,5971,첫결제,2025-02-20 02:44:00
13273,5972,가입,2025-01-12 00:00:00
13274,5972,튜토리얼완료,2025-01-14 05:00:00
13275,5973,가입,2025-01-31 00:00:00
13276,5973,첫결제,2025-02-27 20:16:00
13277,5974,가입,2025-02-05 00:00:00
13278,5974,튜토리얼완료,2025-02-06 21:00:00
13279,5974,첫결제,2025-02-23 21:08:00
13280,5975,가입,2025-01-18 00:00:00
13281,5976,가입,2025-01-04 00:00:00
13282,5976,튜토리얼완료,2025-01-05 12:00:00
13283,5977,가입,2025-01-16 00:00:00
13284,5977,튜토리얼완료,2025-01-17 16:00:00
13285,5978,가입,2025-05-04 00:00:00
13286,5978,튜토리얼완료,2025-05-06 06:00:00
13287,5979,가입,2025-02-18 00:00:00
13288,5979,첫결제,2025-02-23 03:08:00
13289,5980,가입,2025-01-23 00:00:00
13290,5980,튜토리얼완료,2025-01-26 01:00:00
13291,5981,가입,2025-01-18 00:00:00
13292,5981,튜토리얼완료,2025-01-20 22:00:00
13293,5981,첫결제,2025-01-25 12:58:00
13294,5982,가입,2025-03-03 00:00:00
13295,5982,튜토리얼완료,2025-03-05 13:00:00
13296,5983,가입,2025-01-13 00:00:00
13297,5983,튜토리얼완료,2025-01-15 16:00:00
13298,5984,가입,2025-01-15 00:00:00
13299,5984,튜토리얼완료,2025-01-16 06:00:00
13300,5985,가입,2025-04-16 00:00:00
13301,5985,튜토리얼완료,2025-04-19 12:00:00
13302,5986,가입,2025-02-04 00:00:00
13303,5986,튜토리얼완료,2025-02-04 21:00:00
13304,5986,첫결제,2025-02-17 22:12:00
13305,5987,가입,2025-01-11 00:00:00
13306,5988,가입,2025-01-02 00:00:00
13307,5988,튜토리얼완료,2025-01-03 19:00:00
13308,5988,첫결제,2025-01-24 19:22:00
13309,5989,가입,2025-06-29 00:00:00
13310,5989,튜토리얼완료,2025-07-02 05:00:00
13311,5990,가입,2025-01-01 00:00:00
13312,5990,튜토리얼완료,2025-01-02 14:00:00
13313,5991,가입,2025-02-13 00:00:00
13314,5992,가입,2025-03-02 00:00:00
13315,5992,튜토리얼완료,2025-03-03 08:00:00
13316,5992,첫결제,2025-04-26 13:34:00
13317,5993,가입,2025-02-16 00:00:00
13318,5993,튜토리얼완료,2025-02-18 11:00:00
13319,5994,가입,2025-01-29 00:00:00
13320,5994,튜토리얼완료,2025-02-01 03:00:00
13321,5995,가입,2025-04-21 00:00:00
13322,5995,튜토리얼완료,2025-04-24 11:00:00
13323,5995,첫결제,2025-04-25 00:16:00
13324,5996,가입,2025-05-03 00:00:00
13325,5996,튜토리얼완료,2025-05-05 05:00:00
13326,5997,가입,2025-01-30 00:00:00
13327,5997,튜토리얼완료,2025-02-01 03:00:00
13328,5997,첫결제,2025-02-10 19:26:00
13329,5998,가입,2025-02-10 00:00:00
13330,5998,튜토리얼완료,2025-02-11 09:00:00
13331,5999,가입,2025-02-11 00:00:00
13332,5999,첫결제,2025-04-03 20:43:00
13333,6000,가입,2025-03-06 00:00:00
13334,6000,튜토리얼완료,2025-03-08 14:00:00
13335,6000,첫결제,2025-03-13 14:02:00
13336,6001,가입,2025-01-13 00:00:00
13337,6001,튜토리얼완료,2025-01-16 22:00:00
13338,6002,가입,2025-01-04 00:00:00
13339,6002,튜토리얼완료,2025-01-06 17:00:00
13340,6003,가입,2025-02-01 00:00:00
13341,6003,튜토리얼완료,2025-02-01 03:00:00
13342,6004,가입,2025-01-07 00:00:00
13343,6004,튜토리얼완료,2025-01-08 09:00:00
13344,6005,가입,2025-02-06 00:00:00
13345,6005,튜토리얼완료,2025-02-08 10:00:00
13346,6005,첫결제,2025-02-17 21:57:00
13347,6006,가입,2025-04-01 00:00:00
13348,6006,튜토리얼완료,2025-04-03 11:00:00
13349,6006,첫결제,2025-04-06 21:09:00
13350,6007,가입,2025-02-04 00:00:00
13351,6007,튜토리얼완료,2025-02-07 11:00:00
13352,6007,첫결제,2025-02-09 23:40:00
13353,6008,가입,2025-02-13 00:00:00
13354,6008,첫결제,2025-02-14 08:15:00
13355,6009,가입,2025-02-21 00:00:00
13356,6009,튜토리얼완료,2025-02-23 08:00:00
13357,6010,가입,2025-03-18 00:00:00
13358,6010,튜토리얼완료,2025-03-18 16:00:00
13359,6011,가입,2025-02-17 00:00:00
13360,6011,첫결제,2025-04-23 23:27:00
13361,6012,가입,2025-02-01 00:00:00
13362,6012,튜토리얼완료,2025-02-04 22:00:00
13363,6013,가입,2025-01-30 00:00:00
13364,6013,튜토리얼완료,2025-02-02 09:00:00
13365,6014,가입,2025-01-12 00:00:00
13366,6014,튜토리얼완료,2025-01-13 15:00:00
13367,6015,가입,2025-01-31 00:00:00
13368,6016,가입,2025-03-21 00:00:00
13369,6016,튜토리얼완료,2025-03-23 03:00:00
13370,6016,첫결제,2025-03-29 20:17:00
13371,6017,가입,2025-01-29 00:00:00
13372,6017,튜토리얼완료,2025-02-01 05:00:00
13373,6018,가입,2025-01-25 00:00:00
13374,6018,튜토리얼완료,2025-01-26 05:00:00
13375,6018,첫결제,2025-02-05 11:44:00
13376,6019,가입,2025-02-14 00:00:00
13377,6019,튜토리얼완료,2025-02-16 01:00:00
13378,6019,첫결제,2025-02-19 11:46:00
13379,6020,가입,2025-01-10 00:00:00
13380,6020,튜토리얼완료,2025-01-12 06:00:00
13381,6020,첫결제,2025-01-18 14:33:00
13382,6021,가입,2025-01-05 00:00:00
13383,6021,튜토리얼완료,2025-01-05 03:00:00
13384,6021,첫결제,2025-03-23 21:06:00
13385,6022,가입,2025-03-12 00:00:00
13386,6022,튜토리얼완료,2025-03-12 18:00:00
13387,6022,첫결제,2025-03-20 12:52:00
13388,6023,가입,2025-01-19 00:00:00
13389,6024,가입,2025-01-17 00:00:00
13390,6024,튜토리얼완료,2025-01-17 14:00:00
13391,6024,첫결제,2025-03-18 22:21:00
13392,6025,가입,2025-04-22 00:00:00
13393,6025,튜토리얼완료,2025-04-22 21:00:00
13394,6025,첫결제,2025-05-29 22:58:00
13395,6026,가입,2025-05-11 00:00:00
13396,6026,첫결제,2025-05-11 03:08:00
13397,6027,가입,2025-02-07 00:00:00
13398,6027,튜토리얼완료,2025-02-09 09:00:00
13399,6028,가입,2025-02-23 00:00:00
13400,6029,가입,2025-06-29 00:00:00
13401,6029,튜토리얼완료,2025-07-01 04:00:00
13402,6029,첫결제,2025-06-29 02:09:00
13403,6030,가입,2025-01-28 00:00:00
13404,6030,첫결제,2025-02-23 19:02:00
13405,6031,가입,2025-04-17 00:00:00
13406,6031,튜토리얼완료,2025-04-18 05:00:00
13407,6032,가입,2025-03-13 00:00:00
13408,6033,가입,2025-06-11 00:00:00
13409,6034,가입,2025-01-14 00:00:00
13410,6034,첫결제,2025-01-14 19:27:00
13411,6035,가입,2025-03-30 00:00:00
13412,6035,튜토리얼완료,2025-04-02 07:00:00
13413,6035,첫결제,2025-04-02 23:28:00
13414,6036,가입,2025-01-10 00:00:00
13415,6036,튜토리얼완료,2025-01-12 21:00:00
13416,6036,첫결제,2025-01-14 02:30:00
13417,6037,가입,2025-03-30 00:00:00
13418,6037,튜토리얼완료,2025-03-31 00:00:00
13419,6037,첫결제,2025-04-07 06:16:00
13420,6038,가입,2025-01-21 00:00:00
13421,6038,튜토리얼완료,2025-01-21 12:00:00
13422,6039,가입,2025-01-04 00:00:00
13423,6039,튜토리얼완료,2025-01-07 15:00:00
13424,6040,가입,2025-04-05 00:00:00
13425,6040,튜토리얼완료,2025-04-05 19:00:00
13426,6041,가입,2025-01-03 00:00:00
13427,6041,튜토리얼완료,2025-01-03 15:00:00
13428,6042,가입,2025-04-11 00:00:00
13429,6042,튜토리얼완료,2025-04-13 06:00:00
13430,6042,첫결제,2025-04-30 20:23:00
13431,6043,가입,2025-01-12 00:00:00
13432,6043,튜토리얼완료,2025-01-15 05:00:00
13433,6043,첫결제,2025-01-27 11:08:00
13434,6044,가입,2025-02-14 00:00:00
13435,6044,튜토리얼완료,2025-02-17 21:00:00
13436,6045,가입,2025-01-02 00:00:00
13437,6045,튜토리얼완료,2025-01-03 15:00:00
13438,6046,가입,2025-01-05 00:00:00
13439,6046,튜토리얼완료,2025-01-07 20:00:00
13440,6046,첫결제,2025-01-09 02:19:00
13441,6047,가입,2025-01-16 00:00:00
13442,6047,튜토리얼완료,2025-01-19 09:00:00
13443,6048,가입,2025-01-25 00:00:00
13444,6049,가입,2025-01-11 00:00:00
13445,6049,튜토리얼완료,2025-01-11 21:00:00
13446,6049,첫결제,2025-03-18 20:28:00
13447,6050,가입,2025-01-07 00:00:00
13448,6050,튜토리얼완료,2025-01-10 16:00:00
13449,6050,첫결제,2025-01-13 22:19:00
13450,6051,가입,2025-01-09 00:00:00
13451,6052,가입,2025-02-05 00:00:00
13452,6052,튜토리얼완료,2025-02-05 22:00:00
13453,6053,가입,2025-01-04 00:00:00
13454,6053,튜토리얼완료,2025-01-06 21:00:00
13455,6054,가입,2025-05-10 00:00:00
13456,6054,튜토리얼완료,2025-05-11 09:00:00
13457,6055,가입,2025-05-13 00:00:00
13458,6055,튜토리얼완료,2025-05-15 01:00:00
13459,6056,가입,2025-01-04 00:00:00
13460,6057,가입,2025-03-08 00:00:00
13461,6057,튜토리얼완료,2025-03-10 06:00:00
13462,6058,가입,2025-03-03 00:00:00
13463,6058,튜토리얼완료,2025-03-04 15:00:00
13464,6059,가입,2025-02-13 00:00:00
13465,6059,첫결제,2025-03-19 21:32:00
13466,6060,가입,2025-01-16 00:00:00
13467,6060,튜토리얼완료,2025-01-19 01:00:00
13468,6061,가입,2025-02-13 00:00:00
13469,6061,튜토리얼완료,2025-02-13 01:00:00
13470,6062,가입,2025-04-13 00:00:00
13471,6063,가입,2025-01-19 00:00:00
13472,6063,튜토리얼완료,2025-01-22 11:00:00
13473,6064,가입,2025-03-25 00:00:00
13474,6064,튜토리얼완료,2025-03-25 17:00:00
13475,6064,첫결제,2025-04-02 06:01:00
13476,6065,가입,2025-02-03 00:00:00
13477,6065,튜토리얼완료,2025-02-06 23:00:00
13478,6066,가입,2025-04-29 00:00:00
13479,6066,튜토리얼완료,2025-05-02 13:00:00
13480,6066,첫결제,2025-05-12 13:20:00
13481,6067,가입,2025-02-21 00:00:00
13482,6067,튜토리얼완료,2025-02-24 05:00:00
13483,6067,첫결제,2025-03-05 12:28:00
13484,6068,가입,2025-04-04 00:00:00
13485,6068,튜토리얼완료,2025-04-05 03:00:00
13486,6069,가입,2025-06-11 00:00:00
13487,6069,튜토리얼완료,2025-06-12 19:00:00
13488,6069,첫결제,2025-06-12 23:17:00
13489,6070,가입,2025-01-31 00:00:00
13490,6070,튜토리얼완료,2025-02-01 13:00:00
13491,6071,가입,2025-03-02 00:00:00
13492,6071,튜토리얼완료,2025-03-05 00:00:00
13493,6072,가입,2025-06-29 00:00:00
13494,6072,튜토리얼완료,2025-07-02 05:00:00
13495,6073,가입,2025-06-29 00:00:00
13496,6073,튜토리얼완료,2025-07-01 10:00:00
13497,6073,첫결제,2025-06-29 22:10:00
13498,6074,가입,2025-02-14 00:00:00
13499,6074,튜토리얼완료,2025-02-14 17:00:00
13500,6074,첫결제,2025-02-14 21:51:00
13501,6075,가입,2025-06-03 00:00:00
13502,6075,튜토리얼완료,2025-06-06 21:00:00
13503,6075,첫결제,2025-06-23 07:28:00
13504,6076,가입,2025-01-25 00:00:00
13505,6076,튜토리얼완료,2025-01-27 14:00:00
13506,6076,첫결제,2025-01-28 14:55:00
13507,6077,가입,2025-01-28 00:00:00
13508,6077,튜토리얼완료,2025-01-30 19:00:00
13509,6077,첫결제,2025-02-02 18:13:00
13510,6078,가입,2025-05-29 00:00:00
13511,6078,튜토리얼완료,2025-06-01 18:00:00
13512,6079,가입,2025-02-23 00:00:00
13513,6079,튜토리얼완료,2025-02-26 09:00:00
13514,6079,첫결제,2025-02-24 21:54:00
13515,6080,가입,2025-04-06 00:00:00
13516,6080,튜토리얼완료,2025-04-06 13:00:00
13517,6081,가입,2025-01-25 00:00:00
13518,6081,튜토리얼완료,2025-01-25 15:00:00
13519,6081,첫결제,2025-01-28 13:34:00
13520,6082,가입,2025-03-29 00:00:00
13521,6082,튜토리얼완료,2025-03-30 21:00:00
13522,6083,가입,2025-04-13 00:00:00
13523,6083,튜토리얼완료,2025-04-14 03:00:00
13524,6084,가입,2025-01-27 00:00:00
13525,6084,튜토리얼완료,2025-01-28 06:00:00
13526,6085,가입,2025-02-08 00:00:00
13527,6085,튜토리얼완료,2025-02-09 01:00:00
13528,6086,가입,2025-01-22 00:00:00
13529,6086,튜토리얼완료,2025-01-22 00:00:00
13530,6086,첫결제,2025-01-30 00:51:00
13531,6087,가입,2025-04-28 00:00:00
13532,6087,튜토리얼완료,2025-05-01 03:00:00
13533,6088,가입,2025-03-06 00:00:00
13534,6088,튜토리얼완료,2025-03-09 11:00:00
13535,6089,가입,2025-01-10 00:00:00
13536,6089,첫결제,2025-01-13 12:46:00
13537,6090,가입,2025-06-17 00:00:00
13538,6090,튜토리얼완료,2025-06-18 05:00:00
13539,6090,첫결제,2025-06-25 20:47:00
13540,6091,가입,2025-02-27 00:00:00
13541,6091,튜토리얼완료,2025-02-27 04:00:00
13542,6091,첫결제,2025-03-21 20:50:00
13543,6092,가입,2025-01-27 00:00:00
13544,6092,튜토리얼완료,2025-01-29 04:00:00
13545,6092,첫결제,2025-01-29 23:09:00
13546,6093,가입,2025-02-23 00:00:00
13547,6093,튜토리얼완료,2025-02-23 07:00:00
13548,6094,가입,2025-01-14 00:00:00
13549,6094,튜토리얼완료,2025-01-16 19:00:00
13550,6095,가입,2025-01-21 00:00:00
13551,6095,튜토리얼완료,2025-01-21 01:00:00
13552,6096,가입,2025-04-15 00:00:00
13553,6097,가입,2025-01-21 00:00:00
13554,6097,튜토리얼완료,2025-01-24 09:00:00
13555,6098,가입,2025-06-29 00:00:00
13556,6098,튜토리얼완료,2025-06-30 18:00:00
13557,6099,가입,2025-01-15 00:00:00
13558,6099,튜토리얼완료,2025-01-16 20:00:00
13559,6100,가입,2025-05-01 00:00:00
13560,6100,튜토리얼완료,2025-05-04 00:00:00
13561,6100,첫결제,2025-06-11 20:06:00
13562,6101,가입,2025-05-03 00:00:00
13563,6101,튜토리얼완료,2025-05-05 17:00:00
13564,6101,첫결제,2025-05-07 19:07:00
13565,6102,가입,2025-03-10 00:00:00
13566,6102,튜토리얼완료,2025-03-12 04:00:00
13567,6103,가입,2025-01-14 00:00:00
13568,6104,가입,2025-01-26 00:00:00
13569,6104,튜토리얼완료,2025-01-26 07:00:00
13570,6105,가입,2025-02-10 00:00:00
13571,6105,첫결제,2025-03-14 20:46:00
13572,6106,가입,2025-03-24 00:00:00
13573,6106,튜토리얼완료,2025-03-27 16:00:00
13574,6107,가입,2025-06-29 00:00:00
13575,6107,튜토리얼완료,2025-07-01 07:00:00
13576,6108,가입,2025-03-04 00:00:00
13577,6108,튜토리얼완료,2025-03-05 09:00:00
13578,6109,가입,2025-03-07 00:00:00
13579,6109,첫결제,2025-03-15 00:34:00
13580,6110,가입,2025-03-26 00:00:00
13581,6110,튜토리얼완료,2025-03-29 05:00:00
13582,6111,가입,2025-02-03 00:00:00
13583,6111,튜토리얼완료,2025-02-06 08:00:00
13584,6112,가입,2025-01-14 00:00:00
13585,6112,튜토리얼완료,2025-01-16 09:00:00
13586,6113,가입,2025-05-09 00:00:00
13587,6113,튜토리얼완료,2025-05-10 09:00:00
13588,6113,첫결제,2025-05-14 11:21:00
13589,6114,가입,2025-06-29 00:00:00
13590,6114,튜토리얼완료,2025-06-29 00:00:00
13591,6115,가입,2025-04-05 00:00:00
13592,6115,튜토리얼완료,2025-04-05 23:00:00
13593,6115,첫결제,2025-05-14 13:28:00
13594,6116,가입,2025-01-19 00:00:00
13595,6116,튜토리얼완료,2025-01-22 18:00:00
13596,6117,가입,2025-02-26 00:00:00
13597,6117,튜토리얼완료,2025-03-01 09:00:00
13598,6117,첫결제,2025-02-28 18:45:00
13599,6118,가입,2025-03-06 00:00:00
13600,6118,튜토리얼완료,2025-03-07 10:00:00
13601,6118,첫결제,2025-03-09 03:09:00
13602,6119,가입,2025-01-31 00:00:00
13603,6119,튜토리얼완료,2025-02-02 04:00:00
13604,6120,가입,2025-03-03 00:00:00
13605,6120,튜토리얼완료,2025-03-03 08:00:00
13606,6121,가입,2025-06-29 00:00:00
13607,6121,튜토리얼완료,2025-07-01 22:00:00
13608,6122,가입,2025-02-08 00:00:00
13609,6122,튜토리얼완료,2025-02-11 19:00:00
13610,6123,가입,2025-02-12 00:00:00
13611,6123,튜토리얼완료,2025-02-14 18:00:00
13612,6124,가입,2025-03-07 00:00:00
13613,6124,튜토리얼완료,2025-03-08 00:00:00
13614,6125,가입,2025-02-09 00:00:00
13615,6125,첫결제,2025-02-15 13:48:00
13616,6126,가입,2025-04-15 00:00:00
13617,6126,튜토리얼완료,2025-04-18 06:00:00
13618,6127,가입,2025-01-31 00:00:00
13619,6127,튜토리얼완료,2025-02-02 04:00:00
13620,6127,첫결제,2025-02-07 22:21:00
13621,6128,가입,2025-02-27 00:00:00
13622,6128,튜토리얼완료,2025-03-01 12:00:00
13623,6129,가입,2025-03-30 00:00:00
13624,6129,튜토리얼완료,2025-04-02 03:00:00
13625,6130,가입,2025-01-16 00:00:00
13626,6130,튜토리얼완료,2025-01-17 02:00:00
13627,6131,가입,2025-02-12 00:00:00
13628,6131,튜토리얼완료,2025-02-12 09:00:00
13629,6131,첫결제,2025-02-22 20:07:00
13630,6132,가입,2025-02-07 00:00:00
13631,6132,튜토리얼완료,2025-02-10 08:00:00
13632,6132,첫결제,2025-02-19 19:39:00
13633,6133,가입,2025-02-03 00:00:00
13634,6133,튜토리얼완료,2025-02-04 02:00:00
13635,6134,가입,2025-01-29 00:00:00
13636,6134,튜토리얼완료,2025-01-29 01:00:00
13637,6134,첫결제,2025-01-29 22:34:00
13638,6135,가입,2025-01-12 00:00:00
13639,6135,튜토리얼완료,2025-01-15 20:00:00
13640,6136,가입,2025-03-12 00:00:00
13641,6136,튜토리얼완료,2025-03-14 03:00:00
13642,6137,가입,2025-01-07 00:00:00
13643,6138,가입,2025-05-07 00:00:00
13644,6138,튜토리얼완료,2025-05-07 10:00:00
13645,6138,첫결제,2025-05-16 20:50:00
13646,6139,가입,2025-01-25 00:00:00
13647,6139,튜토리얼완료,2025-01-26 06:00:00
13648,6140,가입,2025-01-21 00:00:00
13649,6140,튜토리얼완료,2025-01-22 19:00:00
13650,6141,가입,2025-01-24 00:00:00
13651,6142,가입,2025-05-24 00:00:00
13652,6142,튜토리얼완료,2025-05-24 04:00:00
13653,6142,첫결제,2025-06-02 19:24:00
13654,6143,가입,2025-01-26 00:00:00
13655,6143,튜토리얼완료,2025-01-27 16:00:00
13656,6143,첫결제,2025-01-29 22:09:00
13657,6144,가입,2025-02-17 00:00:00
13658,6144,튜토리얼완료,2025-02-17 14:00:00
13659,6145,가입,2025-01-08 00:00:00
13660,6145,튜토리얼완료,2025-01-08 14:00:00
13661,6145,첫결제,2025-03-10 23:52:00
13662,6146,가입,2025-04-20 00:00:00
13663,6146,튜토리얼완료,2025-04-20 00:00:00
13664,6146,첫결제,2025-05-03 04:52:00
13665,6147,가입,2025-05-10 00:00:00
13666,6147,튜토리얼완료,2025-05-12 20:00:00
13667,6147,첫결제,2025-05-10 21:16:00
13668,6148,가입,2025-01-03 00:00:00
13669,6148,튜토리얼완료,2025-01-04 03:00:00
13670,6149,가입,2025-01-22 00:00:00
13671,6149,튜토리얼완료,2025-01-22 14:00:00
13672,6150,가입,2025-01-12 00:00:00
13673,6150,튜토리얼완료,2025-01-15 07:00:00
13674,6151,가입,2025-06-29 00:00:00
13675,6151,튜토리얼완료,2025-07-02 08:00:00
13676,6152,가입,2025-01-15 00:00:00
13677,6152,튜토리얼완료,2025-01-17 09:00:00
13678,6153,가입,2025-03-23 00:00:00
13679,6153,튜토리얼완료,2025-03-25 20:00:00
13680,6154,가입,2025-04-05 00:00:00
13681,6154,튜토리얼완료,2025-04-06 22:00:00
13682,6154,첫결제,2025-04-07 21:30:00
13683,6155,가입,2025-06-09 00:00:00
13684,6155,튜토리얼완료,2025-06-11 23:00:00
13685,6155,첫결제,2025-06-23 19:15:00
13686,6156,가입,2025-01-28 00:00:00
13687,6156,튜토리얼완료,2025-01-30 09:00:00
13688,6157,가입,2025-01-08 00:00:00
13689,6157,튜토리얼완료,2025-01-10 18:00:00
13690,6158,가입,2025-01-06 00:00:00
13691,6158,튜토리얼완료,2025-01-09 13:00:00
13692,6159,가입,2025-02-25 00:00:00
13693,6160,가입,2025-03-13 00:00:00
13694,6160,튜토리얼완료,2025-03-16 01:00:00
13695,6161,가입,2025-01-31 00:00:00
13696,6161,튜토리얼완료,2025-02-01 16:00:00
13697,6162,가입,2025-03-02 00:00:00
13698,6162,튜토리얼완료,2025-03-05 09:00:00
13699,6163,가입,2025-02-17 00:00:00
13700,6163,튜토리얼완료,2025-02-20 09:00:00
13701,6163,첫결제,2025-02-19 07:47:00
13702,6164,가입,2025-02-04 00:00:00
13703,6164,튜토리얼완료,2025-02-04 16:00:00
13704,6165,가입,2025-03-09 00:00:00
13705,6165,튜토리얼완료,2025-03-10 16:00:00
13706,6166,가입,2025-01-08 00:00:00
13707,6166,튜토리얼완료,2025-01-11 19:00:00
13708,6167,가입,2025-01-12 00:00:00
13709,6167,튜토리얼완료,2025-01-13 00:00:00
13710,6167,첫결제,2025-01-20 22:25:00
13711,6168,가입,2025-03-14 00:00:00
13712,6168,튜토리얼완료,2025-03-15 16:00:00
13713,6169,가입,2025-06-29 00:00:00
13714,6169,튜토리얼완료,2025-06-30 01:00:00
13715,6170,가입,2025-03-04 00:00:00
13716,6170,튜토리얼완료,2025-03-06 00:00:00
13717,6171,가입,2025-02-04 00:00:00
13718,6171,튜토리얼완료,2025-02-05 08:00:00
13719,6172,가입,2025-03-30 00:00:00
13720,6172,튜토리얼완료,2025-04-01 18:00:00
13721,6173,가입,2025-06-29 00:00:00
13722,6173,튜토리얼완료,2025-07-01 14:00:00
13723,6174,가입,2025-01-24 00:00:00
13724,6174,튜토리얼완료,2025-01-26 02:00:00
13725,6175,가입,2025-01-24 00:00:00
13726,6175,튜토리얼완료,2025-01-24 00:00:00
13727,6175,첫결제,2025-01-29 21:47:00
13728,6176,가입,2025-01-01 00:00:00
13729,6176,튜토리얼완료,2025-01-01 07:00:00
13730,6177,가입,2025-01-29 00:00:00
13731,6177,튜토리얼완료,2025-02-01 01:00:00
13732,6177,첫결제,2025-02-08 13:34:00
13733,6178,가입,2025-01-07 00:00:00
13734,6178,튜토리얼완료,2025-01-09 10:00:00
13735,6178,첫결제,2025-01-09 02:50:00
13736,6179,가입,2025-05-23 00:00:00
13737,6179,튜토리얼완료,2025-05-25 00:00:00
13738,6180,가입,2025-06-29 00:00:00
13739,6180,튜토리얼완료,2025-07-01 09:00:00
13740,6181,가입,2025-01-10 00:00:00
13741,6181,튜토리얼완료,2025-01-13 13:00:00
13742,6182,가입,2025-06-29 00:00:00
13743,6182,튜토리얼완료,2025-06-29 14:00:00
13744,6183,가입,2025-02-14 00:00:00
13745,6183,튜토리얼완료,2025-02-15 17:00:00
13746,6184,가입,2025-01-02 00:00:00
13747,6184,튜토리얼완료,2025-01-05 00:00:00
13748,6184,첫결제,2025-01-06 23:57:00
13749,6185,가입,2025-06-14 00:00:00
13750,6185,튜토리얼완료,2025-06-14 03:00:00
13751,6186,가입,2025-01-29 00:00:00
13752,6186,튜토리얼완료,2025-01-31 22:00:00
13753,6187,가입,2025-04-20 00:00:00
13754,6187,튜토리얼완료,2025-04-22 00:00:00
13755,6188,가입,2025-01-28 00:00:00
13756,6188,튜토리얼완료,2025-01-28 11:00:00
13757,6189,가입,2025-01-17 00:00:00
13758,6189,튜토리얼완료,2025-01-20 21:00:00
13759,6189,첫결제,2025-01-22 22:27:00
13760,6190,가입,2025-02-20 00:00:00
13761,6190,튜토리얼완료,2025-02-21 15:00:00
13762,6190,첫결제,2025-03-11 21:06:00
13763,6191,가입,2025-01-11 00:00:00
13764,6191,튜토리얼완료,2025-01-12 07:00:00
13765,6192,가입,2025-03-30 00:00:00
13766,6192,튜토리얼완료,2025-03-31 14:00:00
13767,6192,첫결제,2025-03-31 12:17:00
13768,6193,가입,2025-04-16 00:00:00
13769,6193,튜토리얼완료,2025-04-19 01:00:00
13770,6194,가입,2025-01-16 00:00:00
13771,6194,튜토리얼완료,2025-01-16 13:00:00
13772,6194,첫결제,2025-01-27 20:30:00
13773,6195,가입,2025-03-25 00:00:00
13774,6196,가입,2025-03-15 00:00:00
13775,6196,튜토리얼완료,2025-03-16 20:00:00
13776,6197,가입,2025-06-29 00:00:00
13777,6197,튜토리얼완료,2025-06-29 02:00:00
13778,6198,가입,2025-01-07 00:00:00
13779,6198,튜토리얼완료,2025-01-08 16:00:00
13780,6199,가입,2025-01-12 00:00:00
13781,6199,튜토리얼완료,2025-01-15 21:00:00
13782,6199,첫결제,2025-01-31 13:24:00
13783,6200,가입,2025-01-29 00:00:00
13784,6200,첫결제,2025-01-29 05:06:00
13785,6201,가입,2025-01-14 00:00:00
13786,6201,튜토리얼완료,2025-01-16 23:00:00
13787,6202,가입,2025-02-01 00:00:00
13788,6202,튜토리얼완료,2025-02-04 01:00:00
13789,6203,가입,2025-01-06 00:00:00
13790,6204,가입,2025-04-02 00:00:00
13791,6204,튜토리얼완료,2025-04-05 07:00:00
13792,6204,첫결제,2025-04-29 09:46:00
13793,6205,가입,2025-03-14 00:00:00
13794,6206,가입,2025-02-08 00:00:00
13795,6206,첫결제,2025-02-16 19:45:00
13796,6207,가입,2025-06-20 00:00:00
13797,6207,튜토리얼완료,2025-06-20 20:00:00
13798,6208,가입,2025-06-29 00:00:00
13799,6208,튜토리얼완료,2025-06-30 14:00:00
13800,6209,가입,2025-02-02 00:00:00
13801,6209,튜토리얼완료,2025-02-02 18:00:00
13802,6209,첫결제,2025-02-05 19:44:00
13803,6210,가입,2025-06-16 00:00:00
13804,6210,튜토리얼완료,2025-06-17 12:00:00
13805,6211,가입,2025-02-04 00:00:00
13806,6211,튜토리얼완료,2025-02-06 14:00:00
13807,6211,첫결제,2025-02-04 04:09:00
13808,6212,가입,2025-04-12 00:00:00
13809,6212,튜토리얼완료,2025-04-12 21:00:00
13810,6213,가입,2025-04-18 00:00:00
13811,6213,튜토리얼완료,2025-04-19 09:00:00
13812,6214,가입,2025-01-27 00:00:00
13813,6214,튜토리얼완료,2025-01-28 01:00:00
13814,6215,가입,2025-03-07 00:00:00
13815,6215,튜토리얼완료,2025-03-08 12:00:00
13816,6215,첫결제,2025-04-02 02:02:00
13817,6216,가입,2025-01-30 00:00:00
13818,6216,튜토리얼완료,2025-02-01 19:00:00
13819,6217,가입,2025-03-29 00:00:00
13820,6217,튜토리얼완료,2025-04-01 16:00:00
13821,6217,첫결제,2025-04-03 16:21:00
13822,6218,가입,2025-02-01 00:00:00
13823,6218,튜토리얼완료,2025-02-03 10:00:00
13824,6219,가입,2025-01-10 00:00:00
13825,6219,튜토리얼완료,2025-01-12 14:00:00
13826,6220,가입,2025-04-18 00:00:00
13827,6220,튜토리얼완료,2025-04-20 12:00:00
13828,6220,첫결제,2025-04-21 19:46:00
13829,6221,가입,2025-03-30 00:00:00
13830,6221,튜토리얼완료,2025-03-31 15:00:00
13831,6222,가입,2025-04-14 00:00:00
13832,6222,튜토리얼완료,2025-04-17 16:00:00
13833,6223,가입,2025-03-20 00:00:00
13834,6223,튜토리얼완료,2025-03-21 13:00:00
13835,6224,가입,2025-04-15 00:00:00
13836,6224,튜토리얼완료,2025-04-16 00:00:00
13837,6225,가입,2025-01-15 00:00:00
13838,6225,튜토리얼완료,2025-01-18 17:00:00
13839,6226,가입,2025-04-02 00:00:00
13840,6226,튜토리얼완료,2025-04-04 01:00:00
13841,6227,가입,2025-01-16 00:00:00
13842,6227,튜토리얼완료,2025-01-19 08:00:00
13843,6227,첫결제,2025-02-05 05:07:00
13844,6228,가입,2025-03-02 00:00:00
13845,6228,튜토리얼완료,2025-03-05 01:00:00
13846,6228,첫결제,2025-03-27 22:15:00
13847,6229,가입,2025-03-04 00:00:00
13848,6229,튜토리얼완료,2025-03-05 20:00:00
13849,6230,가입,2025-01-26 00:00:00
13850,6230,튜토리얼완료,2025-01-28 02:00:00
13851,6230,첫결제,2025-02-18 05:46:00
13852,6231,가입,2025-03-06 00:00:00
13853,6231,튜토리얼완료,2025-03-09 01:00:00
13854,6232,가입,2025-04-02 00:00:00
13855,6233,가입,2025-02-16 00:00:00
13856,6233,튜토리얼완료,2025-02-19 18:00:00
13857,6234,가입,2025-01-09 00:00:00
13858,6234,튜토리얼완료,2025-01-11 09:00:00
13859,6235,가입,2025-01-20 00:00:00
13860,6235,튜토리얼완료,2025-01-21 18:00:00
13861,6236,가입,2025-04-05 00:00:00
13862,6236,튜토리얼완료,2025-04-08 10:00:00
13863,6237,가입,2025-02-09 00:00:00
13864,6237,튜토리얼완료,2025-02-09 13:00:00
13865,6238,가입,2025-01-31 00:00:00
13866,6238,튜토리얼완료,2025-02-01 10:00:00
13867,6239,가입,2025-05-29 00:00:00
13868,6239,튜토리얼완료,2025-06-01 03:00:00
13869,6240,가입,2025-02-03 00:00:00
13870,6240,튜토리얼완료,2025-02-05 21:00:00
13871,6241,가입,2025-06-29 00:00:00
13872,6241,튜토리얼완료,2025-07-02 08:00:00
13873,6242,가입,2025-03-15 00:00:00
13874,6242,튜토리얼완료,2025-03-17 04:00:00
13875,6242,첫결제,2025-03-20 12:21:00
13876,6243,가입,2025-05-10 00:00:00
13877,6243,튜토리얼완료,2025-05-10 23:00:00
13878,6244,가입,2025-02-05 00:00:00
13879,6244,튜토리얼완료,2025-02-06 15:00:00
13880,6245,가입,2025-04-21 00:00:00
13881,6245,튜토리얼완료,2025-04-22 10:00:00
13882,6246,가입,2025-01-21 00:00:00
13883,6246,튜토리얼완료,2025-01-24 21:00:00
13884,6247,가입,2025-01-24 00:00:00
13885,6247,튜토리얼완료,2025-01-25 18:00:00
13886,6247,첫결제,2025-01-31 20:39:00
13887,6248,가입,2025-03-24 00:00:00
13888,6248,튜토리얼완료,2025-03-26 18:00:00
13889,6248,첫결제,2025-05-06 15:06:00
13890,6249,가입,2025-01-09 00:00:00
13891,6250,가입,2025-01-29 00:00:00
13892,6251,가입,2025-03-14 00:00:00
13893,6251,튜토리얼완료,2025-03-15 10:00:00
13894,6252,가입,2025-06-28 00:00:00
13895,6252,튜토리얼완료,2025-06-28 14:00:00
13896,6253,가입,2025-01-18 00:00:00
13897,6253,첫결제,2025-04-18 13:08:00
13898,6254,가입,2025-04-25 00:00:00
13899,6254,튜토리얼완료,2025-04-26 10:00:00
13900,6255,가입,2025-02-15 00:00:00
13901,6255,튜토리얼완료,2025-02-16 17:00:00
13902,6255,첫결제,2025-02-15 20:26:00
13903,6256,가입,2025-06-29 00:00:00
13904,6256,튜토리얼완료,2025-07-01 00:00:00
13905,6257,가입,2025-05-18 00:00:00
13906,6257,튜토리얼완료,2025-05-21 19:00:00
13907,6257,첫결제,2025-05-18 13:42:00
13908,6258,가입,2025-02-23 00:00:00
13909,6258,튜토리얼완료,2025-02-24 09:00:00
13910,6259,가입,2025-04-08 00:00:00
13911,6259,튜토리얼완료,2025-04-11 07:00:00
13912,6260,가입,2025-01-03 00:00:00
13913,6260,튜토리얼완료,2025-01-04 09:00:00
13914,6261,가입,2025-05-04 00:00:00
13915,6261,튜토리얼완료,2025-05-04 18:00:00
13916,6262,가입,2025-01-23 00:00:00
13917,6262,첫결제,2025-02-27 21:22:00
13918,6263,가입,2025-04-03 00:00:00
13919,6263,튜토리얼완료,2025-04-06 13:00:00
13920,6264,가입,2025-02-24 00:00:00
13921,6264,튜토리얼완료,2025-02-26 20:00:00
13922,6265,가입,2025-01-27 00:00:00
13923,6265,튜토리얼완료,2025-01-30 04:00:00
13924,6266,가입,2025-06-14 00:00:00
13925,6266,튜토리얼완료,2025-06-15 23:00:00
13926,6266,첫결제,2025-06-18 21:36:00
13927,6267,가입,2025-01-02 00:00:00
13928,6267,튜토리얼완료,2025-01-02 15:00:00
13929,6267,첫결제,2025-01-06 08:17:00
13930,6268,가입,2025-02-04 00:00:00
13931,6268,튜토리얼완료,2025-02-07 17:00:00
13932,6269,가입,2025-01-26 00:00:00
13933,6269,튜토리얼완료,2025-01-27 15:00:00
13934,6270,가입,2025-01-18 00:00:00
13935,6270,튜토리얼완료,2025-01-19 11:00:00
13936,6271,가입,2025-02-27 00:00:00
13937,6271,튜토리얼완료,2025-03-01 01:00:00
13938,6272,가입,2025-02-27 00:00:00
13939,6272,튜토리얼완료,2025-03-02 18:00:00
13940,6272,첫결제,2025-03-02 19:27:00
13941,6273,가입,2025-02-20 00:00:00
13942,6273,튜토리얼완료,2025-02-22 18:00:00
13943,6273,첫결제,2025-02-25 17:27:00
13944,6274,가입,2025-03-10 00:00:00
13945,6274,튜토리얼완료,2025-03-11 21:00:00
13946,6274,첫결제,2025-03-15 19:22:00
13947,6275,가입,2025-01-21 00:00:00
13948,6276,가입,2025-06-29 00:00:00
13949,6277,가입,2025-01-04 00:00:00
13950,6277,튜토리얼완료,2025-01-04 11:00:00
13951,6277,첫결제,2025-01-05 23:22:00
13952,6278,가입,2025-06-12 00:00:00
13953,6278,튜토리얼완료,2025-06-15 11:00:00
13954,6278,첫결제,2025-06-12 04:50:00
13955,6279,가입,2025-01-05 00:00:00
13956,6279,튜토리얼완료,2025-01-05 04:00:00
13957,6280,가입,2025-01-27 00:00:00
13958,6280,튜토리얼완료,2025-01-29 03:00:00
13959,6281,가입,2025-02-11 00:00:00
13960,6281,첫결제,2025-02-19 06:09:00
13961,6282,가입,2025-01-14 00:00:00
13962,6283,가입,2025-02-06 00:00:00
13963,6283,튜토리얼완료,2025-02-06 12:00:00
13964,6284,가입,2025-02-02 00:00:00
13965,6285,가입,2025-03-17 00:00:00
13966,6285,튜토리얼완료,2025-03-20 22:00:00
13967,6286,가입,2025-01-30 00:00:00
13968,6286,첫결제,2025-03-10 20:46:00
13969,6287,가입,2025-02-08 00:00:00
13970,6287,튜토리얼완료,2025-02-11 15:00:00
13971,6287,첫결제,2025-02-12 19:39:00
13972,6288,가입,2025-01-25 00:00:00
13973,6288,튜토리얼완료,2025-01-25 19:00:00
13974,6288,첫결제,2025-01-30 19:09:00
13975,6289,가입,2025-06-29 00:00:00
13976,6289,튜토리얼완료,2025-07-01 15:00:00
13977,6290,가입,2025-01-16 00:00:00
13978,6290,튜토리얼완료,2025-01-17 14:00:00
13979,6290,첫결제,2025-01-19 04:51:00
13980,6291,가입,2025-02-08 00:00:00
13981,6291,튜토리얼완료,2025-02-09 21:00:00
13982,6292,가입,2025-03-01 00:00:00
13983,6292,튜토리얼완료,2025-03-01 02:00:00
13984,6293,가입,2025-01-29 00:00:00
13985,6293,튜토리얼완료,2025-01-30 14:00:00
13986,6294,가입,2025-01-02 00:00:00
13987,6294,튜토리얼완료,2025-01-02 08:00:00
13988,6294,첫결제,2025-02-14 23:21:00
13989,6295,가입,2025-02-22 00:00:00
13990,6295,튜토리얼완료,2025-02-24 06:00:00
13991,6295,첫결제,2025-02-27 17:42:00
13992,6296,가입,2025-02-08 00:00:00
13993,6296,튜토리얼완료,2025-02-11 08:00:00
13994,6296,첫결제,2025-04-03 19:40:00
13995,6297,가입,2025-01-02 00:00:00
13996,6297,첫결제,2025-01-07 21:42:00
13997,6298,가입,2025-02-21 00:00:00
13998,6298,튜토리얼완료,2025-02-22 13:00:00
13999,6299,가입,2025-01-19 00:00:00
14000,6299,튜토리얼완료,2025-01-22 11:00:00
14001,6299,첫결제,2025-01-28 05:54:00
14002,6300,가입,2025-03-21 00:00:00
14003,6300,튜토리얼완료,2025-03-23 22:00:00
14004,6301,가입,2025-01-03 00:00:00
14005,6301,첫결제,2025-04-04 21:02:00
14006,6302,가입,2025-02-04 00:00:00
14007,6302,튜토리얼완료,2025-02-06 15:00:00
14008,6302,첫결제,2025-02-19 23:34:00
14009,6303,가입,2025-01-20 00:00:00
14010,6303,튜토리얼완료,2025-01-23 03:00:00
14011,6304,가입,2025-01-04 00:00:00
14012,6304,튜토리얼완료,2025-01-05 18:00:00
14013,6305,가입,2025-05-11 00:00:00
14014,6305,튜토리얼완료,2025-05-11 18:00:00
14015,6306,가입,2025-02-08 00:00:00
14016,6306,튜토리얼완료,2025-02-11 13:00:00
14017,6306,첫결제,2025-02-19 05:50:00
14018,6307,가입,2025-01-28 00:00:00
14019,6308,가입,2025-04-05 00:00:00
14020,6308,튜토리얼완료,2025-04-08 00:00:00
14021,6309,가입,2025-02-06 00:00:00
14022,6309,첫결제,2025-02-18 16:39:00
14023,6310,가입,2025-03-06 00:00:00
14024,6310,튜토리얼완료,2025-03-06 12:00:00
14025,6311,가입,2025-02-08 00:00:00
14026,6311,튜토리얼완료,2025-02-10 04:00:00
14027,6312,가입,2025-02-03 00:00:00
14028,6312,튜토리얼완료,2025-02-06 15:00:00
14029,6312,첫결제,2025-03-07 12:42:00
14030,6313,가입,2025-03-08 00:00:00
14031,6313,튜토리얼완료,2025-03-11 19:00:00
14032,6314,가입,2025-01-03 00:00:00
14033,6314,튜토리얼완료,2025-01-04 01:00:00
14034,6315,가입,2025-02-07 00:00:00
14035,6315,튜토리얼완료,2025-02-07 11:00:00
14036,6315,첫결제,2025-02-23 05:04:00
14037,6316,가입,2025-06-29 00:00:00
14038,6316,튜토리얼완료,2025-06-30 19:00:00
14039,6317,가입,2025-01-09 00:00:00
14040,6317,튜토리얼완료,2025-01-12 14:00:00
14041,6318,가입,2025-04-16 00:00:00
14042,6318,튜토리얼완료,2025-04-17 08:00:00
14043,6319,가입,2025-01-17 00:00:00
14044,6319,튜토리얼완료,2025-01-18 01:00:00
14045,6319,첫결제,2025-01-21 21:36:00
14046,6320,가입,2025-05-08 00:00:00
14047,6320,튜토리얼완료,2025-05-10 07:00:00
14048,6321,가입,2025-01-11 00:00:00
14049,6321,튜토리얼완료,2025-01-11 02:00:00
14050,6321,첫결제,2025-02-03 21:28:00
14051,6322,가입,2025-01-30 00:00:00
14052,6322,튜토리얼완료,2025-02-02 15:00:00
14053,6322,첫결제,2025-02-27 00:16:00
14054,6323,가입,2025-02-23 00:00:00
14055,6323,튜토리얼완료,2025-02-25 23:00:00
14056,6324,가입,2025-06-29 00:00:00
14057,6324,튜토리얼완료,2025-06-29 20:00:00
14058,6325,가입,2025-01-18 00:00:00
14059,6325,튜토리얼완료,2025-01-19 00:00:00
14060,6326,가입,2025-03-28 00:00:00
14061,6326,튜토리얼완료,2025-03-31 19:00:00
14062,6326,첫결제,2025-05-11 14:31:00
14063,6327,가입,2025-01-29 00:00:00
14064,6328,가입,2025-04-08 00:00:00
14065,6328,튜토리얼완료,2025-04-08 16:00:00
14066,6328,첫결제,2025-04-14 08:47:00
14067,6329,가입,2025-03-05 00:00:00
14068,6329,튜토리얼완료,2025-03-06 15:00:00
14069,6329,첫결제,2025-05-09 13:06:00
14070,6330,가입,2025-01-06 00:00:00
14071,6330,튜토리얼완료,2025-01-07 11:00:00
14072,6331,가입,2025-02-17 00:00:00
14073,6331,튜토리얼완료,2025-02-19 12:00:00
14074,6331,첫결제,2025-02-25 14:47:00
14075,6332,가입,2025-01-10 00:00:00
14076,6333,가입,2025-01-21 00:00:00
14077,6333,튜토리얼완료,2025-01-24 10:00:00
14078,6333,첫결제,2025-03-01 15:49:00
14079,6334,가입,2025-02-21 00:00:00
14080,6334,튜토리얼완료,2025-02-22 01:00:00
14081,6335,가입,2025-01-13 00:00:00
14082,6335,튜토리얼완료,2025-01-14 05:00:00
14083,6336,가입,2025-06-12 00:00:00
14084,6336,튜토리얼완료,2025-06-14 10:00:00
14085,6337,가입,2025-02-05 00:00:00
14086,6337,튜토리얼완료,2025-02-07 07:00:00
14087,6338,가입,2025-02-15 00:00:00
14088,6338,튜토리얼완료,2025-02-18 22:00:00
14089,6338,첫결제,2025-02-15 19:31:00
14090,6339,가입,2025-02-17 00:00:00
14091,6339,튜토리얼완료,2025-02-20 09:00:00
14092,6339,첫결제,2025-04-16 20:19:00
14093,6340,가입,2025-01-31 00:00:00
14094,6340,튜토리얼완료,2025-01-31 15:00:00
14095,6340,첫결제,2025-02-24 22:40:00
14096,6341,가입,2025-01-27 00:00:00
14097,6342,가입,2025-03-02 00:00:00
14098,6342,튜토리얼완료,2025-03-05 12:00:00
14099,6342,첫결제,2025-03-08 23:04:00
14100,6343,가입,2025-04-30 00:00:00
14101,6343,첫결제,2025-05-02 22:56:00
14102,6344,가입,2025-03-25 00:00:00
14103,6344,튜토리얼완료,2025-03-27 04:00:00
14104,6345,가입,2025-01-13 00:00:00
14105,6345,튜토리얼완료,2025-01-14 06:00:00
14106,6346,가입,2025-05-15 00:00:00
14107,6346,첫결제,2025-05-26 20:37:00
14108,6347,가입,2025-03-16 00:00:00
14109,6347,튜토리얼완료,2025-03-18 22:00:00
14110,6348,가입,2025-05-11 00:00:00
14111,6348,튜토리얼완료,2025-05-14 06:00:00
14112,6349,가입,2025-01-26 00:00:00
14113,6349,튜토리얼완료,2025-01-29 23:00:00
14114,6349,첫결제,2025-01-31 21:21:00
14115,6350,가입,2025-05-14 00:00:00
14116,6350,튜토리얼완료,2025-05-17 00:00:00
14117,6351,가입,2025-01-14 00:00:00
14118,6351,튜토리얼완료,2025-01-14 03:00:00
14119,6351,첫결제,2025-01-19 03:41:00
14120,6352,가입,2025-04-08 00:00:00
14121,6352,튜토리얼완료,2025-04-08 07:00:00
14122,6353,가입,2025-02-06 00:00:00
14123,6353,튜토리얼완료,2025-02-06 23:00:00
14124,6354,가입,2025-01-01 00:00:00
14125,6354,튜토리얼완료,2025-01-02 21:00:00
14126,6355,가입,2025-06-11 00:00:00
14127,6355,튜토리얼완료,2025-06-14 05:00:00
14128,6356,가입,2025-05-18 00:00:00
14129,6356,튜토리얼완료,2025-05-21 04:00:00
14130,6356,첫결제,2025-05-20 06:13:00
14131,6357,가입,2025-01-15 00:00:00
14132,6357,튜토리얼완료,2025-01-15 08:00:00
14133,6357,첫결제,2025-01-24 00:10:00
14134,6358,가입,2025-01-23 00:00:00
14135,6358,튜토리얼완료,2025-01-25 10:00:00
14136,6358,첫결제,2025-01-25 16:25:00
14137,6359,가입,2025-03-28 00:00:00
14138,6359,튜토리얼완료,2025-03-28 08:00:00
14139,6360,가입,2025-03-27 00:00:00
14140,6360,튜토리얼완료,2025-03-29 05:00:00
14141,6360,첫결제,2025-04-02 19:33:00
14142,6361,가입,2025-03-20 00:00:00
14143,6361,튜토리얼완료,2025-03-23 07:00:00
14144,6361,첫결제,2025-04-03 06:11:00
14145,6362,가입,2025-01-05 00:00:00
14146,6363,가입,2025-01-14 00:00:00
14147,6363,튜토리얼완료,2025-01-17 10:00:00
14148,6364,가입,2025-01-08 00:00:00
14149,6364,튜토리얼완료,2025-01-11 17:00:00
14150,6365,가입,2025-02-12 00:00:00
14151,6365,튜토리얼완료,2025-02-15 18:00:00
14152,6366,가입,2025-01-02 00:00:00
14153,6366,튜토리얼완료,2025-01-02 14:00:00
14154,6366,첫결제,2025-01-04 15:35:00
14155,6367,가입,2025-01-08 00:00:00
14156,6367,튜토리얼완료,2025-01-09 19:00:00
14157,6367,첫결제,2025-01-08 22:53:00
14158,6368,가입,2025-02-23 00:00:00
14159,6368,튜토리얼완료,2025-02-24 22:00:00
14160,6369,가입,2025-01-10 00:00:00
14161,6369,튜토리얼완료,2025-01-10 11:00:00
14162,6370,가입,2025-03-19 00:00:00
14163,6371,가입,2025-01-07 00:00:00
14164,6371,튜토리얼완료,2025-01-08 20:00:00
14165,6371,첫결제,2025-02-24 23:03:00
14166,6372,가입,2025-05-25 00:00:00
14167,6372,튜토리얼완료,2025-05-28 06:00:00
14168,6372,첫결제,2025-05-26 23:17:00
14169,6373,가입,2025-01-16 00:00:00
14170,6373,튜토리얼완료,2025-01-18 21:00:00
14171,6374,가입,2025-01-18 00:00:00
14172,6374,튜토리얼완료,2025-01-20 09:00:00
14173,6375,가입,2025-01-01 00:00:00
14174,6375,튜토리얼완료,2025-01-02 19:00:00
14175,6375,첫결제,2025-01-04 22:11:00
14176,6376,가입,2025-03-24 00:00:00
14177,6376,튜토리얼완료,2025-03-25 15:00:00
14178,6377,가입,2025-02-07 00:00:00
14179,6377,튜토리얼완료,2025-02-07 03:00:00
14180,6378,가입,2025-06-29 00:00:00
14181,6378,튜토리얼완료,2025-07-02 14:00:00
14182,6379,가입,2025-01-08 00:00:00
14183,6379,튜토리얼완료,2025-01-11 19:00:00
14184,6379,첫결제,2025-01-09 20:23:00
14185,6380,가입,2025-04-26 00:00:00
14186,6380,튜토리얼완료,2025-04-29 15:00:00
14187,6381,가입,2025-01-13 00:00:00
14188,6381,튜토리얼완료,2025-01-13 03:00:00
14189,6381,첫결제,2025-01-15 19:06:00
14190,6382,가입,2025-02-28 00:00:00
14191,6382,튜토리얼완료,2025-03-03 18:00:00
14192,6382,첫결제,2025-03-28 19:46:00
14193,6383,가입,2025-01-23 00:00:00
14194,6383,튜토리얼완료,2025-01-26 14:00:00
14195,6384,가입,2025-02-10 00:00:00
14196,6384,튜토리얼완료,2025-02-13 10:00:00
14197,6384,첫결제,2025-02-16 05:22:00
14198,6385,가입,2025-01-09 00:00:00
14199,6385,튜토리얼완료,2025-01-11 11:00:00
14200,6385,첫결제,2025-01-10 20:50:00
14201,6386,가입,2025-03-05 00:00:00
14202,6386,튜토리얼완료,2025-03-07 11:00:00
14203,6387,가입,2025-02-01 00:00:00
14204,6387,첫결제,2025-02-06 19:45:00
14205,6388,가입,2025-01-01 00:00:00
14206,6388,튜토리얼완료,2025-01-01 17:00:00
14207,6389,가입,2025-01-20 00:00:00
14208,6389,튜토리얼완료,2025-01-23 07:00:00
14209,6389,첫결제,2025-02-25 20:52:00
14210,6390,가입,2025-01-01 00:00:00
14211,6390,튜토리얼완료,2025-01-04 02:00:00
14212,6391,가입,2025-01-11 00:00:00
14213,6391,튜토리얼완료,2025-01-12 14:00:00
14214,6392,가입,2025-04-14 00:00:00
14215,6392,첫결제,2025-04-16 12:08:00
14216,6393,가입,2025-01-25 00:00:00
14217,6393,튜토리얼완료,2025-01-25 02:00:00
14218,6394,가입,2025-03-21 00:00:00
14219,6394,튜토리얼완료,2025-03-22 11:00:00
14220,6395,가입,2025-03-29 00:00:00
14221,6395,튜토리얼완료,2025-03-29 12:00:00
14222,6396,가입,2025-01-02 00:00:00
14223,6396,튜토리얼완료,2025-01-04 16:00:00
14224,6396,첫결제,2025-01-11 21:00:00
14225,6397,가입,2025-06-15 00:00:00
14226,6397,튜토리얼완료,2025-06-17 11:00:00
14227,6397,첫결제,2025-06-17 06:34:00
14228,6398,가입,2025-01-30 00:00:00
14229,6398,튜토리얼완료,2025-02-02 09:00:00
14230,6398,첫결제,2025-02-28 02:30:00
14231,6399,가입,2025-04-05 00:00:00
14232,6399,튜토리얼완료,2025-04-05 11:00:00
14233,6400,가입,2025-01-30 00:00:00
14234,6400,튜토리얼완료,2025-02-02 02:00:00
14235,6400,첫결제,2025-02-10 22:15:00
14236,6401,가입,2025-01-26 00:00:00
14237,6401,튜토리얼완료,2025-01-26 01:00:00
14238,6401,첫결제,2025-02-05 12:49:00
14239,6402,가입,2025-03-27 00:00:00
14240,6402,튜토리얼완료,2025-03-30 06:00:00
14241,6403,가입,2025-06-08 00:00:00
14242,6403,튜토리얼완료,2025-06-08 08:00:00
14243,6404,가입,2025-02-18 00:00:00
14244,6404,튜토리얼완료,2025-02-21 20:00:00
14245,6405,가입,2025-01-02 00:00:00
14246,6406,가입,2025-02-10 00:00:00
14247,6406,튜토리얼완료,2025-02-10 10:00:00
14248,6406,첫결제,2025-02-12 20:53:00
14249,6407,가입,2025-01-21 00:00:00
14250,6407,튜토리얼완료,2025-01-24 07:00:00
14251,6408,가입,2025-02-16 00:00:00
14252,6408,튜토리얼완료,2025-02-17 15:00:00
14253,6409,가입,2025-02-01 00:00:00
14254,6409,튜토리얼완료,2025-02-02 20:00:00
14255,6410,가입,2025-01-16 00:00:00
14256,6410,튜토리얼완료,2025-01-18 02:00:00
14257,6410,첫결제,2025-01-21 23:52:00
14258,6411,가입,2025-01-03 00:00:00
14259,6411,튜토리얼완료,2025-01-05 07:00:00
14260,6412,가입,2025-01-02 00:00:00
14261,6412,튜토리얼완료,2025-01-03 00:00:00
14262,6413,가입,2025-03-14 00:00:00
14263,6413,튜토리얼완료,2025-03-16 16:00:00
14264,6414,가입,2025-01-27 00:00:00
14265,6414,튜토리얼완료,2025-01-29 17:00:00
14266,6415,가입,2025-06-09 00:00:00
14267,6415,튜토리얼완료,2025-06-11 04:00:00
14268,6416,가입,2025-06-29 00:00:00
14269,6417,가입,2025-03-20 00:00:00
14270,6417,튜토리얼완료,2025-03-20 08:00:00
14271,6418,가입,2025-02-21 00:00:00
14272,6419,가입,2025-01-19 00:00:00
14273,6419,튜토리얼완료,2025-01-20 14:00:00
14274,6420,가입,2025-02-04 00:00:00
14275,6421,가입,2025-02-18 00:00:00
14276,6421,튜토리얼완료,2025-02-20 05:00:00
14277,6421,첫결제,2025-03-20 23:34:00
14278,6422,가입,2025-05-09 00:00:00
14279,6422,튜토리얼완료,2025-05-11 00:00:00
14280,6423,가입,2025-03-02 00:00:00
14281,6423,튜토리얼완료,2025-03-05 05:00:00
14282,6423,첫결제,2025-03-02 03:22:00
14283,6424,가입,2025-01-18 00:00:00
14284,6424,튜토리얼완료,2025-01-21 10:00:00
14285,6425,가입,2025-01-30 00:00:00
14286,6425,튜토리얼완료,2025-01-30 06:00:00
14287,6425,첫결제,2025-02-04 16:11:00
14288,6426,가입,2025-06-29 00:00:00
14289,6426,튜토리얼완료,2025-07-02 18:00:00
14290,6427,가입,2025-01-15 00:00:00
14291,6427,튜토리얼완료,2025-01-16 12:00:00
14292,6427,첫결제,2025-02-05 12:40:00
14293,6428,가입,2025-03-24 00:00:00
14294,6428,튜토리얼완료,2025-03-27 03:00:00
14295,6429,가입,2025-01-11 00:00:00
14296,6429,튜토리얼완료,2025-01-14 22:00:00
14297,6430,가입,2025-01-12 00:00:00
14298,6430,튜토리얼완료,2025-01-14 10:00:00
14299,6430,첫결제,2025-01-19 13:30:00
14300,6431,가입,2025-05-17 00:00:00
14301,6431,튜토리얼완료,2025-05-17 01:00:00
14302,6432,가입,2025-02-06 00:00:00
14303,6432,튜토리얼완료,2025-02-08 10:00:00
14304,6433,가입,2025-02-09 00:00:00
14305,6433,튜토리얼완료,2025-02-09 14:00:00
14306,6434,가입,2025-01-24 00:00:00
14307,6434,튜토리얼완료,2025-01-24 19:00:00
14308,6434,첫결제,2025-01-28 21:32:00
14309,6435,가입,2025-01-29 00:00:00
14310,6435,튜토리얼완료,2025-01-29 05:00:00
14311,6435,첫결제,2025-01-29 06:09:00
14312,6436,가입,2025-02-05 00:00:00
14313,6436,튜토리얼완료,2025-02-07 03:00:00
14314,6436,첫결제,2025-02-05 19:20:00
14315,6437,가입,2025-01-16 00:00:00
14316,6437,튜토리얼완료,2025-01-19 21:00:00
14317,6438,가입,2025-01-13 00:00:00
14318,6438,튜토리얼완료,2025-01-14 11:00:00
14319,6439,가입,2025-04-03 00:00:00
14320,6439,튜토리얼완료,2025-04-05 03:00:00
14321,6439,첫결제,2025-04-03 11:44:00
14322,6440,가입,2025-01-24 00:00:00
14323,6440,튜토리얼완료,2025-01-24 08:00:00
14324,6441,가입,2025-02-07 00:00:00
14325,6441,튜토리얼완료,2025-02-07 08:00:00
14326,6442,가입,2025-06-29 00:00:00
14327,6442,튜토리얼완료,2025-07-02 12:00:00
14328,6443,가입,2025-01-02 00:00:00
14329,6443,튜토리얼완료,2025-01-04 01:00:00
14330,6444,가입,2025-01-19 00:00:00
14331,6444,첫결제,2025-02-02 14:53:00
14332,6445,가입,2025-02-13 00:00:00
14333,6445,튜토리얼완료,2025-02-13 14:00:00
14334,6445,첫결제,2025-03-01 19:57:00
14335,6446,가입,2025-05-03 00:00:00
14336,6446,튜토리얼완료,2025-05-06 20:00:00
14337,6446,첫결제,2025-05-09 21:38:00
14338,6447,가입,2025-04-04 00:00:00
14339,6447,튜토리얼완료,2025-04-04 06:00:00
14340,6447,첫결제,2025-05-09 16:03:00
14341,6448,가입,2025-05-09 00:00:00
14342,6448,튜토리얼완료,2025-05-12 14:00:00
14343,6449,가입,2025-01-20 00:00:00
14344,6449,튜토리얼완료,2025-01-21 04:00:00
14345,6449,첫결제,2025-01-27 19:31:00
14346,6450,가입,2025-02-17 00:00:00
14347,6450,튜토리얼완료,2025-02-20 01:00:00
14348,6450,첫결제,2025-03-04 19:41:00
14349,6451,가입,2025-06-05 00:00:00
14350,6451,튜토리얼완료,2025-06-07 09:00:00
14351,6452,가입,2025-04-20 00:00:00
14352,6452,튜토리얼완료,2025-04-21 22:00:00
14353,6452,첫결제,2025-05-08 19:13:00
14354,6453,가입,2025-02-11 00:00:00
14355,6453,튜토리얼완료,2025-02-11 04:00:00
14356,6453,첫결제,2025-02-12 19:10:00
14357,6454,가입,2025-01-06 00:00:00
14358,6454,첫결제,2025-01-18 10:25:00
14359,6455,가입,2025-02-22 00:00:00
14360,6455,튜토리얼완료,2025-02-23 20:00:00
14361,6455,첫결제,2025-02-25 21:41:00
14362,6456,가입,2025-01-02 00:00:00
14363,6456,튜토리얼완료,2025-01-03 06:00:00
14364,6457,가입,2025-04-10 00:00:00
14365,6457,튜토리얼완료,2025-04-12 10:00:00
14366,6457,첫결제,2025-04-10 20:52:00
14367,6458,가입,2025-06-11 00:00:00
14368,6458,튜토리얼완료,2025-06-14 13:00:00
14369,6458,첫결제,2025-06-15 03:45:00
14370,6459,가입,2025-03-24 00:00:00
14371,6460,가입,2025-01-19 00:00:00
14372,6460,튜토리얼완료,2025-01-21 09:00:00
14373,6461,가입,2025-02-09 00:00:00
14374,6461,튜토리얼완료,2025-02-09 05:00:00
14375,6462,가입,2025-02-13 00:00:00
14376,6462,첫결제,2025-03-02 21:56:00
14377,6463,가입,2025-01-26 00:00:00
14378,6463,튜토리얼완료,2025-01-28 07:00:00
14379,6464,가입,2025-05-04 00:00:00
14380,6464,튜토리얼완료,2025-05-04 13:00:00
14381,6465,가입,2025-01-26 00:00:00
14382,6465,튜토리얼완료,2025-01-26 19:00:00
14383,6466,가입,2025-04-27 00:00:00
14384,6466,튜토리얼완료,2025-04-28 19:00:00
14385,6467,가입,2025-02-17 00:00:00
14386,6467,튜토리얼완료,2025-02-17 21:00:00
14387,6467,첫결제,2025-02-17 21:57:00
14388,6468,가입,2025-01-09 00:00:00
14389,6468,튜토리얼완료,2025-01-12 07:00:00
14390,6469,가입,2025-05-11 00:00:00
14391,6469,튜토리얼완료,2025-05-11 05:00:00
14392,6470,가입,2025-02-11 00:00:00
14393,6470,튜토리얼완료,2025-02-13 07:00:00
14394,6470,첫결제,2025-02-14 23:53:00
14395,6471,가입,2025-01-07 00:00:00
14396,6471,튜토리얼완료,2025-01-07 18:00:00
14397,6472,가입,2025-05-11 00:00:00
14398,6472,튜토리얼완료,2025-05-13 19:00:00
14399,6473,가입,2025-03-31 00:00:00
14400,6473,튜토리얼완료,2025-03-31 11:00:00
14401,6474,가입,2025-01-20 00:00:00
14402,6474,튜토리얼완료,2025-01-20 09:00:00
14403,6474,첫결제,2025-02-02 07:36:00
14404,6475,가입,2025-02-02 00:00:00
14405,6475,튜토리얼완료,2025-02-04 13:00:00
14406,6475,첫결제,2025-02-14 03:00:00
14407,6476,가입,2025-05-31 00:00:00
14408,6476,튜토리얼완료,2025-05-31 17:00:00
14409,6476,첫결제,2025-06-25 21:09:00
14410,6477,가입,2025-01-26 00:00:00
14411,6478,가입,2025-02-21 00:00:00
14412,6478,튜토리얼완료,2025-02-22 10:00:00
14413,6479,가입,2025-04-06 00:00:00
14414,6479,튜토리얼완료,2025-04-08 17:00:00
14415,6480,가입,2025-01-27 00:00:00
14416,6480,튜토리얼완료,2025-01-29 04:00:00
14417,6481,가입,2025-04-29 00:00:00
14418,6481,튜토리얼완료,2025-04-30 17:00:00
14419,6482,가입,2025-03-14 00:00:00
14420,6482,튜토리얼완료,2025-03-15 11:00:00
14421,6483,가입,2025-02-18 00:00:00
14422,6483,튜토리얼완료,2025-02-18 07:00:00
14423,6483,첫결제,2025-02-24 22:21:00
14424,6484,가입,2025-02-11 00:00:00
14425,6484,튜토리얼완료,2025-02-12 21:00:00
14426,6484,첫결제,2025-02-15 21:49:00
14427,6485,가입,2025-04-22 00:00:00
14428,6485,튜토리얼완료,2025-04-23 04:00:00
14429,6486,가입,2025-03-24 00:00:00
14430,6486,튜토리얼완료,2025-03-26 14:00:00
14431,6486,첫결제,2025-03-29 20:11:00
14432,6487,가입,2025-02-08 00:00:00
14433,6488,가입,2025-01-26 00:00:00
14434,6488,첫결제,2025-02-06 09:12:00
14435,6489,가입,2025-01-29 00:00:00
14436,6489,튜토리얼완료,2025-01-29 00:00:00
14437,6490,가입,2025-03-01 00:00:00
14438,6490,튜토리얼완료,2025-03-03 08:00:00
14439,6490,첫결제,2025-03-12 22:16:00
14440,6491,가입,2025-01-02 00:00:00
14441,6491,튜토리얼완료,2025-01-05 03:00:00
14442,6492,가입,2025-01-11 00:00:00
14443,6492,튜토리얼완료,2025-01-13 09:00:00
14444,6492,첫결제,2025-01-11 20:37:00
14445,6493,가입,2025-06-14 00:00:00
14446,6493,튜토리얼완료,2025-06-14 16:00:00
14447,6493,첫결제,2025-06-22 10:11:00
14448,6494,가입,2025-04-02 00:00:00
14449,6494,튜토리얼완료,2025-04-03 00:00:00
14450,6495,가입,2025-03-26 00:00:00
14451,6495,튜토리얼완료,2025-03-27 08:00:00
14452,6496,가입,2025-02-16 00:00:00
14453,6496,튜토리얼완료,2025-02-16 20:00:00
14454,6496,첫결제,2025-03-27 20:29:00
14455,6497,가입,2025-01-20 00:00:00
14456,6497,튜토리얼완료,2025-01-20 05:00:00
14457,6498,가입,2025-02-24 00:00:00
14458,6498,튜토리얼완료,2025-02-27 22:00:00
14459,6499,가입,2025-01-03 00:00:00
14460,6499,튜토리얼완료,2025-01-04 13:00:00
14461,6499,첫결제,2025-01-04 08:45:00
14462,6500,가입,2025-02-11 00:00:00
14463,6500,튜토리얼완료,2025-02-13 22:00:00
14464,6501,가입,2025-01-01 00:00:00
14465,6501,튜토리얼완료,2025-01-03 01:00:00
14466,6502,가입,2025-01-29 00:00:00
14467,6503,가입,2025-06-29 00:00:00
14468,6503,튜토리얼완료,2025-07-01 23:00:00
14469,6504,가입,2025-01-24 00:00:00
14470,6504,튜토리얼완료,2025-01-24 11:00:00
14471,6505,가입,2025-03-12 00:00:00
14472,6506,가입,2025-01-31 00:00:00
14473,6506,튜토리얼완료,2025-02-02 02:00:00
14474,6506,첫결제,2025-02-01 15:07:00
14475,6507,가입,2025-01-03 00:00:00
14476,6508,가입,2025-01-01 00:00:00
14477,6508,튜토리얼완료,2025-01-01 21:00:00
14478,6508,첫결제,2025-01-05 19:13:00
14479,6509,가입,2025-01-10 00:00:00
14480,6509,튜토리얼완료,2025-01-10 03:00:00
14481,6509,첫결제,2025-01-12 02:58:00
14482,6510,가입,2025-01-16 00:00:00
14483,6510,튜토리얼완료,2025-01-19 16:00:00
14484,6510,첫결제,2025-01-23 19:25:00
14485,6511,가입,2025-01-31 00:00:00
14486,6511,튜토리얼완료,2025-02-02 17:00:00
14487,6512,가입,2025-01-17 00:00:00
14488,6512,튜토리얼완료,2025-01-17 20:00:00
14489,6513,가입,2025-02-15 00:00:00
14490,6513,튜토리얼완료,2025-02-15 23:00:00
14491,6514,가입,2025-04-01 00:00:00
14492,6514,튜토리얼완료,2025-04-03 08:00:00
14493,6514,첫결제,2025-06-01 18:58:00
14494,6515,가입,2025-01-02 00:00:00
14495,6515,튜토리얼완료,2025-01-04 10:00:00
14496,6515,첫결제,2025-01-20 09:52:00
14497,6516,가입,2025-01-09 00:00:00
14498,6516,튜토리얼완료,2025-01-10 05:00:00
14499,6517,가입,2025-06-22 00:00:00
14500,6517,튜토리얼완료,2025-06-25 08:00:00
14501,6518,가입,2025-03-19 00:00:00
14502,6518,튜토리얼완료,2025-03-21 05:00:00
14503,6519,가입,2025-01-11 00:00:00
14504,6519,튜토리얼완료,2025-01-11 21:00:00
14505,6520,가입,2025-01-05 00:00:00
14506,6520,튜토리얼완료,2025-01-05 07:00:00
14507,6521,가입,2025-04-26 00:00:00
14508,6521,튜토리얼완료,2025-04-29 09:00:00
14509,6522,가입,2025-05-23 00:00:00
14510,6522,튜토리얼완료,2025-05-26 20:00:00
14511,6522,첫결제,2025-05-23 02:19:00
14512,6523,가입,2025-02-14 00:00:00
14513,6523,튜토리얼완료,2025-02-16 02:00:00
14514,6523,첫결제,2025-03-15 22:59:00
14515,6524,가입,2025-02-16 00:00:00
14516,6524,튜토리얼완료,2025-02-16 01:00:00
14517,6525,가입,2025-01-06 00:00:00
14518,6525,튜토리얼완료,2025-01-07 21:00:00
14519,6526,가입,2025-02-10 00:00:00
14520,6526,첫결제,2025-02-16 23:32:00
14521,6527,가입,2025-02-18 00:00:00
14522,6527,튜토리얼완료,2025-02-21 16:00:00
14523,6527,첫결제,2025-03-02 17:23:00
14524,6528,가입,2025-06-16 00:00:00
14525,6528,튜토리얼완료,2025-06-18 08:00:00
14526,6529,가입,2025-01-12 00:00:00
14527,6530,가입,2025-01-26 00:00:00
14528,6530,튜토리얼완료,2025-01-27 21:00:00
14529,6530,첫결제,2025-01-27 22:10:00
14530,6531,가입,2025-02-08 00:00:00
14531,6531,튜토리얼완료,2025-02-10 23:00:00
14532,6532,가입,2025-01-12 00:00:00
14533,6532,튜토리얼완료,2025-01-12 21:00:00
14534,6533,가입,2025-04-03 00:00:00
14535,6533,튜토리얼완료,2025-04-06 13:00:00
14536,6534,가입,2025-01-21 00:00:00
14537,6534,튜토리얼완료,2025-01-21 11:00:00
14538,6535,가입,2025-01-21 00:00:00
14539,6535,튜토리얼완료,2025-01-23 16:00:00
14540,6536,가입,2025-04-05 00:00:00
14541,6536,튜토리얼완료,2025-04-08 16:00:00
14542,6537,가입,2025-01-06 00:00:00
14543,6537,튜토리얼완료,2025-01-09 02:00:00
14544,6538,가입,2025-02-16 00:00:00
14545,6538,튜토리얼완료,2025-02-17 19:00:00
14546,6539,가입,2025-01-22 00:00:00
14547,6539,튜토리얼완료,2025-01-22 11:00:00
14548,6539,첫결제,2025-01-27 02:59:00
14549,6540,가입,2025-01-31 00:00:00
14550,6540,튜토리얼완료,2025-02-01 08:00:00
14551,6541,가입,2025-02-09 00:00:00
14552,6541,튜토리얼완료,2025-02-11 03:00:00
14553,6542,가입,2025-03-20 00:00:00
14554,6542,첫결제,2025-03-30 20:36:00
14555,6543,가입,2025-02-26 00:00:00
14556,6543,튜토리얼완료,2025-03-01 17:00:00
14557,6543,첫결제,2025-03-02 12:26:00
14558,6544,가입,2025-03-04 00:00:00
14559,6544,튜토리얼완료,2025-03-06 19:00:00
14560,6544,첫결제,2025-03-24 07:10:00
14561,6545,가입,2025-02-22 00:00:00
14562,6545,튜토리얼완료,2025-02-25 17:00:00
14563,6546,가입,2025-02-09 00:00:00
14564,6546,튜토리얼완료,2025-02-12 17:00:00
14565,6546,첫결제,2025-04-17 22:20:00
14566,6547,가입,2025-04-29 00:00:00
14567,6547,튜토리얼완료,2025-04-30 16:00:00
14568,6547,첫결제,2025-05-04 02:24:00
14569,6548,가입,2025-01-04 00:00:00
14570,6548,튜토리얼완료,2025-01-06 21:00:00
14571,6548,첫결제,2025-01-09 19:40:00
14572,6549,가입,2025-03-07 00:00:00
14573,6549,튜토리얼완료,2025-03-07 10:00:00
14574,6550,가입,2025-02-10 00:00:00
14575,6550,튜토리얼완료,2025-02-10 05:00:00
14576,6551,가입,2025-01-13 00:00:00
14577,6551,튜토리얼완료,2025-01-14 14:00:00
14578,6552,가입,2025-06-11 00:00:00
14579,6552,튜토리얼완료,2025-06-13 10:00:00
14580,6552,첫결제,2025-06-27 20:47:00
14581,6553,가입,2025-04-26 00:00:00
14582,6553,튜토리얼완료,2025-04-26 18:00:00
14583,6554,가입,2025-04-28 00:00:00
14584,6554,튜토리얼완료,2025-04-30 18:00:00
14585,6555,가입,2025-01-25 00:00:00
14586,6555,튜토리얼완료,2025-01-26 21:00:00
14587,6555,첫결제,2025-01-26 09:42:00
14588,6556,가입,2025-02-22 00:00:00
14589,6556,첫결제,2025-03-17 23:19:00
14590,6557,가입,2025-03-14 00:00:00
14591,6557,튜토리얼완료,2025-03-15 21:00:00
14592,6557,첫결제,2025-03-19 22:02:00
14593,6558,가입,2025-02-17 00:00:00
14594,6558,튜토리얼완료,2025-02-18 13:00:00
14595,6558,첫결제,2025-02-25 10:01:00
14596,6559,가입,2025-03-02 00:00:00
14597,6559,튜토리얼완료,2025-03-03 23:00:00
14598,6560,가입,2025-03-01 00:00:00
14599,6560,튜토리얼완료,2025-03-01 10:00:00
14600,6560,첫결제,2025-03-01 14:40:00
14601,6561,가입,2025-02-04 00:00:00
14602,6562,가입,2025-01-26 00:00:00
14603,6562,튜토리얼완료,2025-01-27 11:00:00
14604,6563,가입,2025-01-26 00:00:00
14605,6563,튜토리얼완료,2025-01-27 06:00:00
14606,6564,가입,2025-01-11 00:00:00
14607,6564,튜토리얼완료,2025-01-13 23:00:00
14608,6564,첫결제,2025-01-20 15:13:00
14609,6565,가입,2025-04-15 00:00:00
14610,6565,튜토리얼완료,2025-04-15 07:00:00
14611,6566,가입,2025-06-22 00:00:00
14612,6566,튜토리얼완료,2025-06-24 14:00:00
14613,6567,가입,2025-02-12 00:00:00
14614,6567,튜토리얼완료,2025-02-12 14:00:00
14615,6568,가입,2025-02-15 00:00:00
14616,6568,튜토리얼완료,2025-02-18 06:00:00
14617,6568,첫결제,2025-03-03 14:22:00
14618,6569,가입,2025-06-29 00:00:00
14619,6569,튜토리얼완료,2025-06-29 09:00:00
14620,6570,가입,2025-04-24 00:00:00
14621,6570,튜토리얼완료,2025-04-26 13:00:00
14622,6571,가입,2025-03-30 00:00:00
14623,6571,튜토리얼완료,2025-03-30 15:00:00
14624,6572,가입,2025-01-17 00:00:00
14625,6572,튜토리얼완료,2025-01-19 15:00:00
14626,6572,첫결제,2025-02-03 18:50:00
14627,6573,가입,2025-04-02 00:00:00
14628,6573,튜토리얼완료,2025-04-02 23:00:00
14629,6574,가입,2025-01-07 00:00:00
14630,6574,튜토리얼완료,2025-01-07 04:00:00
14631,6575,가입,2025-01-15 00:00:00
14632,6575,튜토리얼완료,2025-01-16 06:00:00
14633,6576,가입,2025-02-17 00:00:00
14634,6576,튜토리얼완료,2025-02-19 19:00:00
14635,6576,첫결제,2025-02-22 12:07:00
14636,6577,가입,2025-01-24 00:00:00
14637,6577,첫결제,2025-02-28 01:50:00
14638,6578,가입,2025-02-02 00:00:00
14639,6578,튜토리얼완료,2025-02-02 17:00:00
14640,6579,가입,2025-01-28 00:00:00
14641,6579,튜토리얼완료,2025-01-29 12:00:00
14642,6579,첫결제,2025-01-29 19:05:00
14643,6580,가입,2025-03-10 00:00:00
14644,6580,튜토리얼완료,2025-03-12 00:00:00
14645,6581,가입,2025-01-29 00:00:00
14646,6581,튜토리얼완료,2025-01-29 02:00:00
14647,6581,첫결제,2025-01-30 03:33:00
14648,6582,가입,2025-02-04 00:00:00
14649,6582,튜토리얼완료,2025-02-05 02:00:00
14650,6583,가입,2025-05-17 00:00:00
14651,6583,튜토리얼완료,2025-05-17 06:00:00
14652,6584,가입,2025-04-29 00:00:00
14653,6584,튜토리얼완료,2025-04-29 13:00:00
14654,6585,가입,2025-01-04 00:00:00
14655,6585,튜토리얼완료,2025-01-04 04:00:00
14656,6586,가입,2025-01-19 00:00:00
14657,6586,튜토리얼완료,2025-01-19 05:00:00
14658,6587,가입,2025-05-07 00:00:00
14659,6587,튜토리얼완료,2025-05-10 11:00:00
14660,6587,첫결제,2025-05-10 12:48:00
14661,6588,가입,2025-01-03 00:00:00
14662,6588,튜토리얼완료,2025-01-03 09:00:00
14663,6588,첫결제,2025-01-03 20:28:00
14664,6589,가입,2025-01-15 00:00:00
14665,6589,튜토리얼완료,2025-01-16 06:00:00
14666,6590,가입,2025-02-27 00:00:00
14667,6590,튜토리얼완료,2025-02-27 01:00:00
14668,6590,첫결제,2025-03-05 21:33:00
14669,6591,가입,2025-02-23 00:00:00
14670,6591,튜토리얼완료,2025-02-25 11:00:00
14671,6591,첫결제,2025-02-24 20:28:00
14672,6592,가입,2025-02-07 00:00:00
14673,6592,첫결제,2025-02-15 21:49:00
14674,6593,가입,2025-02-04 00:00:00
14675,6593,튜토리얼완료,2025-02-05 09:00:00
14676,6594,가입,2025-03-12 00:00:00
14677,6594,튜토리얼완료,2025-03-13 18:00:00
14678,6595,가입,2025-03-20 00:00:00
14679,6595,튜토리얼완료,2025-03-20 05:00:00
14680,6595,첫결제,2025-03-23 22:12:00
14681,6596,가입,2025-04-10 00:00:00
14682,6596,튜토리얼완료,2025-04-11 21:00:00
14683,6597,가입,2025-02-11 00:00:00
14684,6597,튜토리얼완료,2025-02-14 10:00:00
14685,6598,가입,2025-01-11 00:00:00
14686,6598,튜토리얼완료,2025-01-12 06:00:00
14687,6599,가입,2025-02-23 00:00:00
14688,6599,튜토리얼완료,2025-02-25 09:00:00
14689,6600,가입,2025-03-23 00:00:00
14690,6600,튜토리얼완료,2025-03-23 15:00:00
14691,6601,가입,2025-06-29 00:00:00
14692,6601,튜토리얼완료,2025-07-01 01:00:00
14693,6602,가입,2025-02-11 00:00:00
14694,6602,튜토리얼완료,2025-02-12 09:00:00
14695,6603,가입,2025-01-26 00:00:00
14696,6604,가입,2025-05-15 00:00:00
14697,6604,튜토리얼완료,2025-05-16 03:00:00
14698,6605,가입,2025-01-03 00:00:00
14699,6605,튜토리얼완료,2025-01-06 10:00:00
14700,6606,가입,2025-01-28 00:00:00
14701,6606,튜토리얼완료,2025-01-30 23:00:00
14702,6607,가입,2025-02-26 00:00:00
14703,6607,튜토리얼완료,2025-02-28 11:00:00
14704,6608,가입,2025-01-21 00:00:00
14705,6608,튜토리얼완료,2025-01-24 00:00:00
14706,6609,가입,2025-04-30 00:00:00
14707,6609,튜토리얼완료,2025-05-01 12:00:00
14708,6609,첫결제,2025-05-02 20:01:00
14709,6610,가입,2025-02-27 00:00:00
14710,6610,튜토리얼완료,2025-03-02 05:00:00
14711,6611,가입,2025-06-29 00:00:00
14712,6611,튜토리얼완료,2025-06-29 12:00:00
14713,6612,가입,2025-02-05 00:00:00
14714,6613,가입,2025-01-14 00:00:00
14715,6613,튜토리얼완료,2025-01-15 13:00:00
14716,6613,첫결제,2025-02-20 09:29:00
14717,6614,가입,2025-05-05 00:00:00
14718,6614,튜토리얼완료,2025-05-06 18:00:00
14719,6615,가입,2025-02-09 00:00:00
14720,6615,튜토리얼완료,2025-02-10 05:00:00
14721,6615,첫결제,2025-02-09 16:38:00
14722,6616,가입,2025-04-04 00:00:00
14723,6616,튜토리얼완료,2025-04-07 15:00:00
14724,6617,가입,2025-02-12 00:00:00
14725,6618,가입,2025-01-09 00:00:00
14726,6618,튜토리얼완료,2025-01-11 14:00:00
14727,6619,가입,2025-01-08 00:00:00
14728,6619,튜토리얼완료,2025-01-08 16:00:00
14729,6620,가입,2025-01-25 00:00:00
14730,6620,튜토리얼완료,2025-01-28 18:00:00
14731,6620,첫결제,2025-01-30 15:17:00
14732,6621,가입,2025-01-08 00:00:00
14733,6621,첫결제,2025-01-10 15:28:00
14734,6622,가입,2025-01-05 00:00:00
14735,6623,가입,2025-06-29 00:00:00
14736,6623,튜토리얼완료,2025-06-30 12:00:00
14737,6624,가입,2025-01-16 00:00:00
14738,6624,첫결제,2025-02-21 03:32:00
14739,6625,가입,2025-02-18 00:00:00
14740,6625,튜토리얼완료,2025-02-21 05:00:00
14741,6626,가입,2025-01-02 00:00:00
14742,6626,튜토리얼완료,2025-01-04 11:00:00
14743,6627,가입,2025-02-01 00:00:00
14744,6627,튜토리얼완료,2025-02-04 03:00:00
14745,6628,가입,2025-01-16 00:00:00
14746,6628,튜토리얼완료,2025-01-18 01:00:00
14747,6629,가입,2025-02-03 00:00:00
14748,6629,튜토리얼완료,2025-02-04 09:00:00
14749,6629,첫결제,2025-02-28 09:08:00
14750,6630,가입,2025-05-02 00:00:00
14751,6630,튜토리얼완료,2025-05-05 16:00:00
14752,6631,가입,2025-01-25 00:00:00
14753,6631,튜토리얼완료,2025-01-28 07:00:00
14754,6631,첫결제,2025-01-25 20:53:00
14755,6632,가입,2025-03-11 00:00:00
14756,6632,튜토리얼완료,2025-03-13 20:00:00
14757,6632,첫결제,2025-03-25 23:16:00
14758,6633,가입,2025-01-20 00:00:00
14759,6633,튜토리얼완료,2025-01-21 03:00:00
14760,6634,가입,2025-03-16 00:00:00
14761,6634,튜토리얼완료,2025-03-17 00:00:00
14762,6635,가입,2025-01-10 00:00:00
14763,6635,튜토리얼완료,2025-01-13 19:00:00
14764,6636,가입,2025-03-13 00:00:00
14765,6636,튜토리얼완료,2025-03-16 08:00:00
14766,6637,가입,2025-03-21 00:00:00
14767,6637,튜토리얼완료,2025-03-24 05:00:00
14768,6638,가입,2025-01-03 00:00:00
14769,6638,튜토리얼완료,2025-01-03 08:00:00
14770,6639,가입,2025-01-03 00:00:00
14771,6639,튜토리얼완료,2025-01-05 16:00:00
14772,6639,첫결제,2025-01-23 21:09:00
14773,6640,가입,2025-03-02 00:00:00
14774,6640,튜토리얼완료,2025-03-04 01:00:00
14775,6641,가입,2025-01-25 00:00:00
14776,6642,가입,2025-04-30 00:00:00
14777,6642,튜토리얼완료,2025-05-03 20:00:00
14778,6643,가입,2025-06-29 00:00:00
14779,6643,튜토리얼완료,2025-07-02 05:00:00
14780,6644,가입,2025-02-16 00:00:00
14781,6644,튜토리얼완료,2025-02-18 22:00:00
14782,6645,가입,2025-02-26 00:00:00
14783,6645,튜토리얼완료,2025-02-27 01:00:00
14784,6645,첫결제,2025-03-13 21:21:00
14785,6646,가입,2025-01-20 00:00:00
14786,6646,튜토리얼완료,2025-01-22 10:00:00
14787,6646,첫결제,2025-01-20 19:53:00
14788,6647,가입,2025-06-29 00:00:00
14789,6647,튜토리얼완료,2025-07-01 07:00:00
14790,6648,가입,2025-02-27 00:00:00
14791,6648,튜토리얼완료,2025-02-27 22:00:00
14792,6648,첫결제,2025-03-16 22:26:00
14793,6649,가입,2025-02-11 00:00:00
14794,6649,튜토리얼완료,2025-02-13 20:00:00
14795,6649,첫결제,2025-04-11 16:56:00
14796,6650,가입,2025-02-08 00:00:00
14797,6650,튜토리얼완료,2025-02-11 10:00:00
14798,6651,가입,2025-01-06 00:00:00
14799,6651,첫결제,2025-01-11 22:33:00
14800,6652,가입,2025-03-09 00:00:00
14801,6652,튜토리얼완료,2025-03-09 17:00:00
14802,6653,가입,2025-01-12 00:00:00
14803,6654,가입,2025-01-12 00:00:00
14804,6654,튜토리얼완료,2025-01-13 21:00:00
14805,6654,첫결제,2025-01-14 12:33:00
14806,6655,가입,2025-03-12 00:00:00
14807,6655,튜토리얼완료,2025-03-14 03:00:00
14808,6656,가입,2025-01-05 00:00:00
14809,6656,튜토리얼완료,2025-01-06 09:00:00
14810,6657,가입,2025-02-14 00:00:00
14811,6657,튜토리얼완료,2025-02-15 06:00:00
14812,6658,가입,2025-02-23 00:00:00
14813,6659,가입,2025-01-06 00:00:00
14814,6659,튜토리얼완료,2025-01-06 03:00:00
14815,6659,첫결제,2025-04-25 22:00:00
14816,6660,가입,2025-01-19 00:00:00
14817,6660,튜토리얼완료,2025-01-22 23:00:00
14818,6660,첫결제,2025-01-19 21:26:00
14819,6661,가입,2025-03-30 00:00:00
14820,6661,튜토리얼완료,2025-03-31 10:00:00
14821,6662,가입,2025-02-19 00:00:00
14822,6662,튜토리얼완료,2025-02-22 02:00:00
14823,6663,가입,2025-01-28 00:00:00
14824,6664,가입,2025-01-15 00:00:00
14825,6664,튜토리얼완료,2025-01-16 04:00:00
14826,6664,첫결제,2025-01-20 02:50:00
14827,6665,가입,2025-02-22 00:00:00
14828,6666,가입,2025-01-25 00:00:00
14829,6666,첫결제,2025-01-30 02:24:00
14830,6667,가입,2025-02-06 00:00:00
14831,6667,튜토리얼완료,2025-02-06 07:00:00
14832,6668,가입,2025-03-06 00:00:00
14833,6669,가입,2025-04-26 00:00:00
14834,6669,튜토리얼완료,2025-04-27 15:00:00
14835,6670,가입,2025-06-29 00:00:00
14836,6670,튜토리얼완료,2025-07-02 19:00:00
14837,6671,가입,2025-03-26 00:00:00
14838,6671,튜토리얼완료,2025-03-29 02:00:00
14839,6671,첫결제,2025-04-17 22:23:00
14840,6672,가입,2025-03-08 00:00:00
14841,6672,튜토리얼완료,2025-03-09 05:00:00
14842,6673,가입,2025-06-29 00:00:00
14843,6673,튜토리얼완료,2025-06-29 22:00:00
14844,6674,가입,2025-01-21 00:00:00
14845,6674,튜토리얼완료,2025-01-21 09:00:00
14846,6675,가입,2025-02-13 00:00:00
14847,6675,튜토리얼완료,2025-02-16 06:00:00
14848,6675,첫결제,2025-02-14 19:12:00
14849,6676,가입,2025-02-08 00:00:00
14850,6677,가입,2025-03-03 00:00:00
14851,6677,튜토리얼완료,2025-03-06 15:00:00
14852,6678,가입,2025-03-09 00:00:00
14853,6679,가입,2025-06-29 00:00:00
14854,6679,튜토리얼완료,2025-06-30 12:00:00
14855,6680,가입,2025-01-12 00:00:00
14856,6680,튜토리얼완료,2025-01-13 14:00:00
14857,6681,가입,2025-02-17 00:00:00
14858,6681,튜토리얼완료,2025-02-20 12:00:00
14859,6682,가입,2025-01-28 00:00:00
14860,6682,튜토리얼완료,2025-01-30 19:00:00
14861,6683,가입,2025-01-12 00:00:00
14862,6683,튜토리얼완료,2025-01-12 01:00:00
14863,6683,첫결제,2025-01-16 06:36:00
14864,6684,가입,2025-01-10 00:00:00
14865,6684,첫결제,2025-01-24 23:36:00
14866,6685,가입,2025-01-23 00:00:00
14867,6685,튜토리얼완료,2025-01-26 08:00:00
14868,6685,첫결제,2025-02-26 20:09:00
14869,6686,가입,2025-01-26 00:00:00
14870,6686,튜토리얼완료,2025-01-29 10:00:00
14871,6686,첫결제,2025-02-12 16:56:00
14872,6687,가입,2025-05-18 00:00:00
14873,6687,튜토리얼완료,2025-05-18 23:00:00
14874,6687,첫결제,2025-05-20 23:35:00
14875,6688,가입,2025-01-29 00:00:00
14876,6688,튜토리얼완료,2025-01-30 16:00:00
14877,6689,가입,2025-02-21 00:00:00
14878,6689,튜토리얼완료,2025-02-23 19:00:00
14879,6689,첫결제,2025-02-22 13:27:00
14880,6690,가입,2025-03-06 00:00:00
14881,6690,튜토리얼완료,2025-03-09 18:00:00
14882,6691,가입,2025-02-25 00:00:00
14883,6691,튜토리얼완료,2025-02-28 14:00:00
14884,6692,가입,2025-02-02 00:00:00
14885,6692,튜토리얼완료,2025-02-04 21:00:00
14886,6693,가입,2025-05-23 00:00:00
14887,6694,가입,2025-05-08 00:00:00
14888,6694,튜토리얼완료,2025-05-10 22:00:00
14889,6695,가입,2025-02-17 00:00:00
14890,6696,가입,2025-01-06 00:00:00
14891,6696,튜토리얼완료,2025-01-08 01:00:00
14892,6696,첫결제,2025-01-29 04:38:00
14893,6697,가입,2025-02-04 00:00:00
14894,6697,튜토리얼완료,2025-02-07 19:00:00
14895,6697,첫결제,2025-02-06 21:02:00
14896,6698,가입,2025-01-24 00:00:00
14897,6698,튜토리얼완료,2025-01-24 20:00:00
14898,6699,가입,2025-02-13 00:00:00
14899,6699,튜토리얼완료,2025-02-13 03:00:00
14900,6700,가입,2025-02-05 00:00:00
14901,6700,튜토리얼완료,2025-02-05 08:00:00
14902,6700,첫결제,2025-02-22 20:43:00
14903,6701,가입,2025-02-15 00:00:00
14904,6701,튜토리얼완료,2025-02-18 12:00:00
14905,6702,가입,2025-03-04 00:00:00
14906,6702,튜토리얼완료,2025-03-07 13:00:00
14907,6703,가입,2025-03-08 00:00:00
14908,6703,튜토리얼완료,2025-03-08 05:00:00
14909,6704,가입,2025-03-05 00:00:00
14910,6704,튜토리얼완료,2025-03-07 07:00:00
14911,6704,첫결제,2025-03-11 15:39:00
14912,6705,가입,2025-03-21 00:00:00
14913,6705,튜토리얼완료,2025-03-21 09:00:00
14914,6706,가입,2025-04-06 00:00:00
14915,6707,가입,2025-02-03 00:00:00
14916,6707,튜토리얼완료,2025-02-06 17:00:00
14917,6708,가입,2025-06-12 00:00:00
14918,6708,튜토리얼완료,2025-06-15 15:00:00
14919,6709,가입,2025-06-29 00:00:00
14920,6709,튜토리얼완료,2025-07-01 00:00:00
14921,6710,가입,2025-01-21 00:00:00
14922,6710,튜토리얼완료,2025-01-24 04:00:00
14923,6711,가입,2025-05-19 00:00:00
14924,6711,튜토리얼완료,2025-05-19 09:00:00
14925,6711,첫결제,2025-05-20 04:23:00
14926,6712,가입,2025-03-05 00:00:00
14927,6712,튜토리얼완료,2025-03-05 08:00:00
14928,6713,가입,2025-02-25 00:00:00
14929,6713,튜토리얼완료,2025-02-27 06:00:00
14930,6714,가입,2025-01-13 00:00:00
14931,6714,튜토리얼완료,2025-01-13 08:00:00
14932,6715,가입,2025-02-24 00:00:00
14933,6715,튜토리얼완료,2025-02-26 19:00:00
14934,6715,첫결제,2025-02-24 19:02:00
14935,6716,가입,2025-02-03 00:00:00
14936,6716,튜토리얼완료,2025-02-05 07:00:00
14937,6717,가입,2025-06-29 00:00:00
14938,6717,튜토리얼완료,2025-06-29 18:00:00
14939,6718,가입,2025-04-12 00:00:00
14940,6718,첫결제,2025-04-12 06:42:00
14941,6719,가입,2025-02-17 00:00:00
14942,6719,튜토리얼완료,2025-02-20 03:00:00
14943,6719,첫결제,2025-02-17 00:31:00
14944,6720,가입,2025-04-12 00:00:00
14945,6720,튜토리얼완료,2025-04-15 03:00:00
14946,6720,첫결제,2025-04-20 23:19:00
14947,6721,가입,2025-02-07 00:00:00
14948,6721,튜토리얼완료,2025-02-09 03:00:00
14949,6722,가입,2025-01-06 00:00:00
14950,6722,튜토리얼완료,2025-01-07 02:00:00
14951,6723,가입,2025-05-25 00:00:00
14952,6723,튜토리얼완료,2025-05-28 09:00:00
14953,6723,첫결제,2025-05-26 23:29:00
14954,6724,가입,2025-02-23 00:00:00
14955,6724,튜토리얼완료,2025-02-26 15:00:00
14956,6724,첫결제,2025-04-03 22:03:00
14957,6725,가입,2025-01-24 00:00:00
14958,6725,튜토리얼완료,2025-01-24 05:00:00
14959,6725,첫결제,2025-02-11 08:48:00
14960,6726,가입,2025-03-15 00:00:00
14961,6726,튜토리얼완료,2025-03-18 04:00:00
14962,6726,첫결제,2025-03-30 22:02:00
14963,6727,가입,2025-05-06 00:00:00
14964,6727,튜토리얼완료,2025-05-07 12:00:00
14965,6727,첫결제,2025-05-14 22:10:00
14966,6728,가입,2025-04-03 00:00:00
14967,6728,튜토리얼완료,2025-04-06 06:00:00
14968,6728,첫결제,2025-04-05 07:44:00
14969,6729,가입,2025-02-02 00:00:00
14970,6729,튜토리얼완료,2025-02-03 13:00:00
14971,6730,가입,2025-01-06 00:00:00
14972,6730,튜토리얼완료,2025-01-06 20:00:00
14973,6731,가입,2025-05-04 00:00:00
14974,6731,튜토리얼완료,2025-05-04 01:00:00
14975,6732,가입,2025-02-11 00:00:00
14976,6732,튜토리얼완료,2025-02-14 23:00:00
14977,6732,첫결제,2025-03-12 12:48:00
14978,6733,가입,2025-01-03 00:00:00
14979,6733,튜토리얼완료,2025-01-03 22:00:00
14980,6733,첫결제,2025-01-03 03:28:00
14981,6734,가입,2025-01-12 00:00:00
14982,6734,첫결제,2025-01-20 19:14:00
14983,6735,가입,2025-01-04 00:00:00
14984,6735,튜토리얼완료,2025-01-06 09:00:00
14985,6736,가입,2025-03-11 00:00:00
14986,6736,튜토리얼완료,2025-03-12 14:00:00
14987,6736,첫결제,2025-03-20 14:30:00
14988,6737,가입,2025-05-14 00:00:00
14989,6737,튜토리얼완료,2025-05-17 05:00:00
14990,6738,가입,2025-03-21 00:00:00
14991,6738,튜토리얼완료,2025-03-22 01:00:00
14992,6739,가입,2025-01-14 00:00:00
14993,6739,튜토리얼완료,2025-01-14 12:00:00
14994,6739,첫결제,2025-01-22 23:39:00
14995,6740,가입,2025-06-10 00:00:00
14996,6740,튜토리얼완료,2025-06-12 03:00:00
14997,6740,첫결제,2025-06-14 08:36:00
14998,6741,가입,2025-01-13 00:00:00
14999,6741,튜토리얼완료,2025-01-13 02:00:00
15000,6741,첫결제,2025-01-26 20:38:00
15001,6742,가입,2025-04-26 00:00:00
15002,6742,튜토리얼완료,2025-04-29 08:00:00
15003,6742,첫결제,2025-04-27 22:42:00
15004,6743,가입,2025-02-21 00:00:00
15005,6743,튜토리얼완료,2025-02-21 16:00:00
15006,6744,가입,2025-01-01 00:00:00
15007,6744,첫결제,2025-01-31 19:52:00
15008,6745,가입,2025-01-14 00:00:00
15009,6745,튜토리얼완료,2025-01-16 13:00:00
15010,6746,가입,2025-01-07 00:00:00
15011,6746,튜토리얼완료,2025-01-10 13:00:00
15012,6747,가입,2025-02-22 00:00:00
15013,6747,튜토리얼완료,2025-02-25 12:00:00
15014,6747,첫결제,2025-03-05 23:11:00
15015,6748,가입,2025-03-30 00:00:00
15016,6748,튜토리얼완료,2025-03-30 08:00:00
15017,6749,가입,2025-03-09 00:00:00
15018,6749,튜토리얼완료,2025-03-09 15:00:00
15019,6749,첫결제,2025-03-28 23:41:00
15020,6750,가입,2025-05-06 00:00:00
15021,6750,튜토리얼완료,2025-05-09 16:00:00
15022,6751,가입,2025-03-06 00:00:00
15023,6751,튜토리얼완료,2025-03-07 19:00:00
15024,6752,가입,2025-01-13 00:00:00
15025,6752,튜토리얼완료,2025-01-15 14:00:00
15026,6753,가입,2025-03-19 00:00:00
15027,6753,튜토리얼완료,2025-03-22 05:00:00
15028,6754,가입,2025-02-25 00:00:00
15029,6754,튜토리얼완료,2025-02-27 07:00:00
15030,6755,가입,2025-02-08 00:00:00
15031,6755,튜토리얼완료,2025-02-10 01:00:00
15032,6755,첫결제,2025-02-08 22:14:00
15033,6756,가입,2025-04-29 00:00:00
15034,6756,튜토리얼완료,2025-04-30 20:00:00
15035,6757,가입,2025-06-29 00:00:00
15036,6757,튜토리얼완료,2025-06-30 13:00:00
15037,6758,가입,2025-01-30 00:00:00
15038,6758,튜토리얼완료,2025-02-02 19:00:00
15039,6758,첫결제,2025-01-31 13:12:00
15040,6759,가입,2025-02-13 00:00:00
15041,6759,튜토리얼완료,2025-02-13 22:00:00
15042,6759,첫결제,2025-03-11 22:35:00
15043,6760,가입,2025-03-03 00:00:00
15044,6760,첫결제,2025-03-07 15:38:00
15045,6761,가입,2025-03-24 00:00:00
15046,6761,튜토리얼완료,2025-03-26 05:00:00
15047,6762,가입,2025-03-20 00:00:00
15048,6762,튜토리얼완료,2025-03-20 20:00:00
15049,6762,첫결제,2025-04-27 10:28:00
15050,6763,가입,2025-01-06 00:00:00
15051,6763,튜토리얼완료,2025-01-06 22:00:00
15052,6764,가입,2025-01-01 00:00:00
15053,6764,튜토리얼완료,2025-01-03 00:00:00
15054,6765,가입,2025-03-01 00:00:00
15055,6765,튜토리얼완료,2025-03-03 12:00:00
15056,6766,가입,2025-01-10 00:00:00
15057,6766,튜토리얼완료,2025-01-11 16:00:00
15058,6766,첫결제,2025-02-19 23:31:00
15059,6767,가입,2025-01-26 00:00:00
15060,6767,튜토리얼완료,2025-01-28 04:00:00
15061,6768,가입,2025-02-23 00:00:00
15062,6768,튜토리얼완료,2025-02-25 04:00:00
15063,6768,첫결제,2025-03-07 17:22:00
15064,6769,가입,2025-01-10 00:00:00
15065,6770,가입,2025-04-12 00:00:00
15066,6770,튜토리얼완료,2025-04-14 09:00:00
15067,6771,가입,2025-02-21 00:00:00
15068,6771,튜토리얼완료,2025-02-22 14:00:00
15069,6772,가입,2025-01-04 00:00:00
15070,6772,튜토리얼완료,2025-01-06 13:00:00
15071,6772,첫결제,2025-01-06 06:49:00
15072,6773,가입,2025-01-01 00:00:00
15073,6773,튜토리얼완료,2025-01-01 18:00:00
15074,6774,가입,2025-01-21 00:00:00
15075,6774,튜토리얼완료,2025-01-21 17:00:00
15076,6774,첫결제,2025-02-01 14:47:00
15077,6775,가입,2025-01-24 00:00:00
15078,6775,튜토리얼완료,2025-01-27 06:00:00
15079,6776,가입,2025-02-23 00:00:00
15080,6776,튜토리얼완료,2025-02-26 21:00:00
15081,6777,가입,2025-01-11 00:00:00
15082,6777,첫결제,2025-02-01 21:57:00
15083,6778,가입,2025-02-17 00:00:00
15084,6778,튜토리얼완료,2025-02-18 10:00:00
15085,6778,첫결제,2025-03-01 00:28:00
15086,6779,가입,2025-02-14 00:00:00
15087,6779,튜토리얼완료,2025-02-14 05:00:00
15088,6779,첫결제,2025-02-15 04:45:00
15089,6780,가입,2025-02-08 00:00:00
15090,6781,가입,2025-06-09 00:00:00
15091,6781,튜토리얼완료,2025-06-12 03:00:00
15092,6782,가입,2025-02-17 00:00:00
15093,6782,튜토리얼완료,2025-02-19 08:00:00
15094,6782,첫결제,2025-02-23 03:15:00
15095,6783,가입,2025-01-01 00:00:00
15096,6783,튜토리얼완료,2025-01-04 10:00:00
15097,6783,첫결제,2025-01-07 22:32:00
15098,6784,가입,2025-02-26 00:00:00
15099,6784,튜토리얼완료,2025-02-28 02:00:00
15100,6785,가입,2025-01-07 00:00:00
15101,6785,튜토리얼완료,2025-01-10 22:00:00
15102,6785,첫결제,2025-01-10 20:26:00
15103,6786,가입,2025-01-26 00:00:00
15104,6786,튜토리얼완료,2025-01-27 03:00:00
15105,6786,첫결제,2025-01-31 23:53:00
15106,6787,가입,2025-01-31 00:00:00
15107,6788,가입,2025-01-29 00:00:00
15108,6788,튜토리얼완료,2025-02-01 08:00:00
15109,6788,첫결제,2025-02-04 12:17:00
15110,6789,가입,2025-01-15 00:00:00
15111,6789,튜토리얼완료,2025-01-15 07:00:00
15112,6790,가입,2025-03-27 00:00:00
15113,6790,튜토리얼완료,2025-03-30 22:00:00
15114,6791,가입,2025-02-22 00:00:00
15115,6791,튜토리얼완료,2025-02-24 02:00:00
15116,6791,첫결제,2025-03-11 21:29:00
15117,6792,가입,2025-02-04 00:00:00
15118,6792,튜토리얼완료,2025-02-05 19:00:00
15119,6793,가입,2025-05-06 00:00:00
15120,6793,튜토리얼완료,2025-05-09 15:00:00
15121,6794,가입,2025-02-15 00:00:00
15122,6794,튜토리얼완료,2025-02-16 06:00:00
15123,6794,첫결제,2025-03-06 23:04:00
15124,6795,가입,2025-02-14 00:00:00
15125,6795,튜토리얼완료,2025-02-16 07:00:00
15126,6795,첫결제,2025-02-14 04:10:00
15127,6796,가입,2025-01-24 00:00:00
15128,6796,튜토리얼완료,2025-01-27 22:00:00
15129,6797,가입,2025-02-19 00:00:00
15130,6798,가입,2025-01-23 00:00:00
15131,6798,튜토리얼완료,2025-01-25 20:00:00
15132,6799,가입,2025-03-05 00:00:00
15133,6799,튜토리얼완료,2025-03-07 22:00:00
15134,6800,가입,2025-01-28 00:00:00
15135,6800,튜토리얼완료,2025-01-31 00:00:00
15136,6800,첫결제,2025-02-21 03:38:00
15137,6801,가입,2025-02-06 00:00:00
15138,6801,튜토리얼완료,2025-02-07 09:00:00
15139,6802,가입,2025-03-27 00:00:00
15140,6802,튜토리얼완료,2025-03-27 07:00:00
15141,6802,첫결제,2025-03-30 02:46:00
15142,6803,가입,2025-01-03 00:00:00
15143,6803,튜토리얼완료,2025-01-05 04:00:00
15144,6804,가입,2025-01-15 00:00:00
15145,6804,튜토리얼완료,2025-01-18 07:00:00
15146,6804,첫결제,2025-01-16 06:31:00
15147,6805,가입,2025-02-27 00:00:00
15148,6806,가입,2025-01-10 00:00:00
15149,6806,튜토리얼완료,2025-01-11 12:00:00
15150,6806,첫결제,2025-01-11 11:16:00
15151,6807,가입,2025-02-15 00:00:00
15152,6807,첫결제,2025-02-19 03:59:00
15153,6808,가입,2025-03-22 00:00:00
15154,6808,튜토리얼완료,2025-03-25 20:00:00
15155,6808,첫결제,2025-03-27 22:04:00
15156,6809,가입,2025-01-13 00:00:00
15157,6809,튜토리얼완료,2025-01-14 16:00:00
15158,6810,가입,2025-01-10 00:00:00
15159,6810,첫결제,2025-01-25 23:25:00
15160,6811,가입,2025-02-27 00:00:00
15161,6811,튜토리얼완료,2025-03-01 12:00:00
15162,6812,가입,2025-01-22 00:00:00
15163,6812,튜토리얼완료,2025-01-24 08:00:00
15164,6812,첫결제,2025-02-10 23:11:00
15165,6813,가입,2025-01-03 00:00:00
15166,6813,튜토리얼완료,2025-01-03 18:00:00
15167,6813,첫결제,2025-01-12 03:25:00
15168,6814,가입,2025-01-22 00:00:00
15169,6814,튜토리얼완료,2025-01-25 04:00:00
15170,6815,가입,2025-01-20 00:00:00
15171,6816,가입,2025-03-01 00:00:00
15172,6816,튜토리얼완료,2025-03-03 05:00:00
15173,6817,가입,2025-06-11 00:00:00
15174,6817,튜토리얼완료,2025-06-14 17:00:00
15175,6817,첫결제,2025-06-11 02:14:00
15176,6818,가입,2025-02-02 00:00:00
15177,6818,튜토리얼완료,2025-02-03 03:00:00
15178,6819,가입,2025-02-05 00:00:00
15179,6820,가입,2025-01-25 00:00:00
15180,6820,첫결제,2025-01-27 09:06:00
15181,6821,가입,2025-01-15 00:00:00
15182,6821,튜토리얼완료,2025-01-16 00:00:00
15183,6821,첫결제,2025-01-30 01:25:00
15184,6822,가입,2025-05-25 00:00:00
15185,6822,튜토리얼완료,2025-05-26 08:00:00
15186,6823,가입,2025-01-19 00:00:00
15187,6824,가입,2025-06-08 00:00:00
15188,6824,튜토리얼완료,2025-06-11 17:00:00
15189,6825,가입,2025-01-25 00:00:00
15190,6825,튜토리얼완료,2025-01-26 21:00:00
15191,6825,첫결제,2025-01-29 03:20:00
15192,6826,가입,2025-06-29 00:00:00
15193,6827,가입,2025-01-22 00:00:00
15194,6828,가입,2025-01-12 00:00:00
15195,6828,튜토리얼완료,2025-01-14 17:00:00
15196,6828,첫결제,2025-01-25 21:35:00
15197,6829,가입,2025-06-29 00:00:00
15198,6829,튜토리얼완료,2025-07-01 05:00:00
15199,6830,가입,2025-03-21 00:00:00
15200,6830,튜토리얼완료,2025-03-23 03:00:00
15201,6830,첫결제,2025-03-25 15:31:00
15202,6831,가입,2025-03-26 00:00:00
15203,6831,첫결제,2025-04-23 19:14:00
15204,6832,가입,2025-06-29 00:00:00
15205,6833,가입,2025-02-28 00:00:00
15206,6833,튜토리얼완료,2025-03-03 16:00:00
15207,6834,가입,2025-01-19 00:00:00
15208,6834,튜토리얼완료,2025-01-20 10:00:00
15209,6835,가입,2025-02-06 00:00:00
15210,6835,튜토리얼완료,2025-02-08 10:00:00
15211,6836,가입,2025-01-10 00:00:00
15212,6837,가입,2025-02-25 00:00:00
15213,6837,튜토리얼완료,2025-02-26 02:00:00
15214,6838,가입,2025-02-04 00:00:00
15215,6838,튜토리얼완료,2025-02-07 08:00:00
15216,6839,가입,2025-01-08 00:00:00
15217,6839,튜토리얼완료,2025-01-08 10:00:00
15218,6840,가입,2025-02-04 00:00:00
15219,6840,튜토리얼완료,2025-02-04 16:00:00
15220,6841,가입,2025-01-17 00:00:00
15221,6842,가입,2025-04-02 00:00:00
15222,6842,튜토리얼완료,2025-04-04 04:00:00
15223,6843,가입,2025-02-05 00:00:00
15224,6843,튜토리얼완료,2025-02-06 05:00:00
15225,6843,첫결제,2025-02-07 23:45:00
15226,6844,가입,2025-03-10 00:00:00
15227,6844,튜토리얼완료,2025-03-12 15:00:00
15228,6845,가입,2025-02-25 00:00:00
15229,6845,튜토리얼완료,2025-02-26 14:00:00
15230,6845,첫결제,2025-03-04 22:31:00
15231,6846,가입,2025-01-15 00:00:00
15232,6846,튜토리얼완료,2025-01-18 03:00:00
15233,6846,첫결제,2025-02-17 05:21:00
15234,6847,가입,2025-05-09 00:00:00
15235,6847,튜토리얼완료,2025-05-12 21:00:00
15236,6847,첫결제,2025-05-17 08:53:00
15237,6848,가입,2025-01-10 00:00:00
15238,6848,튜토리얼완료,2025-01-12 04:00:00
15239,6848,첫결제,2025-01-14 22:41:00
15240,6849,가입,2025-01-21 00:00:00
15241,6849,튜토리얼완료,2025-01-22 22:00:00
15242,6849,첫결제,2025-01-25 22:19:00
15243,6850,가입,2025-01-02 00:00:00
15244,6850,튜토리얼완료,2025-01-02 08:00:00
15245,6851,가입,2025-03-03 00:00:00
15246,6851,튜토리얼완료,2025-03-04 02:00:00
15247,6852,가입,2025-01-10 00:00:00
15248,6852,튜토리얼완료,2025-01-11 23:00:00
15249,6852,첫결제,2025-03-23 21:38:00
15250,6853,가입,2025-03-25 00:00:00
15251,6853,튜토리얼완료,2025-03-25 07:00:00
15252,6853,첫결제,2025-03-29 03:15:00
15253,6854,가입,2025-01-26 00:00:00
15254,6854,튜토리얼완료,2025-01-26 10:00:00
15255,6855,가입,2025-01-24 00:00:00
15256,6855,튜토리얼완료,2025-01-27 04:00:00
15257,6855,첫결제,2025-01-24 07:17:00
15258,6856,가입,2025-01-05 00:00:00
15259,6856,튜토리얼완료,2025-01-08 15:00:00
15260,6856,첫결제,2025-01-05 23:10:00
15261,6857,가입,2025-04-29 00:00:00
15262,6857,튜토리얼완료,2025-05-02 02:00:00
15263,6857,첫결제,2025-04-30 04:12:00
15264,6858,가입,2025-06-29 00:00:00
15265,6858,튜토리얼완료,2025-06-30 07:00:00
15266,6859,가입,2025-01-22 00:00:00
15267,6859,튜토리얼완료,2025-01-22 18:00:00
15268,6860,가입,2025-01-25 00:00:00
15269,6860,튜토리얼완료,2025-01-27 12:00:00
15270,6861,가입,2025-02-24 00:00:00
15271,6861,튜토리얼완료,2025-02-24 15:00:00
15272,6862,가입,2025-02-12 00:00:00
15273,6862,튜토리얼완료,2025-02-13 10:00:00
15274,6863,가입,2025-06-07 00:00:00
15275,6863,튜토리얼완료,2025-06-10 12:00:00
15276,6864,가입,2025-02-22 00:00:00
15277,6864,튜토리얼완료,2025-02-23 07:00:00
15278,6864,첫결제,2025-03-03 23:05:00
15279,6865,가입,2025-06-29 00:00:00
15280,6865,튜토리얼완료,2025-07-01 04:00:00
15281,6866,가입,2025-05-01 00:00:00
15282,6866,튜토리얼완료,2025-05-03 13:00:00
15283,6866,첫결제,2025-05-20 15:43:00
15284,6867,가입,2025-02-03 00:00:00
15285,6867,튜토리얼완료,2025-02-03 07:00:00
15286,6868,가입,2025-02-02 00:00:00
15287,6868,튜토리얼완료,2025-02-02 20:00:00
15288,6868,첫결제,2025-02-05 19:57:00
15289,6869,가입,2025-03-26 00:00:00
15290,6869,튜토리얼완료,2025-03-29 17:00:00
15291,6869,첫결제,2025-03-27 22:59:00
15292,6870,가입,2025-04-13 00:00:00
15293,6870,튜토리얼완료,2025-04-15 07:00:00
15294,6870,첫결제,2025-04-24 22:25:00
15295,6871,가입,2025-02-16 00:00:00
15296,6871,튜토리얼완료,2025-02-17 12:00:00
15297,6872,가입,2025-01-01 00:00:00
15298,6872,튜토리얼완료,2025-01-02 01:00:00
15299,6873,가입,2025-03-09 00:00:00
15300,6873,튜토리얼완료,2025-03-09 23:00:00
15301,6874,가입,2025-04-14 00:00:00
15302,6874,튜토리얼완료,2025-04-16 11:00:00
15303,6874,첫결제,2025-05-02 19:00:00
15304,6875,가입,2025-01-10 00:00:00
15305,6875,튜토리얼완료,2025-01-11 15:00:00
15306,6875,첫결제,2025-01-10 22:11:00
15307,6876,가입,2025-04-07 00:00:00
15308,6876,튜토리얼완료,2025-04-09 12:00:00
15309,6877,가입,2025-01-28 00:00:00
15310,6877,튜토리얼완료,2025-01-28 17:00:00
15311,6878,가입,2025-01-23 00:00:00
15312,6878,튜토리얼완료,2025-01-25 06:00:00
15313,6879,가입,2025-02-18 00:00:00
15314,6879,튜토리얼완료,2025-02-21 06:00:00
15315,6880,가입,2025-03-27 00:00:00
15316,6880,튜토리얼완료,2025-03-29 01:00:00
15317,6880,첫결제,2025-04-07 20:42:00
15318,6881,가입,2025-01-30 00:00:00
15319,6881,튜토리얼완료,2025-01-30 13:00:00
15320,6882,가입,2025-02-03 00:00:00
15321,6882,튜토리얼완료,2025-02-06 01:00:00
15322,6882,첫결제,2025-03-03 16:24:00
15323,6883,가입,2025-02-24 00:00:00
15324,6883,튜토리얼완료,2025-02-24 09:00:00
15325,6884,가입,2025-06-29 00:00:00
15326,6884,튜토리얼완료,2025-06-29 06:00:00
15327,6885,가입,2025-01-21 00:00:00
15328,6885,튜토리얼완료,2025-01-22 21:00:00
15329,6886,가입,2025-01-13 00:00:00
15330,6886,튜토리얼완료,2025-01-15 22:00:00
15331,6886,첫결제,2025-01-23 02:21:00
15332,6887,가입,2025-02-23 00:00:00
15333,6887,튜토리얼완료,2025-02-24 01:00:00
15334,6887,첫결제,2025-03-03 18:12:00
15335,6888,가입,2025-02-05 00:00:00
15336,6888,튜토리얼완료,2025-02-06 21:00:00
15337,6888,첫결제,2025-02-17 21:10:00
15338,6889,가입,2025-01-27 00:00:00
15339,6889,튜토리얼완료,2025-01-30 22:00:00
15340,6890,가입,2025-03-27 00:00:00
15341,6890,튜토리얼완료,2025-03-29 23:00:00
15342,6891,가입,2025-02-27 00:00:00
15343,6891,튜토리얼완료,2025-03-02 04:00:00
15344,6891,첫결제,2025-04-25 17:46:00
15345,6892,가입,2025-01-12 00:00:00
15346,6892,튜토리얼완료,2025-01-12 01:00:00
15347,6892,첫결제,2025-01-12 19:26:00
15348,6893,가입,2025-06-29 00:00:00
15349,6893,튜토리얼완료,2025-07-02 06:00:00
15350,6894,가입,2025-04-02 00:00:00
15351,6894,튜토리얼완료,2025-04-03 08:00:00
15352,6895,가입,2025-01-08 00:00:00
15353,6895,튜토리얼완료,2025-01-09 12:00:00
15354,6896,가입,2025-03-31 00:00:00
15355,6896,튜토리얼완료,2025-04-03 13:00:00
15356,6896,첫결제,2025-04-22 06:15:00
15357,6897,가입,2025-05-19 00:00:00
15358,6898,가입,2025-03-26 00:00:00
15359,6898,튜토리얼완료,2025-03-26 12:00:00
15360,6899,가입,2025-02-13 00:00:00
15361,6900,가입,2025-01-19 00:00:00
15362,6900,튜토리얼완료,2025-01-21 02:00:00
15363,6900,첫결제,2025-02-07 08:01:00
15364,6901,가입,2025-05-20 00:00:00
15365,6902,가입,2025-03-30 00:00:00
15366,6902,튜토리얼완료,2025-04-02 21:00:00
15367,6903,가입,2025-05-07 00:00:00
15368,6903,첫결제,2025-05-12 23:24:00
15369,6904,가입,2025-02-02 00:00:00
15370,6904,튜토리얼완료,2025-02-04 20:00:00
15371,6905,가입,2025-01-08 00:00:00
15372,6905,튜토리얼완료,2025-01-09 18:00:00
15373,6906,가입,2025-01-24 00:00:00
15374,6906,튜토리얼완료,2025-01-27 09:00:00
15375,6907,가입,2025-03-28 00:00:00
15376,6907,튜토리얼완료,2025-03-30 00:00:00
15377,6908,가입,2025-02-11 00:00:00
15378,6909,가입,2025-02-03 00:00:00
15379,6910,가입,2025-02-14 00:00:00
15380,6910,튜토리얼완료,2025-02-16 19:00:00
15381,6911,가입,2025-06-23 00:00:00
15382,6911,튜토리얼완료,2025-06-25 02:00:00
15383,6911,첫결제,2025-06-23 22:03:00
15384,6912,가입,2025-02-09 00:00:00
15385,6912,튜토리얼완료,2025-02-11 14:00:00
15386,6912,첫결제,2025-02-19 23:32:00
15387,6913,가입,2025-04-14 00:00:00
15388,6913,튜토리얼완료,2025-04-17 02:00:00
15389,6914,가입,2025-01-08 00:00:00
15390,6914,튜토리얼완료,2025-01-08 03:00:00
15391,6914,첫결제,2025-01-08 20:10:00
15392,6915,가입,2025-02-03 00:00:00
15393,6915,튜토리얼완료,2025-02-06 04:00:00
15394,6916,가입,2025-01-02 00:00:00
15395,6916,튜토리얼완료,2025-01-04 14:00:00
15396,6916,첫결제,2025-01-03 05:56:00
15397,6917,가입,2025-01-08 00:00:00
15398,6917,튜토리얼완료,2025-01-10 06:00:00
15399,6918,가입,2025-01-16 00:00:00
15400,6918,튜토리얼완료,2025-01-19 02:00:00
15401,6919,가입,2025-02-16 00:00:00
15402,6919,튜토리얼완료,2025-02-18 06:00:00
15403,6920,가입,2025-06-24 00:00:00
15404,6920,튜토리얼완료,2025-06-25 01:00:00
15405,6921,가입,2025-03-28 00:00:00
15406,6921,튜토리얼완료,2025-03-29 16:00:00
15407,6922,가입,2025-01-01 00:00:00
15408,6922,튜토리얼완료,2025-01-04 06:00:00
15409,6923,가입,2025-01-12 00:00:00
15410,6923,튜토리얼완료,2025-01-14 11:00:00
15411,6923,첫결제,2025-01-15 12:29:00
15412,6924,가입,2025-05-25 00:00:00
15413,6925,가입,2025-06-29 00:00:00
15414,6925,튜토리얼완료,2025-07-01 02:00:00
15415,6926,가입,2025-03-20 00:00:00
15416,6926,튜토리얼완료,2025-03-21 09:00:00
15417,6926,첫결제,2025-03-20 04:56:00
15418,6927,가입,2025-04-18 00:00:00
15419,6927,튜토리얼완료,2025-04-19 20:00:00
15420,6928,가입,2025-03-04 00:00:00
15421,6929,가입,2025-03-17 00:00:00
15422,6930,가입,2025-04-16 00:00:00
15423,6930,튜토리얼완료,2025-04-16 10:00:00
15424,6931,가입,2025-01-29 00:00:00
15425,6931,첫결제,2025-02-16 15:38:00
15426,6932,가입,2025-01-19 00:00:00
15427,6932,튜토리얼완료,2025-01-21 22:00:00
15428,6933,가입,2025-01-25 00:00:00
15429,6933,튜토리얼완료,2025-01-25 17:00:00
15430,6934,가입,2025-04-30 00:00:00
15431,6934,튜토리얼완료,2025-05-03 20:00:00
15432,6934,첫결제,2025-05-07 04:27:00
15433,6935,가입,2025-01-16 00:00:00
15434,6935,첫결제,2025-03-24 11:53:00
15435,6936,가입,2025-06-24 00:00:00
15436,6937,가입,2025-01-27 00:00:00
15437,6937,튜토리얼완료,2025-01-30 19:00:00
15438,6938,가입,2025-01-04 00:00:00
15439,6939,가입,2025-05-29 00:00:00
15440,6939,튜토리얼완료,2025-05-31 14:00:00
15441,6939,첫결제,2025-06-02 19:09:00
15442,6940,가입,2025-04-02 00:00:00
15443,6940,튜토리얼완료,2025-04-04 14:00:00
15444,6941,가입,2025-05-22 00:00:00
15445,6941,튜토리얼완료,2025-05-23 15:00:00
15446,6941,첫결제,2025-05-22 04:12:00
15447,6942,가입,2025-02-10 00:00:00
15448,6942,튜토리얼완료,2025-02-10 21:00:00
15449,6942,첫결제,2025-02-16 19:26:00
15450,6943,가입,2025-01-27 00:00:00
15451,6943,튜토리얼완료,2025-01-30 04:00:00
15452,6943,첫결제,2025-03-10 23:58:00
15453,6944,가입,2025-04-12 00:00:00
15454,6944,튜토리얼완료,2025-04-15 18:00:00
15455,6945,가입,2025-02-20 00:00:00
15456,6945,튜토리얼완료,2025-02-21 09:00:00
15457,6945,첫결제,2025-02-28 23:12:00
15458,6946,가입,2025-01-29 00:00:00
15459,6946,첫결제,2025-02-18 20:52:00
15460,6947,가입,2025-02-08 00:00:00
15461,6947,튜토리얼완료,2025-02-10 07:00:00
15462,6947,첫결제,2025-02-24 21:37:00
15463,6948,가입,2025-02-02 00:00:00
15464,6948,튜토리얼완료,2025-02-03 20:00:00
15465,6948,첫결제,2025-02-06 07:48:00
15466,6949,가입,2025-01-01 00:00:00
15467,6949,첫결제,2025-01-09 22:50:00
15468,6950,가입,2025-01-25 00:00:00
15469,6950,튜토리얼완료,2025-01-25 22:00:00
15470,6951,가입,2025-03-12 00:00:00
15471,6951,튜토리얼완료,2025-03-13 20:00:00
15472,6951,첫결제,2025-04-25 15:21:00
15473,6952,가입,2025-01-01 00:00:00
15474,6952,튜토리얼완료,2025-01-01 09:00:00
15475,6952,첫결제,2025-01-01 22:49:00
15476,6953,가입,2025-02-07 00:00:00
15477,6953,첫결제,2025-02-15 19:23:00
15478,6954,가입,2025-02-13 00:00:00
15479,6954,튜토리얼완료,2025-02-14 15:00:00
15480,6955,가입,2025-01-04 00:00:00
15481,6955,튜토리얼완료,2025-01-05 19:00:00
15482,6956,가입,2025-03-09 00:00:00
15483,6956,튜토리얼완료,2025-03-12 01:00:00
15484,6956,첫결제,2025-03-16 19:48:00
15485,6957,가입,2025-06-29 00:00:00
15486,6958,가입,2025-06-08 00:00:00
15487,6958,튜토리얼완료,2025-06-10 23:00:00
15488,6959,가입,2025-01-12 00:00:00
15489,6959,튜토리얼완료,2025-01-12 16:00:00
15490,6960,가입,2025-01-07 00:00:00
15491,6960,첫결제,2025-01-17 08:21:00
15492,6961,가입,2025-03-24 00:00:00
15493,6961,튜토리얼완료,2025-03-26 13:00:00
15494,6962,가입,2025-06-29 00:00:00
15495,6962,튜토리얼완료,2025-06-30 18:00:00
15496,6963,가입,2025-01-02 00:00:00
15497,6964,가입,2025-01-24 00:00:00
15498,6964,튜토리얼완료,2025-01-26 06:00:00
15499,6964,첫결제,2025-02-07 17:05:00
15500,6965,가입,2025-01-13 00:00:00
15501,6965,튜토리얼완료,2025-01-15 04:00:00
15502,6965,첫결제,2025-01-29 03:52:00
15503,6966,가입,2025-01-25 00:00:00
15504,6966,튜토리얼완료,2025-01-27 22:00:00
15505,6966,첫결제,2025-02-01 23:01:00
15506,6967,가입,2025-03-22 00:00:00
15507,6967,튜토리얼완료,2025-03-23 17:00:00
15508,6968,가입,2025-01-04 00:00:00
15509,6968,튜토리얼완료,2025-01-04 23:00:00
15510,6969,가입,2025-02-17 00:00:00
15511,6969,튜토리얼완료,2025-02-18 08:00:00
15512,6969,첫결제,2025-03-18 11:56:00
15513,6970,가입,2025-01-07 00:00:00
15514,6970,튜토리얼완료,2025-01-08 04:00:00
15515,6970,첫결제,2025-01-17 19:59:00
15516,6971,가입,2025-01-01 00:00:00
15517,6971,튜토리얼완료,2025-01-02 09:00:00
15518,6971,첫결제,2025-02-10 04:08:00
15519,6972,가입,2025-01-09 00:00:00
15520,6972,튜토리얼완료,2025-01-10 13:00:00
15521,6973,가입,2025-01-03 00:00:00
15522,6973,튜토리얼완료,2025-01-04 09:00:00
15523,6974,가입,2025-03-12 00:00:00
15524,6974,튜토리얼완료,2025-03-12 09:00:00
15525,6974,첫결제,2025-04-22 22:34:00
15526,6975,가입,2025-01-20 00:00:00
15527,6975,튜토리얼완료,2025-01-21 01:00:00
15528,6976,가입,2025-01-28 00:00:00
15529,6976,튜토리얼완료,2025-01-30 03:00:00
15530,6977,가입,2025-01-23 00:00:00
15531,6977,튜토리얼완료,2025-01-25 17:00:00
15532,6977,첫결제,2025-01-31 18:06:00
15533,6978,가입,2025-01-19 00:00:00
15534,6978,튜토리얼완료,2025-01-21 09:00:00
15535,6978,첫결제,2025-01-20 04:25:00
15536,6979,가입,2025-05-10 00:00:00
15537,6980,가입,2025-02-11 00:00:00
15538,6980,튜토리얼완료,2025-02-11 11:00:00
15539,6981,가입,2025-02-11 00:00:00
15540,6981,첫결제,2025-05-16 12:17:00
15541,6982,가입,2025-02-18 00:00:00
15542,6982,튜토리얼완료,2025-02-21 23:00:00
15543,6982,첫결제,2025-02-18 00:17:00
15544,6983,가입,2025-01-09 00:00:00
15545,6983,튜토리얼완료,2025-01-11 16:00:00
15546,6984,가입,2025-02-02 00:00:00
15547,6984,튜토리얼완료,2025-02-02 15:00:00
15548,6985,가입,2025-03-02 00:00:00
15549,6986,가입,2025-03-06 00:00:00
15550,6987,가입,2025-01-24 00:00:00
15551,6987,튜토리얼완료,2025-01-27 15:00:00
15552,6988,가입,2025-01-07 00:00:00
15553,6988,튜토리얼완료,2025-01-07 02:00:00
15554,6988,첫결제,2025-01-14 21:01:00
15555,6989,가입,2025-02-02 00:00:00
15556,6989,튜토리얼완료,2025-02-05 20:00:00
15557,6990,가입,2025-05-11 00:00:00
15558,6990,튜토리얼완료,2025-05-12 07:00:00
15559,6991,가입,2025-03-06 00:00:00
15560,6991,튜토리얼완료,2025-03-07 07:00:00
15561,6992,가입,2025-01-24 00:00:00
15562,6992,튜토리얼완료,2025-01-25 03:00:00
15563,6993,가입,2025-06-29 00:00:00
15564,6993,튜토리얼완료,2025-06-29 11:00:00
15565,6994,가입,2025-02-26 00:00:00
15566,6995,가입,2025-06-29 00:00:00
15567,6996,가입,2025-02-08 00:00:00
15568,6996,튜토리얼완료,2025-02-10 22:00:00
15569,6997,가입,2025-01-12 00:00:00
15570,6997,튜토리얼완료,2025-01-13 05:00:00
15571,6998,가입,2025-01-21 00:00:00
15572,6998,튜토리얼완료,2025-01-21 09:00:00
15573,6999,가입,2025-04-09 00:00:00
15574,6999,튜토리얼완료,2025-04-10 23:00:00
15575,6999,첫결제,2025-04-16 00:50:00
15576,7000,가입,2025-02-19 00:00:00
15577,7000,튜토리얼완료,2025-02-22 08:00:00
15578,7000,첫결제,2025-02-22 23:21:00
15579,7001,가입,2025-01-11 00:00:00
15580,7001,튜토리얼완료,2025-01-14 17:00:00
15581,7002,가입,2025-05-11 00:00:00
15582,7002,튜토리얼완료,2025-05-12 22:00:00
15583,7003,가입,2025-01-18 00:00:00
15584,7003,튜토리얼완료,2025-01-18 23:00:00
15585,7003,첫결제,2025-01-21 23:42:00
15586,7004,가입,2025-04-23 00:00:00
15587,7004,튜토리얼완료,2025-04-24 23:00:00
15588,7005,가입,2025-01-03 00:00:00
15589,7005,튜토리얼완료,2025-01-04 13:00:00
15590,7005,첫결제,2025-01-30 22:56:00
15591,7006,가입,2025-03-20 00:00:00
15592,7006,튜토리얼완료,2025-03-20 21:00:00
15593,7006,첫결제,2025-04-15 23:55:00
15594,7007,가입,2025-01-03 00:00:00
15595,7008,가입,2025-02-28 00:00:00
15596,7008,튜토리얼완료,2025-03-01 16:00:00
15597,7009,가입,2025-01-28 00:00:00
15598,7009,튜토리얼완료,2025-01-28 13:00:00
15599,7009,첫결제,2025-01-28 20:30:00
15600,7010,가입,2025-05-27 00:00:00
15601,7010,튜토리얼완료,2025-05-28 00:00:00
15602,7011,가입,2025-02-03 00:00:00
15603,7011,튜토리얼완료,2025-02-05 19:00:00
15604,7011,첫결제,2025-02-11 03:08:00
15605,7012,가입,2025-05-25 00:00:00
15606,7012,튜토리얼완료,2025-05-26 07:00:00
15607,7012,첫결제,2025-06-17 19:26:00
15608,7013,가입,2025-02-12 00:00:00
15609,7013,튜토리얼완료,2025-02-13 19:00:00
15610,7014,가입,2025-01-05 00:00:00
15611,7014,튜토리얼완료,2025-01-07 08:00:00
15612,7015,가입,2025-01-16 00:00:00
15613,7015,튜토리얼완료,2025-01-18 23:00:00
15614,7016,가입,2025-02-05 00:00:00
15615,7016,튜토리얼완료,2025-02-08 07:00:00
15616,7017,가입,2025-06-21 00:00:00
15617,7017,튜토리얼완료,2025-06-23 13:00:00
15618,7018,가입,2025-01-17 00:00:00
15619,7019,가입,2025-05-01 00:00:00
15620,7019,튜토리얼완료,2025-05-04 13:00:00
15621,7019,첫결제,2025-05-02 17:03:00
15622,7020,가입,2025-03-09 00:00:00
15623,7020,튜토리얼완료,2025-03-11 04:00:00
15624,7020,첫결제,2025-03-13 15:10:00
15625,7021,가입,2025-04-14 00:00:00
15626,7021,튜토리얼완료,2025-04-17 00:00:00
15627,7022,가입,2025-02-12 00:00:00
15628,7022,튜토리얼완료,2025-02-13 22:00:00
15629,7022,첫결제,2025-03-08 01:45:00
15630,7023,가입,2025-01-16 00:00:00
15631,7023,첫결제,2025-01-16 21:10:00
15632,7024,가입,2025-01-21 00:00:00
15633,7024,튜토리얼완료,2025-01-21 22:00:00
15634,7024,첫결제,2025-02-02 23:14:00
15635,7025,가입,2025-02-15 00:00:00
15636,7025,튜토리얼완료,2025-02-18 10:00:00
15637,7026,가입,2025-04-08 00:00:00
15638,7026,튜토리얼완료,2025-04-09 20:00:00
15639,7027,가입,2025-02-26 00:00:00
15640,7027,튜토리얼완료,2025-03-01 19:00:00
15641,7028,가입,2025-05-28 00:00:00
15642,7028,튜토리얼완료,2025-05-28 11:00:00
15643,7029,가입,2025-01-01 00:00:00
15644,7029,튜토리얼완료,2025-01-04 21:00:00
15645,7030,가입,2025-01-06 00:00:00
15646,7031,가입,2025-02-09 00:00:00
15647,7031,튜토리얼완료,2025-02-10 14:00:00
15648,7031,첫결제,2025-02-15 19:50:00
15649,7032,가입,2025-01-18 00:00:00
15650,7032,튜토리얼완료,2025-01-21 21:00:00
15651,7032,첫결제,2025-01-19 23:08:00
15652,7033,가입,2025-03-22 00:00:00
15653,7033,튜토리얼완료,2025-03-22 02:00:00
15654,7034,가입,2025-02-02 00:00:00
15655,7034,튜토리얼완료,2025-02-04 16:00:00
15656,7035,가입,2025-04-22 00:00:00
15657,7035,튜토리얼완료,2025-04-23 19:00:00
15658,7036,가입,2025-03-25 00:00:00
15659,7036,튜토리얼완료,2025-03-27 09:00:00
15660,7036,첫결제,2025-03-25 21:46:00
15661,7037,가입,2025-06-02 00:00:00
15662,7037,튜토리얼완료,2025-06-04 10:00:00
15663,7038,가입,2025-01-08 00:00:00
15664,7038,첫결제,2025-01-26 01:39:00
15665,7039,가입,2025-01-30 00:00:00
15666,7039,튜토리얼완료,2025-02-01 14:00:00
15667,7039,첫결제,2025-02-25 02:58:00
15668,7040,가입,2025-01-10 00:00:00
15669,7040,튜토리얼완료,2025-01-11 10:00:00
15670,7041,가입,2025-03-13 00:00:00
15671,7041,튜토리얼완료,2025-03-16 12:00:00
15672,7041,첫결제,2025-03-14 21:50:00
15673,7042,가입,2025-01-13 00:00:00
15674,7042,튜토리얼완료,2025-01-16 08:00:00
15675,7043,가입,2025-02-12 00:00:00
15676,7043,튜토리얼완료,2025-02-12 16:00:00
15677,7044,가입,2025-03-20 00:00:00
15678,7044,튜토리얼완료,2025-03-22 20:00:00
15679,7044,첫결제,2025-03-26 12:12:00
15680,7045,가입,2025-02-17 00:00:00
15681,7045,튜토리얼완료,2025-02-18 11:00:00
15682,7046,가입,2025-03-04 00:00:00
15683,7046,튜토리얼완료,2025-03-04 10:00:00
15684,7047,가입,2025-01-04 00:00:00
15685,7047,튜토리얼완료,2025-01-06 19:00:00
15686,7047,첫결제,2025-01-05 16:59:00
15687,7048,가입,2025-02-08 00:00:00
15688,7048,튜토리얼완료,2025-02-09 18:00:00
15689,7048,첫결제,2025-02-27 01:23:00
15690,7049,가입,2025-01-24 00:00:00
15691,7049,튜토리얼완료,2025-01-25 01:00:00
15692,7049,첫결제,2025-02-08 17:04:00
15693,7050,가입,2025-01-24 00:00:00
15694,7050,튜토리얼완료,2025-01-26 10:00:00
15695,7051,가입,2025-02-28 00:00:00
15696,7051,튜토리얼완료,2025-03-02 15:00:00
15697,7051,첫결제,2025-03-13 20:29:00
15698,7052,가입,2025-03-23 00:00:00
15699,7052,튜토리얼완료,2025-03-23 17:00:00
15700,7053,가입,2025-01-20 00:00:00
15701,7053,튜토리얼완료,2025-01-23 08:00:00
15702,7054,가입,2025-03-18 00:00:00
15703,7054,튜토리얼완료,2025-03-18 02:00:00
15704,7055,가입,2025-03-25 00:00:00
15705,7055,튜토리얼완료,2025-03-26 02:00:00
15706,7055,첫결제,2025-04-29 23:15:00
15707,7056,가입,2025-01-08 00:00:00
15708,7056,튜토리얼완료,2025-01-10 07:00:00
15709,7056,첫결제,2025-01-27 23:10:00
15710,7057,가입,2025-06-29 00:00:00
15711,7057,튜토리얼완료,2025-07-01 17:00:00
15712,7058,가입,2025-04-09 00:00:00
15713,7058,튜토리얼완료,2025-04-12 06:00:00
15714,7059,가입,2025-05-27 00:00:00
15715,7059,튜토리얼완료,2025-05-30 09:00:00
15716,7059,첫결제,2025-06-02 16:06:00
15717,7060,가입,2025-02-05 00:00:00
15718,7061,가입,2025-01-18 00:00:00
15719,7061,튜토리얼완료,2025-01-19 15:00:00
15720,7062,가입,2025-01-03 00:00:00
15721,7062,튜토리얼완료,2025-01-05 01:00:00
15722,7063,가입,2025-04-13 00:00:00
15723,7063,튜토리얼완료,2025-04-13 05:00:00
15724,7064,가입,2025-06-29 00:00:00
15725,7064,튜토리얼완료,2025-07-01 21:00:00
15726,7065,가입,2025-02-21 00:00:00
15727,7065,튜토리얼완료,2025-02-24 23:00:00
15728,7065,첫결제,2025-03-10 20:07:00
15729,7066,가입,2025-02-05 00:00:00
15730,7066,튜토리얼완료,2025-02-05 18:00:00
15731,7067,가입,2025-03-04 00:00:00
15732,7067,튜토리얼완료,2025-03-06 22:00:00
15733,7067,첫결제,2025-03-15 22:20:00
15734,7068,가입,2025-01-06 00:00:00
15735,7068,첫결제,2025-02-07 20:59:00
15736,7069,가입,2025-01-15 00:00:00
15737,7070,가입,2025-02-17 00:00:00
15738,7070,튜토리얼완료,2025-02-18 05:00:00
15739,7070,첫결제,2025-02-23 23:33:00
15740,7071,가입,2025-02-10 00:00:00
15741,7071,튜토리얼완료,2025-02-12 16:00:00
15742,7071,첫결제,2025-02-20 20:37:00
15743,7072,가입,2025-06-13 00:00:00
15744,7072,튜토리얼완료,2025-06-16 02:00:00
15745,7072,첫결제,2025-06-14 22:42:00
15746,7073,가입,2025-02-13 00:00:00
15747,7073,튜토리얼완료,2025-02-13 02:00:00
15748,7073,첫결제,2025-03-12 06:41:00
15749,7074,가입,2025-01-24 00:00:00
15750,7074,튜토리얼완료,2025-01-26 12:00:00
15751,7075,가입,2025-01-28 00:00:00
15752,7075,튜토리얼완료,2025-01-30 06:00:00
15753,7075,첫결제,2025-02-01 14:59:00
15754,7076,가입,2025-02-26 00:00:00
15755,7076,튜토리얼완료,2025-02-26 19:00:00
15756,7076,첫결제,2025-03-09 17:57:00
15757,7077,가입,2025-01-09 00:00:00
15758,7077,첫결제,2025-01-14 03:35:00
15759,7078,가입,2025-01-22 00:00:00
15760,7078,튜토리얼완료,2025-01-23 18:00:00
15761,7079,가입,2025-01-19 00:00:00
15762,7079,튜토리얼완료,2025-01-19 19:00:00
15763,7079,첫결제,2025-01-19 13:26:00
15764,7080,가입,2025-06-02 00:00:00
15765,7080,튜토리얼완료,2025-06-05 19:00:00
15766,7081,가입,2025-01-23 00:00:00
15767,7081,튜토리얼완료,2025-01-26 17:00:00
15768,7081,첫결제,2025-01-28 22:31:00
15769,7082,가입,2025-01-18 00:00:00
15770,7082,튜토리얼완료,2025-01-18 05:00:00
15771,7083,가입,2025-01-11 00:00:00
15772,7083,튜토리얼완료,2025-01-11 07:00:00
15773,7084,가입,2025-02-04 00:00:00
15774,7084,튜토리얼완료,2025-02-04 15:00:00
15775,7085,가입,2025-01-03 00:00:00
15776,7085,튜토리얼완료,2025-01-05 10:00:00
15777,7085,첫결제,2025-01-04 02:38:00
15778,7086,가입,2025-02-27 00:00:00
15779,7086,튜토리얼완료,2025-03-01 18:00:00
15780,7086,첫결제,2025-03-02 23:33:00
15781,7087,가입,2025-03-06 00:00:00
15782,7087,튜토리얼완료,2025-03-07 04:00:00
15783,7088,가입,2025-01-07 00:00:00
15784,7088,첫결제,2025-01-08 19:44:00
15785,7089,가입,2025-01-02 00:00:00
15786,7089,튜토리얼완료,2025-01-03 06:00:00
15787,7090,가입,2025-01-24 00:00:00
15788,7090,튜토리얼완료,2025-01-24 09:00:00
15789,7091,가입,2025-06-29 00:00:00
15790,7091,튜토리얼완료,2025-06-29 13:00:00
15791,7092,가입,2025-04-29 00:00:00
15792,7092,튜토리얼완료,2025-05-01 08:00:00
15793,7093,가입,2025-03-21 00:00:00
15794,7093,튜토리얼완료,2025-03-21 21:00:00
15795,7094,가입,2025-04-10 00:00:00
15796,7095,가입,2025-04-30 00:00:00
15797,7095,튜토리얼완료,2025-04-30 08:00:00
15798,7096,가입,2025-01-23 00:00:00
15799,7096,튜토리얼완료,2025-01-25 05:00:00
15800,7097,가입,2025-02-06 00:00:00
15801,7097,튜토리얼완료,2025-02-09 08:00:00
15802,7098,가입,2025-03-13 00:00:00
15803,7098,튜토리얼완료,2025-03-14 00:00:00
15804,7099,가입,2025-01-18 00:00:00
15805,7099,튜토리얼완료,2025-01-21 11:00:00
15806,7100,가입,2025-05-23 00:00:00
15807,7100,튜토리얼완료,2025-05-25 21:00:00
15808,7101,가입,2025-02-26 00:00:00
15809,7101,튜토리얼완료,2025-03-01 02:00:00
15810,7102,가입,2025-02-20 00:00:00
15811,7102,튜토리얼완료,2025-02-20 22:00:00
15812,7102,첫결제,2025-02-20 10:06:00
15813,7103,가입,2025-01-26 00:00:00
15814,7103,첫결제,2025-02-20 17:33:00
15815,7104,가입,2025-01-06 00:00:00
15816,7104,튜토리얼완료,2025-01-06 18:00:00
15817,7105,가입,2025-03-07 00:00:00
15818,7106,가입,2025-03-16 00:00:00
15819,7106,튜토리얼완료,2025-03-19 12:00:00
15820,7106,첫결제,2025-03-19 18:51:00
15821,7107,가입,2025-05-14 00:00:00
15822,7107,튜토리얼완료,2025-05-14 14:00:00
15823,7107,첫결제,2025-05-14 12:07:00
15824,7108,가입,2025-02-20 00:00:00
15825,7108,튜토리얼완료,2025-02-20 17:00:00
15826,7109,가입,2025-03-04 00:00:00
15827,7109,튜토리얼완료,2025-03-07 00:00:00
15828,7109,첫결제,2025-03-11 20:22:00
15829,7110,가입,2025-03-14 00:00:00
15830,7110,튜토리얼완료,2025-03-17 05:00:00
15831,7111,가입,2025-02-22 00:00:00
15832,7111,튜토리얼완료,2025-02-24 08:00:00
15833,7112,가입,2025-01-26 00:00:00
15834,7112,튜토리얼완료,2025-01-28 21:00:00
15835,7112,첫결제,2025-01-27 21:02:00
15836,7113,가입,2025-02-17 00:00:00
15837,7113,튜토리얼완료,2025-02-20 20:00:00
15838,7114,가입,2025-01-13 00:00:00
15839,7114,튜토리얼완료,2025-01-13 11:00:00
15840,7114,첫결제,2025-01-14 19:49:00
15841,7115,가입,2025-01-12 00:00:00
15842,7115,튜토리얼완료,2025-01-12 01:00:00
15843,7116,가입,2025-06-19 00:00:00
15844,7116,튜토리얼완료,2025-06-21 16:00:00
15845,7117,가입,2025-01-13 00:00:00
15846,7117,튜토리얼완료,2025-01-16 00:00:00
15847,7118,가입,2025-02-06 00:00:00
15848,7118,튜토리얼완료,2025-02-08 17:00:00
15849,7118,첫결제,2025-02-06 22:40:00
15850,7119,가입,2025-02-06 00:00:00
15851,7120,가입,2025-02-16 00:00:00
15852,7121,가입,2025-06-29 00:00:00
15853,7121,튜토리얼완료,2025-06-30 01:00:00
15854,7121,첫결제,2025-06-29 02:25:00
15855,7122,가입,2025-01-18 00:00:00
15856,7122,튜토리얼완료,2025-01-20 20:00:00
15857,7123,가입,2025-01-03 00:00:00
15858,7123,튜토리얼완료,2025-01-06 14:00:00
15859,7124,가입,2025-01-26 00:00:00
15860,7124,튜토리얼완료,2025-01-27 03:00:00
15861,7125,가입,2025-01-27 00:00:00
15862,7125,튜토리얼완료,2025-01-27 20:00:00
15863,7126,가입,2025-01-09 00:00:00
15864,7126,튜토리얼완료,2025-01-09 02:00:00
15865,7127,가입,2025-01-02 00:00:00
15866,7127,튜토리얼완료,2025-01-03 16:00:00
15867,7128,가입,2025-01-20 00:00:00
15868,7128,튜토리얼완료,2025-01-23 16:00:00
15869,7129,가입,2025-02-21 00:00:00
15870,7129,튜토리얼완료,2025-02-24 18:00:00
15871,7130,가입,2025-01-02 00:00:00
15872,7130,첫결제,2025-01-21 22:33:00
15873,7131,가입,2025-01-30 00:00:00
15874,7131,튜토리얼완료,2025-01-31 03:00:00
15875,7132,가입,2025-02-04 00:00:00
15876,7133,가입,2025-05-07 00:00:00
15877,7134,가입,2025-05-16 00:00:00
15878,7134,첫결제,2025-05-16 20:02:00
15879,7135,가입,2025-03-28 00:00:00
15880,7135,튜토리얼완료,2025-03-29 01:00:00
15881,7135,첫결제,2025-04-23 19:46:00
15882,7136,가입,2025-01-29 00:00:00
15883,7136,튜토리얼완료,2025-02-01 13:00:00
15884,7137,가입,2025-01-17 00:00:00
15885,7137,튜토리얼완료,2025-01-19 01:00:00
15886,7137,첫결제,2025-01-19 19:07:00
15887,7138,가입,2025-01-24 00:00:00
15888,7139,가입,2025-02-03 00:00:00
15889,7139,튜토리얼완료,2025-02-04 22:00:00
15890,7140,가입,2025-03-14 00:00:00
15891,7140,튜토리얼완료,2025-03-16 18:00:00
15892,7141,가입,2025-02-22 00:00:00
15893,7141,튜토리얼완료,2025-02-24 20:00:00
15894,7142,가입,2025-01-02 00:00:00
15895,7142,튜토리얼완료,2025-01-03 01:00:00
15896,7143,가입,2025-02-17 00:00:00
15897,7143,튜토리얼완료,2025-02-18 02:00:00
15898,7144,가입,2025-04-06 00:00:00
15899,7144,첫결제,2025-04-15 18:11:00
15900,7145,가입,2025-05-27 00:00:00
15901,7145,튜토리얼완료,2025-05-29 04:00:00
15902,7145,첫결제,2025-05-28 03:01:00
15903,7146,가입,2025-01-05 00:00:00
15904,7146,튜토리얼완료,2025-01-06 12:00:00
15905,7146,첫결제,2025-01-20 17:41:00
15906,7147,가입,2025-06-29 00:00:00
15907,7147,튜토리얼완료,2025-07-02 03:00:00
15908,7148,가입,2025-02-16 00:00:00
15909,7148,튜토리얼완료,2025-02-16 15:00:00
15910,7148,첫결제,2025-02-20 09:35:00
15911,7149,가입,2025-01-05 00:00:00
15912,7149,튜토리얼완료,2025-01-07 12:00:00
15913,7150,가입,2025-03-19 00:00:00
15914,7150,튜토리얼완료,2025-03-19 15:00:00
15915,7151,가입,2025-04-30 00:00:00
15916,7151,튜토리얼완료,2025-05-02 07:00:00
15917,7151,첫결제,2025-05-12 10:06:00
15918,7152,가입,2025-01-22 00:00:00
15919,7152,튜토리얼완료,2025-01-23 20:00:00
15920,7153,가입,2025-01-16 00:00:00
15921,7153,튜토리얼완료,2025-01-19 17:00:00
15922,7153,첫결제,2025-01-23 02:50:00
15923,7154,가입,2025-01-26 00:00:00
15924,7155,가입,2025-02-27 00:00:00
15925,7155,튜토리얼완료,2025-02-27 11:00:00
15926,7156,가입,2025-01-21 00:00:00
15927,7156,튜토리얼완료,2025-01-23 04:00:00
15928,7157,가입,2025-01-07 00:00:00
15929,7157,튜토리얼완료,2025-01-07 02:00:00
15930,7157,첫결제,2025-02-06 04:38:00
15931,7158,가입,2025-01-29 00:00:00
15932,7158,튜토리얼완료,2025-02-01 20:00:00
15933,7159,가입,2025-01-20 00:00:00
15934,7159,첫결제,2025-01-20 00:06:00
15935,7160,가입,2025-02-18 00:00:00
15936,7160,튜토리얼완료,2025-02-21 02:00:00
15937,7161,가입,2025-04-11 00:00:00
15938,7161,튜토리얼완료,2025-04-14 10:00:00
15939,7161,첫결제,2025-04-14 16:32:00
15940,7162,가입,2025-02-01 00:00:00
15941,7162,튜토리얼완료,2025-02-02 16:00:00
15942,7163,가입,2025-05-19 00:00:00
15943,7163,튜토리얼완료,2025-05-20 09:00:00
15944,7163,첫결제,2025-05-26 08:09:00
15945,7164,가입,2025-03-05 00:00:00
15946,7164,튜토리얼완료,2025-03-08 00:00:00
15947,7165,가입,2025-02-08 00:00:00
15948,7165,튜토리얼완료,2025-02-10 02:00:00
15949,7166,가입,2025-03-14 00:00:00
15950,7166,튜토리얼완료,2025-03-17 13:00:00
15951,7167,가입,2025-04-13 00:00:00
15952,7168,가입,2025-03-03 00:00:00
15953,7168,튜토리얼완료,2025-03-05 22:00:00
15954,7168,첫결제,2025-03-06 23:25:00
15955,7169,가입,2025-01-06 00:00:00
15956,7170,가입,2025-01-02 00:00:00
15957,7170,첫결제,2025-01-03 19:05:00
15958,7171,가입,2025-04-07 00:00:00
15959,7171,튜토리얼완료,2025-04-09 19:00:00
15960,7172,가입,2025-01-07 00:00:00
15961,7172,튜토리얼완료,2025-01-08 07:00:00
15962,7172,첫결제,2025-01-31 15:40:00
15963,7173,가입,2025-02-16 00:00:00
15964,7173,튜토리얼완료,2025-02-19 04:00:00
15965,7173,첫결제,2025-03-07 00:58:00
15966,7174,가입,2025-01-06 00:00:00
15967,7174,튜토리얼완료,2025-01-09 10:00:00
15968,7174,첫결제,2025-01-07 22:38:00
15969,7175,가입,2025-05-27 00:00:00
15970,7175,튜토리얼완료,2025-05-29 07:00:00
15971,7176,가입,2025-01-24 00:00:00
15972,7176,튜토리얼완료,2025-01-27 16:00:00
15973,7176,첫결제,2025-02-19 23:45:00
15974,7177,가입,2025-03-01 00:00:00
15975,7177,튜토리얼완료,2025-03-02 12:00:00
15976,7178,가입,2025-01-18 00:00:00
15977,7179,가입,2025-02-14 00:00:00
15978,7179,튜토리얼완료,2025-02-15 00:00:00
15979,7179,첫결제,2025-03-26 19:32:00
15980,7180,가입,2025-01-02 00:00:00
15981,7180,튜토리얼완료,2025-01-02 08:00:00
15982,7181,가입,2025-01-18 00:00:00
15983,7181,튜토리얼완료,2025-01-18 15:00:00
15984,7181,첫결제,2025-02-15 21:11:00
15985,7182,가입,2025-03-23 00:00:00
15986,7183,가입,2025-01-29 00:00:00
15987,7183,튜토리얼완료,2025-01-31 09:00:00
15988,7184,가입,2025-02-07 00:00:00
15989,7184,튜토리얼완료,2025-02-10 06:00:00
15990,7184,첫결제,2025-04-05 07:00:00
15991,7185,가입,2025-03-22 00:00:00
15992,7185,튜토리얼완료,2025-03-23 16:00:00
15993,7186,가입,2025-01-18 00:00:00
15994,7186,첫결제,2025-02-22 04:58:00
15995,7187,가입,2025-01-04 00:00:00
15996,7187,튜토리얼완료,2025-01-04 17:00:00
15997,7187,첫결제,2025-01-05 20:23:00
15998,7188,가입,2025-01-29 00:00:00
15999,7188,튜토리얼완료,2025-01-29 15:00:00
16000,7189,가입,2025-03-03 00:00:00
16001,7189,튜토리얼완료,2025-03-04 08:00:00
16002,7190,가입,2025-02-20 00:00:00
16003,7190,튜토리얼완료,2025-02-20 19:00:00
16004,7191,가입,2025-04-09 00:00:00
16005,7191,튜토리얼완료,2025-04-11 15:00:00
16006,7192,가입,2025-06-26 00:00:00
16007,7192,튜토리얼완료,2025-06-26 02:00:00
16008,7193,가입,2025-04-21 00:00:00
16009,7193,튜토리얼완료,2025-04-24 01:00:00
16010,7193,첫결제,2025-04-23 12:48:00
16011,7194,가입,2025-01-14 00:00:00
16012,7194,튜토리얼완료,2025-01-14 01:00:00
16013,7195,가입,2025-03-29 00:00:00
16014,7195,튜토리얼완료,2025-04-01 21:00:00
16015,7196,가입,2025-03-04 00:00:00
16016,7196,튜토리얼완료,2025-03-05 19:00:00
16017,7197,가입,2025-02-11 00:00:00
16018,7197,튜토리얼완료,2025-02-12 23:00:00
16019,7198,가입,2025-01-18 00:00:00
16020,7198,튜토리얼완료,2025-01-21 23:00:00
16021,7199,가입,2025-03-24 00:00:00
16022,7199,튜토리얼완료,2025-03-26 15:00:00
16023,7199,첫결제,2025-04-04 00:14:00
16024,7200,가입,2025-01-28 00:00:00
16025,7200,튜토리얼완료,2025-01-31 10:00:00
16026,7201,가입,2025-01-01 00:00:00
16027,7201,첫결제,2025-02-12 12:02:00
16028,7202,가입,2025-03-14 00:00:00
16029,7202,튜토리얼완료,2025-03-14 00:00:00
16030,7203,가입,2025-01-20 00:00:00
16031,7203,첫결제,2025-01-20 11:16:00
16032,7204,가입,2025-04-22 00:00:00
16033,7204,첫결제,2025-04-26 14:28:00
16034,7205,가입,2025-04-28 00:00:00
16035,7205,튜토리얼완료,2025-05-01 07:00:00
16036,7205,첫결제,2025-05-15 21:51:00
16037,7206,가입,2025-01-09 00:00:00
16038,7206,튜토리얼완료,2025-01-09 08:00:00
16039,7207,가입,2025-04-08 00:00:00
16040,7207,튜토리얼완료,2025-04-09 17:00:00
16041,7208,가입,2025-01-26 00:00:00
16042,7208,튜토리얼완료,2025-01-27 02:00:00
16043,7209,가입,2025-01-20 00:00:00
16044,7209,튜토리얼완료,2025-01-21 10:00:00
16045,7210,가입,2025-02-06 00:00:00
16046,7210,첫결제,2025-02-14 20:23:00
16047,7211,가입,2025-01-17 00:00:00
16048,7211,튜토리얼완료,2025-01-18 02:00:00
16049,7211,첫결제,2025-01-19 19:39:00
16050,7212,가입,2025-01-20 00:00:00
16051,7212,튜토리얼완료,2025-01-23 06:00:00
16052,7212,첫결제,2025-02-12 11:16:00
16053,7213,가입,2025-02-19 00:00:00
16054,7213,튜토리얼완료,2025-02-22 23:00:00
16055,7214,가입,2025-02-03 00:00:00
16056,7214,튜토리얼완료,2025-02-03 03:00:00
16057,7215,가입,2025-04-30 00:00:00
16058,7215,튜토리얼완료,2025-05-03 04:00:00
16059,7215,첫결제,2025-05-15 09:59:00
16060,7216,가입,2025-03-02 00:00:00
16061,7216,튜토리얼완료,2025-03-03 06:00:00
16062,7217,가입,2025-04-02 00:00:00
16063,7217,튜토리얼완료,2025-04-04 23:00:00
16064,7218,가입,2025-01-26 00:00:00
16065,7218,튜토리얼완료,2025-01-28 01:00:00
16066,7219,가입,2025-03-23 00:00:00
16067,7219,첫결제,2025-03-24 04:43:00
16068,7220,가입,2025-03-25 00:00:00
16069,7220,튜토리얼완료,2025-03-25 21:00:00
16070,7221,가입,2025-04-26 00:00:00
16071,7221,튜토리얼완료,2025-04-26 10:00:00
16072,7221,첫결제,2025-04-29 03:26:00
16073,7222,가입,2025-01-22 00:00:00
16074,7222,튜토리얼완료,2025-01-23 15:00:00
16075,7223,가입,2025-01-05 00:00:00
16076,7223,튜토리얼완료,2025-01-05 04:00:00
16077,7223,첫결제,2025-01-11 23:32:00
16078,7224,가입,2025-02-13 00:00:00
16079,7224,튜토리얼완료,2025-02-15 12:00:00
16080,7224,첫결제,2025-03-01 17:01:00
16081,7225,가입,2025-01-02 00:00:00
16082,7225,튜토리얼완료,2025-01-02 15:00:00
16083,7225,첫결제,2025-01-03 15:26:00
16084,7226,가입,2025-06-01 00:00:00
16085,7226,튜토리얼완료,2025-06-01 13:00:00
16086,7227,가입,2025-01-05 00:00:00
16087,7228,가입,2025-02-10 00:00:00
16088,7228,튜토리얼완료,2025-02-10 15:00:00
16089,7229,가입,2025-04-08 00:00:00
16090,7229,튜토리얼완료,2025-04-11 23:00:00
16091,7230,가입,2025-01-25 00:00:00
16092,7230,튜토리얼완료,2025-01-25 22:00:00
16093,7231,가입,2025-03-27 00:00:00
16094,7231,튜토리얼완료,2025-03-30 14:00:00
16095,7231,첫결제,2025-03-28 08:47:00
16096,7232,가입,2025-03-08 00:00:00
16097,7232,튜토리얼완료,2025-03-11 12:00:00
16098,7233,가입,2025-01-09 00:00:00
16099,7233,튜토리얼완료,2025-01-09 00:00:00
16100,7233,첫결제,2025-01-11 19:33:00
16101,7234,가입,2025-03-10 00:00:00
16102,7234,튜토리얼완료,2025-03-13 14:00:00
16103,7234,첫결제,2025-04-30 03:50:00
16104,7235,가입,2025-02-02 00:00:00
16105,7235,첫결제,2025-03-11 20:24:00
16106,7236,가입,2025-01-24 00:00:00
16107,7236,첫결제,2025-01-26 23:05:00
16108,7237,가입,2025-03-06 00:00:00
16109,7237,튜토리얼완료,2025-03-08 05:00:00
16110,7238,가입,2025-05-06 00:00:00
16111,7238,튜토리얼완료,2025-05-09 12:00:00
16112,7239,가입,2025-04-27 00:00:00
16113,7239,튜토리얼완료,2025-04-27 06:00:00
16114,7240,가입,2025-03-27 00:00:00
16115,7240,첫결제,2025-03-27 20:03:00
16116,7241,가입,2025-03-01 00:00:00
16117,7241,튜토리얼완료,2025-03-04 07:00:00
16118,7242,가입,2025-03-06 00:00:00
16119,7242,튜토리얼완료,2025-03-09 21:00:00
16120,7243,가입,2025-03-11 00:00:00
16121,7243,첫결제,2025-03-20 00:04:00
16122,7244,가입,2025-02-11 00:00:00
16123,7244,튜토리얼완료,2025-02-14 10:00:00
16124,7245,가입,2025-03-05 00:00:00
16125,7245,첫결제,2025-03-07 16:17:00
16126,7246,가입,2025-01-08 00:00:00
16127,7246,튜토리얼완료,2025-01-11 04:00:00
16128,7246,첫결제,2025-01-10 22:18:00
16129,7247,가입,2025-04-13 00:00:00
16130,7247,튜토리얼완료,2025-04-16 00:00:00
16131,7248,가입,2025-01-17 00:00:00
16132,7248,튜토리얼완료,2025-01-20 23:00:00
16133,7248,첫결제,2025-01-17 23:19:00
16134,7249,가입,2025-01-30 00:00:00
16135,7249,튜토리얼완료,2025-01-31 08:00:00
16136,7250,가입,2025-06-29 00:00:00
16137,7251,가입,2025-02-24 00:00:00
16138,7251,튜토리얼완료,2025-02-27 23:00:00
16139,7251,첫결제,2025-02-26 03:00:00
16140,7252,가입,2025-01-12 00:00:00
16141,7253,가입,2025-01-01 00:00:00
16142,7253,튜토리얼완료,2025-01-01 06:00:00
16143,7253,첫결제,2025-01-15 22:10:00
16144,7254,가입,2025-01-08 00:00:00
16145,7254,튜토리얼완료,2025-01-08 09:00:00
16146,7254,첫결제,2025-01-11 20:05:00
16147,7255,가입,2025-01-11 00:00:00
16148,7255,튜토리얼완료,2025-01-13 06:00:00
16149,7255,첫결제,2025-02-17 19:55:00
16150,7256,가입,2025-02-10 00:00:00
16151,7256,튜토리얼완료,2025-02-12 09:00:00
16152,7257,가입,2025-02-13 00:00:00
16153,7257,튜토리얼완료,2025-02-13 04:00:00
16154,7258,가입,2025-01-29 00:00:00
16155,7258,튜토리얼완료,2025-02-01 06:00:00
16156,7259,가입,2025-02-02 00:00:00
16157,7259,튜토리얼완료,2025-02-05 09:00:00
16158,7260,가입,2025-06-15 00:00:00
16159,7260,튜토리얼완료,2025-06-17 06:00:00
16160,7261,가입,2025-03-06 00:00:00
16161,7261,튜토리얼완료,2025-03-08 19:00:00
16162,7262,가입,2025-02-09 00:00:00
16163,7262,첫결제,2025-02-09 23:04:00
16164,7263,가입,2025-01-20 00:00:00
16165,7263,튜토리얼완료,2025-01-23 16:00:00
16166,7264,가입,2025-01-11 00:00:00
16167,7264,튜토리얼완료,2025-01-11 10:00:00
16168,7265,가입,2025-01-11 00:00:00
16169,7265,튜토리얼완료,2025-01-14 22:00:00
16170,7265,첫결제,2025-02-01 20:41:00
16171,7266,가입,2025-03-03 00:00:00
16172,7266,튜토리얼완료,2025-03-03 02:00:00
16173,7267,가입,2025-01-06 00:00:00
16174,7267,튜토리얼완료,2025-01-07 19:00:00
16175,7268,가입,2025-02-26 00:00:00
16176,7269,가입,2025-04-25 00:00:00
16177,7269,튜토리얼완료,2025-04-26 07:00:00
16178,7270,가입,2025-01-25 00:00:00
16179,7270,튜토리얼완료,2025-01-26 08:00:00
16180,7271,가입,2025-06-29 00:00:00
16181,7271,튜토리얼완료,2025-07-02 20:00:00
16182,7272,가입,2025-01-25 00:00:00
16183,7272,튜토리얼완료,2025-01-27 08:00:00
16184,7273,가입,2025-01-30 00:00:00
16185,7273,튜토리얼완료,2025-02-02 07:00:00
16186,7274,가입,2025-06-29 00:00:00
16187,7274,튜토리얼완료,2025-07-01 15:00:00
16188,7275,가입,2025-01-29 00:00:00
16189,7275,튜토리얼완료,2025-01-31 10:00:00
16190,7275,첫결제,2025-03-27 02:55:00
16191,7276,가입,2025-02-02 00:00:00
16192,7276,튜토리얼완료,2025-02-04 13:00:00
16193,7276,첫결제,2025-02-09 19:16:00
16194,7277,가입,2025-03-29 00:00:00
16195,7278,가입,2025-04-14 00:00:00
16196,7278,첫결제,2025-04-19 22:25:00
16197,7279,가입,2025-03-17 00:00:00
16198,7279,튜토리얼완료,2025-03-19 02:00:00
16199,7279,첫결제,2025-03-18 01:07:00
16200,7280,가입,2025-02-17 00:00:00
16201,7280,튜토리얼완료,2025-02-17 11:00:00
16202,7280,첫결제,2025-03-09 21:57:00
16203,7281,가입,2025-01-13 00:00:00
16204,7282,가입,2025-01-08 00:00:00
16205,7282,튜토리얼완료,2025-01-10 03:00:00
16206,7283,가입,2025-01-02 00:00:00
16207,7283,튜토리얼완료,2025-01-05 03:00:00
16208,7284,가입,2025-02-24 00:00:00
16209,7284,튜토리얼완료,2025-02-26 23:00:00
16210,7285,가입,2025-04-01 00:00:00
16211,7285,튜토리얼완료,2025-04-01 15:00:00
16212,7285,첫결제,2025-04-02 00:20:00
16213,7286,가입,2025-02-21 00:00:00
16214,7286,튜토리얼완료,2025-02-23 06:00:00
16215,7286,첫결제,2025-02-25 22:53:00
16216,7287,가입,2025-01-06 00:00:00
16217,7287,튜토리얼완료,2025-01-06 12:00:00
16218,7288,가입,2025-01-14 00:00:00
16219,7288,튜토리얼완료,2025-01-14 16:00:00
16220,7288,첫결제,2025-01-15 14:44:00
16221,7289,가입,2025-01-26 00:00:00
16222,7289,튜토리얼완료,2025-01-26 12:00:00
16223,7289,첫결제,2025-03-15 10:37:00
16224,7290,가입,2025-01-07 00:00:00
16225,7290,튜토리얼완료,2025-01-08 17:00:00
16226,7290,첫결제,2025-04-28 09:11:00
16227,7291,가입,2025-02-01 00:00:00
16228,7291,첫결제,2025-02-22 16:59:00
16229,7292,가입,2025-03-12 00:00:00
16230,7292,튜토리얼완료,2025-03-13 02:00:00
16231,7293,가입,2025-05-05 00:00:00
16232,7293,튜토리얼완료,2025-05-08 12:00:00
16233,7294,가입,2025-05-22 00:00:00
16234,7294,첫결제,2025-05-25 20:45:00
16235,7295,가입,2025-05-16 00:00:00
16236,7295,튜토리얼완료,2025-05-19 17:00:00
16237,7296,가입,2025-01-07 00:00:00
16238,7296,튜토리얼완료,2025-01-10 03:00:00
16239,7296,첫결제,2025-02-11 19:54:00
16240,7297,가입,2025-06-21 00:00:00
16241,7297,튜토리얼완료,2025-06-21 05:00:00
16242,7298,가입,2025-03-07 00:00:00
16243,7298,튜토리얼완료,2025-03-08 00:00:00
16244,7298,첫결제,2025-03-21 07:13:00
16245,7299,가입,2025-06-29 00:00:00
16246,7299,튜토리얼완료,2025-06-29 12:00:00
16247,7300,가입,2025-01-06 00:00:00
16248,7300,첫결제,2025-01-13 11:33:00
16249,7301,가입,2025-01-10 00:00:00
16250,7302,가입,2025-06-29 00:00:00
16251,7302,튜토리얼완료,2025-07-02 18:00:00
16252,7303,가입,2025-03-05 00:00:00
16253,7304,가입,2025-03-26 00:00:00
16254,7304,튜토리얼완료,2025-03-28 19:00:00
16255,7304,첫결제,2025-03-30 16:22:00
16256,7305,가입,2025-04-12 00:00:00
16257,7305,튜토리얼완료,2025-04-14 05:00:00
16258,7305,첫결제,2025-04-13 22:18:00
16259,7306,가입,2025-01-08 00:00:00
16260,7306,튜토리얼완료,2025-01-11 19:00:00
16261,7307,가입,2025-01-17 00:00:00
16262,7307,튜토리얼완료,2025-01-20 21:00:00
16263,7308,가입,2025-01-01 00:00:00
16264,7308,튜토리얼완료,2025-01-01 02:00:00
16265,7309,가입,2025-06-29 00:00:00
16266,7309,튜토리얼완료,2025-06-30 05:00:00
16267,7310,가입,2025-02-02 00:00:00
16268,7310,튜토리얼완료,2025-02-02 01:00:00
16269,7310,첫결제,2025-02-08 13:32:00
16270,7311,가입,2025-01-03 00:00:00
16271,7311,튜토리얼완료,2025-01-06 22:00:00
16272,7311,첫결제,2025-01-06 20:33:00
16273,7312,가입,2025-01-01 00:00:00
16274,7312,튜토리얼완료,2025-01-04 04:00:00
16275,7313,가입,2025-01-17 00:00:00
16276,7313,튜토리얼완료,2025-01-20 01:00:00
16277,7314,가입,2025-01-15 00:00:00
16278,7314,튜토리얼완료,2025-01-16 06:00:00
16279,7315,가입,2025-05-16 00:00:00
16280,7315,튜토리얼완료,2025-05-18 09:00:00
16281,7316,가입,2025-01-05 00:00:00
16282,7316,튜토리얼완료,2025-01-07 11:00:00
16283,7316,첫결제,2025-02-21 20:32:00
16284,7317,가입,2025-03-02 00:00:00
16285,7317,튜토리얼완료,2025-03-02 08:00:00
16286,7318,가입,2025-01-27 00:00:00
16287,7318,튜토리얼완료,2025-01-27 17:00:00
16288,7319,가입,2025-01-05 00:00:00
16289,7319,튜토리얼완료,2025-01-07 21:00:00
16290,7319,첫결제,2025-02-05 20:29:00
16291,7320,가입,2025-01-16 00:00:00
16292,7320,튜토리얼완료,2025-01-19 18:00:00
16293,7321,가입,2025-05-08 00:00:00
16294,7321,튜토리얼완료,2025-05-08 17:00:00
16295,7321,첫결제,2025-05-22 07:43:00
16296,7322,가입,2025-01-13 00:00:00
16297,7322,튜토리얼완료,2025-01-16 23:00:00
16298,7323,가입,2025-02-07 00:00:00
16299,7323,튜토리얼완료,2025-02-09 19:00:00
16300,7324,가입,2025-05-12 00:00:00
16301,7325,가입,2025-02-04 00:00:00
16302,7325,튜토리얼완료,2025-02-06 22:00:00
16303,7326,가입,2025-06-29 00:00:00
16304,7326,튜토리얼완료,2025-07-01 04:00:00
16305,7327,가입,2025-03-08 00:00:00
16306,7327,튜토리얼완료,2025-03-09 07:00:00
16307,7327,첫결제,2025-03-12 20:18:00
16308,7328,가입,2025-02-05 00:00:00
16309,7328,튜토리얼완료,2025-02-08 15:00:00
16310,7329,가입,2025-04-09 00:00:00
16311,7329,튜토리얼완료,2025-04-11 04:00:00
16312,7330,가입,2025-02-07 00:00:00
16313,7330,튜토리얼완료,2025-02-10 19:00:00
16314,7331,가입,2025-02-07 00:00:00
16315,7331,튜토리얼완료,2025-02-09 12:00:00
16316,7331,첫결제,2025-02-17 01:59:00
16317,7332,가입,2025-02-19 00:00:00
16318,7332,튜토리얼완료,2025-02-22 23:00:00
16319,7333,가입,2025-01-25 00:00:00
16320,7333,튜토리얼완료,2025-01-28 09:00:00
16321,7333,첫결제,2025-02-10 21:17:00
16322,7334,가입,2025-02-13 00:00:00
16323,7334,튜토리얼완료,2025-02-15 07:00:00
16324,7334,첫결제,2025-05-01 13:53:00
16325,7335,가입,2025-03-27 00:00:00
16326,7335,튜토리얼완료,2025-03-27 05:00:00
16327,7335,첫결제,2025-04-01 20:42:00
16328,7336,가입,2025-03-22 00:00:00
16329,7336,튜토리얼완료,2025-03-22 17:00:00
16330,7337,가입,2025-01-03 00:00:00
16331,7338,가입,2025-02-03 00:00:00
16332,7338,튜토리얼완료,2025-02-03 16:00:00
16333,7339,가입,2025-01-15 00:00:00
16334,7339,튜토리얼완료,2025-01-18 16:00:00
16335,7339,첫결제,2025-01-20 05:41:00
16336,7340,가입,2025-01-16 00:00:00
16337,7340,튜토리얼완료,2025-01-18 03:00:00
16338,7340,첫결제,2025-01-16 21:55:00
16339,7341,가입,2025-02-04 00:00:00
16340,7341,튜토리얼완료,2025-02-04 12:00:00
16341,7342,가입,2025-03-16 00:00:00
16342,7342,튜토리얼완료,2025-03-19 21:00:00
16343,7343,가입,2025-01-17 00:00:00
16344,7343,튜토리얼완료,2025-01-18 16:00:00
16345,7344,가입,2025-01-16 00:00:00
16346,7344,튜토리얼완료,2025-01-19 17:00:00
16347,7345,가입,2025-04-09 00:00:00
16348,7345,튜토리얼완료,2025-04-10 14:00:00
16349,7345,첫결제,2025-05-24 23:06:00
16350,7346,가입,2025-01-16 00:00:00
16351,7346,튜토리얼완료,2025-01-18 14:00:00
16352,7347,가입,2025-01-24 00:00:00
16353,7347,튜토리얼완료,2025-01-25 04:00:00
16354,7347,첫결제,2025-01-30 09:09:00
16355,7348,가입,2025-01-20 00:00:00
16356,7348,튜토리얼완료,2025-01-21 17:00:00
16357,7349,가입,2025-01-11 00:00:00
16358,7349,튜토리얼완료,2025-01-12 02:00:00
16359,7349,첫결제,2025-01-16 10:26:00
16360,7350,가입,2025-04-01 00:00:00
16361,7350,튜토리얼완료,2025-04-02 18:00:00
16362,7351,가입,2025-06-29 00:00:00
16363,7351,튜토리얼완료,2025-06-30 07:00:00
16364,7352,가입,2025-01-07 00:00:00
16365,7352,튜토리얼완료,2025-01-07 06:00:00
16366,7352,첫결제,2025-01-26 16:25:00
16367,7353,가입,2025-01-24 00:00:00
16368,7353,튜토리얼완료,2025-01-27 13:00:00
16369,7354,가입,2025-01-23 00:00:00
16370,7354,튜토리얼완료,2025-01-24 21:00:00
16371,7355,가입,2025-01-12 00:00:00
16372,7355,튜토리얼완료,2025-01-13 06:00:00
16373,7355,첫결제,2025-01-14 21:16:00
16374,7356,가입,2025-02-13 00:00:00
16375,7356,튜토리얼완료,2025-02-14 11:00:00
16376,7356,첫결제,2025-03-15 16:49:00
16377,7357,가입,2025-05-16 00:00:00
16378,7357,튜토리얼완료,2025-05-17 04:00:00
16379,7358,가입,2025-01-04 00:00:00
16380,7358,튜토리얼완료,2025-01-06 04:00:00
16381,7358,첫결제,2025-02-07 04:24:00
16382,7359,가입,2025-04-30 00:00:00
16383,7359,튜토리얼완료,2025-04-30 13:00:00
16384,7360,가입,2025-01-24 00:00:00
16385,7361,가입,2025-05-15 00:00:00
16386,7361,튜토리얼완료,2025-05-17 17:00:00
16387,7361,첫결제,2025-05-22 22:06:00
16388,7362,가입,2025-01-28 00:00:00
16389,7362,튜토리얼완료,2025-01-31 20:00:00
16390,7362,첫결제,2025-02-05 19:12:00
16391,7363,가입,2025-01-18 00:00:00
16392,7363,튜토리얼완료,2025-01-21 15:00:00
16393,7364,가입,2025-01-03 00:00:00
16394,7364,튜토리얼완료,2025-01-04 12:00:00
16395,7365,가입,2025-01-01 00:00:00
16396,7366,가입,2025-03-19 00:00:00
16397,7366,튜토리얼완료,2025-03-22 15:00:00
16398,7366,첫결제,2025-03-25 16:45:00
16399,7367,가입,2025-05-21 00:00:00
16400,7367,튜토리얼완료,2025-05-22 13:00:00
16401,7367,첫결제,2025-06-01 21:02:00
16402,7368,가입,2025-02-06 00:00:00
16403,7368,튜토리얼완료,2025-02-09 10:00:00
16404,7368,첫결제,2025-02-12 16:29:00
16405,7369,가입,2025-02-23 00:00:00
16406,7369,튜토리얼완료,2025-02-25 05:00:00
16407,7370,가입,2025-01-02 00:00:00
16408,7370,튜토리얼완료,2025-01-05 10:00:00
16409,7371,가입,2025-04-07 00:00:00
16410,7371,튜토리얼완료,2025-04-09 19:00:00
16411,7372,가입,2025-02-09 00:00:00
16412,7372,튜토리얼완료,2025-02-09 08:00:00
16413,7373,가입,2025-06-11 00:00:00
16414,7373,튜토리얼완료,2025-06-13 13:00:00
16415,7374,가입,2025-02-28 00:00:00
16416,7375,가입,2025-02-06 00:00:00
16417,7375,튜토리얼완료,2025-02-07 08:00:00
16418,7375,첫결제,2025-02-11 23:22:00
16419,7376,가입,2025-01-01 00:00:00
16420,7376,첫결제,2025-02-06 21:13:00
16421,7377,가입,2025-04-27 00:00:00
16422,7377,튜토리얼완료,2025-04-27 20:00:00
16423,7377,첫결제,2025-05-18 22:21:00
16424,7378,가입,2025-03-04 00:00:00
16425,7378,튜토리얼완료,2025-03-05 00:00:00
16426,7379,가입,2025-03-02 00:00:00
16427,7379,튜토리얼완료,2025-03-02 05:00:00
16428,7379,첫결제,2025-03-17 13:47:00
16429,7380,가입,2025-05-13 00:00:00
16430,7380,튜토리얼완료,2025-05-13 15:00:00
16431,7381,가입,2025-01-12 00:00:00
16432,7381,튜토리얼완료,2025-01-15 00:00:00
16433,7382,가입,2025-04-15 00:00:00
16434,7382,튜토리얼완료,2025-04-15 17:00:00
16435,7382,첫결제,2025-05-04 16:54:00
16436,7383,가입,2025-01-06 00:00:00
16437,7383,튜토리얼완료,2025-01-08 07:00:00
16438,7383,첫결제,2025-01-28 22:56:00
16439,7384,가입,2025-01-04 00:00:00
16440,7384,튜토리얼완료,2025-01-06 19:00:00
16441,7385,가입,2025-05-21 00:00:00
16442,7385,튜토리얼완료,2025-05-23 11:00:00
16443,7385,첫결제,2025-06-03 14:49:00
16444,7386,가입,2025-06-11 00:00:00
16445,7386,튜토리얼완료,2025-06-14 16:00:00
16446,7387,가입,2025-01-09 00:00:00
16447,7387,튜토리얼완료,2025-01-10 15:00:00
16448,7387,첫결제,2025-01-22 19:05:00
16449,7388,가입,2025-01-18 00:00:00
16450,7388,튜토리얼완료,2025-01-19 22:00:00
16451,7388,첫결제,2025-01-18 02:17:00
16452,7389,가입,2025-01-26 00:00:00
16453,7389,튜토리얼완료,2025-01-28 00:00:00
16454,7389,첫결제,2025-03-19 19:27:00
16455,7390,가입,2025-04-28 00:00:00
16456,7390,튜토리얼완료,2025-04-30 02:00:00
16457,7391,가입,2025-04-18 00:00:00
16458,7391,튜토리얼완료,2025-04-21 17:00:00
16459,7392,가입,2025-01-23 00:00:00
16460,7392,튜토리얼완료,2025-01-24 18:00:00
16461,7393,가입,2025-03-30 00:00:00
16462,7393,튜토리얼완료,2025-04-02 00:00:00
16463,7393,첫결제,2025-04-06 21:08:00
16464,7394,가입,2025-01-03 00:00:00
16465,7394,튜토리얼완료,2025-01-03 18:00:00
16466,7394,첫결제,2025-01-03 04:02:00
16467,7395,가입,2025-01-17 00:00:00
16468,7395,튜토리얼완료,2025-01-18 13:00:00
16469,7395,첫결제,2025-01-21 02:26:00
16470,7396,가입,2025-02-13 00:00:00
16471,7396,첫결제,2025-02-14 23:33:00
16472,7397,가입,2025-02-08 00:00:00
16473,7397,튜토리얼완료,2025-02-11 12:00:00
16474,7397,첫결제,2025-02-12 19:57:00
16475,7398,가입,2025-02-02 00:00:00
16476,7398,튜토리얼완료,2025-02-05 21:00:00
16477,7398,첫결제,2025-03-12 16:38:00
16478,7399,가입,2025-01-09 00:00:00
16479,7400,가입,2025-04-09 00:00:00
16480,7400,튜토리얼완료,2025-04-11 06:00:00
16481,7401,가입,2025-01-15 00:00:00
16482,7401,튜토리얼완료,2025-01-17 07:00:00
16483,7402,가입,2025-04-06 00:00:00
16484,7402,튜토리얼완료,2025-04-08 02:00:00
16485,7403,가입,2025-03-23 00:00:00
16486,7403,튜토리얼완료,2025-03-24 09:00:00
16487,7404,가입,2025-01-30 00:00:00
16488,7404,튜토리얼완료,2025-01-31 09:00:00
16489,7404,첫결제,2025-01-30 05:48:00
16490,7405,가입,2025-02-12 00:00:00
16491,7405,튜토리얼완료,2025-02-15 02:00:00
16492,7405,첫결제,2025-02-13 20:46:00
16493,7406,가입,2025-02-06 00:00:00
16494,7406,튜토리얼완료,2025-02-06 10:00:00
16495,7406,첫결제,2025-02-08 04:33:00
16496,7407,가입,2025-06-29 00:00:00
16497,7408,가입,2025-02-03 00:00:00
16498,7408,튜토리얼완료,2025-02-03 13:00:00
16499,7408,첫결제,2025-02-12 07:12:00
16500,7409,가입,2025-05-20 00:00:00
16501,7409,튜토리얼완료,2025-05-20 06:00:00
16502,7409,첫결제,2025-06-25 19:25:00
16503,7410,가입,2025-04-04 00:00:00
16504,7410,튜토리얼완료,2025-04-06 08:00:00
16505,7411,가입,2025-03-08 00:00:00
16506,7411,튜토리얼완료,2025-03-09 15:00:00
16507,7411,첫결제,2025-03-11 04:28:00
16508,7412,가입,2025-01-03 00:00:00
16509,7412,튜토리얼완료,2025-01-03 18:00:00
16510,7413,가입,2025-02-01 00:00:00
16511,7413,첫결제,2025-02-08 02:22:00
16512,7414,가입,2025-05-28 00:00:00
16513,7415,가입,2025-03-24 00:00:00
16514,7415,튜토리얼완료,2025-03-26 17:00:00
16515,7416,가입,2025-05-08 00:00:00
16516,7416,튜토리얼완료,2025-05-08 09:00:00
16517,7417,가입,2025-01-29 00:00:00
16518,7417,튜토리얼완료,2025-01-29 20:00:00
16519,7417,첫결제,2025-02-26 04:01:00
16520,7418,가입,2025-01-02 00:00:00
16521,7418,튜토리얼완료,2025-01-02 22:00:00
16522,7418,첫결제,2025-01-02 20:56:00
16523,7419,가입,2025-04-24 00:00:00
16524,7419,튜토리얼완료,2025-04-26 05:00:00
16525,7420,가입,2025-02-12 00:00:00
16526,7420,튜토리얼완료,2025-02-13 03:00:00
16527,7421,가입,2025-01-19 00:00:00
16528,7421,튜토리얼완료,2025-01-20 22:00:00
16529,7421,첫결제,2025-01-29 19:05:00
16530,7422,가입,2025-02-06 00:00:00
16531,7422,튜토리얼완료,2025-02-09 19:00:00
16532,7423,가입,2025-01-25 00:00:00
16533,7423,튜토리얼완료,2025-01-25 00:00:00
16534,7423,첫결제,2025-03-08 22:14:00
16535,7424,가입,2025-01-15 00:00:00
16536,7424,튜토리얼완료,2025-01-15 01:00:00
16537,7424,첫결제,2025-01-22 19:29:00
16538,7425,가입,2025-02-04 00:00:00
16539,7425,튜토리얼완료,2025-02-07 22:00:00
16540,7425,첫결제,2025-04-09 23:04:00
16541,7426,가입,2025-01-12 00:00:00
16542,7426,튜토리얼완료,2025-01-12 23:00:00
16543,7427,가입,2025-06-29 00:00:00
16544,7427,튜토리얼완료,2025-07-01 17:00:00
16545,7428,가입,2025-01-10 00:00:00
16546,7428,튜토리얼완료,2025-01-12 16:00:00
16547,7428,첫결제,2025-01-15 18:34:00
16548,7429,가입,2025-02-23 00:00:00
16549,7429,튜토리얼완료,2025-02-25 06:00:00
16550,7430,가입,2025-04-24 00:00:00
16551,7430,튜토리얼완료,2025-04-24 23:00:00
16552,7430,첫결제,2025-05-17 21:49:00
16553,7431,가입,2025-03-26 00:00:00
16554,7431,튜토리얼완료,2025-03-29 11:00:00
16555,7432,가입,2025-01-31 00:00:00
16556,7432,튜토리얼완료,2025-02-02 02:00:00
16557,7432,첫결제,2025-02-01 18:02:00
16558,7433,가입,2025-03-20 00:00:00
16559,7433,튜토리얼완료,2025-03-22 00:00:00
16560,7434,가입,2025-01-31 00:00:00
16561,7434,튜토리얼완료,2025-01-31 17:00:00
16562,7435,가입,2025-01-25 00:00:00
16563,7435,튜토리얼완료,2025-01-25 18:00:00
16564,7436,가입,2025-01-21 00:00:00
16565,7436,튜토리얼완료,2025-01-21 23:00:00
16566,7436,첫결제,2025-01-21 19:19:00
16567,7437,가입,2025-01-11 00:00:00
16568,7437,튜토리얼완료,2025-01-13 12:00:00
16569,7438,가입,2025-02-15 00:00:00
16570,7438,튜토리얼완료,2025-02-16 06:00:00
16571,7439,가입,2025-02-26 00:00:00
16572,7439,튜토리얼완료,2025-02-26 19:00:00
16573,7440,가입,2025-02-06 00:00:00
16574,7440,튜토리얼완료,2025-02-06 14:00:00
16575,7440,첫결제,2025-02-14 12:24:00
16576,7441,가입,2025-01-17 00:00:00
16577,7441,튜토리얼완료,2025-01-20 21:00:00
16578,7442,가입,2025-01-15 00:00:00
16579,7442,튜토리얼완료,2025-01-18 02:00:00
16580,7442,첫결제,2025-02-26 01:55:00
16581,7443,가입,2025-01-01 00:00:00
16582,7443,튜토리얼완료,2025-01-02 06:00:00
16583,7443,첫결제,2025-01-22 19:47:00
16584,7444,가입,2025-03-05 00:00:00
16585,7444,튜토리얼완료,2025-03-05 08:00:00
16586,7444,첫결제,2025-04-15 20:15:00
16587,7445,가입,2025-06-24 00:00:00
16588,7446,가입,2025-03-14 00:00:00
16589,7446,튜토리얼완료,2025-03-15 09:00:00
16590,7446,첫결제,2025-04-03 14:04:00
16591,7447,가입,2025-04-19 00:00:00
16592,7447,튜토리얼완료,2025-04-22 20:00:00
16593,7448,가입,2025-01-20 00:00:00
16594,7449,가입,2025-03-01 00:00:00
16595,7449,튜토리얼완료,2025-03-02 20:00:00
16596,7450,가입,2025-01-01 00:00:00
16597,7451,가입,2025-02-18 00:00:00
16598,7452,가입,2025-06-29 00:00:00
16599,7452,튜토리얼완료,2025-06-29 09:00:00
16600,7453,가입,2025-01-30 00:00:00
16601,7453,튜토리얼완료,2025-01-31 18:00:00
16602,7453,첫결제,2025-02-04 20:35:00
16603,7454,가입,2025-01-31 00:00:00
16604,7454,튜토리얼완료,2025-02-03 06:00:00
16605,7454,첫결제,2025-02-04 22:31:00
16606,7455,가입,2025-02-07 00:00:00
16607,7455,튜토리얼완료,2025-02-09 10:00:00
16608,7456,가입,2025-03-23 00:00:00
16609,7456,튜토리얼완료,2025-03-26 03:00:00
16610,7456,첫결제,2025-03-27 03:16:00
16611,7457,가입,2025-01-08 00:00:00
16612,7457,튜토리얼완료,2025-01-10 13:00:00
16613,7457,첫결제,2025-03-15 20:16:00
16614,7458,가입,2025-02-28 00:00:00
16615,7458,튜토리얼완료,2025-03-03 21:00:00
16616,7458,첫결제,2025-02-28 16:39:00
16617,7459,가입,2025-04-16 00:00:00
16618,7460,가입,2025-02-01 00:00:00
16619,7460,튜토리얼완료,2025-02-02 14:00:00
16620,7460,첫결제,2025-03-14 19:55:00
16621,7461,가입,2025-02-15 00:00:00
16622,7461,튜토리얼완료,2025-02-17 12:00:00
16623,7462,가입,2025-05-14 00:00:00
16624,7463,가입,2025-02-24 00:00:00
16625,7463,튜토리얼완료,2025-02-24 11:00:00
16626,7463,첫결제,2025-02-25 02:31:00
16627,7464,가입,2025-01-08 00:00:00
16628,7464,튜토리얼완료,2025-01-09 11:00:00
16629,7465,가입,2025-03-15 00:00:00
16630,7465,튜토리얼완료,2025-03-15 19:00:00
16631,7466,가입,2025-01-15 00:00:00
16632,7466,튜토리얼완료,2025-01-16 10:00:00
16633,7466,첫결제,2025-02-07 19:34:00
16634,7467,가입,2025-02-17 00:00:00
16635,7467,튜토리얼완료,2025-02-19 07:00:00
16636,7468,가입,2025-03-03 00:00:00
16637,7468,튜토리얼완료,2025-03-03 16:00:00
16638,7469,가입,2025-01-28 00:00:00
16639,7469,튜토리얼완료,2025-01-30 09:00:00
16640,7470,가입,2025-01-17 00:00:00
16641,7470,튜토리얼완료,2025-01-20 18:00:00
16642,7470,첫결제,2025-01-22 22:18:00
16643,7471,가입,2025-05-29 00:00:00
16644,7471,튜토리얼완료,2025-06-01 17:00:00
16645,7471,첫결제,2025-06-03 20:57:00
16646,7472,가입,2025-03-04 00:00:00
16647,7472,첫결제,2025-03-05 22:09:00
16648,7473,가입,2025-02-13 00:00:00
16649,7474,가입,2025-01-25 00:00:00
16650,7474,튜토리얼완료,2025-01-28 06:00:00
16651,7475,가입,2025-05-14 00:00:00
16652,7475,튜토리얼완료,2025-05-15 23:00:00
16653,7476,가입,2025-02-21 00:00:00
16654,7476,튜토리얼완료,2025-02-24 01:00:00
16655,7477,가입,2025-06-29 00:00:00
16656,7477,튜토리얼완료,2025-06-30 20:00:00
16657,7478,가입,2025-02-03 00:00:00
16658,7478,튜토리얼완료,2025-02-04 04:00:00
16659,7478,첫결제,2025-02-05 13:07:00
16660,7479,가입,2025-04-14 00:00:00
16661,7479,튜토리얼완료,2025-04-17 15:00:00
16662,7480,가입,2025-03-28 00:00:00
16663,7480,튜토리얼완료,2025-03-28 22:00:00
16664,7481,가입,2025-02-12 00:00:00
16665,7481,튜토리얼완료,2025-02-15 13:00:00
16666,7481,첫결제,2025-02-20 21:35:00
16667,7482,가입,2025-03-03 00:00:00
16668,7482,튜토리얼완료,2025-03-06 03:00:00
16669,7482,첫결제,2025-03-29 23:32:00
16670,7483,가입,2025-06-04 00:00:00
16671,7483,튜토리얼완료,2025-06-05 23:00:00
16672,7483,첫결제,2025-06-06 22:18:00
16673,7484,가입,2025-01-14 00:00:00
16674,7484,튜토리얼완료,2025-01-14 16:00:00
16675,7485,가입,2025-01-01 00:00:00
16676,7485,튜토리얼완료,2025-01-04 05:00:00
16677,7486,가입,2025-02-04 00:00:00
16678,7486,튜토리얼완료,2025-02-05 00:00:00
16679,7487,가입,2025-01-10 00:00:00
16680,7487,튜토리얼완료,2025-01-11 09:00:00
16681,7488,가입,2025-01-14 00:00:00
16682,7488,튜토리얼완료,2025-01-17 22:00:00
16683,7489,가입,2025-06-06 00:00:00
16684,7489,튜토리얼완료,2025-06-09 17:00:00
16685,7489,첫결제,2025-06-14 07:58:00
16686,7490,가입,2025-02-02 00:00:00
16687,7490,튜토리얼완료,2025-02-02 21:00:00
16688,7491,가입,2025-01-11 00:00:00
16689,7492,가입,2025-02-24 00:00:00
16690,7492,튜토리얼완료,2025-02-27 12:00:00
16691,7493,가입,2025-01-01 00:00:00
16692,7493,첫결제,2025-01-03 23:12:00
16693,7494,가입,2025-01-18 00:00:00
16694,7494,튜토리얼완료,2025-01-21 10:00:00
16695,7495,가입,2025-01-31 00:00:00
16696,7495,튜토리얼완료,2025-01-31 17:00:00
16697,7496,가입,2025-03-05 00:00:00
16698,7496,튜토리얼완료,2025-03-05 02:00:00
16699,7496,첫결제,2025-03-19 18:11:00
16700,7497,가입,2025-05-13 00:00:00
16701,7498,가입,2025-01-02 00:00:00
16702,7498,튜토리얼완료,2025-01-04 17:00:00
16703,7498,첫결제,2025-01-23 22:26:00
16704,7499,가입,2025-02-04 00:00:00
16705,7499,튜토리얼완료,2025-02-04 13:00:00
16706,7500,가입,2025-01-10 00:00:00
16707,7500,튜토리얼완료,2025-01-11 19:00:00
16708,7500,첫결제,2025-01-19 10:19:00
16709,7501,가입,2025-03-17 00:00:00
16710,7501,튜토리얼완료,2025-03-17 14:00:00
16711,7502,가입,2025-02-15 00:00:00
16712,7502,튜토리얼완료,2025-02-16 22:00:00
16713,7503,가입,2025-01-23 00:00:00
16714,7503,튜토리얼완료,2025-01-26 01:00:00
16715,7504,가입,2025-01-11 00:00:00
16716,7504,첫결제,2025-01-27 20:45:00
16717,7505,가입,2025-03-04 00:00:00
16718,7505,튜토리얼완료,2025-03-05 20:00:00
16719,7506,가입,2025-01-29 00:00:00
16720,7506,튜토리얼완료,2025-01-30 07:00:00
16721,7506,첫결제,2025-02-01 20:21:00
16722,7507,가입,2025-03-23 00:00:00
16723,7507,튜토리얼완료,2025-03-24 04:00:00
16724,7508,가입,2025-02-17 00:00:00
16725,7508,튜토리얼완료,2025-02-18 15:00:00
16726,7508,첫결제,2025-03-04 19:24:00
16727,7509,가입,2025-01-25 00:00:00
16728,7509,튜토리얼완료,2025-01-27 01:00:00
16729,7510,가입,2025-05-01 00:00:00
16730,7510,튜토리얼완료,2025-05-03 18:00:00
16731,7511,가입,2025-03-04 00:00:00
16732,7511,튜토리얼완료,2025-03-05 08:00:00
16733,7511,첫결제,2025-03-13 00:12:00
16734,7512,가입,2025-03-24 00:00:00
16735,7512,튜토리얼완료,2025-03-25 14:00:00
16736,7513,가입,2025-02-14 00:00:00
16737,7513,첫결제,2025-02-19 15:40:00
16738,7514,가입,2025-02-24 00:00:00
16739,7514,첫결제,2025-02-26 16:10:00
16740,7515,가입,2025-02-23 00:00:00
16741,7515,튜토리얼완료,2025-02-24 01:00:00
16742,7516,가입,2025-02-01 00:00:00
16743,7516,튜토리얼완료,2025-02-02 09:00:00
16744,7516,첫결제,2025-02-03 02:25:00
16745,7517,가입,2025-01-22 00:00:00
16746,7517,튜토리얼완료,2025-01-24 11:00:00
16747,7518,가입,2025-05-05 00:00:00
16748,7518,튜토리얼완료,2025-05-07 13:00:00
16749,7518,첫결제,2025-05-23 06:20:00
16750,7519,가입,2025-01-24 00:00:00
16751,7519,튜토리얼완료,2025-01-24 16:00:00
16752,7519,첫결제,2025-01-28 03:29:00
16753,7520,가입,2025-01-08 00:00:00
16754,7520,튜토리얼완료,2025-01-10 02:00:00
16755,7521,가입,2025-01-31 00:00:00
16756,7521,튜토리얼완료,2025-02-03 13:00:00
16757,7522,가입,2025-03-02 00:00:00
16758,7522,첫결제,2025-03-13 23:52:00
16759,7523,가입,2025-04-12 00:00:00
16760,7523,튜토리얼완료,2025-04-15 09:00:00
16761,7524,가입,2025-02-17 00:00:00
16762,7524,튜토리얼완료,2025-02-17 00:00:00
16763,7525,가입,2025-03-25 00:00:00
16764,7525,첫결제,2025-03-30 00:47:00
16765,7526,가입,2025-05-10 00:00:00
16766,7526,튜토리얼완료,2025-05-11 08:00:00
16767,7527,가입,2025-04-10 00:00:00
16768,7527,튜토리얼완료,2025-04-12 07:00:00
16769,7528,가입,2025-01-24 00:00:00
16770,7528,튜토리얼완료,2025-01-27 17:00:00
16771,7528,첫결제,2025-01-31 14:20:00
16772,7529,가입,2025-04-20 00:00:00
16773,7529,튜토리얼완료,2025-04-23 20:00:00
16774,7529,첫결제,2025-04-30 13:24:00
16775,7530,가입,2025-04-15 00:00:00
16776,7530,튜토리얼완료,2025-04-15 07:00:00
16777,7530,첫결제,2025-04-16 20:35:00
16778,7531,가입,2025-01-19 00:00:00
16779,7531,튜토리얼완료,2025-01-21 12:00:00
16780,7532,가입,2025-01-16 00:00:00
16781,7532,튜토리얼완료,2025-01-17 18:00:00
16782,7532,첫결제,2025-01-22 14:07:00
16783,7533,가입,2025-05-11 00:00:00
16784,7533,튜토리얼완료,2025-05-11 06:00:00
16785,7534,가입,2025-03-05 00:00:00
16786,7534,튜토리얼완료,2025-03-08 13:00:00
16787,7535,가입,2025-02-09 00:00:00
16788,7536,가입,2025-04-14 00:00:00
16789,7536,튜토리얼완료,2025-04-17 03:00:00
16790,7536,첫결제,2025-04-14 00:15:00
16791,7537,가입,2025-01-03 00:00:00
16792,7537,튜토리얼완료,2025-01-05 14:00:00
16793,7538,가입,2025-01-08 00:00:00
16794,7538,튜토리얼완료,2025-01-09 08:00:00
16795,7539,가입,2025-04-05 00:00:00
16796,7540,가입,2025-03-02 00:00:00
16797,7540,첫결제,2025-03-07 21:22:00
16798,7541,가입,2025-01-03 00:00:00
16799,7541,튜토리얼완료,2025-01-05 08:00:00
16800,7542,가입,2025-01-04 00:00:00
16801,7542,튜토리얼완료,2025-01-05 06:00:00
16802,7542,첫결제,2025-02-11 21:42:00
16803,7543,가입,2025-02-20 00:00:00
16804,7543,튜토리얼완료,2025-02-21 22:00:00
16805,7544,가입,2025-01-20 00:00:00
16806,7544,튜토리얼완료,2025-01-20 07:00:00
16807,7545,가입,2025-01-28 00:00:00
16808,7545,튜토리얼완료,2025-01-31 10:00:00
16809,7546,가입,2025-04-16 00:00:00
16810,7546,튜토리얼완료,2025-04-18 09:00:00
16811,7546,첫결제,2025-04-16 19:14:00
16812,7547,가입,2025-03-14 00:00:00
16813,7547,튜토리얼완료,2025-03-16 04:00:00
16814,7547,첫결제,2025-05-02 20:37:00
16815,7548,가입,2025-03-03 00:00:00
16816,7548,튜토리얼완료,2025-03-05 15:00:00
16817,7549,가입,2025-03-16 00:00:00
16818,7549,튜토리얼완료,2025-03-19 12:00:00
16819,7550,가입,2025-02-06 00:00:00
16820,7551,가입,2025-02-07 00:00:00
16821,7551,튜토리얼완료,2025-02-09 19:00:00
16822,7552,가입,2025-04-28 00:00:00
16823,7552,튜토리얼완료,2025-04-28 01:00:00
16824,7552,첫결제,2025-05-25 14:09:00
16825,7553,가입,2025-01-03 00:00:00
16826,7553,튜토리얼완료,2025-01-06 23:00:00
16827,7554,가입,2025-03-09 00:00:00
16828,7554,튜토리얼완료,2025-03-10 03:00:00
16829,7554,첫결제,2025-03-24 06:50:00
16830,7555,가입,2025-01-10 00:00:00
16831,7555,튜토리얼완료,2025-01-12 12:00:00
16832,7556,가입,2025-03-06 00:00:00
16833,7556,튜토리얼완료,2025-03-09 05:00:00
16834,7557,가입,2025-01-05 00:00:00
16835,7557,튜토리얼완료,2025-01-08 23:00:00
16836,7558,가입,2025-06-29 00:00:00
16837,7558,튜토리얼완료,2025-07-01 20:00:00
16838,7559,가입,2025-04-10 00:00:00
16839,7559,첫결제,2025-04-10 20:33:00
16840,7560,가입,2025-01-10 00:00:00
16841,7560,튜토리얼완료,2025-01-11 23:00:00
16842,7561,가입,2025-02-21 00:00:00
16843,7561,첫결제,2025-04-17 13:01:00
16844,7562,가입,2025-06-29 00:00:00
16845,7562,튜토리얼완료,2025-07-02 02:00:00
16846,7563,가입,2025-01-25 00:00:00
16847,7563,튜토리얼완료,2025-01-27 05:00:00
16848,7564,가입,2025-03-13 00:00:00
16849,7565,가입,2025-06-29 00:00:00
16850,7565,튜토리얼완료,2025-07-02 22:00:00
16851,7566,가입,2025-03-15 00:00:00
16852,7567,가입,2025-01-18 00:00:00
16853,7567,튜토리얼완료,2025-01-21 19:00:00
16854,7568,가입,2025-03-24 00:00:00
16855,7568,첫결제,2025-03-30 13:07:00
16856,7569,가입,2025-02-28 00:00:00
16857,7569,튜토리얼완료,2025-03-03 16:00:00
16858,7569,첫결제,2025-03-04 00:17:00
16859,7570,가입,2025-01-08 00:00:00
16860,7570,튜토리얼완료,2025-01-08 18:00:00
16861,7571,가입,2025-01-23 00:00:00
16862,7571,튜토리얼완료,2025-01-24 03:00:00
16863,7571,첫결제,2025-01-31 01:45:00
16864,7572,가입,2025-01-05 00:00:00
16865,7572,튜토리얼완료,2025-01-05 00:00:00
16866,7573,가입,2025-01-14 00:00:00
16867,7573,튜토리얼완료,2025-01-15 02:00:00
16868,7573,첫결제,2025-01-14 21:16:00
16869,7574,가입,2025-01-30 00:00:00
16870,7574,튜토리얼완료,2025-02-02 18:00:00
16871,7574,첫결제,2025-01-31 15:28:00
16872,7575,가입,2025-01-03 00:00:00
16873,7576,가입,2025-02-21 00:00:00
16874,7576,첫결제,2025-03-02 17:01:00
16875,7577,가입,2025-01-16 00:00:00
16876,7577,튜토리얼완료,2025-01-17 13:00:00
16877,7578,가입,2025-02-19 00:00:00
16878,7578,튜토리얼완료,2025-02-20 08:00:00
16879,7579,가입,2025-03-12 00:00:00
16880,7579,튜토리얼완료,2025-03-13 07:00:00
16881,7579,첫결제,2025-03-21 04:49:00
16882,7580,가입,2025-02-16 00:00:00
16883,7580,튜토리얼완료,2025-02-18 09:00:00
16884,7580,첫결제,2025-02-16 19:22:00
16885,7581,가입,2025-02-22 00:00:00
16886,7581,튜토리얼완료,2025-02-24 05:00:00
16887,7582,가입,2025-01-12 00:00:00
16888,7582,튜토리얼완료,2025-01-13 23:00:00
16889,7583,가입,2025-06-29 00:00:00
16890,7583,튜토리얼완료,2025-07-02 20:00:00
16891,7584,가입,2025-01-23 00:00:00
16892,7584,튜토리얼완료,2025-01-25 07:00:00
16893,7585,가입,2025-01-19 00:00:00
16894,7586,가입,2025-05-16 00:00:00
16895,7586,튜토리얼완료,2025-05-17 07:00:00
16896,7587,가입,2025-03-23 00:00:00
16897,7587,튜토리얼완료,2025-03-25 07:00:00
16898,7587,첫결제,2025-03-23 22:11:00
16899,7588,가입,2025-01-10 00:00:00
16900,7588,튜토리얼완료,2025-01-11 06:00:00
16901,7588,첫결제,2025-01-10 20:59:00
16902,7589,가입,2025-01-04 00:00:00
16903,7589,첫결제,2025-01-05 21:16:00
16904,7590,가입,2025-01-24 00:00:00
16905,7590,튜토리얼완료,2025-01-24 19:00:00
16906,7591,가입,2025-06-29 00:00:00
16907,7592,가입,2025-04-04 00:00:00
16908,7592,튜토리얼완료,2025-04-05 14:00:00
16909,7593,가입,2025-02-12 00:00:00
16910,7593,튜토리얼완료,2025-02-12 20:00:00
16911,7593,첫결제,2025-02-15 15:00:00
16912,7594,가입,2025-01-01 00:00:00
16913,7594,첫결제,2025-01-03 12:40:00
16914,7595,가입,2025-01-26 00:00:00
16915,7595,튜토리얼완료,2025-01-27 08:00:00
16916,7596,가입,2025-01-22 00:00:00
16917,7596,첫결제,2025-03-28 22:17:00
16918,7597,가입,2025-06-25 00:00:00
16919,7597,튜토리얼완료,2025-06-25 03:00:00
16920,7598,가입,2025-01-02 00:00:00
16921,7598,튜토리얼완료,2025-01-04 10:00:00
16922,7599,가입,2025-01-02 00:00:00
16923,7599,튜토리얼완료,2025-01-03 16:00:00
16924,7600,가입,2025-03-07 00:00:00
16925,7600,튜토리얼완료,2025-03-09 09:00:00
16926,7601,가입,2025-01-09 00:00:00
16927,7601,튜토리얼완료,2025-01-11 12:00:00
16928,7602,가입,2025-01-29 00:00:00
16929,7602,튜토리얼완료,2025-02-01 07:00:00
16930,7602,첫결제,2025-01-29 20:36:00
16931,7603,가입,2025-01-06 00:00:00
16932,7603,튜토리얼완료,2025-01-07 07:00:00
16933,7604,가입,2025-01-12 00:00:00
16934,7604,튜토리얼완료,2025-01-12 23:00:00
16935,7605,가입,2025-01-25 00:00:00
16936,7605,튜토리얼완료,2025-01-27 09:00:00
16937,7606,가입,2025-02-25 00:00:00
16938,7606,튜토리얼완료,2025-02-26 22:00:00
16939,7607,가입,2025-03-23 00:00:00
16940,7607,튜토리얼완료,2025-03-26 14:00:00
16941,7607,첫결제,2025-03-23 20:25:00
16942,7608,가입,2025-02-18 00:00:00
16943,7608,튜토리얼완료,2025-02-19 09:00:00
16944,7608,첫결제,2025-06-21 17:28:00
16945,7609,가입,2025-01-02 00:00:00
16946,7609,튜토리얼완료,2025-01-03 04:00:00
16947,7610,가입,2025-01-31 00:00:00
16948,7610,튜토리얼완료,2025-02-01 13:00:00
16949,7610,첫결제,2025-02-01 10:34:00
16950,7611,가입,2025-01-11 00:00:00
16951,7612,가입,2025-01-12 00:00:00
16952,7612,튜토리얼완료,2025-01-15 14:00:00
16953,7612,첫결제,2025-01-13 12:37:00
16954,7613,가입,2025-02-07 00:00:00
16955,7614,가입,2025-03-22 00:00:00
16956,7614,튜토리얼완료,2025-03-23 20:00:00
16957,7614,첫결제,2025-04-02 00:32:00
16958,7615,가입,2025-01-15 00:00:00
16959,7615,튜토리얼완료,2025-01-16 09:00:00
16960,7615,첫결제,2025-01-21 02:46:00
16961,7616,가입,2025-04-02 00:00:00
16962,7616,튜토리얼완료,2025-04-02 09:00:00
16963,7617,가입,2025-03-23 00:00:00
16964,7617,튜토리얼완료,2025-03-26 18:00:00
16965,7618,가입,2025-06-05 00:00:00
16966,7618,튜토리얼완료,2025-06-06 00:00:00
16967,7619,가입,2025-04-28 00:00:00
16968,7619,튜토리얼완료,2025-05-01 22:00:00
16969,7620,가입,2025-02-12 00:00:00
16970,7621,가입,2025-01-14 00:00:00
16971,7622,가입,2025-03-10 00:00:00
16972,7622,튜토리얼완료,2025-03-10 15:00:00
16973,7623,가입,2025-06-29 00:00:00
16974,7623,튜토리얼완료,2025-07-01 06:00:00
16975,7624,가입,2025-05-03 00:00:00
16976,7624,튜토리얼완료,2025-05-06 12:00:00
16977,7624,첫결제,2025-05-06 00:40:00
16978,7625,가입,2025-01-24 00:00:00
16979,7625,튜토리얼완료,2025-01-26 13:00:00
16980,7626,가입,2025-06-29 00:00:00
16981,7626,튜토리얼완료,2025-07-02 13:00:00
16982,7627,가입,2025-01-16 00:00:00
16983,7627,튜토리얼완료,2025-01-16 17:00:00
16984,7628,가입,2025-02-16 00:00:00
16985,7628,튜토리얼완료,2025-02-19 07:00:00
16986,7628,첫결제,2025-02-17 10:22:00
16987,7629,가입,2025-02-08 00:00:00
16988,7629,튜토리얼완료,2025-02-09 16:00:00
16989,7630,가입,2025-04-28 00:00:00
16990,7630,튜토리얼완료,2025-05-01 23:00:00
16991,7631,가입,2025-02-05 00:00:00
16992,7631,튜토리얼완료,2025-02-08 23:00:00
16993,7632,가입,2025-03-21 00:00:00
16994,7632,튜토리얼완료,2025-03-21 22:00:00
16995,7633,가입,2025-01-30 00:00:00
16996,7633,튜토리얼완료,2025-01-31 18:00:00
16997,7633,첫결제,2025-02-02 14:29:00
16998,7634,가입,2025-01-13 00:00:00
16999,7634,튜토리얼완료,2025-01-16 00:00:00
17000,7635,가입,2025-04-07 00:00:00
17001,7635,튜토리얼완료,2025-04-08 20:00:00
17002,7636,가입,2025-02-14 00:00:00
17003,7636,튜토리얼완료,2025-02-15 09:00:00
17004,7637,가입,2025-04-08 00:00:00
17005,7637,튜토리얼완료,2025-04-09 09:00:00
17006,7638,가입,2025-02-15 00:00:00
17007,7638,튜토리얼완료,2025-02-18 13:00:00
17008,7639,가입,2025-01-26 00:00:00
17009,7640,가입,2025-01-30 00:00:00
17010,7640,튜토리얼완료,2025-01-30 13:00:00
17011,7640,첫결제,2025-01-30 16:22:00
17012,7641,가입,2025-06-29 00:00:00
17013,7642,가입,2025-05-09 00:00:00
17014,7642,튜토리얼완료,2025-05-10 07:00:00
17015,7643,가입,2025-04-26 00:00:00
17016,7643,튜토리얼완료,2025-04-27 13:00:00
17017,7644,가입,2025-03-29 00:00:00
17018,7644,튜토리얼완료,2025-03-31 03:00:00
17019,7644,첫결제,2025-04-13 15:14:00
17020,7645,가입,2025-01-11 00:00:00
17021,7645,튜토리얼완료,2025-01-13 00:00:00
17022,7646,가입,2025-03-03 00:00:00
17023,7646,튜토리얼완료,2025-03-03 19:00:00
17024,7646,첫결제,2025-03-30 05:47:00
17025,7647,가입,2025-02-11 00:00:00
17026,7647,튜토리얼완료,2025-02-14 19:00:00
17027,7647,첫결제,2025-02-20 21:29:00
17028,7648,가입,2025-02-26 00:00:00
17029,7648,튜토리얼완료,2025-02-26 06:00:00
17030,7648,첫결제,2025-03-09 04:15:00
17031,7649,가입,2025-02-01 00:00:00
17032,7650,가입,2025-05-01 00:00:00
17033,7650,튜토리얼완료,2025-05-04 10:00:00
17034,7650,첫결제,2025-05-18 16:24:00
17035,7651,가입,2025-03-24 00:00:00
17036,7651,튜토리얼완료,2025-03-26 10:00:00
17037,7651,첫결제,2025-03-25 21:10:00
17038,7652,가입,2025-03-02 00:00:00
17039,7652,튜토리얼완료,2025-03-05 10:00:00
17040,7652,첫결제,2025-03-16 16:57:00
17041,7653,가입,2025-01-29 00:00:00
17042,7653,튜토리얼완료,2025-01-29 06:00:00
17043,7654,가입,2025-02-07 00:00:00
17044,7654,튜토리얼완료,2025-02-07 14:00:00
17045,7655,가입,2025-02-27 00:00:00
17046,7655,튜토리얼완료,2025-03-01 13:00:00
17047,7656,가입,2025-01-01 00:00:00
17048,7656,튜토리얼완료,2025-01-01 17:00:00
17049,7656,첫결제,2025-01-05 15:12:00
17050,7657,가입,2025-02-12 00:00:00
17051,7657,튜토리얼완료,2025-02-12 00:00:00
17052,7657,첫결제,2025-02-12 21:25:00
17053,7658,가입,2025-03-22 00:00:00
17054,7658,튜토리얼완료,2025-03-25 02:00:00
17055,7659,가입,2025-04-08 00:00:00
17056,7659,튜토리얼완료,2025-04-10 11:00:00
17057,7659,첫결제,2025-04-14 20:46:00
17058,7660,가입,2025-02-02 00:00:00
17059,7660,튜토리얼완료,2025-02-03 23:00:00
17060,7661,가입,2025-01-30 00:00:00
17061,7661,튜토리얼완료,2025-02-01 22:00:00
17062,7661,첫결제,2025-02-01 23:04:00
17063,7662,가입,2025-06-29 00:00:00
17064,7662,튜토리얼완료,2025-06-30 01:00:00
17065,7663,가입,2025-01-12 00:00:00
17066,7663,튜토리얼완료,2025-01-15 15:00:00
17067,7663,첫결제,2025-02-01 06:44:00
17068,7664,가입,2025-02-07 00:00:00
17069,7664,튜토리얼완료,2025-02-08 02:00:00
17070,7665,가입,2025-02-07 00:00:00
17071,7665,튜토리얼완료,2025-02-09 13:00:00
17072,7665,첫결제,2025-02-09 19:12:00
17073,7666,가입,2025-03-04 00:00:00
17074,7666,튜토리얼완료,2025-03-06 01:00:00
17075,7667,가입,2025-02-22 00:00:00
17076,7667,튜토리얼완료,2025-02-23 04:00:00
17077,7668,가입,2025-02-22 00:00:00
17078,7668,첫결제,2025-03-12 20:45:00
17079,7669,가입,2025-01-29 00:00:00
17080,7669,튜토리얼완료,2025-01-30 12:00:00
17081,7670,가입,2025-03-27 00:00:00
17082,7670,튜토리얼완료,2025-03-29 03:00:00
17083,7671,가입,2025-04-08 00:00:00
17084,7671,튜토리얼완료,2025-04-11 04:00:00
17085,7672,가입,2025-04-05 00:00:00
17086,7673,가입,2025-02-07 00:00:00
17087,7673,튜토리얼완료,2025-02-08 00:00:00
17088,7673,첫결제,2025-02-07 05:46:00
17089,7674,가입,2025-02-24 00:00:00
17090,7674,튜토리얼완료,2025-02-24 10:00:00
17091,7675,가입,2025-01-17 00:00:00
17092,7675,튜토리얼완료,2025-01-18 16:00:00
17093,7675,첫결제,2025-01-20 23:52:00
17094,7676,가입,2025-02-24 00:00:00
17095,7676,튜토리얼완료,2025-02-27 21:00:00
17096,7677,가입,2025-02-24 00:00:00
17097,7677,튜토리얼완료,2025-02-25 19:00:00
17098,7677,첫결제,2025-02-27 21:53:00
17099,7678,가입,2025-02-04 00:00:00
17100,7678,튜토리얼완료,2025-02-04 18:00:00
17101,7679,가입,2025-06-29 00:00:00
17102,7679,튜토리얼완료,2025-07-01 14:00:00
17103,7680,가입,2025-01-19 00:00:00
17104,7681,가입,2025-01-04 00:00:00
17105,7681,튜토리얼완료,2025-01-05 13:00:00
17106,7682,가입,2025-06-29 00:00:00
17107,7682,튜토리얼완료,2025-07-02 16:00:00
17108,7683,가입,2025-04-27 00:00:00
17109,7684,가입,2025-01-09 00:00:00
17110,7684,첫결제,2025-01-20 17:08:00
17111,7685,가입,2025-02-03 00:00:00
17112,7685,튜토리얼완료,2025-02-04 11:00:00
17113,7685,첫결제,2025-02-06 15:25:00
17114,7686,가입,2025-01-11 00:00:00
17115,7686,첫결제,2025-02-04 01:23:00
17116,7687,가입,2025-02-22 00:00:00
17117,7687,튜토리얼완료,2025-02-24 15:00:00
17118,7687,첫결제,2025-02-26 20:38:00
17119,7688,가입,2025-01-10 00:00:00
17120,7688,튜토리얼완료,2025-01-11 23:00:00
17121,7688,첫결제,2025-01-15 02:01:00
17122,7689,가입,2025-02-28 00:00:00
17123,7689,튜토리얼완료,2025-03-02 05:00:00
17124,7689,첫결제,2025-04-07 11:01:00
17125,7690,가입,2025-01-23 00:00:00
17126,7690,튜토리얼완료,2025-01-23 02:00:00
17127,7690,첫결제,2025-01-24 05:45:00
17128,7691,가입,2025-06-09 00:00:00
17129,7691,튜토리얼완료,2025-06-09 22:00:00
17130,7692,가입,2025-02-06 00:00:00
17131,7692,튜토리얼완료,2025-02-07 01:00:00
17132,7692,첫결제,2025-02-18 02:10:00
17133,7693,가입,2025-02-28 00:00:00
17134,7693,튜토리얼완료,2025-03-01 14:00:00
17135,7693,첫결제,2025-03-26 19:33:00
17136,7694,가입,2025-01-22 00:00:00
17137,7694,튜토리얼완료,2025-01-23 01:00:00
17138,7695,가입,2025-02-07 00:00:00
17139,7695,튜토리얼완료,2025-02-09 18:00:00
17140,7696,가입,2025-01-04 00:00:00
17141,7697,가입,2025-01-20 00:00:00
17142,7697,튜토리얼완료,2025-01-22 18:00:00
17143,7697,첫결제,2025-02-01 11:47:00
17144,7698,가입,2025-02-20 00:00:00
17145,7698,튜토리얼완료,2025-02-20 19:00:00
17146,7698,첫결제,2025-03-01 07:51:00
17147,7699,가입,2025-01-18 00:00:00
17148,7699,튜토리얼완료,2025-01-21 08:00:00
17149,7700,가입,2025-01-11 00:00:00
17150,7700,튜토리얼완료,2025-01-14 12:00:00
17151,7701,가입,2025-01-03 00:00:00
17152,7701,첫결제,2025-01-07 20:30:00
17153,7702,가입,2025-01-30 00:00:00
17154,7702,튜토리얼완료,2025-01-31 15:00:00
17155,7703,가입,2025-05-02 00:00:00
17156,7703,튜토리얼완료,2025-05-03 14:00:00
17157,7703,첫결제,2025-05-04 19:52:00
17158,7704,가입,2025-03-16 00:00:00
17159,7704,튜토리얼완료,2025-03-17 18:00:00
17160,7705,가입,2025-06-29 00:00:00
17161,7705,튜토리얼완료,2025-07-02 15:00:00
17162,7706,가입,2025-03-15 00:00:00
17163,7706,튜토리얼완료,2025-03-16 05:00:00
17164,7707,가입,2025-01-28 00:00:00
17165,7707,튜토리얼완료,2025-01-28 17:00:00
17166,7708,가입,2025-04-26 00:00:00
17167,7709,가입,2025-03-26 00:00:00
17168,7710,가입,2025-02-08 00:00:00
17169,7710,튜토리얼완료,2025-02-08 08:00:00
17170,7710,첫결제,2025-02-14 23:21:00
17171,7711,가입,2025-06-29 00:00:00
17172,7711,첫결제,2025-06-29 13:15:00
17173,7712,가입,2025-06-29 00:00:00
17174,7712,튜토리얼완료,2025-06-29 06:00:00
17175,7713,가입,2025-01-08 00:00:00
17176,7714,가입,2025-06-29 00:00:00
17177,7714,튜토리얼완료,2025-07-02 16:00:00
17178,7715,가입,2025-02-19 00:00:00
17179,7715,튜토리얼완료,2025-02-19 07:00:00
17180,7716,가입,2025-03-02 00:00:00
17181,7716,튜토리얼완료,2025-03-04 06:00:00
17182,7716,첫결제,2025-03-05 21:49:00
17183,7717,가입,2025-03-27 00:00:00
17184,7717,튜토리얼완료,2025-03-29 14:00:00
17185,7718,가입,2025-01-11 00:00:00
17186,7718,튜토리얼완료,2025-01-14 16:00:00
17187,7718,첫결제,2025-01-12 04:20:00
17188,7719,가입,2025-02-14 00:00:00
17189,7719,튜토리얼완료,2025-02-17 09:00:00
17190,7719,첫결제,2025-03-14 23:46:00
17191,7720,가입,2025-01-12 00:00:00
17192,7721,가입,2025-02-03 00:00:00
17193,7721,튜토리얼완료,2025-02-03 19:00:00
17194,7722,가입,2025-01-07 00:00:00
17195,7722,튜토리얼완료,2025-01-09 20:00:00
17196,7722,첫결제,2025-01-30 20:09:00
17197,7723,가입,2025-02-07 00:00:00
17198,7723,튜토리얼완료,2025-02-08 11:00:00
17199,7723,첫결제,2025-02-12 18:30:00
17200,7724,가입,2025-01-13 00:00:00
17201,7724,튜토리얼완료,2025-01-14 20:00:00
17202,7725,가입,2025-02-13 00:00:00
17203,7725,튜토리얼완료,2025-02-16 15:00:00
17204,7725,첫결제,2025-03-23 19:20:00
17205,7726,가입,2025-03-05 00:00:00
17206,7726,튜토리얼완료,2025-03-05 21:00:00
17207,7727,가입,2025-06-21 00:00:00
17208,7728,가입,2025-02-24 00:00:00
17209,7728,튜토리얼완료,2025-02-26 07:00:00
17210,7729,가입,2025-03-07 00:00:00
17211,7729,튜토리얼완료,2025-03-07 20:00:00
17212,7729,첫결제,2025-03-11 02:39:00
17213,7730,가입,2025-01-02 00:00:00
17214,7730,튜토리얼완료,2025-01-03 23:00:00
17215,7731,가입,2025-02-27 00:00:00
17216,7731,첫결제,2025-03-04 21:06:00
17217,7732,가입,2025-02-02 00:00:00
17218,7732,튜토리얼완료,2025-02-05 22:00:00
17219,7732,첫결제,2025-02-11 22:16:00
17220,7733,가입,2025-02-23 00:00:00
17221,7733,튜토리얼완료,2025-02-23 07:00:00
17222,7734,가입,2025-01-16 00:00:00
17223,7735,가입,2025-02-02 00:00:00
17224,7736,가입,2025-05-08 00:00:00
17225,7736,첫결제,2025-05-11 22:36:00
17226,7737,가입,2025-02-27 00:00:00
17227,7737,튜토리얼완료,2025-03-02 14:00:00
17228,7737,첫결제,2025-03-02 19:33:00
17229,7738,가입,2025-04-10 00:00:00
17230,7738,튜토리얼완료,2025-04-10 04:00:00
17231,7739,가입,2025-02-12 00:00:00
17232,7739,튜토리얼완료,2025-02-14 00:00:00
17233,7740,가입,2025-01-09 00:00:00
17234,7740,튜토리얼완료,2025-01-10 01:00:00
17235,7740,첫결제,2025-01-17 16:17:00
17236,7741,가입,2025-01-01 00:00:00
17237,7741,튜토리얼완료,2025-01-03 06:00:00
17238,7741,첫결제,2025-01-04 23:20:00
17239,7742,가입,2025-02-11 00:00:00
17240,7742,튜토리얼완료,2025-02-13 19:00:00
17241,7743,가입,2025-02-19 00:00:00
17242,7743,튜토리얼완료,2025-02-21 18:00:00
17243,7743,첫결제,2025-02-25 19:25:00
17244,7744,가입,2025-01-23 00:00:00
17245,7744,튜토리얼완료,2025-01-26 05:00:00
17246,7745,가입,2025-02-17 00:00:00
17247,7745,튜토리얼완료,2025-02-17 14:00:00
17248,7746,가입,2025-04-02 00:00:00
17249,7746,튜토리얼완료,2025-04-02 20:00:00
17250,7746,첫결제,2025-04-12 23:17:00
17251,7747,가입,2025-02-03 00:00:00
17252,7747,튜토리얼완료,2025-02-04 11:00:00
17253,7747,첫결제,2025-02-28 08:31:00
17254,7748,가입,2025-03-16 00:00:00
17255,7748,튜토리얼완료,2025-03-16 13:00:00
17256,7749,가입,2025-06-29 00:00:00
17257,7749,튜토리얼완료,2025-06-29 13:00:00
17258,7750,가입,2025-04-16 00:00:00
17259,7751,가입,2025-01-30 00:00:00
17260,7751,튜토리얼완료,2025-01-31 13:00:00
17261,7752,가입,2025-01-16 00:00:00
17262,7752,튜토리얼완료,2025-01-17 16:00:00
17263,7752,첫결제,2025-01-23 01:13:00
17264,7753,가입,2025-02-18 00:00:00
17265,7753,튜토리얼완료,2025-02-18 14:00:00
17266,7754,가입,2025-04-30 00:00:00
17267,7754,튜토리얼완료,2025-05-03 00:00:00
17268,7755,가입,2025-03-08 00:00:00
17269,7755,튜토리얼완료,2025-03-09 15:00:00
17270,7755,첫결제,2025-04-05 22:06:00
17271,7756,가입,2025-06-11 00:00:00
17272,7756,튜토리얼완료,2025-06-13 13:00:00
17273,7757,가입,2025-06-21 00:00:00
17274,7757,튜토리얼완료,2025-06-21 16:00:00
17275,7758,가입,2025-02-09 00:00:00
17276,7758,튜토리얼완료,2025-02-09 00:00:00
17277,7758,첫결제,2025-03-23 19:30:00
17278,7759,가입,2025-04-02 00:00:00
17279,7759,튜토리얼완료,2025-04-05 20:00:00
17280,7760,가입,2025-02-10 00:00:00
17281,7760,튜토리얼완료,2025-02-12 22:00:00
17282,7761,가입,2025-01-01 00:00:00
17283,7761,튜토리얼완료,2025-01-04 11:00:00
17284,7762,가입,2025-06-29 00:00:00
17285,7762,튜토리얼완료,2025-07-01 16:00:00
17286,7763,가입,2025-02-24 00:00:00
17287,7763,튜토리얼완료,2025-02-25 08:00:00
17288,7763,첫결제,2025-02-26 23:23:00
17289,7764,가입,2025-02-09 00:00:00
17290,7764,튜토리얼완료,2025-02-10 14:00:00
17291,7765,가입,2025-01-06 00:00:00
17292,7766,가입,2025-01-18 00:00:00
17293,7766,튜토리얼완료,2025-01-21 05:00:00
17294,7766,첫결제,2025-02-16 14:18:00
17295,7767,가입,2025-01-20 00:00:00
17296,7767,튜토리얼완료,2025-01-20 03:00:00
17297,7768,가입,2025-03-15 00:00:00
17298,7769,가입,2025-05-08 00:00:00
17299,7769,튜토리얼완료,2025-05-09 13:00:00
17300,7770,가입,2025-01-05 00:00:00
17301,7770,튜토리얼완료,2025-01-05 12:00:00
17302,7771,가입,2025-03-02 00:00:00
17303,7771,튜토리얼완료,2025-03-04 08:00:00
17304,7771,첫결제,2025-03-02 23:21:00
17305,7772,가입,2025-01-06 00:00:00
17306,7772,튜토리얼완료,2025-01-06 19:00:00
17307,7773,가입,2025-01-25 00:00:00
17308,7773,튜토리얼완료,2025-01-28 00:00:00
17309,7774,가입,2025-06-29 00:00:00
17310,7774,튜토리얼완료,2025-06-29 19:00:00
17311,7775,가입,2025-03-01 00:00:00
17312,7775,튜토리얼완료,2025-03-04 04:00:00
17313,7775,첫결제,2025-03-01 22:48:00
17314,7776,가입,2025-02-12 00:00:00
17315,7776,튜토리얼완료,2025-02-15 13:00:00
17316,7777,가입,2025-05-12 00:00:00
17317,7777,튜토리얼완료,2025-05-13 09:00:00
17318,7777,첫결제,2025-06-28 17:34:00
17319,7778,가입,2025-03-15 00:00:00
17320,7778,첫결제,2025-04-02 23:05:00
17321,7779,가입,2025-01-18 00:00:00
17322,7779,튜토리얼완료,2025-01-19 22:00:00
17323,7780,가입,2025-02-19 00:00:00
17324,7780,튜토리얼완료,2025-02-22 09:00:00
17325,7780,첫결제,2025-03-06 15:37:00
17326,7781,가입,2025-02-21 00:00:00
17327,7781,튜토리얼완료,2025-02-22 02:00:00
17328,7781,첫결제,2025-03-15 17:27:00
17329,7782,가입,2025-02-21 00:00:00
17330,7782,튜토리얼완료,2025-02-21 01:00:00
17331,7783,가입,2025-01-25 00:00:00
17332,7783,튜토리얼완료,2025-01-26 23:00:00
17333,7783,첫결제,2025-02-15 01:23:00
17334,7784,가입,2025-03-06 00:00:00
17335,7784,튜토리얼완료,2025-03-06 02:00:00
17336,7784,첫결제,2025-03-08 19:57:00
17337,7785,가입,2025-02-03 00:00:00
17338,7786,가입,2025-05-31 00:00:00
17339,7786,튜토리얼완료,2025-05-31 06:00:00
17340,7787,가입,2025-01-19 00:00:00
17341,7787,튜토리얼완료,2025-01-19 07:00:00
17342,7787,첫결제,2025-01-23 16:24:00
17343,7788,가입,2025-03-08 00:00:00
17344,7789,가입,2025-03-05 00:00:00
17345,7790,가입,2025-01-28 00:00:00
17346,7790,튜토리얼완료,2025-01-28 12:00:00
17347,7790,첫결제,2025-02-25 23:02:00
17348,7791,가입,2025-01-13 00:00:00
17349,7791,튜토리얼완료,2025-01-15 18:00:00
17350,7791,첫결제,2025-01-14 05:59:00
17351,7792,가입,2025-01-06 00:00:00
17352,7792,튜토리얼완료,2025-01-09 08:00:00
17353,7793,가입,2025-03-03 00:00:00
17354,7793,튜토리얼완료,2025-03-05 13:00:00
17355,7794,가입,2025-02-02 00:00:00
17356,7794,튜토리얼완료,2025-02-05 09:00:00
17357,7794,첫결제,2025-02-04 07:57:00
17358,7795,가입,2025-02-07 00:00:00
17359,7795,튜토리얼완료,2025-02-10 02:00:00
17360,7795,첫결제,2025-02-07 14:07:00
17361,7796,가입,2025-01-31 00:00:00
17362,7796,튜토리얼완료,2025-02-02 06:00:00
17363,7797,가입,2025-01-09 00:00:00
17364,7797,튜토리얼완료,2025-01-11 18:00:00
17365,7798,가입,2025-02-06 00:00:00
17366,7798,튜토리얼완료,2025-02-07 15:00:00
17367,7799,가입,2025-01-01 00:00:00
17368,7799,튜토리얼완료,2025-01-02 00:00:00
17369,7800,가입,2025-01-28 00:00:00
17370,7800,튜토리얼완료,2025-01-31 03:00:00
17371,7801,가입,2025-02-13 00:00:00
17372,7801,첫결제,2025-02-20 16:40:00
17373,7802,가입,2025-05-23 00:00:00
17374,7802,튜토리얼완료,2025-05-23 19:00:00
17375,7803,가입,2025-01-09 00:00:00
17376,7803,튜토리얼완료,2025-01-09 09:00:00
17377,7803,첫결제,2025-01-30 02:04:00
17378,7804,가입,2025-02-24 00:00:00
17379,7804,튜토리얼완료,2025-02-24 11:00:00
17380,7804,첫결제,2025-04-08 19:18:00
17381,7805,가입,2025-01-27 00:00:00
17382,7805,튜토리얼완료,2025-01-27 15:00:00
17383,7805,첫결제,2025-02-07 21:23:00
17384,7806,가입,2025-04-08 00:00:00
17385,7806,튜토리얼완료,2025-04-10 09:00:00
17386,7807,가입,2025-01-17 00:00:00
17387,7807,튜토리얼완료,2025-01-19 16:00:00
17388,7807,첫결제,2025-01-25 23:03:00
17389,7808,가입,2025-02-01 00:00:00
17390,7809,가입,2025-03-16 00:00:00
17391,7809,튜토리얼완료,2025-03-16 05:00:00
17392,7810,가입,2025-01-25 00:00:00
17393,7810,튜토리얼완료,2025-01-27 21:00:00
17394,7810,첫결제,2025-05-20 19:20:00
17395,7811,가입,2025-04-05 00:00:00
17396,7811,튜토리얼완료,2025-04-06 11:00:00
17397,7811,첫결제,2025-05-10 22:25:00
17398,7812,가입,2025-01-05 00:00:00
17399,7812,튜토리얼완료,2025-01-06 11:00:00
17400,7812,첫결제,2025-01-09 03:33:00
17401,7813,가입,2025-01-17 00:00:00
17402,7813,튜토리얼완료,2025-01-17 11:00:00
17403,7814,가입,2025-01-02 00:00:00
17404,7814,튜토리얼완료,2025-01-04 23:00:00
17405,7814,첫결제,2025-03-27 10:13:00
17406,7815,가입,2025-03-20 00:00:00
17407,7815,튜토리얼완료,2025-03-22 15:00:00
17408,7816,가입,2025-02-01 00:00:00
17409,7816,튜토리얼완료,2025-02-03 18:00:00
17410,7816,첫결제,2025-03-03 20:30:00
17411,7817,가입,2025-02-22 00:00:00
17412,7817,튜토리얼완료,2025-02-22 22:00:00
17413,7818,가입,2025-01-06 00:00:00
17414,7818,첫결제,2025-01-13 21:43:00
17415,7819,가입,2025-02-20 00:00:00
17416,7819,튜토리얼완료,2025-02-21 08:00:00
17417,7819,첫결제,2025-03-07 04:09:00
17418,7820,가입,2025-01-19 00:00:00
17419,7820,튜토리얼완료,2025-01-22 06:00:00
17420,7821,가입,2025-03-05 00:00:00
17421,7821,튜토리얼완료,2025-03-06 16:00:00
17422,7821,첫결제,2025-03-24 20:22:00
17423,7822,가입,2025-01-21 00:00:00
17424,7822,튜토리얼완료,2025-01-23 17:00:00
17425,7822,첫결제,2025-04-08 23:38:00
17426,7823,가입,2025-01-29 00:00:00
17427,7823,튜토리얼완료,2025-01-30 11:00:00
17428,7824,가입,2025-01-31 00:00:00
17429,7824,튜토리얼완료,2025-02-01 10:00:00
17430,7825,가입,2025-06-29 00:00:00
17431,7825,튜토리얼완료,2025-07-02 13:00:00
17432,7826,가입,2025-04-29 00:00:00
17433,7827,가입,2025-01-02 00:00:00
17434,7827,튜토리얼완료,2025-01-04 17:00:00
17435,7828,가입,2025-01-25 00:00:00
17436,7828,튜토리얼완료,2025-01-26 18:00:00
17437,7828,첫결제,2025-02-11 22:21:00
17438,7829,가입,2025-05-11 00:00:00
17439,7829,튜토리얼완료,2025-05-11 07:00:00
17440,7830,가입,2025-02-21 00:00:00
17441,7830,튜토리얼완료,2025-02-22 00:00:00
17442,7831,가입,2025-03-18 00:00:00
17443,7831,튜토리얼완료,2025-03-18 15:00:00
17444,7831,첫결제,2025-03-26 16:59:00
17445,7832,가입,2025-01-15 00:00:00
17446,7832,튜토리얼완료,2025-01-16 18:00:00
17447,7832,첫결제,2025-01-15 04:12:00
17448,7833,가입,2025-01-06 00:00:00
17449,7833,튜토리얼완료,2025-01-08 15:00:00
17450,7834,가입,2025-01-18 00:00:00
17451,7834,튜토리얼완료,2025-01-19 12:00:00
17452,7834,첫결제,2025-02-03 22:57:00
17453,7835,가입,2025-06-29 00:00:00
17454,7835,튜토리얼완료,2025-07-01 11:00:00
17455,7836,가입,2025-02-19 00:00:00
17456,7836,첫결제,2025-02-21 19:37:00
17457,7837,가입,2025-02-02 00:00:00
17458,7837,튜토리얼완료,2025-02-02 12:00:00
17459,7838,가입,2025-03-01 00:00:00
17460,7838,튜토리얼완료,2025-03-02 20:00:00
17461,7839,가입,2025-03-09 00:00:00
17462,7839,튜토리얼완료,2025-03-12 08:00:00
17463,7839,첫결제,2025-03-09 22:27:00
17464,7840,가입,2025-03-10 00:00:00
17465,7841,가입,2025-01-25 00:00:00
17466,7841,튜토리얼완료,2025-01-27 15:00:00
17467,7842,가입,2025-06-29 00:00:00
17468,7842,튜토리얼완료,2025-07-01 01:00:00
17469,7843,가입,2025-01-16 00:00:00
17470,7843,튜토리얼완료,2025-01-17 06:00:00
17471,7844,가입,2025-05-06 00:00:00
17472,7844,튜토리얼완료,2025-05-09 17:00:00
17473,7845,가입,2025-02-03 00:00:00
17474,7845,튜토리얼완료,2025-02-04 13:00:00
17475,7846,가입,2025-02-21 00:00:00
17476,7846,튜토리얼완료,2025-02-24 03:00:00
17477,7847,가입,2025-03-01 00:00:00
17478,7847,첫결제,2025-03-06 05:49:00
17479,7848,가입,2025-01-11 00:00:00
17480,7848,튜토리얼완료,2025-01-11 04:00:00
17481,7849,가입,2025-01-20 00:00:00
17482,7849,튜토리얼완료,2025-01-23 08:00:00
17483,7850,가입,2025-03-06 00:00:00
17484,7851,가입,2025-04-12 00:00:00
17485,7851,튜토리얼완료,2025-04-15 00:00:00
17486,7851,첫결제,2025-04-17 06:00:00
17487,7852,가입,2025-02-22 00:00:00
17488,7852,튜토리얼완료,2025-02-23 05:00:00
17489,7853,가입,2025-05-26 00:00:00
17490,7853,튜토리얼완료,2025-05-26 03:00:00
17491,7853,첫결제,2025-06-16 21:04:00
17492,7854,가입,2025-02-05 00:00:00
17493,7854,튜토리얼완료,2025-02-06 11:00:00
17494,7854,첫결제,2025-02-24 08:07:00
17495,7855,가입,2025-01-28 00:00:00
17496,7855,튜토리얼완료,2025-01-28 21:00:00
17497,7856,가입,2025-04-16 00:00:00
17498,7856,튜토리얼완료,2025-04-19 11:00:00
17499,7856,첫결제,2025-04-20 03:44:00
17500,7857,가입,2025-01-03 00:00:00
17501,7857,튜토리얼완료,2025-01-06 06:00:00
17502,7857,첫결제,2025-01-06 12:28:00
17503,7858,가입,2025-04-12 00:00:00
17504,7858,튜토리얼완료,2025-04-15 22:00:00
17505,7858,첫결제,2025-04-14 04:04:00
17506,7859,가입,2025-01-18 00:00:00
17507,7859,튜토리얼완료,2025-01-21 16:00:00
17508,7859,첫결제,2025-02-27 22:18:00
17509,7860,가입,2025-02-28 00:00:00
17510,7860,튜토리얼완료,2025-03-01 23:00:00
17511,7861,가입,2025-01-01 00:00:00
17512,7861,튜토리얼완료,2025-01-02 13:00:00
17513,7862,가입,2025-01-24 00:00:00
17514,7862,첫결제,2025-01-31 23:47:00
17515,7863,가입,2025-06-21 00:00:00
17516,7863,튜토리얼완료,2025-06-22 14:00:00
17517,7864,가입,2025-03-13 00:00:00
17518,7864,튜토리얼완료,2025-03-16 19:00:00
17519,7865,가입,2025-01-21 00:00:00
17520,7866,가입,2025-01-12 00:00:00
17521,7866,튜토리얼완료,2025-01-15 18:00:00
17522,7867,가입,2025-01-31 00:00:00
17523,7867,튜토리얼완료,2025-02-02 14:00:00
17524,7867,첫결제,2025-02-05 20:16:00
17525,7868,가입,2025-01-15 00:00:00
17526,7868,튜토리얼완료,2025-01-15 17:00:00
17527,7869,가입,2025-05-10 00:00:00
17528,7869,튜토리얼완료,2025-05-10 05:00:00
17529,7869,첫결제,2025-05-11 13:19:00
17530,7870,가입,2025-03-04 00:00:00
17531,7870,튜토리얼완료,2025-03-06 06:00:00
17532,7871,가입,2025-03-03 00:00:00
17533,7871,튜토리얼완료,2025-03-05 02:00:00
17534,7872,가입,2025-05-18 00:00:00
17535,7873,가입,2025-03-01 00:00:00
17536,7873,튜토리얼완료,2025-03-04 19:00:00
17537,7874,가입,2025-06-29 00:00:00
17538,7874,튜토리얼완료,2025-06-30 08:00:00
17539,7875,가입,2025-01-27 00:00:00
17540,7875,튜토리얼완료,2025-01-29 21:00:00
17541,7876,가입,2025-02-26 00:00:00
17542,7876,튜토리얼완료,2025-03-01 05:00:00
17543,7877,가입,2025-01-17 00:00:00
17544,7877,첫결제,2025-01-18 18:42:00
17545,7878,가입,2025-02-17 00:00:00
17546,7878,튜토리얼완료,2025-02-17 10:00:00
17547,7878,첫결제,2025-02-18 20:01:00
17548,7879,가입,2025-02-03 00:00:00
17549,7879,튜토리얼완료,2025-02-04 08:00:00
17550,7879,첫결제,2025-02-03 04:09:00
17551,7880,가입,2025-01-12 00:00:00
17552,7881,가입,2025-01-19 00:00:00
17553,7882,가입,2025-01-27 00:00:00
17554,7882,튜토리얼완료,2025-01-30 18:00:00
17555,7883,가입,2025-02-12 00:00:00
17556,7883,튜토리얼완료,2025-02-15 08:00:00
17557,7884,가입,2025-03-14 00:00:00
17558,7884,튜토리얼완료,2025-03-17 12:00:00
17559,7885,가입,2025-01-26 00:00:00
17560,7885,튜토리얼완료,2025-01-28 04:00:00
17561,7886,가입,2025-01-16 00:00:00
17562,7886,튜토리얼완료,2025-01-16 22:00:00
17563,7886,첫결제,2025-01-24 21:52:00
17564,7887,가입,2025-04-29 00:00:00
17565,7887,튜토리얼완료,2025-04-29 06:00:00
17566,7888,가입,2025-06-16 00:00:00
17567,7889,가입,2025-02-06 00:00:00
17568,7889,튜토리얼완료,2025-02-06 20:00:00
17569,7889,첫결제,2025-02-16 19:17:00
17570,7890,가입,2025-02-06 00:00:00
17571,7890,첫결제,2025-03-05 15:13:00
17572,7891,가입,2025-01-04 00:00:00
17573,7891,튜토리얼완료,2025-01-07 23:00:00
17574,7891,첫결제,2025-01-10 19:50:00
17575,7892,가입,2025-01-20 00:00:00
17576,7892,튜토리얼완료,2025-01-23 20:00:00
17577,7893,가입,2025-01-18 00:00:00
17578,7893,튜토리얼완료,2025-01-20 04:00:00
17579,7893,첫결제,2025-01-18 22:43:00
17580,7894,가입,2025-02-20 00:00:00
17581,7894,첫결제,2025-02-21 16:39:00
17582,7895,가입,2025-01-09 00:00:00
17583,7895,튜토리얼완료,2025-01-10 21:00:00
17584,7896,가입,2025-01-25 00:00:00
17585,7896,튜토리얼완료,2025-01-27 03:00:00
17586,7897,가입,2025-03-19 00:00:00
17587,7897,튜토리얼완료,2025-03-19 22:00:00
17588,7898,가입,2025-03-09 00:00:00
17589,7898,튜토리얼완료,2025-03-12 05:00:00
17590,7898,첫결제,2025-03-12 02:33:00
17591,7899,가입,2025-01-22 00:00:00
17592,7899,튜토리얼완료,2025-01-22 11:00:00
17593,7900,가입,2025-01-09 00:00:00
17594,7900,튜토리얼완료,2025-01-10 00:00:00
17595,7900,첫결제,2025-01-31 21:12:00
17596,7901,가입,2025-01-24 00:00:00
17597,7901,튜토리얼완료,2025-01-26 20:00:00
17598,7902,가입,2025-02-12 00:00:00
17599,7902,튜토리얼완료,2025-02-13 00:00:00
17600,7903,가입,2025-02-16 00:00:00
17601,7903,튜토리얼완료,2025-02-18 02:00:00
17602,7904,가입,2025-01-06 00:00:00
17603,7904,튜토리얼완료,2025-01-08 09:00:00
17604,7905,가입,2025-01-28 00:00:00
17605,7905,튜토리얼완료,2025-01-30 13:00:00
17606,7905,첫결제,2025-03-26 22:17:00
17607,7906,가입,2025-04-22 00:00:00
17608,7906,튜토리얼완료,2025-04-24 10:00:00
17609,7907,가입,2025-06-23 00:00:00
17610,7908,가입,2025-06-28 00:00:00
17611,7908,튜토리얼완료,2025-07-01 03:00:00
17612,7909,가입,2025-01-06 00:00:00
17613,7909,튜토리얼완료,2025-01-09 07:00:00
17614,7910,가입,2025-06-07 00:00:00
17615,7910,튜토리얼완료,2025-06-09 09:00:00
17616,7911,가입,2025-04-06 00:00:00
17617,7911,튜토리얼완료,2025-04-09 14:00:00
17618,7912,가입,2025-03-04 00:00:00
17619,7912,튜토리얼완료,2025-03-05 23:00:00
17620,7912,첫결제,2025-03-19 21:36:00
17621,7913,가입,2025-02-09 00:00:00
17622,7913,튜토리얼완료,2025-02-12 11:00:00
17623,7914,가입,2025-01-17 00:00:00
17624,7914,튜토리얼완료,2025-01-18 11:00:00
17625,7915,가입,2025-02-23 00:00:00
17626,7915,튜토리얼완료,2025-02-25 20:00:00
17627,7915,첫결제,2025-02-23 20:50:00
17628,7916,가입,2025-01-08 00:00:00
17629,7916,튜토리얼완료,2025-01-10 22:00:00
17630,7917,가입,2025-01-04 00:00:00
17631,7917,튜토리얼완료,2025-01-07 13:00:00
17632,7918,가입,2025-05-31 00:00:00
17633,7918,튜토리얼완료,2025-06-03 21:00:00
17634,7919,가입,2025-01-17 00:00:00
17635,7919,튜토리얼완료,2025-01-20 02:00:00
17636,7920,가입,2025-05-20 00:00:00
17637,7920,튜토리얼완료,2025-05-20 21:00:00
17638,7921,가입,2025-01-11 00:00:00
17639,7921,튜토리얼완료,2025-01-12 04:00:00
17640,7922,가입,2025-01-19 00:00:00
17641,7922,튜토리얼완료,2025-01-20 20:00:00
17642,7922,첫결제,2025-01-30 20:39:00
17643,7923,가입,2025-01-13 00:00:00
17644,7923,튜토리얼완료,2025-01-15 18:00:00
17645,7924,가입,2025-02-02 00:00:00
17646,7924,튜토리얼완료,2025-02-03 16:00:00
17647,7924,첫결제,2025-02-07 20:38:00
17648,7925,가입,2025-04-27 00:00:00
17649,7925,튜토리얼완료,2025-04-27 16:00:00
17650,7926,가입,2025-05-22 00:00:00
17651,7926,튜토리얼완료,2025-05-22 11:00:00
17652,7927,가입,2025-02-10 00:00:00
17653,7927,튜토리얼완료,2025-02-11 05:00:00
17654,7928,가입,2025-03-08 00:00:00
17655,7928,튜토리얼완료,2025-03-08 16:00:00
17656,7928,첫결제,2025-04-06 22:31:00
17657,7929,가입,2025-01-07 00:00:00
17658,7929,첫결제,2025-01-21 23:41:00
17659,7930,가입,2025-01-06 00:00:00
17660,7930,튜토리얼완료,2025-01-08 06:00:00
17661,7931,가입,2025-04-10 00:00:00
17662,7931,첫결제,2025-04-11 19:55:00
17663,7932,가입,2025-02-01 00:00:00
17664,7932,튜토리얼완료,2025-02-01 10:00:00
17665,7932,첫결제,2025-02-05 21:49:00
17666,7933,가입,2025-03-27 00:00:00
17667,7933,첫결제,2025-03-30 02:52:00
17668,7934,가입,2025-02-02 00:00:00
17669,7934,튜토리얼완료,2025-02-04 06:00:00
17670,7935,가입,2025-02-16 00:00:00
17671,7935,튜토리얼완료,2025-02-19 21:00:00
17672,7936,가입,2025-02-28 00:00:00
17673,7936,튜토리얼완료,2025-03-02 09:00:00
17674,7936,첫결제,2025-03-03 23:53:00
17675,7937,가입,2025-02-06 00:00:00
17676,7937,튜토리얼완료,2025-02-07 20:00:00
17677,7938,가입,2025-01-31 00:00:00
17678,7938,튜토리얼완료,2025-02-02 19:00:00
17679,7938,첫결제,2025-02-02 23:06:00
17680,7939,가입,2025-01-31 00:00:00
17681,7939,튜토리얼완료,2025-02-02 13:00:00
17682,7940,가입,2025-01-09 00:00:00
17683,7940,튜토리얼완료,2025-01-10 10:00:00
17684,7940,첫결제,2025-01-23 17:41:00
17685,7941,가입,2025-03-14 00:00:00
17686,7941,튜토리얼완료,2025-03-16 06:00:00
17687,7942,가입,2025-01-10 00:00:00
17688,7942,튜토리얼완료,2025-01-13 10:00:00
17689,7942,첫결제,2025-01-13 01:47:00
17690,7943,가입,2025-01-15 00:00:00
17691,7943,튜토리얼완료,2025-01-15 13:00:00
17692,7943,첫결제,2025-02-10 20:45:00
17693,7944,가입,2025-02-02 00:00:00
17694,7944,튜토리얼완료,2025-02-02 06:00:00
17695,7945,가입,2025-02-02 00:00:00
17696,7945,튜토리얼완료,2025-02-05 09:00:00
17697,7946,가입,2025-01-29 00:00:00
17698,7946,튜토리얼완료,2025-01-29 10:00:00
17699,7947,가입,2025-04-15 00:00:00
17700,7947,첫결제,2025-04-19 20:22:00
17701,7948,가입,2025-01-22 00:00:00
17702,7948,튜토리얼완료,2025-01-23 07:00:00
17703,7949,가입,2025-05-06 00:00:00
17704,7949,튜토리얼완료,2025-05-06 06:00:00
17705,7950,가입,2025-02-23 00:00:00
17706,7950,튜토리얼완료,2025-02-23 14:00:00
17707,7951,가입,2025-02-18 00:00:00
17708,7951,튜토리얼완료,2025-02-18 04:00:00
17709,7951,첫결제,2025-04-13 17:22:00
17710,7952,가입,2025-02-26 00:00:00
17711,7952,튜토리얼완료,2025-03-01 09:00:00
17712,7953,가입,2025-01-15 00:00:00
17713,7953,튜토리얼완료,2025-01-18 19:00:00
17714,7953,첫결제,2025-01-15 17:11:00
17715,7954,가입,2025-02-25 00:00:00
17716,7954,튜토리얼완료,2025-02-25 11:00:00
17717,7954,첫결제,2025-03-14 19:19:00
17718,7955,가입,2025-04-09 00:00:00
17719,7955,튜토리얼완료,2025-04-10 21:00:00
17720,7955,첫결제,2025-04-10 13:15:00
17721,7956,가입,2025-03-09 00:00:00
17722,7956,튜토리얼완료,2025-03-10 11:00:00
17723,7956,첫결제,2025-03-24 21:17:00
17724,7957,가입,2025-01-06 00:00:00
17725,7957,튜토리얼완료,2025-01-09 05:00:00
17726,7958,가입,2025-01-29 00:00:00
17727,7959,가입,2025-01-02 00:00:00
17728,7959,튜토리얼완료,2025-01-04 19:00:00
17729,7960,가입,2025-01-27 00:00:00
17730,7961,가입,2025-01-10 00:00:00
17731,7961,튜토리얼완료,2025-01-10 14:00:00
17732,7962,가입,2025-02-06 00:00:00
17733,7962,튜토리얼완료,2025-02-07 01:00:00
17734,7962,첫결제,2025-02-14 02:39:00
17735,7963,가입,2025-01-02 00:00:00
17736,7963,튜토리얼완료,2025-01-03 12:00:00
17737,7964,가입,2025-06-13 00:00:00
17738,7964,튜토리얼완료,2025-06-13 12:00:00
17739,7965,가입,2025-01-24 00:00:00
17740,7966,가입,2025-03-28 00:00:00
17741,7966,튜토리얼완료,2025-03-31 11:00:00
17742,7967,가입,2025-01-15 00:00:00
17743,7967,튜토리얼완료,2025-01-15 18:00:00
17744,7968,가입,2025-03-18 00:00:00
17745,7968,튜토리얼완료,2025-03-21 14:00:00
17746,7969,가입,2025-01-26 00:00:00
17747,7969,튜토리얼완료,2025-01-29 20:00:00
17748,7969,첫결제,2025-02-05 21:55:00
17749,7970,가입,2025-02-27 00:00:00
17750,7970,튜토리얼완료,2025-02-28 12:00:00
17751,7970,첫결제,2025-03-06 23:28:00
17752,7971,가입,2025-06-14 00:00:00
17753,7971,튜토리얼완료,2025-06-17 08:00:00
17754,7972,가입,2025-03-07 00:00:00
17755,7972,첫결제,2025-03-24 18:50:00
17756,7973,가입,2025-01-09 00:00:00
17757,7973,튜토리얼완료,2025-01-11 21:00:00
17758,7974,가입,2025-05-15 00:00:00
17759,7974,튜토리얼완료,2025-05-17 02:00:00
17760,7975,가입,2025-03-21 00:00:00
17761,7975,튜토리얼완료,2025-03-21 05:00:00
17762,7976,가입,2025-04-28 00:00:00
17763,7977,가입,2025-05-17 00:00:00
17764,7977,튜토리얼완료,2025-05-19 22:00:00
17765,7978,가입,2025-01-19 00:00:00
17766,7978,튜토리얼완료,2025-01-20 15:00:00
17767,7978,첫결제,2025-01-24 13:20:00
17768,7979,가입,2025-01-24 00:00:00
17769,7979,튜토리얼완료,2025-01-24 05:00:00
17770,7979,첫결제,2025-02-17 19:35:00
17771,7980,가입,2025-03-28 00:00:00
17772,7980,튜토리얼완료,2025-03-31 01:00:00
17773,7981,가입,2025-01-04 00:00:00
17774,7981,튜토리얼완료,2025-01-06 07:00:00
17775,7982,가입,2025-01-23 00:00:00
17776,7982,튜토리얼완료,2025-01-23 14:00:00
17777,7983,가입,2025-01-26 00:00:00
17778,7983,튜토리얼완료,2025-01-27 21:00:00
17779,7984,가입,2025-05-01 00:00:00
17780,7984,튜토리얼완료,2025-05-01 12:00:00
17781,7985,가입,2025-06-20 00:00:00
17782,7985,튜토리얼완료,2025-06-20 16:00:00
17783,7986,가입,2025-01-10 00:00:00
17784,7987,가입,2025-02-11 00:00:00
17785,7987,튜토리얼완료,2025-02-14 05:00:00
17786,7988,가입,2025-03-20 00:00:00
17787,7989,가입,2025-01-26 00:00:00
17788,7989,튜토리얼완료,2025-01-26 04:00:00
17789,7989,첫결제,2025-02-01 07:48:00
17790,7990,가입,2025-02-15 00:00:00
17791,7990,튜토리얼완료,2025-02-15 23:00:00
17792,7990,첫결제,2025-03-31 00:37:00
17793,7991,가입,2025-01-16 00:00:00
17794,7991,튜토리얼완료,2025-01-19 23:00:00
17795,7991,첫결제,2025-04-05 20:03:00
17796,7992,가입,2025-03-29 00:00:00
17797,7992,튜토리얼완료,2025-04-01 01:00:00
17798,7992,첫결제,2025-03-29 21:27:00
17799,7993,가입,2025-03-27 00:00:00
17800,7993,튜토리얼완료,2025-03-29 17:00:00
17801,7993,첫결제,2025-03-27 05:54:00
17802,7994,가입,2025-02-03 00:00:00
17803,7994,튜토리얼완료,2025-02-04 06:00:00
17804,7994,첫결제,2025-03-03 07:16:00
17805,7995,가입,2025-01-26 00:00:00
17806,7995,첫결제,2025-03-07 12:16:00
17807,7996,가입,2025-01-19 00:00:00
17808,7996,첫결제,2025-01-28 22:52:00
17809,7997,가입,2025-01-05 00:00:00
17810,7997,튜토리얼완료,2025-01-06 13:00:00
17811,7998,가입,2025-02-18 00:00:00
17812,7998,튜토리얼완료,2025-02-20 05:00:00
17813,7999,가입,2025-05-05 00:00:00
17814,7999,튜토리얼완료,2025-05-08 15:00:00
17815,8000,가입,2025-01-08 00:00:00
17816,8000,튜토리얼완료,2025-01-09 23:00:00
17817,8001,가입,2025-02-01 00:00:00
17818,8001,튜토리얼완료,2025-02-02 16:00:00
17819,8002,가입,2025-05-08 00:00:00
17820,8002,튜토리얼완료,2025-05-08 12:00:00
17821,8002,첫결제,2025-05-16 20:51:00
17822,8003,가입,2025-04-11 00:00:00
17823,8003,튜토리얼완료,2025-04-11 01:00:00
17824,8003,첫결제,2025-05-23 19:02:00
17825,8004,가입,2025-03-19 00:00:00
17826,8005,가입,2025-01-01 00:00:00
17827,8005,튜토리얼완료,2025-01-04 15:00:00
17828,8006,가입,2025-03-09 00:00:00
17829,8006,튜토리얼완료,2025-03-09 11:00:00
17830,8006,첫결제,2025-04-05 23:24:00
17831,8007,가입,2025-01-22 00:00:00
17832,8007,튜토리얼완료,2025-01-23 10:00:00
17833,8007,첫결제,2025-01-24 03:30:00
17834,8008,가입,2025-03-27 00:00:00
17835,8008,튜토리얼완료,2025-03-27 03:00:00
17836,8008,첫결제,2025-04-24 21:17:00
17837,8009,가입,2025-01-16 00:00:00
17838,8009,튜토리얼완료,2025-01-16 05:00:00
17839,8010,가입,2025-01-01 00:00:00
17840,8010,튜토리얼완료,2025-01-04 18:00:00
17841,8010,첫결제,2025-01-11 20:49:00
17842,8011,가입,2025-02-12 00:00:00
17843,8011,첫결제,2025-02-19 13:42:00
17844,8012,가입,2025-01-21 00:00:00
17845,8012,튜토리얼완료,2025-01-23 09:00:00
17846,8012,첫결제,2025-01-21 16:07:00
17847,8013,가입,2025-02-22 00:00:00
17848,8013,튜토리얼완료,2025-02-22 22:00:00
17849,8013,첫결제,2025-02-25 19:35:00
17850,8014,가입,2025-01-20 00:00:00
17851,8015,가입,2025-03-31 00:00:00
17852,8015,튜토리얼완료,2025-03-31 09:00:00
17853,8015,첫결제,2025-04-01 22:34:00
17854,8016,가입,2025-02-11 00:00:00
17855,8016,튜토리얼완료,2025-02-12 11:00:00
17856,8017,가입,2025-01-18 00:00:00
17857,8017,튜토리얼완료,2025-01-21 02:00:00
17858,8018,가입,2025-03-17 00:00:00
17859,8018,튜토리얼완료,2025-03-20 21:00:00
17860,8018,첫결제,2025-03-20 01:46:00
17861,8019,가입,2025-05-23 00:00:00
17862,8019,튜토리얼완료,2025-05-26 06:00:00
17863,8020,가입,2025-05-17 00:00:00
17864,8020,튜토리얼완료,2025-05-19 02:00:00
17865,8020,첫결제,2025-05-19 16:42:00
17866,8021,가입,2025-06-29 00:00:00
17867,8021,튜토리얼완료,2025-07-01 19:00:00
17868,8022,가입,2025-03-12 00:00:00
17869,8023,가입,2025-02-26 00:00:00
17870,8023,튜토리얼완료,2025-03-01 02:00:00
17871,8023,첫결제,2025-04-11 00:21:00
17872,8024,가입,2025-01-05 00:00:00
17873,8024,튜토리얼완료,2025-01-08 08:00:00
17874,8024,첫결제,2025-01-10 20:14:00
17875,8025,가입,2025-01-16 00:00:00
17876,8025,튜토리얼완료,2025-01-19 14:00:00
17877,8025,첫결제,2025-01-21 13:53:00
17878,8026,가입,2025-01-22 00:00:00
17879,8026,튜토리얼완료,2025-01-23 20:00:00
17880,8027,가입,2025-02-16 00:00:00
17881,8027,튜토리얼완료,2025-02-18 22:00:00
17882,8028,가입,2025-04-14 00:00:00
17883,8029,가입,2025-02-06 00:00:00
17884,8029,튜토리얼완료,2025-02-06 19:00:00
17885,8029,첫결제,2025-02-13 16:21:00
17886,8030,가입,2025-01-18 00:00:00
17887,8030,튜토리얼완료,2025-01-20 21:00:00
17888,8030,첫결제,2025-01-20 01:56:00
17889,8031,가입,2025-01-30 00:00:00
17890,8031,튜토리얼완료,2025-02-01 09:00:00
17891,8032,가입,2025-01-03 00:00:00
17892,8033,가입,2025-01-19 00:00:00
17893,8033,튜토리얼완료,2025-01-19 19:00:00
17894,8033,첫결제,2025-01-21 22:38:00
17895,8034,가입,2025-01-03 00:00:00
17896,8034,튜토리얼완료,2025-01-03 10:00:00
17897,8034,첫결제,2025-01-05 19:36:00
17898,8035,가입,2025-02-13 00:00:00
17899,8036,가입,2025-06-07 00:00:00
17900,8036,튜토리얼완료,2025-06-09 11:00:00
17901,8037,가입,2025-02-02 00:00:00
17902,8037,튜토리얼완료,2025-02-03 03:00:00
17903,8038,가입,2025-03-26 00:00:00
17904,8038,튜토리얼완료,2025-03-26 08:00:00
17905,8038,첫결제,2025-03-31 23:29:00
17906,8039,가입,2025-03-11 00:00:00
17907,8040,가입,2025-02-28 00:00:00
17908,8040,첫결제,2025-04-22 23:33:00
17909,8041,가입,2025-04-18 00:00:00
17910,8041,튜토리얼완료,2025-04-19 22:00:00
17911,8042,가입,2025-02-20 00:00:00
17912,8042,튜토리얼완료,2025-02-20 05:00:00
17913,8043,가입,2025-02-28 00:00:00
17914,8043,튜토리얼완료,2025-02-28 18:00:00
17915,8044,가입,2025-01-25 00:00:00
17916,8044,튜토리얼완료,2025-01-26 10:00:00
17917,8045,가입,2025-03-23 00:00:00
17918,8045,튜토리얼완료,2025-03-24 20:00:00
17919,8046,가입,2025-01-13 00:00:00
17920,8046,튜토리얼완료,2025-01-15 10:00:00
17921,8047,가입,2025-03-17 00:00:00
17922,8047,튜토리얼완료,2025-03-19 21:00:00
17923,8048,가입,2025-06-29 00:00:00
17924,8048,튜토리얼완료,2025-06-29 09:00:00
17925,8049,가입,2025-01-19 00:00:00
17926,8049,튜토리얼완료,2025-01-20 15:00:00
17927,8050,가입,2025-03-23 00:00:00
17928,8050,튜토리얼완료,2025-03-24 11:00:00
17929,8051,가입,2025-03-26 00:00:00
17930,8051,튜토리얼완료,2025-03-28 11:00:00
17931,8052,가입,2025-01-05 00:00:00
17932,8052,튜토리얼완료,2025-01-06 17:00:00
17933,8053,가입,2025-03-09 00:00:00
17934,8053,튜토리얼완료,2025-03-11 02:00:00
17935,8053,첫결제,2025-03-19 23:30:00
17936,8054,가입,2025-02-13 00:00:00
17937,8054,튜토리얼완료,2025-02-13 03:00:00
17938,8054,첫결제,2025-03-08 03:33:00
17939,8055,가입,2025-02-08 00:00:00
17940,8055,튜토리얼완료,2025-02-09 19:00:00
17941,8055,첫결제,2025-02-11 21:59:00
17942,8056,가입,2025-05-06 00:00:00
17943,8056,튜토리얼완료,2025-05-08 06:00:00
17944,8056,첫결제,2025-05-07 17:00:00
17945,8057,가입,2025-01-24 00:00:00
17946,8057,튜토리얼완료,2025-01-27 15:00:00
17947,8058,가입,2025-06-29 00:00:00
17948,8059,가입,2025-02-12 00:00:00
17949,8059,튜토리얼완료,2025-02-15 08:00:00
17950,8060,가입,2025-01-05 00:00:00
17951,8060,튜토리얼완료,2025-01-05 13:00:00
17952,8061,가입,2025-01-06 00:00:00
17953,8061,튜토리얼완료,2025-01-07 14:00:00
17954,8062,가입,2025-04-14 00:00:00
17955,8062,튜토리얼완료,2025-04-16 09:00:00
17956,8062,첫결제,2025-06-07 23:25:00
17957,8063,가입,2025-03-29 00:00:00
17958,8063,튜토리얼완료,2025-03-30 20:00:00
17959,8063,첫결제,2025-04-08 02:07:00
17960,8064,가입,2025-03-14 00:00:00
17961,8064,튜토리얼완료,2025-03-15 17:00:00
17962,8065,가입,2025-01-06 00:00:00
17963,8065,튜토리얼완료,2025-01-07 06:00:00
17964,8066,가입,2025-03-02 00:00:00
17965,8066,튜토리얼완료,2025-03-03 18:00:00
17966,8066,첫결제,2025-03-14 20:54:00
17967,8067,가입,2025-06-29 00:00:00
17968,8067,튜토리얼완료,2025-06-30 16:00:00
17969,8068,가입,2025-03-28 00:00:00
17970,8068,튜토리얼완료,2025-03-30 20:00:00
17971,8068,첫결제,2025-04-20 23:41:00
17972,8069,가입,2025-01-18 00:00:00
17973,8069,튜토리얼완료,2025-01-19 14:00:00
17974,8070,가입,2025-03-31 00:00:00
17975,8070,튜토리얼완료,2025-03-31 19:00:00
17976,8071,가입,2025-01-05 00:00:00
17977,8071,튜토리얼완료,2025-01-07 04:00:00
17978,8071,첫결제,2025-01-05 14:42:00
17979,8072,가입,2025-01-22 00:00:00
17980,8072,튜토리얼완료,2025-01-22 11:00:00
17981,8073,가입,2025-05-24 00:00:00
17982,8073,튜토리얼완료,2025-05-27 03:00:00
17983,8074,가입,2025-04-03 00:00:00
17984,8074,튜토리얼완료,2025-04-06 18:00:00
17985,8075,가입,2025-04-01 00:00:00
17986,8075,첫결제,2025-04-23 15:20:00
17987,8076,가입,2025-03-05 00:00:00
17988,8076,튜토리얼완료,2025-03-06 20:00:00
17989,8077,가입,2025-05-02 00:00:00
17990,8077,튜토리얼완료,2025-05-05 04:00:00
17991,8078,가입,2025-01-21 00:00:00
17992,8079,가입,2025-06-15 00:00:00
17993,8079,튜토리얼완료,2025-06-17 10:00:00
17994,8080,가입,2025-04-04 00:00:00
17995,8080,튜토리얼완료,2025-04-06 04:00:00
17996,8080,첫결제,2025-04-23 19:09:00
17997,8081,가입,2025-01-06 00:00:00
17998,8081,튜토리얼완료,2025-01-06 02:00:00
17999,8081,첫결제,2025-01-18 19:05:00
18000,8082,가입,2025-04-11 00:00:00
18001,8083,가입,2025-02-20 00:00:00
18002,8083,튜토리얼완료,2025-02-22 16:00:00
18003,8084,가입,2025-02-19 00:00:00
18004,8084,튜토리얼완료,2025-02-19 03:00:00
18005,8084,첫결제,2025-02-22 00:36:00
18006,8085,가입,2025-04-13 00:00:00
18007,8085,튜토리얼완료,2025-04-13 14:00:00
18008,8085,첫결제,2025-04-18 21:52:00
18009,8086,가입,2025-01-27 00:00:00
18010,8086,튜토리얼완료,2025-01-29 23:00:00
18011,8086,첫결제,2025-01-27 14:52:00
18012,8087,가입,2025-01-05 00:00:00
18013,8087,튜토리얼완료,2025-01-07 06:00:00
18014,8088,가입,2025-06-29 00:00:00
18015,8089,가입,2025-06-29 00:00:00
18016,8089,튜토리얼완료,2025-06-29 06:00:00
18017,8090,가입,2025-03-31 00:00:00
18018,8090,튜토리얼완료,2025-04-02 18:00:00
18019,8091,가입,2025-04-03 00:00:00
18020,8091,튜토리얼완료,2025-04-04 21:00:00
18021,8092,가입,2025-04-08 00:00:00
18022,8092,튜토리얼완료,2025-04-09 02:00:00
18023,8092,첫결제,2025-04-17 23:54:00
18024,8093,가입,2025-06-29 00:00:00
18025,8094,가입,2025-01-06 00:00:00
18026,8094,튜토리얼완료,2025-01-09 20:00:00
18027,8095,가입,2025-01-04 00:00:00
18028,8095,첫결제,2025-01-05 11:08:00
18029,8096,가입,2025-01-20 00:00:00
18030,8096,튜토리얼완료,2025-01-20 16:00:00
18031,8097,가입,2025-02-24 00:00:00
18032,8097,튜토리얼완료,2025-02-26 14:00:00
18033,8098,가입,2025-03-28 00:00:00
18034,8098,튜토리얼완료,2025-03-29 14:00:00
18035,8099,가입,2025-02-14 00:00:00
18036,8099,튜토리얼완료,2025-02-14 19:00:00
18037,8100,가입,2025-03-09 00:00:00
18038,8100,튜토리얼완료,2025-03-12 04:00:00
18039,8101,가입,2025-02-05 00:00:00
18040,8101,튜토리얼완료,2025-02-07 11:00:00
18041,8102,가입,2025-02-08 00:00:00
18042,8102,튜토리얼완료,2025-02-09 04:00:00
18043,8103,가입,2025-01-28 00:00:00
18044,8104,가입,2025-02-25 00:00:00
18045,8104,튜토리얼완료,2025-02-28 06:00:00
18046,8105,가입,2025-01-08 00:00:00
18047,8105,첫결제,2025-01-08 02:23:00
18048,8106,가입,2025-01-06 00:00:00
18049,8106,튜토리얼완료,2025-01-07 07:00:00
18050,8107,가입,2025-02-11 00:00:00
18051,8107,튜토리얼완료,2025-02-13 02:00:00
18052,8107,첫결제,2025-02-15 11:58:00
18053,8108,가입,2025-01-27 00:00:00
18054,8108,튜토리얼완료,2025-01-27 02:00:00
18055,8109,가입,2025-01-27 00:00:00
18056,8109,튜토리얼완료,2025-01-28 08:00:00
18057,8110,가입,2025-05-20 00:00:00
18058,8110,튜토리얼완료,2025-05-22 11:00:00
18059,8111,가입,2025-06-29 00:00:00
18060,8111,튜토리얼완료,2025-06-30 03:00:00
18061,8112,가입,2025-02-27 00:00:00
18062,8113,가입,2025-01-11 00:00:00
18063,8113,튜토리얼완료,2025-01-13 10:00:00
18064,8114,가입,2025-04-02 00:00:00
18065,8114,튜토리얼완료,2025-04-02 04:00:00
18066,8115,가입,2025-02-19 00:00:00
18067,8115,튜토리얼완료,2025-02-20 16:00:00
18068,8115,첫결제,2025-03-02 23:22:00
18069,8116,가입,2025-03-27 00:00:00
18070,8116,튜토리얼완료,2025-03-30 16:00:00
18071,8117,가입,2025-03-02 00:00:00
18072,8118,가입,2025-01-08 00:00:00
18073,8118,튜토리얼완료,2025-01-09 17:00:00
18074,8119,가입,2025-03-05 00:00:00
18075,8119,튜토리얼완료,2025-03-05 02:00:00
18076,8119,첫결제,2025-03-07 01:32:00
18077,8120,가입,2025-03-04 00:00:00
18078,8120,튜토리얼완료,2025-03-07 09:00:00
18079,8120,첫결제,2025-03-22 19:51:00
18080,8121,가입,2025-06-29 00:00:00
18081,8121,튜토리얼완료,2025-06-29 10:00:00
18082,8121,첫결제,2025-06-29 00:02:00
18083,8122,가입,2025-05-24 00:00:00
18084,8122,튜토리얼완료,2025-05-25 05:00:00
18085,8123,가입,2025-06-29 00:00:00
18086,8123,튜토리얼완료,2025-06-29 22:00:00
18087,8124,가입,2025-06-21 00:00:00
18088,8125,가입,2025-01-08 00:00:00
18089,8125,튜토리얼완료,2025-01-11 09:00:00
18090,8125,첫결제,2025-01-08 14:47:00
18091,8126,가입,2025-01-04 00:00:00
18092,8126,튜토리얼완료,2025-01-04 01:00:00
18093,8126,첫결제,2025-02-01 09:13:00
18094,8127,가입,2025-05-06 00:00:00
18095,8127,튜토리얼완료,2025-05-06 12:00:00
18096,8127,첫결제,2025-05-26 19:12:00
18097,8128,가입,2025-04-02 00:00:00
18098,8128,튜토리얼완료,2025-04-03 22:00:00
18099,8129,가입,2025-01-06 00:00:00
18100,8129,튜토리얼완료,2025-01-07 05:00:00
18101,8130,가입,2025-01-09 00:00:00
18102,8130,튜토리얼완료,2025-01-12 22:00:00
18103,8131,가입,2025-03-17 00:00:00
18104,8131,튜토리얼완료,2025-03-17 01:00:00
18105,8132,가입,2025-02-05 00:00:00
18106,8132,튜토리얼완료,2025-02-07 13:00:00
18107,8133,가입,2025-03-23 00:00:00
18108,8133,튜토리얼완료,2025-03-24 18:00:00
18109,8134,가입,2025-01-26 00:00:00
18110,8134,튜토리얼완료,2025-01-29 04:00:00
18111,8135,가입,2025-01-18 00:00:00
18112,8136,가입,2025-06-29 00:00:00
18113,8136,튜토리얼완료,2025-06-30 16:00:00
18114,8137,가입,2025-01-24 00:00:00
18115,8137,튜토리얼완료,2025-01-24 18:00:00
18116,8137,첫결제,2025-01-26 22:40:00
18117,8138,가입,2025-05-24 00:00:00
18118,8138,튜토리얼완료,2025-05-25 18:00:00
18119,8138,첫결제,2025-06-02 23:51:00
18120,8139,가입,2025-01-24 00:00:00
18121,8139,튜토리얼완료,2025-01-26 01:00:00
18122,8139,첫결제,2025-01-26 22:25:00
18123,8140,가입,2025-01-01 00:00:00
18124,8140,튜토리얼완료,2025-01-04 13:00:00
18125,8141,가입,2025-01-01 00:00:00
18126,8141,튜토리얼완료,2025-01-03 09:00:00
18127,8142,가입,2025-02-12 00:00:00
18128,8142,튜토리얼완료,2025-02-13 06:00:00
18129,8143,가입,2025-03-14 00:00:00
18130,8143,튜토리얼완료,2025-03-15 07:00:00
18131,8144,가입,2025-01-07 00:00:00
18132,8144,튜토리얼완료,2025-01-09 22:00:00
18133,8144,첫결제,2025-01-22 06:17:00
18134,8145,가입,2025-01-29 00:00:00
18135,8145,튜토리얼완료,2025-01-30 23:00:00
18136,8146,가입,2025-02-03 00:00:00
18137,8146,튜토리얼완료,2025-02-06 03:00:00
18138,8146,첫결제,2025-02-16 00:04:00
18139,8147,가입,2025-02-02 00:00:00
18140,8147,튜토리얼완료,2025-02-04 22:00:00
18141,8147,첫결제,2025-03-02 01:10:00
18142,8148,가입,2025-04-04 00:00:00
18143,8149,가입,2025-01-30 00:00:00
18144,8149,튜토리얼완료,2025-01-30 17:00:00
18145,8149,첫결제,2025-02-01 21:03:00
18146,8150,가입,2025-02-22 00:00:00
18147,8150,튜토리얼완료,2025-02-22 11:00:00
18148,8150,첫결제,2025-02-22 17:35:00
18149,8151,가입,2025-02-18 00:00:00
18150,8151,튜토리얼완료,2025-02-18 13:00:00
18151,8152,가입,2025-01-30 00:00:00
18152,8152,튜토리얼완료,2025-02-02 11:00:00
18153,8153,가입,2025-01-09 00:00:00
18154,8154,가입,2025-01-21 00:00:00
18155,8154,튜토리얼완료,2025-01-23 14:00:00
18156,8155,가입,2025-01-01 00:00:00
18157,8155,튜토리얼완료,2025-01-01 12:00:00
18158,8155,첫결제,2025-02-05 21:29:00
18159,8156,가입,2025-02-04 00:00:00
18160,8156,튜토리얼완료,2025-02-06 11:00:00
18161,8157,가입,2025-03-10 00:00:00
18162,8157,튜토리얼완료,2025-03-13 17:00:00
18163,8157,첫결제,2025-03-19 12:58:00
18164,8158,가입,2025-02-27 00:00:00
18165,8158,튜토리얼완료,2025-03-02 21:00:00
18166,8159,가입,2025-05-06 00:00:00
18167,8159,튜토리얼완료,2025-05-06 11:00:00
18168,8159,첫결제,2025-05-06 20:49:00
18169,8160,가입,2025-02-19 00:00:00
18170,8160,튜토리얼완료,2025-02-22 07:00:00
18171,8161,가입,2025-01-18 00:00:00
18172,8161,튜토리얼완료,2025-01-21 12:00:00
18173,8161,첫결제,2025-01-24 04:52:00
18174,8162,가입,2025-01-16 00:00:00
18175,8162,튜토리얼완료,2025-01-17 05:00:00
18176,8163,가입,2025-03-20 00:00:00
18177,8163,튜토리얼완료,2025-03-23 07:00:00
18178,8163,첫결제,2025-04-10 23:23:00
18179,8164,가입,2025-01-08 00:00:00
18180,8164,튜토리얼완료,2025-01-10 13:00:00
18181,8164,첫결제,2025-01-18 22:16:00
18182,8165,가입,2025-01-07 00:00:00
18183,8165,튜토리얼완료,2025-01-08 12:00:00
18184,8166,가입,2025-06-29 00:00:00
18185,8167,가입,2025-02-10 00:00:00
18186,8167,튜토리얼완료,2025-02-12 12:00:00
18187,8167,첫결제,2025-02-20 01:20:00
18188,8168,가입,2025-02-08 00:00:00
18189,8168,첫결제,2025-02-08 12:42:00
18190,8169,가입,2025-03-02 00:00:00
18191,8169,첫결제,2025-04-23 12:35:00
18192,8170,가입,2025-05-20 00:00:00
18193,8170,튜토리얼완료,2025-05-21 03:00:00
18194,8171,가입,2025-04-19 00:00:00
18195,8171,튜토리얼완료,2025-04-19 13:00:00
18196,8172,가입,2025-02-10 00:00:00
18197,8172,튜토리얼완료,2025-02-13 22:00:00
18198,8173,가입,2025-03-21 00:00:00
18199,8173,튜토리얼완료,2025-03-24 11:00:00
18200,8173,첫결제,2025-04-03 02:18:00
18201,8174,가입,2025-02-10 00:00:00
18202,8174,튜토리얼완료,2025-02-13 04:00:00
18203,8175,가입,2025-05-16 00:00:00
18204,8175,튜토리얼완료,2025-05-19 21:00:00
18205,8176,가입,2025-03-09 00:00:00
18206,8176,튜토리얼완료,2025-03-10 23:00:00
18207,8176,첫결제,2025-03-15 00:36:00
18208,8177,가입,2025-02-25 00:00:00
18209,8177,튜토리얼완료,2025-02-28 05:00:00
18210,8177,첫결제,2025-03-01 05:09:00
18211,8178,가입,2025-02-28 00:00:00
18212,8178,튜토리얼완료,2025-03-03 21:00:00
18213,8178,첫결제,2025-03-11 20:58:00
18214,8179,가입,2025-01-09 00:00:00
18215,8179,튜토리얼완료,2025-01-11 00:00:00
18216,8179,첫결제,2025-01-16 23:36:00
18217,8180,가입,2025-05-20 00:00:00
18218,8180,튜토리얼완료,2025-05-22 05:00:00
18219,8181,가입,2025-06-29 00:00:00
18220,8181,튜토리얼완료,2025-06-29 00:00:00
18221,8182,가입,2025-01-13 00:00:00
18222,8182,튜토리얼완료,2025-01-16 22:00:00
18223,8182,첫결제,2025-01-16 21:52:00
18224,8183,가입,2025-01-04 00:00:00
18225,8183,튜토리얼완료,2025-01-06 19:00:00
18226,8183,첫결제,2025-01-10 17:16:00
18227,8184,가입,2025-02-02 00:00:00
18228,8185,가입,2025-01-30 00:00:00
18229,8186,가입,2025-02-25 00:00:00
18230,8187,가입,2025-01-13 00:00:00
18231,8187,튜토리얼완료,2025-01-14 20:00:00
18232,8188,가입,2025-01-24 00:00:00
18233,8188,튜토리얼완료,2025-01-24 22:00:00
18234,8189,가입,2025-02-12 00:00:00
18235,8189,튜토리얼완료,2025-02-12 22:00:00
18236,8190,가입,2025-01-07 00:00:00
18237,8190,튜토리얼완료,2025-01-10 00:00:00
18238,8190,첫결제,2025-01-13 05:49:00
18239,8191,가입,2025-01-13 00:00:00
18240,8191,튜토리얼완료,2025-01-14 15:00:00
18241,8192,가입,2025-03-26 00:00:00
18242,8192,첫결제,2025-03-26 22:10:00
18243,8193,가입,2025-01-08 00:00:00
18244,8193,튜토리얼완료,2025-01-08 01:00:00
18245,8194,가입,2025-06-29 00:00:00
18246,8194,튜토리얼완료,2025-07-01 14:00:00
18247,8195,가입,2025-03-07 00:00:00
18248,8195,튜토리얼완료,2025-03-07 07:00:00
18249,8195,첫결제,2025-03-19 05:40:00
18250,8196,가입,2025-04-30 00:00:00
18251,8196,튜토리얼완료,2025-04-30 06:00:00
18252,8196,첫결제,2025-05-14 12:58:00
18253,8197,가입,2025-01-12 00:00:00
18254,8197,튜토리얼완료,2025-01-14 07:00:00
18255,8197,첫결제,2025-02-05 21:17:00
18256,8198,가입,2025-01-25 00:00:00
18257,8198,튜토리얼완료,2025-01-28 17:00:00
18258,8198,첫결제,2025-01-28 19:43:00
18259,8199,가입,2025-04-11 00:00:00
18260,8199,튜토리얼완료,2025-04-13 09:00:00
18261,8199,첫결제,2025-06-01 10:54:00
18262,8200,가입,2025-02-05 00:00:00
18263,8200,튜토리얼완료,2025-02-07 05:00:00
18264,8200,첫결제,2025-04-21 01:38:00
18265,8201,가입,2025-06-29 00:00:00
18266,8201,튜토리얼완료,2025-07-02 05:00:00
18267,8202,가입,2025-03-21 00:00:00
18268,8203,가입,2025-06-29 00:00:00
18269,8203,튜토리얼완료,2025-07-01 03:00:00
18270,8204,가입,2025-01-17 00:00:00
18271,8204,튜토리얼완료,2025-01-17 04:00:00
18272,8205,가입,2025-06-13 00:00:00
18273,8205,튜토리얼완료,2025-06-13 18:00:00
18274,8205,첫결제,2025-06-13 20:09:00
18275,8206,가입,2025-01-10 00:00:00
18276,8206,튜토리얼완료,2025-01-10 02:00:00
18277,8207,가입,2025-04-18 00:00:00
18278,8207,튜토리얼완료,2025-04-20 14:00:00
18279,8208,가입,2025-02-21 00:00:00
18280,8208,튜토리얼완료,2025-02-21 13:00:00
18281,8209,가입,2025-01-02 00:00:00
18282,8209,튜토리얼완료,2025-01-03 02:00:00
18283,8210,가입,2025-01-01 00:00:00
18284,8210,튜토리얼완료,2025-01-02 03:00:00
18285,8211,가입,2025-03-17 00:00:00
18286,8211,튜토리얼완료,2025-03-18 01:00:00
18287,8212,가입,2025-01-15 00:00:00
18288,8212,첫결제,2025-01-20 03:45:00
18289,8213,가입,2025-01-13 00:00:00
18290,8213,튜토리얼완료,2025-01-14 06:00:00
18291,8214,가입,2025-06-21 00:00:00
18292,8214,튜토리얼완료,2025-06-23 23:00:00
18293,8214,첫결제,2025-06-22 20:58:00
18294,8215,가입,2025-01-10 00:00:00
18295,8215,튜토리얼완료,2025-01-12 08:00:00
18296,8215,첫결제,2025-01-12 21:13:00
18297,8216,가입,2025-02-02 00:00:00
18298,8217,가입,2025-01-22 00:00:00
18299,8217,튜토리얼완료,2025-01-23 12:00:00
18300,8218,가입,2025-04-09 00:00:00
18301,8218,튜토리얼완료,2025-04-11 22:00:00
18302,8218,첫결제,2025-04-16 22:16:00
18303,8219,가입,2025-05-04 00:00:00
18304,8219,튜토리얼완료,2025-05-06 15:00:00
18305,8219,첫결제,2025-05-15 21:47:00
18306,8220,가입,2025-02-04 00:00:00
18307,8220,튜토리얼완료,2025-02-06 08:00:00
18308,8221,가입,2025-03-23 00:00:00
18309,8221,튜토리얼완료,2025-03-23 00:00:00
18310,8222,가입,2025-01-13 00:00:00
18311,8222,튜토리얼완료,2025-01-15 15:00:00
18312,8223,가입,2025-05-24 00:00:00
18313,8223,튜토리얼완료,2025-05-26 14:00:00
18314,8223,첫결제,2025-06-23 21:01:00
18315,8224,가입,2025-01-04 00:00:00
18316,8224,튜토리얼완료,2025-01-06 06:00:00
18317,8225,가입,2025-04-19 00:00:00
18318,8225,튜토리얼완료,2025-04-22 18:00:00
18319,8226,가입,2025-02-16 00:00:00
18320,8226,튜토리얼완료,2025-02-16 14:00:00
18321,8227,가입,2025-02-20 00:00:00
18322,8227,튜토리얼완료,2025-02-23 20:00:00
18323,8228,가입,2025-04-05 00:00:00
18324,8228,튜토리얼완료,2025-04-08 23:00:00
18325,8229,가입,2025-01-18 00:00:00
18326,8229,튜토리얼완료,2025-01-18 16:00:00
18327,8229,첫결제,2025-02-11 22:22:00
18328,8230,가입,2025-03-02 00:00:00
18329,8230,튜토리얼완료,2025-03-03 07:00:00
18330,8230,첫결제,2025-03-02 04:22:00
18331,8231,가입,2025-02-14 00:00:00
18332,8231,튜토리얼완료,2025-02-16 09:00:00
18333,8231,첫결제,2025-03-02 23:45:00
18334,8232,가입,2025-02-26 00:00:00
18335,8232,첫결제,2025-02-27 20:03:00
18336,8233,가입,2025-01-31 00:00:00
18337,8233,튜토리얼완료,2025-02-01 08:00:00
18338,8233,첫결제,2025-02-04 16:34:00
18339,8234,가입,2025-01-07 00:00:00
18340,8234,튜토리얼완료,2025-01-08 17:00:00
18341,8235,가입,2025-05-13 00:00:00
18342,8235,튜토리얼완료,2025-05-13 20:00:00
18343,8236,가입,2025-02-21 00:00:00
18344,8236,튜토리얼완료,2025-02-22 18:00:00
18345,8236,첫결제,2025-02-21 18:09:00
18346,8237,가입,2025-01-28 00:00:00
18347,8237,튜토리얼완료,2025-01-30 04:00:00
18348,8237,첫결제,2025-02-05 20:21:00
18349,8238,가입,2025-03-17 00:00:00
18350,8238,튜토리얼완료,2025-03-18 05:00:00
18351,8238,첫결제,2025-03-20 23:12:00
18352,8239,가입,2025-01-14 00:00:00
18353,8240,가입,2025-06-25 00:00:00
18354,8240,튜토리얼완료,2025-06-25 12:00:00
18355,8241,가입,2025-01-07 00:00:00
18356,8241,첫결제,2025-01-28 19:52:00
18357,8242,가입,2025-02-19 00:00:00
18358,8242,튜토리얼완료,2025-02-22 18:00:00
18359,8242,첫결제,2025-02-25 23:42:00
18360,8243,가입,2025-06-29 00:00:00
18361,8243,튜토리얼완료,2025-06-30 22:00:00
18362,8244,가입,2025-06-29 00:00:00
18363,8244,튜토리얼완료,2025-06-29 23:00:00
18364,8245,가입,2025-01-18 00:00:00
18365,8245,튜토리얼완료,2025-01-19 05:00:00
18366,8245,첫결제,2025-01-28 22:51:00
18367,8246,가입,2025-01-04 00:00:00
18368,8246,튜토리얼완료,2025-01-06 16:00:00
18369,8247,가입,2025-02-02 00:00:00
18370,8247,튜토리얼완료,2025-02-05 11:00:00
18371,8247,첫결제,2025-02-06 20:07:00
18372,8248,가입,2025-01-13 00:00:00
18373,8248,튜토리얼완료,2025-01-14 18:00:00
18374,8248,첫결제,2025-01-20 21:46:00
18375,8249,가입,2025-02-06 00:00:00
18376,8249,튜토리얼완료,2025-02-09 00:00:00
18377,8250,가입,2025-01-14 00:00:00
18378,8250,튜토리얼완료,2025-01-17 07:00:00
18379,8251,가입,2025-01-03 00:00:00
18380,8251,튜토리얼완료,2025-01-05 23:00:00
18381,8251,첫결제,2025-01-16 12:03:00
18382,8252,가입,2025-01-18 00:00:00
18383,8252,튜토리얼완료,2025-01-21 00:00:00
18384,8253,가입,2025-06-29 00:00:00
18385,8253,튜토리얼완료,2025-07-01 07:00:00
18386,8254,가입,2025-01-08 00:00:00
18387,8254,튜토리얼완료,2025-01-09 22:00:00
18388,8255,가입,2025-01-20 00:00:00
18389,8255,튜토리얼완료,2025-01-23 08:00:00
18390,8255,첫결제,2025-02-04 10:32:00
18391,8256,가입,2025-02-02 00:00:00
18392,8256,튜토리얼완료,2025-02-02 15:00:00
18393,8257,가입,2025-03-19 00:00:00
18394,8257,튜토리얼완료,2025-03-22 12:00:00
18395,8257,첫결제,2025-05-29 14:06:00
18396,8258,가입,2025-04-21 00:00:00
18397,8258,튜토리얼완료,2025-04-22 06:00:00
18398,8259,가입,2025-02-20 00:00:00
18399,8259,튜토리얼완료,2025-02-23 22:00:00
18400,8260,가입,2025-06-29 00:00:00
18401,8260,튜토리얼완료,2025-07-01 05:00:00
18402,8261,가입,2025-01-14 00:00:00
18403,8261,튜토리얼완료,2025-01-15 20:00:00
18404,8262,가입,2025-05-03 00:00:00
18405,8262,튜토리얼완료,2025-05-03 15:00:00
18406,8262,첫결제,2025-05-16 20:28:00
18407,8263,가입,2025-02-06 00:00:00
18408,8263,튜토리얼완료,2025-02-08 11:00:00
18409,8264,가입,2025-03-22 00:00:00
18410,8264,튜토리얼완료,2025-03-23 12:00:00
18411,8264,첫결제,2025-03-22 18:54:00
18412,8265,가입,2025-01-08 00:00:00
18413,8265,튜토리얼완료,2025-01-09 20:00:00
18414,8266,가입,2025-02-18 00:00:00
18415,8266,튜토리얼완료,2025-02-18 21:00:00
18416,8267,가입,2025-03-05 00:00:00
18417,8267,튜토리얼완료,2025-03-06 12:00:00
18418,8268,가입,2025-04-01 00:00:00
18419,8268,튜토리얼완료,2025-04-04 23:00:00
18420,8268,첫결제,2025-04-23 15:38:00
18421,8269,가입,2025-06-29 00:00:00
18422,8269,튜토리얼완료,2025-06-29 16:00:00
18423,8270,가입,2025-06-09 00:00:00
18424,8271,가입,2025-02-07 00:00:00
18425,8271,튜토리얼완료,2025-02-07 09:00:00
18426,8272,가입,2025-01-25 00:00:00
18427,8272,튜토리얼완료,2025-01-25 18:00:00
18428,8272,첫결제,2025-02-03 23:20:00
18429,8273,가입,2025-01-30 00:00:00
18430,8273,튜토리얼완료,2025-02-01 04:00:00
18431,8273,첫결제,2025-02-01 03:27:00
18432,8274,가입,2025-06-29 00:00:00
18433,8274,튜토리얼완료,2025-06-29 10:00:00
18434,8274,첫결제,2025-06-29 06:38:00
18435,8275,가입,2025-01-15 00:00:00
18436,8275,튜토리얼완료,2025-01-15 01:00:00
18437,8276,가입,2025-06-29 00:00:00
18438,8276,튜토리얼완료,2025-06-29 07:00:00
18439,8277,가입,2025-03-23 00:00:00
18440,8277,튜토리얼완료,2025-03-24 17:00:00
18441,8277,첫결제,2025-04-16 20:31:00
18442,8278,가입,2025-01-28 00:00:00
18443,8278,튜토리얼완료,2025-01-29 06:00:00
18444,8279,가입,2025-05-11 00:00:00
18445,8279,튜토리얼완료,2025-05-14 04:00:00
18446,8279,첫결제,2025-05-20 03:06:00
18447,8280,가입,2025-01-23 00:00:00
18448,8280,튜토리얼완료,2025-01-24 12:00:00
18449,8281,가입,2025-03-19 00:00:00
18450,8281,튜토리얼완료,2025-03-19 03:00:00
18451,8282,가입,2025-02-04 00:00:00
18452,8282,튜토리얼완료,2025-02-05 12:00:00
18453,8283,가입,2025-02-14 00:00:00
18454,8283,튜토리얼완료,2025-02-16 05:00:00
18455,8284,가입,2025-03-26 00:00:00
18456,8285,가입,2025-03-06 00:00:00
18457,8285,튜토리얼완료,2025-03-06 16:00:00
18458,8285,첫결제,2025-04-05 19:02:00
18459,8286,가입,2025-01-02 00:00:00
18460,8286,튜토리얼완료,2025-01-04 07:00:00
18461,8287,가입,2025-01-30 00:00:00
18462,8287,튜토리얼완료,2025-02-02 14:00:00
18463,8288,가입,2025-02-10 00:00:00
18464,8288,튜토리얼완료,2025-02-11 20:00:00
18465,8289,가입,2025-01-13 00:00:00
18466,8289,튜토리얼완료,2025-01-16 03:00:00
18467,8290,가입,2025-03-05 00:00:00
18468,8290,튜토리얼완료,2025-03-07 17:00:00
18469,8291,가입,2025-02-03 00:00:00
18470,8291,튜토리얼완료,2025-02-03 16:00:00
18471,8292,가입,2025-03-19 00:00:00
18472,8292,튜토리얼완료,2025-03-22 02:00:00
18473,8293,가입,2025-01-01 00:00:00
18474,8293,튜토리얼완료,2025-01-01 01:00:00
18475,8294,가입,2025-06-25 00:00:00
18476,8294,튜토리얼완료,2025-06-27 20:00:00
18477,8295,가입,2025-01-20 00:00:00
18478,8295,튜토리얼완료,2025-01-21 07:00:00
18479,8295,첫결제,2025-01-26 19:28:00
18480,8296,가입,2025-02-01 00:00:00
18481,8296,튜토리얼완료,2025-02-01 18:00:00
18482,8296,첫결제,2025-02-01 22:34:00
18483,8297,가입,2025-02-03 00:00:00
18484,8297,튜토리얼완료,2025-02-04 09:00:00
18485,8298,가입,2025-01-19 00:00:00
18486,8298,튜토리얼완료,2025-01-20 20:00:00
18487,8299,가입,2025-02-03 00:00:00
18488,8300,가입,2025-02-05 00:00:00
18489,8300,튜토리얼완료,2025-02-08 15:00:00
18490,8301,가입,2025-01-01 00:00:00
18491,8301,튜토리얼완료,2025-01-03 00:00:00
18492,8301,첫결제,2025-02-04 03:24:00
18493,8302,가입,2025-01-27 00:00:00
18494,8302,튜토리얼완료,2025-01-28 23:00:00
18495,8303,가입,2025-01-03 00:00:00
18496,8303,튜토리얼완료,2025-01-03 11:00:00
18497,8304,가입,2025-03-14 00:00:00
18498,8304,튜토리얼완료,2025-03-16 01:00:00
18499,8304,첫결제,2025-03-23 18:34:00
18500,8305,가입,2025-03-06 00:00:00
18501,8306,가입,2025-02-24 00:00:00
18502,8306,튜토리얼완료,2025-02-27 07:00:00
18503,8307,가입,2025-02-12 00:00:00
18504,8307,튜토리얼완료,2025-02-15 02:00:00
18505,8307,첫결제,2025-02-14 17:36:00
18506,8308,가입,2025-02-17 00:00:00
18507,8308,튜토리얼완료,2025-02-17 09:00:00
18508,8309,가입,2025-05-16 00:00:00
18509,8309,튜토리얼완료,2025-05-17 09:00:00
18510,8309,첫결제,2025-06-25 21:57:00
18511,8310,가입,2025-01-15 00:00:00
18512,8310,튜토리얼완료,2025-01-15 18:00:00
18513,8311,가입,2025-02-22 00:00:00
18514,8311,첫결제,2025-02-23 02:25:00
18515,8312,가입,2025-06-29 00:00:00
18516,8313,가입,2025-02-05 00:00:00
18517,8313,튜토리얼완료,2025-02-07 00:00:00
18518,8314,가입,2025-01-15 00:00:00
18519,8314,튜토리얼완료,2025-01-16 03:00:00
18520,8314,첫결제,2025-01-18 23:25:00
18521,8315,가입,2025-01-27 00:00:00
18522,8315,튜토리얼완료,2025-01-27 21:00:00
18523,8316,가입,2025-01-31 00:00:00
18524,8316,튜토리얼완료,2025-02-02 23:00:00
18525,8316,첫결제,2025-02-13 04:41:00
18526,8317,가입,2025-02-02 00:00:00
18527,8317,튜토리얼완료,2025-02-03 08:00:00
18528,8317,첫결제,2025-02-06 23:46:00
18529,8318,가입,2025-01-10 00:00:00
18530,8318,튜토리얼완료,2025-01-11 09:00:00
18531,8319,가입,2025-02-13 00:00:00
18532,8319,튜토리얼완료,2025-02-13 05:00:00
18533,8320,가입,2025-03-07 00:00:00
18534,8320,튜토리얼완료,2025-03-09 20:00:00
18535,8321,가입,2025-01-07 00:00:00
18536,8321,튜토리얼완료,2025-01-10 03:00:00
18537,8322,가입,2025-01-13 00:00:00
18538,8322,튜토리얼완료,2025-01-14 21:00:00
18539,8323,가입,2025-01-28 00:00:00
18540,8324,가입,2025-03-05 00:00:00
18541,8324,튜토리얼완료,2025-03-06 21:00:00
18542,8324,첫결제,2025-04-05 14:39:00
18543,8325,가입,2025-01-15 00:00:00
18544,8325,튜토리얼완료,2025-01-17 09:00:00
18545,8325,첫결제,2025-01-30 22:28:00
18546,8326,가입,2025-01-27 00:00:00
18547,8326,튜토리얼완료,2025-01-28 10:00:00
18548,8327,가입,2025-04-08 00:00:00
18549,8327,튜토리얼완료,2025-04-10 10:00:00
18550,8327,첫결제,2025-04-09 20:00:00
18551,8328,가입,2025-06-16 00:00:00
18552,8329,가입,2025-01-22 00:00:00
18553,8329,튜토리얼완료,2025-01-25 02:00:00
18554,8329,첫결제,2025-01-22 23:46:00
18555,8330,가입,2025-01-14 00:00:00
18556,8330,튜토리얼완료,2025-01-14 03:00:00
18557,8330,첫결제,2025-01-28 12:26:00
18558,8331,가입,2025-01-25 00:00:00
18559,8331,튜토리얼완료,2025-01-25 11:00:00
18560,8331,첫결제,2025-01-25 02:13:00
18561,8332,가입,2025-03-03 00:00:00
18562,8332,튜토리얼완료,2025-03-05 15:00:00
18563,8332,첫결제,2025-03-05 23:56:00
18564,8333,가입,2025-01-06 00:00:00
18565,8333,튜토리얼완료,2025-01-07 02:00:00
18566,8334,가입,2025-01-02 00:00:00
18567,8334,튜토리얼완료,2025-01-05 07:00:00
18568,8335,가입,2025-06-29 00:00:00
18569,8335,튜토리얼완료,2025-07-02 01:00:00
18570,8336,가입,2025-01-04 00:00:00
18571,8336,튜토리얼완료,2025-01-07 05:00:00
18572,8337,가입,2025-02-25 00:00:00
18573,8337,튜토리얼완료,2025-02-28 19:00:00
18574,8338,가입,2025-04-24 00:00:00
18575,8338,튜토리얼완료,2025-04-26 03:00:00
18576,8339,가입,2025-01-30 00:00:00
18577,8339,튜토리얼완료,2025-01-31 02:00:00
18578,8339,첫결제,2025-02-13 22:41:00
18579,8340,가입,2025-01-01 00:00:00
18580,8340,튜토리얼완료,2025-01-02 21:00:00
18581,8340,첫결제,2025-01-26 17:20:00
18582,8341,가입,2025-03-11 00:00:00
18583,8341,튜토리얼완료,2025-03-13 05:00:00
18584,8342,가입,2025-01-08 00:00:00
18585,8342,튜토리얼완료,2025-01-09 13:00:00
18586,8342,첫결제,2025-01-28 18:50:00
18587,8343,가입,2025-01-11 00:00:00
18588,8343,튜토리얼완료,2025-01-13 00:00:00
18589,8344,가입,2025-02-13 00:00:00
18590,8344,튜토리얼완료,2025-02-15 13:00:00
18591,8345,가입,2025-02-14 00:00:00
18592,8345,튜토리얼완료,2025-02-14 02:00:00
18593,8346,가입,2025-06-29 00:00:00
18594,8346,튜토리얼완료,2025-06-29 07:00:00
18595,8347,가입,2025-01-04 00:00:00
18596,8347,튜토리얼완료,2025-01-05 21:00:00
18597,8348,가입,2025-01-31 00:00:00
18598,8348,튜토리얼완료,2025-02-03 21:00:00
18599,8349,가입,2025-06-16 00:00:00
18600,8349,튜토리얼완료,2025-06-16 10:00:00
18601,8350,가입,2025-01-07 00:00:00
18602,8351,가입,2025-04-10 00:00:00
18603,8351,튜토리얼완료,2025-04-11 06:00:00
18604,8352,가입,2025-01-09 00:00:00
18605,8352,튜토리얼완료,2025-01-10 19:00:00
18606,8352,첫결제,2025-02-23 19:18:00
18607,8353,가입,2025-02-07 00:00:00
18608,8354,가입,2025-03-06 00:00:00
18609,8354,튜토리얼완료,2025-03-06 02:00:00
18610,8355,가입,2025-01-17 00:00:00
18611,8355,튜토리얼완료,2025-01-18 21:00:00
18612,8356,가입,2025-01-15 00:00:00
18613,8357,가입,2025-02-14 00:00:00
18614,8357,튜토리얼완료,2025-02-15 22:00:00
18615,8358,가입,2025-01-21 00:00:00
18616,8358,튜토리얼완료,2025-01-23 20:00:00
18617,8359,가입,2025-04-14 00:00:00
18618,8359,튜토리얼완료,2025-04-17 17:00:00
18619,8359,첫결제,2025-04-30 12:21:00
18620,8360,가입,2025-03-09 00:00:00
18621,8360,튜토리얼완료,2025-03-12 06:00:00
18622,8360,첫결제,2025-03-20 08:41:00
18623,8361,가입,2025-01-01 00:00:00
18624,8361,첫결제,2025-01-06 19:24:00
18625,8362,가입,2025-01-17 00:00:00
18626,8362,튜토리얼완료,2025-01-18 11:00:00
18627,8362,첫결제,2025-01-20 03:48:00
18628,8363,가입,2025-01-27 00:00:00
18629,8363,튜토리얼완료,2025-01-30 04:00:00
18630,8364,가입,2025-01-14 00:00:00
18631,8364,튜토리얼완료,2025-01-15 02:00:00
18632,8365,가입,2025-04-18 00:00:00
18633,8366,가입,2025-06-25 00:00:00
18634,8366,튜토리얼완료,2025-06-28 12:00:00
18635,8367,가입,2025-01-08 00:00:00
18636,8367,튜토리얼완료,2025-01-09 22:00:00
18637,8368,가입,2025-01-25 00:00:00
18638,8368,튜토리얼완료,2025-01-28 14:00:00
18639,8369,가입,2025-01-06 00:00:00
18640,8369,튜토리얼완료,2025-01-08 18:00:00
18641,8369,첫결제,2025-01-08 16:48:00
18642,8370,가입,2025-01-12 00:00:00
18643,8370,튜토리얼완료,2025-01-13 04:00:00
18644,8371,가입,2025-05-01 00:00:00
18645,8371,튜토리얼완료,2025-05-01 13:00:00
18646,8371,첫결제,2025-05-06 20:48:00
18647,8372,가입,2025-01-18 00:00:00
18648,8372,튜토리얼완료,2025-01-20 10:00:00
18649,8372,첫결제,2025-01-21 04:42:00
18650,8373,가입,2025-03-11 00:00:00
18651,8373,튜토리얼완료,2025-03-13 22:00:00
18652,8374,가입,2025-01-30 00:00:00
18653,8374,튜토리얼완료,2025-01-30 06:00:00
18654,8375,가입,2025-05-17 00:00:00
18655,8375,튜토리얼완료,2025-05-20 23:00:00
18656,8376,가입,2025-01-08 00:00:00
18657,8376,튜토리얼완료,2025-01-11 15:00:00
18658,8377,가입,2025-01-21 00:00:00
18659,8377,튜토리얼완료,2025-01-24 23:00:00
18660,8377,첫결제,2025-01-25 19:08:00
18661,8378,가입,2025-02-07 00:00:00
18662,8378,튜토리얼완료,2025-02-09 00:00:00
18663,8378,첫결제,2025-02-16 22:18:00
18664,8379,가입,2025-01-22 00:00:00
18665,8379,튜토리얼완료,2025-01-24 08:00:00
18666,8380,가입,2025-02-27 00:00:00
18667,8380,튜토리얼완료,2025-03-01 05:00:00
18668,8381,가입,2025-01-16 00:00:00
18669,8381,튜토리얼완료,2025-01-16 22:00:00
18670,8381,첫결제,2025-01-18 02:17:00
18671,8382,가입,2025-03-28 00:00:00
18672,8382,튜토리얼완료,2025-03-28 07:00:00
18673,8383,가입,2025-01-17 00:00:00
18674,8383,튜토리얼완료,2025-01-20 11:00:00
18675,8383,첫결제,2025-01-25 00:03:00
18676,8384,가입,2025-06-29 00:00:00
18677,8384,튜토리얼완료,2025-07-02 17:00:00
18678,8385,가입,2025-03-22 00:00:00
18679,8385,튜토리얼완료,2025-03-22 10:00:00
18680,8386,가입,2025-03-05 00:00:00
18681,8386,튜토리얼완료,2025-03-08 15:00:00
18682,8387,가입,2025-01-22 00:00:00
18683,8387,튜토리얼완료,2025-01-25 14:00:00
18684,8388,가입,2025-01-03 00:00:00
18685,8388,튜토리얼완료,2025-01-06 01:00:00
18686,8389,가입,2025-01-31 00:00:00
18687,8389,튜토리얼완료,2025-02-01 09:00:00
18688,8390,가입,2025-01-19 00:00:00
18689,8390,튜토리얼완료,2025-01-20 12:00:00
18690,8391,가입,2025-01-02 00:00:00
18691,8391,첫결제,2025-02-06 00:59:00
18692,8392,가입,2025-02-28 00:00:00
18693,8392,튜토리얼완료,2025-03-03 00:00:00
18694,8393,가입,2025-04-07 00:00:00
18695,8393,튜토리얼완료,2025-04-10 11:00:00
18696,8393,첫결제,2025-04-08 03:24:00
18697,8394,가입,2025-01-24 00:00:00
18698,8395,가입,2025-01-03 00:00:00
18699,8395,튜토리얼완료,2025-01-05 01:00:00
18700,8395,첫결제,2025-01-12 15:33:00
18701,8396,가입,2025-01-02 00:00:00
18702,8396,튜토리얼완료,2025-01-03 03:00:00
18703,8397,가입,2025-06-29 00:00:00
18704,8397,튜토리얼완료,2025-06-30 05:00:00
18705,8398,가입,2025-06-02 00:00:00
18706,8399,가입,2025-01-10 00:00:00
18707,8399,튜토리얼완료,2025-01-12 11:00:00
18708,8400,가입,2025-03-15 00:00:00
18709,8400,튜토리얼완료,2025-03-16 12:00:00
18710,8400,첫결제,2025-03-16 08:56:00
18711,8401,가입,2025-01-19 00:00:00
18712,8402,가입,2025-01-01 00:00:00
18713,8402,튜토리얼완료,2025-01-01 10:00:00
18714,8402,첫결제,2025-01-04 23:42:00
18715,8403,가입,2025-02-11 00:00:00
18716,8403,튜토리얼완료,2025-02-12 01:00:00
18717,8403,첫결제,2025-02-19 23:16:00
18718,8404,가입,2025-01-21 00:00:00
18719,8405,가입,2025-01-14 00:00:00
18720,8405,튜토리얼완료,2025-01-15 00:00:00
18721,8406,가입,2025-01-27 00:00:00
18722,8406,튜토리얼완료,2025-01-30 10:00:00
18723,8406,첫결제,2025-02-14 14:28:00
18724,8407,가입,2025-01-13 00:00:00
18725,8407,첫결제,2025-01-23 19:35:00
18726,8408,가입,2025-01-14 00:00:00
18727,8409,가입,2025-01-14 00:00:00
18728,8409,튜토리얼완료,2025-01-15 02:00:00
18729,8409,첫결제,2025-01-16 12:55:00
18730,8410,가입,2025-01-07 00:00:00
18731,8410,튜토리얼완료,2025-01-08 10:00:00
18732,8410,첫결제,2025-03-25 20:23:00
18733,8411,가입,2025-01-02 00:00:00
18734,8411,튜토리얼완료,2025-01-05 07:00:00
18735,8412,가입,2025-02-02 00:00:00
18736,8412,튜토리얼완료,2025-02-04 15:00:00
18737,8412,첫결제,2025-02-14 22:36:00
18738,8413,가입,2025-03-05 00:00:00
18739,8413,튜토리얼완료,2025-03-05 11:00:00
18740,8414,가입,2025-01-02 00:00:00
18741,8415,가입,2025-03-06 00:00:00
18742,8415,튜토리얼완료,2025-03-06 03:00:00
18743,8415,첫결제,2025-03-11 16:25:00
18744,8416,가입,2025-02-07 00:00:00
18745,8416,튜토리얼완료,2025-02-10 03:00:00
18746,8416,첫결제,2025-02-08 17:59:00
18747,8417,가입,2025-01-01 00:00:00
18748,8417,튜토리얼완료,2025-01-04 18:00:00
18749,8418,가입,2025-01-08 00:00:00
18750,8418,튜토리얼완료,2025-01-11 23:00:00
18751,8418,첫결제,2025-01-24 23:09:00
18752,8419,가입,2025-01-11 00:00:00
18753,8419,튜토리얼완료,2025-01-13 23:00:00
18754,8420,가입,2025-01-13 00:00:00
18755,8420,튜토리얼완료,2025-01-13 14:00:00
18756,8421,가입,2025-02-15 00:00:00
18757,8421,튜토리얼완료,2025-02-17 08:00:00
18758,8422,가입,2025-01-13 00:00:00
18759,8423,가입,2025-01-26 00:00:00
18760,8423,튜토리얼완료,2025-01-28 11:00:00
18761,8424,가입,2025-06-03 00:00:00
18762,8424,튜토리얼완료,2025-06-05 10:00:00
18763,8425,가입,2025-06-29 00:00:00
18764,8425,튜토리얼완료,2025-07-02 17:00:00
18765,8426,가입,2025-02-13 00:00:00
18766,8426,튜토리얼완료,2025-02-15 12:00:00
18767,8426,첫결제,2025-02-13 02:35:00
18768,8427,가입,2025-01-14 00:00:00
18769,8428,가입,2025-01-15 00:00:00
18770,8428,튜토리얼완료,2025-01-17 10:00:00
18771,8429,가입,2025-01-30 00:00:00
18772,8429,튜토리얼완료,2025-01-31 04:00:00
18773,8429,첫결제,2025-01-31 19:32:00
18774,8430,가입,2025-01-29 00:00:00
18775,8430,튜토리얼완료,2025-02-01 08:00:00
18776,8431,가입,2025-01-17 00:00:00
18777,8431,튜토리얼완료,2025-01-20 00:00:00
18778,8432,가입,2025-05-12 00:00:00
18779,8432,튜토리얼완료,2025-05-12 13:00:00
18780,8433,가입,2025-02-05 00:00:00
18781,8433,튜토리얼완료,2025-02-07 06:00:00
18782,8433,첫결제,2025-02-07 20:21:00
18783,8434,가입,2025-02-06 00:00:00
18784,8434,튜토리얼완료,2025-02-09 13:00:00
18785,8435,가입,2025-06-29 00:00:00
18786,8435,튜토리얼완료,2025-06-29 00:00:00
18787,8436,가입,2025-02-28 00:00:00
18788,8436,튜토리얼완료,2025-03-03 11:00:00
18789,8436,첫결제,2025-03-04 14:27:00
18790,8437,가입,2025-04-19 00:00:00
18791,8437,튜토리얼완료,2025-04-19 17:00:00
18792,8437,첫결제,2025-04-29 19:38:00
18793,8438,가입,2025-02-05 00:00:00
18794,8438,튜토리얼완료,2025-02-08 10:00:00
18795,8438,첫결제,2025-02-14 21:28:00
18796,8439,가입,2025-05-15 00:00:00
18797,8439,튜토리얼완료,2025-05-16 07:00:00
18798,8439,첫결제,2025-05-16 20:43:00
18799,8440,가입,2025-01-16 00:00:00
18800,8440,첫결제,2025-01-19 08:22:00
18801,8441,가입,2025-01-01 00:00:00
18802,8441,튜토리얼완료,2025-01-03 07:00:00
18803,8442,가입,2025-04-11 00:00:00
18804,8442,튜토리얼완료,2025-04-11 07:00:00
18805,8442,첫결제,2025-04-14 20:40:00
18806,8443,가입,2025-01-18 00:00:00
18807,8443,튜토리얼완료,2025-01-18 18:00:00
18808,8444,가입,2025-02-24 00:00:00
18809,8444,튜토리얼완료,2025-02-24 17:00:00
18810,8445,가입,2025-02-11 00:00:00
18811,8446,가입,2025-01-09 00:00:00
18812,8446,튜토리얼완료,2025-01-10 15:00:00
18813,8446,첫결제,2025-01-12 15:18:00
18814,8447,가입,2025-01-17 00:00:00
18815,8447,튜토리얼완료,2025-01-19 11:00:00
18816,8448,가입,2025-06-29 00:00:00
18817,8448,튜토리얼완료,2025-06-30 01:00:00
18818,8449,가입,2025-06-29 00:00:00
18819,8449,튜토리얼완료,2025-07-01 06:00:00
18820,8450,가입,2025-02-11 00:00:00
18821,8450,첫결제,2025-02-28 04:49:00
18822,8451,가입,2025-01-21 00:00:00
18823,8452,가입,2025-03-06 00:00:00
18824,8453,가입,2025-04-23 00:00:00
18825,8453,튜토리얼완료,2025-04-24 09:00:00
18826,8453,첫결제,2025-05-01 20:12:00
18827,8454,가입,2025-06-27 00:00:00
18828,8454,튜토리얼완료,2025-06-30 13:00:00
18829,8455,가입,2025-01-15 00:00:00
18830,8455,튜토리얼완료,2025-01-16 10:00:00
18831,8455,첫결제,2025-01-28 04:36:00
18832,8456,가입,2025-01-18 00:00:00
18833,8456,튜토리얼완료,2025-01-18 22:00:00
18834,8457,가입,2025-01-05 00:00:00
18835,8458,가입,2025-01-02 00:00:00
18836,8458,첫결제,2025-01-13 21:25:00
18837,8459,가입,2025-01-21 00:00:00
18838,8459,튜토리얼완료,2025-01-22 14:00:00
18839,8460,가입,2025-01-05 00:00:00
18840,8460,튜토리얼완료,2025-01-07 16:00:00
18841,8460,첫결제,2025-01-07 17:53:00
18842,8461,가입,2025-03-11 00:00:00
18843,8461,튜토리얼완료,2025-03-12 18:00:00
18844,8461,첫결제,2025-03-14 08:22:00
18845,8462,가입,2025-01-26 00:00:00
18846,8462,튜토리얼완료,2025-01-28 23:00:00
18847,8463,가입,2025-01-15 00:00:00
18848,8463,튜토리얼완료,2025-01-15 11:00:00
18849,8463,첫결제,2025-01-15 20:19:00
18850,8464,가입,2025-02-20 00:00:00
18851,8464,튜토리얼완료,2025-02-20 17:00:00
18852,8465,가입,2025-02-21 00:00:00
18853,8465,튜토리얼완료,2025-02-23 08:00:00
18854,8465,첫결제,2025-02-24 17:25:00
18855,8466,가입,2025-01-19 00:00:00
18856,8467,가입,2025-03-02 00:00:00
18857,8467,튜토리얼완료,2025-03-05 16:00:00
18858,8467,첫결제,2025-03-02 03:24:00
18859,8468,가입,2025-06-22 00:00:00
18860,8468,튜토리얼완료,2025-06-25 21:00:00
18861,8469,가입,2025-05-09 00:00:00
18862,8469,튜토리얼완료,2025-05-10 16:00:00
18863,8470,가입,2025-01-05 00:00:00
18864,8470,튜토리얼완료,2025-01-05 22:00:00
18865,8471,가입,2025-01-27 00:00:00
18866,8471,튜토리얼완료,2025-01-28 20:00:00
18867,8471,첫결제,2025-02-15 21:21:00
18868,8472,가입,2025-03-23 00:00:00
18869,8472,튜토리얼완료,2025-03-26 14:00:00
18870,8472,첫결제,2025-03-23 20:39:00
18871,8473,가입,2025-04-20 00:00:00
18872,8473,튜토리얼완료,2025-04-21 15:00:00
18873,8473,첫결제,2025-05-16 19:17:00
18874,8474,가입,2025-01-19 00:00:00
18875,8474,첫결제,2025-01-19 19:46:00
18876,8475,가입,2025-04-15 00:00:00
18877,8475,튜토리얼완료,2025-04-16 16:00:00
18878,8476,가입,2025-02-19 00:00:00
18879,8476,튜토리얼완료,2025-02-19 00:00:00
18880,8476,첫결제,2025-02-24 20:04:00
18881,8477,가입,2025-05-11 00:00:00
18882,8477,튜토리얼완료,2025-05-11 01:00:00
18883,8478,가입,2025-02-20 00:00:00
18884,8478,튜토리얼완료,2025-02-23 21:00:00
18885,8478,첫결제,2025-03-12 13:54:00
18886,8479,가입,2025-05-13 00:00:00
18887,8479,튜토리얼완료,2025-05-15 19:00:00
18888,8480,가입,2025-01-10 00:00:00
18889,8480,첫결제,2025-01-12 23:10:00
18890,8481,가입,2025-06-29 00:00:00
18891,8481,튜토리얼완료,2025-07-02 22:00:00
18892,8482,가입,2025-01-04 00:00:00
18893,8482,튜토리얼완료,2025-01-07 01:00:00
18894,8483,가입,2025-04-05 00:00:00
18895,8483,튜토리얼완료,2025-04-05 07:00:00
18896,8484,가입,2025-01-07 00:00:00
18897,8484,튜토리얼완료,2025-01-08 08:00:00
18898,8485,가입,2025-05-24 00:00:00
18899,8485,튜토리얼완료,2025-05-25 15:00:00
18900,8486,가입,2025-01-07 00:00:00
18901,8486,첫결제,2025-01-07 13:13:00
18902,8487,가입,2025-02-27 00:00:00
18903,8487,튜토리얼완료,2025-02-27 08:00:00
18904,8487,첫결제,2025-03-12 22:38:00
18905,8488,가입,2025-02-10 00:00:00
18906,8488,첫결제,2025-02-10 22:16:00
18907,8489,가입,2025-01-16 00:00:00
18908,8489,튜토리얼완료,2025-01-18 17:00:00
18909,8490,가입,2025-05-06 00:00:00
18910,8490,튜토리얼완료,2025-05-06 19:00:00
18911,8490,첫결제,2025-05-10 19:25:00
18912,8491,가입,2025-02-08 00:00:00
18913,8491,튜토리얼완료,2025-02-11 13:00:00
18914,8492,가입,2025-02-26 00:00:00
18915,8492,튜토리얼완료,2025-03-01 09:00:00
18916,8492,첫결제,2025-02-28 04:10:00
18917,8493,가입,2025-01-20 00:00:00
18918,8494,가입,2025-06-16 00:00:00
18919,8494,튜토리얼완료,2025-06-18 02:00:00
18920,8495,가입,2025-03-04 00:00:00
18921,8495,튜토리얼완료,2025-03-05 11:00:00
18922,8496,가입,2025-02-03 00:00:00
18923,8496,튜토리얼완료,2025-02-05 22:00:00
18924,8497,가입,2025-03-04 00:00:00
18925,8497,튜토리얼완료,2025-03-04 04:00:00
18926,8497,첫결제,2025-03-08 02:46:00
18927,8498,가입,2025-03-21 00:00:00
18928,8498,튜토리얼완료,2025-03-23 05:00:00
18929,8499,가입,2025-01-15 00:00:00
18930,8499,튜토리얼완료,2025-01-16 19:00:00
18931,8499,첫결제,2025-02-15 22:16:00
18932,8500,가입,2025-04-02 00:00:00
18933,8500,튜토리얼완료,2025-04-02 09:00:00
18934,8501,가입,2025-01-14 00:00:00
18935,8501,튜토리얼완료,2025-01-17 14:00:00
18936,8502,가입,2025-03-04 00:00:00
18937,8502,튜토리얼완료,2025-03-05 21:00:00
18938,8502,첫결제,2025-03-04 10:24:00
18939,8503,가입,2025-01-14 00:00:00
18940,8503,튜토리얼완료,2025-01-17 19:00:00
18941,8503,첫결제,2025-02-12 23:53:00
18942,8504,가입,2025-01-13 00:00:00
18943,8504,튜토리얼완료,2025-01-16 04:00:00
18944,8504,첫결제,2025-01-14 08:08:00
18945,8505,가입,2025-02-15 00:00:00
18946,8505,튜토리얼완료,2025-02-18 13:00:00
18947,8506,가입,2025-01-21 00:00:00
18948,8506,튜토리얼완료,2025-01-24 20:00:00
18949,8506,첫결제,2025-01-31 23:34:00
18950,8507,가입,2025-01-02 00:00:00
18951,8507,튜토리얼완료,2025-01-04 11:00:00
18952,8507,첫결제,2025-02-02 18:58:00
18953,8508,가입,2025-04-08 00:00:00
18954,8508,튜토리얼완료,2025-04-10 20:00:00
18955,8508,첫결제,2025-05-27 20:46:00
18956,8509,가입,2025-06-29 00:00:00
18957,8510,가입,2025-03-17 00:00:00
18958,8510,튜토리얼완료,2025-03-20 21:00:00
18959,8511,가입,2025-06-12 00:00:00
18960,8512,가입,2025-03-25 00:00:00
18961,8512,첫결제,2025-04-25 23:50:00
18962,8513,가입,2025-06-29 00:00:00
18963,8513,튜토리얼완료,2025-07-02 09:00:00
18964,8514,가입,2025-02-04 00:00:00
18965,8514,튜토리얼완료,2025-02-06 10:00:00
18966,8514,첫결제,2025-02-24 22:27:00
18967,8515,가입,2025-02-16 00:00:00
18968,8515,튜토리얼완료,2025-02-16 23:00:00
18969,8516,가입,2025-01-29 00:00:00
18970,8516,튜토리얼완료,2025-01-31 02:00:00
18971,8516,첫결제,2025-02-09 23:43:00
18972,8517,가입,2025-06-29 00:00:00
18973,8518,가입,2025-02-12 00:00:00
18974,8518,튜토리얼완료,2025-02-13 13:00:00
18975,8518,첫결제,2025-02-13 20:56:00
18976,8519,가입,2025-05-17 00:00:00
18977,8519,튜토리얼완료,2025-05-20 08:00:00
18978,8520,가입,2025-01-08 00:00:00
18979,8520,튜토리얼완료,2025-01-10 17:00:00
18980,8520,첫결제,2025-01-08 04:34:00
18981,8521,가입,2025-01-19 00:00:00
18982,8521,튜토리얼완료,2025-01-20 13:00:00
18983,8522,가입,2025-02-23 00:00:00
18984,8523,가입,2025-01-27 00:00:00
18985,8523,튜토리얼완료,2025-01-27 14:00:00
18986,8524,가입,2025-01-20 00:00:00
18987,8524,튜토리얼완료,2025-01-23 03:00:00
18988,8525,가입,2025-01-30 00:00:00
18989,8525,튜토리얼완료,2025-01-30 11:00:00
18990,8526,가입,2025-01-15 00:00:00
18991,8526,튜토리얼완료,2025-01-16 04:00:00
18992,8527,가입,2025-04-24 00:00:00
18993,8527,튜토리얼완료,2025-04-25 10:00:00
18994,8528,가입,2025-01-23 00:00:00
18995,8528,튜토리얼완료,2025-01-26 18:00:00
18996,8528,첫결제,2025-01-23 21:16:00
18997,8529,가입,2025-03-03 00:00:00
18998,8529,튜토리얼완료,2025-03-06 15:00:00
18999,8530,가입,2025-01-10 00:00:00
19000,8530,튜토리얼완료,2025-01-10 09:00:00
19001,8531,가입,2025-04-16 00:00:00
19002,8531,튜토리얼완료,2025-04-17 09:00:00
19003,8532,가입,2025-01-21 00:00:00
19004,8532,튜토리얼완료,2025-01-24 03:00:00
19005,8532,첫결제,2025-01-24 13:13:00
19006,8533,가입,2025-01-30 00:00:00
19007,8533,튜토리얼완료,2025-02-02 03:00:00
19008,8534,가입,2025-04-15 00:00:00
19009,8534,첫결제,2025-06-08 13:52:00
19010,8535,가입,2025-01-17 00:00:00
19011,8535,튜토리얼완료,2025-01-20 11:00:00
19012,8535,첫결제,2025-01-19 21:13:00
19013,8536,가입,2025-04-20 00:00:00
19014,8536,튜토리얼완료,2025-04-23 12:00:00
19015,8537,가입,2025-01-20 00:00:00
19016,8538,가입,2025-01-26 00:00:00
19017,8538,튜토리얼완료,2025-01-29 02:00:00
19018,8539,가입,2025-05-16 00:00:00
19019,8539,튜토리얼완료,2025-05-19 22:00:00
19020,8539,첫결제,2025-05-17 04:52:00
19021,8540,가입,2025-01-09 00:00:00
19022,8540,튜토리얼완료,2025-01-10 17:00:00
19023,8541,가입,2025-01-28 00:00:00
19024,8541,튜토리얼완료,2025-01-28 18:00:00
19025,8542,가입,2025-01-26 00:00:00
19026,8542,튜토리얼완료,2025-01-27 21:00:00
19027,8542,첫결제,2025-01-27 13:24:00
19028,8543,가입,2025-03-03 00:00:00
19029,8543,첫결제,2025-03-14 17:33:00
19030,8544,가입,2025-02-17 00:00:00
19031,8544,튜토리얼완료,2025-02-19 19:00:00
19032,8545,가입,2025-02-18 00:00:00
19033,8545,튜토리얼완료,2025-02-21 00:00:00
19034,8546,가입,2025-02-27 00:00:00
19035,8547,가입,2025-03-14 00:00:00
19036,8547,튜토리얼완료,2025-03-16 10:00:00
19037,8547,첫결제,2025-03-18 11:04:00
19038,8548,가입,2025-06-29 00:00:00
19039,8549,가입,2025-04-04 00:00:00
19040,8549,튜토리얼완료,2025-04-07 19:00:00
19041,8550,가입,2025-01-23 00:00:00
19042,8550,튜토리얼완료,2025-01-26 19:00:00
19043,8550,첫결제,2025-01-23 05:56:00
19044,8551,가입,2025-01-14 00:00:00
19045,8551,튜토리얼완료,2025-01-16 21:00:00
19046,8551,첫결제,2025-01-21 20:25:00
19047,8552,가입,2025-02-06 00:00:00
19048,8553,가입,2025-03-02 00:00:00
19049,8553,튜토리얼완료,2025-03-03 13:00:00
19050,8553,첫결제,2025-03-09 17:42:00
19051,8554,가입,2025-03-16 00:00:00
19052,8554,튜토리얼완료,2025-03-16 09:00:00
19053,8554,첫결제,2025-03-31 20:59:00
19054,8555,가입,2025-02-10 00:00:00
19055,8555,튜토리얼완료,2025-02-12 18:00:00
19056,8555,첫결제,2025-02-11 02:20:00
19057,8556,가입,2025-02-13 00:00:00
19058,8556,튜토리얼완료,2025-02-13 13:00:00
19059,8557,가입,2025-01-30 00:00:00
19060,8557,튜토리얼완료,2025-01-31 06:00:00
19061,8558,가입,2025-01-28 00:00:00
19062,8558,튜토리얼완료,2025-01-28 18:00:00
19063,8558,첫결제,2025-02-15 21:00:00
19064,8559,가입,2025-03-04 00:00:00
19065,8559,튜토리얼완료,2025-03-05 00:00:00
19066,8560,가입,2025-01-31 00:00:00
19067,8561,가입,2025-02-12 00:00:00
19068,8561,튜토리얼완료,2025-02-14 23:00:00
19069,8561,첫결제,2025-03-26 21:37:00
19070,8562,가입,2025-04-29 00:00:00
19071,8562,튜토리얼완료,2025-04-29 16:00:00
19072,8562,첫결제,2025-05-16 23:51:00
19073,8563,가입,2025-06-29 00:00:00
19074,8563,튜토리얼완료,2025-07-01 14:00:00
19075,8564,가입,2025-01-02 00:00:00
19076,8564,튜토리얼완료,2025-01-02 07:00:00
19077,8565,가입,2025-02-18 00:00:00
19078,8565,첫결제,2025-03-18 19:59:00
19079,8566,가입,2025-01-20 00:00:00
19080,8566,튜토리얼완료,2025-01-21 05:00:00
19081,8566,첫결제,2025-02-07 23:55:00
19082,8567,가입,2025-03-12 00:00:00
19083,8567,튜토리얼완료,2025-03-15 15:00:00
19084,8568,가입,2025-01-04 00:00:00
19085,8568,튜토리얼완료,2025-01-06 20:00:00
19086,8569,가입,2025-02-19 00:00:00
19087,8569,튜토리얼완료,2025-02-21 09:00:00
19088,8570,가입,2025-01-13 00:00:00
19089,8570,튜토리얼완료,2025-01-13 01:00:00
19090,8570,첫결제,2025-03-02 22:09:00
19091,8571,가입,2025-02-18 00:00:00
19092,8571,튜토리얼완료,2025-02-21 14:00:00
19093,8572,가입,2025-01-04 00:00:00
19094,8572,튜토리얼완료,2025-01-06 23:00:00
19095,8572,첫결제,2025-01-09 03:56:00
19096,8573,가입,2025-02-03 00:00:00
19097,8573,튜토리얼완료,2025-02-04 21:00:00
19098,8574,가입,2025-01-03 00:00:00
19099,8574,튜토리얼완료,2025-01-03 22:00:00
19100,8575,가입,2025-02-09 00:00:00
19101,8575,튜토리얼완료,2025-02-09 18:00:00
19102,8576,가입,2025-05-30 00:00:00
19103,8576,튜토리얼완료,2025-06-02 06:00:00
19104,8577,가입,2025-01-15 00:00:00
19105,8577,튜토리얼완료,2025-01-17 19:00:00
19106,8578,가입,2025-01-18 00:00:00
19107,8578,튜토리얼완료,2025-01-19 02:00:00
19108,8579,가입,2025-03-10 00:00:00
19109,8579,튜토리얼완료,2025-03-10 22:00:00
19110,8580,가입,2025-05-21 00:00:00
19111,8580,첫결제,2025-06-01 01:05:00
19112,8581,가입,2025-03-11 00:00:00
19113,8581,튜토리얼완료,2025-03-11 11:00:00
19114,8582,가입,2025-04-02 00:00:00
19115,8582,튜토리얼완료,2025-04-03 10:00:00
19116,8582,첫결제,2025-04-12 20:28:00
19117,8583,가입,2025-01-04 00:00:00
19118,8583,튜토리얼완료,2025-01-06 02:00:00
19119,8583,첫결제,2025-01-04 21:59:00
19120,8584,가입,2025-01-28 00:00:00
19121,8584,튜토리얼완료,2025-01-30 03:00:00
19122,8584,첫결제,2025-02-08 22:46:00
19123,8585,가입,2025-01-20 00:00:00
19124,8585,튜토리얼완료,2025-01-20 16:00:00
19125,8586,가입,2025-01-02 00:00:00
19126,8586,튜토리얼완료,2025-01-03 14:00:00
19127,8587,가입,2025-03-29 00:00:00
19128,8587,튜토리얼완료,2025-03-29 11:00:00
19129,8587,첫결제,2025-06-24 16:55:00
19130,8588,가입,2025-03-23 00:00:00
19131,8588,튜토리얼완료,2025-03-26 13:00:00
19132,8589,가입,2025-01-04 00:00:00
19133,8589,튜토리얼완료,2025-01-07 14:00:00
19134,8590,가입,2025-06-14 00:00:00
19135,8590,튜토리얼완료,2025-06-14 00:00:00
19136,8591,가입,2025-01-22 00:00:00
19137,8591,튜토리얼완료,2025-01-24 10:00:00
19138,8592,가입,2025-03-09 00:00:00
19139,8592,튜토리얼완료,2025-03-12 10:00:00
19140,8593,가입,2025-02-20 00:00:00
19141,8593,튜토리얼완료,2025-02-22 03:00:00
19142,8593,첫결제,2025-03-06 02:58:00
19143,8594,가입,2025-03-14 00:00:00
19144,8594,튜토리얼완료,2025-03-17 13:00:00
19145,8595,가입,2025-01-06 00:00:00
19146,8595,튜토리얼완료,2025-01-07 21:00:00
19147,8596,가입,2025-02-22 00:00:00
19148,8596,튜토리얼완료,2025-02-22 08:00:00
19149,8597,가입,2025-01-25 00:00:00
19150,8597,튜토리얼완료,2025-01-28 12:00:00
19151,8597,첫결제,2025-01-31 22:50:00
19152,8598,가입,2025-01-05 00:00:00
19153,8598,튜토리얼완료,2025-01-06 16:00:00
19154,8598,첫결제,2025-01-13 17:59:00
19155,8599,가입,2025-01-10 00:00:00
19156,8599,튜토리얼완료,2025-01-10 14:00:00
19157,8600,가입,2025-02-11 00:00:00
19158,8600,튜토리얼완료,2025-02-12 23:00:00
19159,8601,가입,2025-02-04 00:00:00
19160,8601,튜토리얼완료,2025-02-04 08:00:00
19161,8601,첫결제,2025-02-04 15:01:00
19162,8602,가입,2025-02-07 00:00:00
19163,8602,튜토리얼완료,2025-02-10 14:00:00
19164,8603,가입,2025-01-22 00:00:00
19165,8603,튜토리얼완료,2025-01-23 19:00:00
19166,8604,가입,2025-02-28 00:00:00
19167,8604,튜토리얼완료,2025-03-02 04:00:00
19168,8605,가입,2025-01-05 00:00:00
19169,8605,튜토리얼완료,2025-01-06 01:00:00
19170,8606,가입,2025-01-18 00:00:00
19171,8606,튜토리얼완료,2025-01-18 23:00:00
19172,8606,첫결제,2025-03-24 20:58:00
19173,8607,가입,2025-03-02 00:00:00
19174,8607,튜토리얼완료,2025-03-04 18:00:00
19175,8608,가입,2025-06-13 00:00:00
19176,8609,가입,2025-02-03 00:00:00
19177,8610,가입,2025-02-01 00:00:00
19178,8610,튜토리얼완료,2025-02-04 06:00:00
19179,8611,가입,2025-01-13 00:00:00
19180,8611,첫결제,2025-01-16 18:46:00
19181,8612,가입,2025-04-19 00:00:00
19182,8613,가입,2025-02-09 00:00:00
19183,8613,튜토리얼완료,2025-02-10 13:00:00
19184,8614,가입,2025-02-27 00:00:00
19185,8614,튜토리얼완료,2025-02-28 19:00:00
19186,8615,가입,2025-01-14 00:00:00
19187,8615,튜토리얼완료,2025-01-16 17:00:00
19188,8615,첫결제,2025-01-30 12:21:00
19189,8616,가입,2025-02-08 00:00:00
19190,8616,튜토리얼완료,2025-02-08 04:00:00
19191,8616,첫결제,2025-04-25 23:53:00
19192,8617,가입,2025-01-18 00:00:00
19193,8617,튜토리얼완료,2025-01-19 21:00:00
19194,8618,가입,2025-04-21 00:00:00
19195,8618,튜토리얼완료,2025-04-21 11:00:00
19196,8619,가입,2025-02-03 00:00:00
19197,8619,튜토리얼완료,2025-02-03 21:00:00
19198,8620,가입,2025-03-04 00:00:00
19199,8620,튜토리얼완료,2025-03-04 09:00:00
19200,8620,첫결제,2025-03-05 06:02:00
19201,8621,가입,2025-03-22 00:00:00
19202,8621,튜토리얼완료,2025-03-22 10:00:00
19203,8622,가입,2025-01-01 00:00:00
19204,8622,튜토리얼완료,2025-01-03 03:00:00
19205,8623,가입,2025-01-29 00:00:00
19206,8623,튜토리얼완료,2025-02-01 08:00:00
19207,8623,첫결제,2025-02-03 16:34:00
19208,8624,가입,2025-02-02 00:00:00
19209,8624,튜토리얼완료,2025-02-04 13:00:00
19210,8625,가입,2025-03-02 00:00:00
19211,8625,튜토리얼완료,2025-03-05 00:00:00
19212,8625,첫결제,2025-03-07 23:21:00
19213,8626,가입,2025-01-17 00:00:00
19214,8626,튜토리얼완료,2025-01-18 18:00:00
19215,8627,가입,2025-01-28 00:00:00
19216,8627,튜토리얼완료,2025-01-29 02:00:00
19217,8627,첫결제,2025-02-09 05:13:00
19218,8628,가입,2025-02-11 00:00:00
19219,8628,튜토리얼완료,2025-02-11 18:00:00
19220,8628,첫결제,2025-02-22 22:19:00
19221,8629,가입,2025-02-21 00:00:00
19222,8629,튜토리얼완료,2025-02-23 05:00:00
19223,8629,첫결제,2025-02-25 03:00:00
19224,8630,가입,2025-05-08 00:00:00
19225,8630,첫결제,2025-05-18 16:48:00
19226,8631,가입,2025-02-01 00:00:00
19227,8631,튜토리얼완료,2025-02-02 02:00:00
19228,8632,가입,2025-01-08 00:00:00
19229,8632,튜토리얼완료,2025-01-10 12:00:00
19230,8632,첫결제,2025-01-21 04:35:00
19231,8633,가입,2025-04-17 00:00:00
19232,8633,튜토리얼완료,2025-04-19 21:00:00
19233,8633,첫결제,2025-04-24 04:49:00
19234,8634,가입,2025-01-18 00:00:00
19235,8634,튜토리얼완료,2025-01-19 00:00:00
19236,8635,가입,2025-04-24 00:00:00
19237,8635,튜토리얼완료,2025-04-27 18:00:00
19238,8636,가입,2025-01-18 00:00:00
19239,8636,튜토리얼완료,2025-01-21 00:00:00
19240,8637,가입,2025-01-02 00:00:00
19241,8637,첫결제,2025-01-05 05:50:00
19242,8638,가입,2025-02-12 00:00:00
19243,8638,튜토리얼완료,2025-02-12 09:00:00
19244,8639,가입,2025-06-17 00:00:00
19245,8639,튜토리얼완료,2025-06-20 13:00:00
19246,8640,가입,2025-01-30 00:00:00
19247,8640,튜토리얼완료,2025-01-30 19:00:00
19248,8641,가입,2025-01-13 00:00:00
19249,8641,튜토리얼완료,2025-01-15 08:00:00
19250,8641,첫결제,2025-01-22 16:17:00
19251,8642,가입,2025-01-12 00:00:00
19252,8642,튜토리얼완료,2025-01-12 09:00:00
19253,8643,가입,2025-04-15 00:00:00
19254,8644,가입,2025-03-05 00:00:00
19255,8644,튜토리얼완료,2025-03-08 15:00:00
19256,8644,첫결제,2025-03-10 03:17:00
19257,8645,가입,2025-02-02 00:00:00
19258,8645,첫결제,2025-02-05 23:43:00
19259,8646,가입,2025-01-04 00:00:00
19260,8646,튜토리얼완료,2025-01-07 09:00:00
19261,8647,가입,2025-02-21 00:00:00
19262,8647,튜토리얼완료,2025-02-22 10:00:00
19263,8648,가입,2025-04-13 00:00:00
19264,8648,튜토리얼완료,2025-04-13 21:00:00
19265,8649,가입,2025-01-05 00:00:00
19266,8649,튜토리얼완료,2025-01-05 03:00:00
19267,8650,가입,2025-01-19 00:00:00
19268,8650,튜토리얼완료,2025-01-22 22:00:00
19269,8651,가입,2025-02-21 00:00:00
19270,8652,가입,2025-05-02 00:00:00
19271,8652,첫결제,2025-05-03 22:47:00
19272,8653,가입,2025-06-29 00:00:00
19273,8653,튜토리얼완료,2025-07-02 18:00:00
19274,8654,가입,2025-04-21 00:00:00
19275,8654,튜토리얼완료,2025-04-23 21:00:00
19276,8654,첫결제,2025-05-02 19:39:00
19277,8655,가입,2025-02-27 00:00:00
19278,8655,튜토리얼완료,2025-02-28 00:00:00
19279,8655,첫결제,2025-03-17 11:42:00
19280,8656,가입,2025-01-24 00:00:00
19281,8656,튜토리얼완료,2025-01-26 05:00:00
19282,8657,가입,2025-01-18 00:00:00
19283,8657,튜토리얼완료,2025-01-19 04:00:00
19284,8658,가입,2025-01-01 00:00:00
19285,8658,튜토리얼완료,2025-01-02 06:00:00
19286,8658,첫결제,2025-01-05 18:22:00
19287,8659,가입,2025-02-03 00:00:00
19288,8659,튜토리얼완료,2025-02-03 16:00:00
19289,8659,첫결제,2025-04-01 21:25:00
19290,8660,가입,2025-03-15 00:00:00
19291,8661,가입,2025-02-01 00:00:00
19292,8661,튜토리얼완료,2025-02-04 12:00:00
19293,8662,가입,2025-03-30 00:00:00
19294,8662,튜토리얼완료,2025-03-31 10:00:00
19295,8662,첫결제,2025-04-02 09:00:00
19296,8663,가입,2025-05-28 00:00:00
19297,8663,튜토리얼완료,2025-05-28 01:00:00
19298,8664,가입,2025-01-23 00:00:00
19299,8664,튜토리얼완료,2025-01-23 04:00:00
19300,8664,첫결제,2025-01-31 20:07:00
19301,8665,가입,2025-02-12 00:00:00
19302,8665,튜토리얼완료,2025-02-13 04:00:00
19303,8666,가입,2025-02-02 00:00:00
19304,8666,튜토리얼완료,2025-02-02 17:00:00
19305,8667,가입,2025-01-24 00:00:00
19306,8667,튜토리얼완료,2025-01-25 22:00:00
19307,8668,가입,2025-05-03 00:00:00
19308,8668,튜토리얼완료,2025-05-03 02:00:00
19309,8669,가입,2025-01-30 00:00:00
19310,8669,튜토리얼완료,2025-01-31 17:00:00
19311,8669,첫결제,2025-02-13 08:48:00
19312,8670,가입,2025-01-20 00:00:00
19313,8670,튜토리얼완료,2025-01-21 04:00:00
19314,8671,가입,2025-06-29 00:00:00
19315,8671,튜토리얼완료,2025-06-29 00:00:00
19316,8672,가입,2025-04-07 00:00:00
19317,8673,가입,2025-01-03 00:00:00
19318,8673,튜토리얼완료,2025-01-03 04:00:00
19319,8674,가입,2025-01-11 00:00:00
19320,8674,튜토리얼완료,2025-01-14 12:00:00
19321,8675,가입,2025-01-05 00:00:00
19322,8675,튜토리얼완료,2025-01-06 14:00:00
19323,8676,가입,2025-01-01 00:00:00
19324,8676,튜토리얼완료,2025-01-01 13:00:00
19325,8677,가입,2025-06-29 00:00:00
19326,8677,튜토리얼완료,2025-07-01 16:00:00
19327,8678,가입,2025-04-04 00:00:00
19328,8678,튜토리얼완료,2025-04-04 13:00:00
19329,8678,첫결제,2025-04-21 21:33:00
19330,8679,가입,2025-02-18 00:00:00
19331,8679,튜토리얼완료,2025-02-18 01:00:00
19332,8680,가입,2025-04-19 00:00:00
19333,8680,튜토리얼완료,2025-04-22 05:00:00
19334,8680,첫결제,2025-04-19 02:07:00
19335,8681,가입,2025-02-01 00:00:00
19336,8681,튜토리얼완료,2025-02-02 13:00:00
19337,8681,첫결제,2025-02-01 10:36:00
19338,8682,가입,2025-06-29 00:00:00
19339,8682,튜토리얼완료,2025-06-29 17:00:00
19340,8683,가입,2025-02-01 00:00:00
19341,8683,튜토리얼완료,2025-02-01 22:00:00
19342,8683,첫결제,2025-02-08 22:59:00
19343,8684,가입,2025-02-06 00:00:00
19344,8685,가입,2025-02-28 00:00:00
19345,8685,튜토리얼완료,2025-03-03 06:00:00
19346,8686,가입,2025-05-17 00:00:00
19347,8686,튜토리얼완료,2025-05-20 04:00:00
19348,8686,첫결제,2025-05-18 12:27:00
19349,8687,가입,2025-01-06 00:00:00
19350,8687,튜토리얼완료,2025-01-08 08:00:00
19351,8687,첫결제,2025-01-08 17:35:00
19352,8688,가입,2025-02-12 00:00:00
19353,8688,튜토리얼완료,2025-02-14 10:00:00
19354,8689,가입,2025-03-15 00:00:00
19355,8689,튜토리얼완료,2025-03-16 15:00:00
19356,8690,가입,2025-01-03 00:00:00
19357,8690,튜토리얼완료,2025-01-03 18:00:00
19358,8691,가입,2025-01-25 00:00:00
19359,8691,튜토리얼완료,2025-01-27 01:00:00
19360,8692,가입,2025-02-28 00:00:00
19361,8692,튜토리얼완료,2025-03-01 04:00:00
19362,8692,첫결제,2025-03-02 22:41:00
19363,8693,가입,2025-04-06 00:00:00
19364,8693,튜토리얼완료,2025-04-07 06:00:00
19365,8694,가입,2025-06-06 00:00:00
19366,8694,튜토리얼완료,2025-06-09 17:00:00
19367,8694,첫결제,2025-06-11 18:52:00
19368,8695,가입,2025-01-27 00:00:00
19369,8695,튜토리얼완료,2025-01-28 23:00:00
19370,8695,첫결제,2025-02-04 20:40:00
19371,8696,가입,2025-04-06 00:00:00
19372,8696,튜토리얼완료,2025-04-06 12:00:00
19373,8697,가입,2025-06-29 00:00:00
19374,8697,첫결제,2025-06-29 02:12:00
19375,8698,가입,2025-04-12 00:00:00
19376,8698,튜토리얼완료,2025-04-12 12:00:00
19377,8699,가입,2025-03-19 00:00:00
19378,8699,튜토리얼완료,2025-03-20 13:00:00
19379,8700,가입,2025-01-06 00:00:00
19380,8700,튜토리얼완료,2025-01-09 04:00:00
19381,8701,가입,2025-03-26 00:00:00
19382,8701,튜토리얼완료,2025-03-27 07:00:00
19383,8702,가입,2025-01-01 00:00:00
19384,8702,튜토리얼완료,2025-01-04 09:00:00
19385,8702,첫결제,2025-02-04 10:21:00
19386,8703,가입,2025-01-01 00:00:00
19387,8704,가입,2025-03-26 00:00:00
19388,8704,튜토리얼완료,2025-03-28 23:00:00
19389,8704,첫결제,2025-04-28 21:22:00
19390,8705,가입,2025-01-03 00:00:00
19391,8705,튜토리얼완료,2025-01-03 00:00:00
19392,8706,가입,2025-01-20 00:00:00
19393,8706,튜토리얼완료,2025-01-21 04:00:00
19394,8706,첫결제,2025-02-06 16:37:00
19395,8707,가입,2025-04-26 00:00:00
19396,8707,튜토리얼완료,2025-04-29 02:00:00
19397,8707,첫결제,2025-05-01 21:05:00
19398,8708,가입,2025-01-03 00:00:00
19399,8708,튜토리얼완료,2025-01-03 16:00:00
19400,8708,첫결제,2025-02-18 02:15:00
19401,8709,가입,2025-01-09 00:00:00
19402,8709,튜토리얼완료,2025-01-11 00:00:00
19403,8710,가입,2025-02-17 00:00:00
19404,8710,튜토리얼완료,2025-02-17 23:00:00
19405,8711,가입,2025-06-29 00:00:00
19406,8711,튜토리얼완료,2025-06-30 10:00:00
19407,8711,첫결제,2025-06-29 02:58:00
19408,8712,가입,2025-03-09 00:00:00
19409,8712,튜토리얼완료,2025-03-11 01:00:00
19410,8712,첫결제,2025-03-16 20:06:00
19411,8713,가입,2025-06-26 00:00:00
19412,8713,첫결제,2025-06-28 10:11:00
19413,8714,가입,2025-06-21 00:00:00
19414,8714,튜토리얼완료,2025-06-23 05:00:00
19415,8715,가입,2025-06-29 00:00:00
19416,8715,튜토리얼완료,2025-06-30 23:00:00
19417,8716,가입,2025-04-29 00:00:00
19418,8716,튜토리얼완료,2025-04-30 12:00:00
19419,8717,가입,2025-03-13 00:00:00
19420,8717,튜토리얼완료,2025-03-13 03:00:00
19421,8718,가입,2025-01-10 00:00:00
19422,8718,첫결제,2025-01-10 20:29:00
19423,8719,가입,2025-03-16 00:00:00
19424,8720,가입,2025-02-19 00:00:00
19425,8720,튜토리얼완료,2025-02-19 15:00:00
19426,8721,가입,2025-02-23 00:00:00
19427,8721,튜토리얼완료,2025-02-23 14:00:00
19428,8722,가입,2025-02-20 00:00:00
19429,8722,튜토리얼완료,2025-02-22 08:00:00
19430,8722,첫결제,2025-02-26 22:20:00
19431,8723,가입,2025-04-11 00:00:00
19432,8723,튜토리얼완료,2025-04-14 08:00:00
19433,8724,가입,2025-05-06 00:00:00
19434,8724,튜토리얼완료,2025-05-09 00:00:00
19435,8725,가입,2025-01-01 00:00:00
19436,8725,튜토리얼완료,2025-01-01 12:00:00
19437,8725,첫결제,2025-01-12 13:50:00
19438,8726,가입,2025-01-28 00:00:00
19439,8726,튜토리얼완료,2025-01-30 18:00:00
19440,8726,첫결제,2025-02-20 19:38:00
19441,8727,가입,2025-02-27 00:00:00
19442,8727,튜토리얼완료,2025-02-28 16:00:00
19443,8728,가입,2025-04-10 00:00:00
19444,8728,튜토리얼완료,2025-04-12 22:00:00
19445,8729,가입,2025-02-26 00:00:00
19446,8730,가입,2025-06-29 00:00:00
19447,8730,튜토리얼완료,2025-07-02 00:00:00
19448,8731,가입,2025-03-21 00:00:00
19449,8731,튜토리얼완료,2025-03-22 23:00:00
19450,8732,가입,2025-01-17 00:00:00
19451,8732,튜토리얼완료,2025-01-17 14:00:00
19452,8733,가입,2025-04-05 00:00:00
19453,8733,튜토리얼완료,2025-04-08 22:00:00
19454,8734,가입,2025-03-04 00:00:00
19455,8734,튜토리얼완료,2025-03-06 12:00:00
19456,8735,가입,2025-02-03 00:00:00
19457,8735,튜토리얼완료,2025-02-06 19:00:00
19458,8735,첫결제,2025-02-05 02:40:00
19459,8736,가입,2025-01-09 00:00:00
19460,8736,튜토리얼완료,2025-01-09 04:00:00
19461,8736,첫결제,2025-01-30 23:07:00
19462,8737,가입,2025-01-06 00:00:00
19463,8737,튜토리얼완료,2025-01-07 01:00:00
19464,8738,가입,2025-01-12 00:00:00
19465,8738,튜토리얼완료,2025-01-15 08:00:00
19466,8739,가입,2025-02-01 00:00:00
19467,8739,튜토리얼완료,2025-02-02 11:00:00
19468,8740,가입,2025-03-11 00:00:00
19469,8740,튜토리얼완료,2025-03-12 21:00:00
19470,8741,가입,2025-04-24 00:00:00
19471,8741,튜토리얼완료,2025-04-26 00:00:00
19472,8742,가입,2025-01-11 00:00:00
19473,8742,튜토리얼완료,2025-01-13 23:00:00
19474,8743,가입,2025-01-05 00:00:00
19475,8743,튜토리얼완료,2025-01-05 15:00:00
19476,8743,첫결제,2025-01-22 23:43:00
19477,8744,가입,2025-01-20 00:00:00
19478,8744,튜토리얼완료,2025-01-22 03:00:00
19479,8744,첫결제,2025-01-29 12:25:00
19480,8745,가입,2025-03-30 00:00:00
19481,8745,튜토리얼완료,2025-03-31 14:00:00
19482,8745,첫결제,2025-04-04 08:22:00
19483,8746,가입,2025-01-09 00:00:00
19484,8746,튜토리얼완료,2025-01-12 06:00:00
19485,8747,가입,2025-03-25 00:00:00
19486,8747,튜토리얼완료,2025-03-28 00:00:00
19487,8747,첫결제,2025-04-22 21:47:00
19488,8748,가입,2025-03-24 00:00:00
19489,8748,튜토리얼완료,2025-03-24 04:00:00
19490,8749,가입,2025-04-09 00:00:00
19491,8749,튜토리얼완료,2025-04-11 23:00:00
19492,8749,첫결제,2025-04-18 22:07:00
19493,8750,가입,2025-01-23 00:00:00
19494,8750,튜토리얼완료,2025-01-26 02:00:00
19495,8751,가입,2025-02-01 00:00:00
19496,8751,튜토리얼완료,2025-02-04 12:00:00
19497,8751,첫결제,2025-02-13 17:53:00
19498,8752,가입,2025-02-27 00:00:00
19499,8752,튜토리얼완료,2025-03-02 05:00:00
19500,8753,가입,2025-06-29 00:00:00
19501,8754,가입,2025-01-26 00:00:00
19502,8754,튜토리얼완료,2025-01-28 03:00:00
19503,8755,가입,2025-02-26 00:00:00
19504,8755,튜토리얼완료,2025-02-28 17:00:00
19505,8756,가입,2025-06-14 00:00:00
19506,8756,튜토리얼완료,2025-06-16 16:00:00
19507,8756,첫결제,2025-06-15 23:47:00
19508,8757,가입,2025-02-11 00:00:00
19509,8757,튜토리얼완료,2025-02-13 10:00:00
19510,8757,첫결제,2025-03-24 22:54:00
19511,8758,가입,2025-02-08 00:00:00
19512,8758,튜토리얼완료,2025-02-08 07:00:00
19513,8758,첫결제,2025-02-10 12:44:00
19514,8759,가입,2025-01-25 00:00:00
19515,8759,튜토리얼완료,2025-01-25 12:00:00
19516,8759,첫결제,2025-01-26 08:25:00
19517,8760,가입,2025-02-24 00:00:00
19518,8760,튜토리얼완료,2025-02-24 03:00:00
19519,8761,가입,2025-01-16 00:00:00
19520,8761,튜토리얼완료,2025-01-19 08:00:00
19521,8761,첫결제,2025-01-24 20:19:00
19522,8762,가입,2025-02-07 00:00:00
19523,8762,첫결제,2025-03-05 20:07:00
19524,8763,가입,2025-01-28 00:00:00
19525,8763,튜토리얼완료,2025-01-30 21:00:00
19526,8764,가입,2025-04-02 00:00:00
19527,8764,튜토리얼완료,2025-04-03 13:00:00
19528,8765,가입,2025-02-13 00:00:00
19529,8765,튜토리얼완료,2025-02-15 05:00:00
19530,8766,가입,2025-01-19 00:00:00
19531,8766,튜토리얼완료,2025-01-22 19:00:00
19532,8766,첫결제,2025-02-07 22:13:00
19533,8767,가입,2025-02-26 00:00:00
19534,8767,튜토리얼완료,2025-03-01 07:00:00
19535,8767,첫결제,2025-03-25 23:07:00
19536,8768,가입,2025-02-07 00:00:00
19537,8768,튜토리얼완료,2025-02-09 14:00:00
19538,8769,가입,2025-01-24 00:00:00
19539,8769,튜토리얼완료,2025-01-25 01:00:00
19540,8769,첫결제,2025-01-24 15:43:00
19541,8770,가입,2025-01-07 00:00:00
19542,8770,튜토리얼완료,2025-01-09 22:00:00
19543,8770,첫결제,2025-01-26 23:19:00
19544,8771,가입,2025-03-03 00:00:00
19545,8771,튜토리얼완료,2025-03-05 11:00:00
19546,8772,가입,2025-05-12 00:00:00
19547,8772,튜토리얼완료,2025-05-12 02:00:00
19548,8772,첫결제,2025-06-17 22:40:00
19549,8773,가입,2025-01-11 00:00:00
19550,8773,첫결제,2025-02-04 20:25:00
19551,8774,가입,2025-01-27 00:00:00
19552,8774,튜토리얼완료,2025-01-28 16:00:00
19553,8775,가입,2025-02-25 00:00:00
19554,8775,튜토리얼완료,2025-02-26 07:00:00
19555,8776,가입,2025-01-09 00:00:00
19556,8776,첫결제,2025-02-07 04:02:00
19557,8777,가입,2025-01-07 00:00:00
19558,8777,튜토리얼완료,2025-01-08 19:00:00
19559,8778,가입,2025-01-03 00:00:00
19560,8778,튜토리얼완료,2025-01-05 05:00:00
19561,8779,가입,2025-01-01 00:00:00
19562,8779,튜토리얼완료,2025-01-01 09:00:00
19563,8779,첫결제,2025-01-05 20:41:00
19564,8780,가입,2025-01-05 00:00:00
19565,8781,가입,2025-01-20 00:00:00
19566,8781,튜토리얼완료,2025-01-21 20:00:00
19567,8782,가입,2025-03-21 00:00:00
19568,8782,튜토리얼완료,2025-03-24 05:00:00
19569,8782,첫결제,2025-03-26 20:03:00
19570,8783,가입,2025-03-23 00:00:00
19571,8783,튜토리얼완료,2025-03-24 14:00:00
19572,8783,첫결제,2025-03-28 13:40:00
19573,8784,가입,2025-02-09 00:00:00
19574,8784,튜토리얼완료,2025-02-09 00:00:00
19575,8785,가입,2025-04-06 00:00:00
19576,8785,튜토리얼완료,2025-04-07 03:00:00
19577,8786,가입,2025-02-12 00:00:00
19578,8786,튜토리얼완료,2025-02-12 11:00:00
19579,8787,가입,2025-01-05 00:00:00
19580,8788,가입,2025-01-31 00:00:00
19581,8788,튜토리얼완료,2025-01-31 00:00:00
19582,8788,첫결제,2025-03-07 21:36:00
19583,8789,가입,2025-02-13 00:00:00
19584,8789,튜토리얼완료,2025-02-15 12:00:00
19585,8790,가입,2025-02-04 00:00:00
19586,8790,튜토리얼완료,2025-02-05 12:00:00
19587,8791,가입,2025-02-27 00:00:00
19588,8791,튜토리얼완료,2025-03-02 14:00:00
19589,8791,첫결제,2025-02-28 05:08:00
19590,8792,가입,2025-01-19 00:00:00
19591,8792,튜토리얼완료,2025-01-22 09:00:00
19592,8792,첫결제,2025-01-24 02:56:00
19593,8793,가입,2025-03-17 00:00:00
19594,8793,튜토리얼완료,2025-03-19 10:00:00
19595,8793,첫결제,2025-03-17 15:35:00
19596,8794,가입,2025-03-14 00:00:00
19597,8794,튜토리얼완료,2025-03-17 11:00:00
19598,8795,가입,2025-01-13 00:00:00
19599,8795,튜토리얼완료,2025-01-14 17:00:00
19600,8796,가입,2025-05-05 00:00:00
19601,8796,튜토리얼완료,2025-05-06 09:00:00
19602,8796,첫결제,2025-05-11 23:21:00
19603,8797,가입,2025-01-29 00:00:00
19604,8797,튜토리얼완료,2025-01-30 12:00:00
19605,8797,첫결제,2025-02-05 03:20:00
19606,8798,가입,2025-04-14 00:00:00
19607,8798,튜토리얼완료,2025-04-15 21:00:00
19608,8798,첫결제,2025-04-14 19:25:00
19609,8799,가입,2025-02-13 00:00:00
19610,8799,튜토리얼완료,2025-02-15 18:00:00
19611,8800,가입,2025-01-05 00:00:00
19612,8800,튜토리얼완료,2025-01-05 02:00:00
19613,8800,첫결제,2025-01-05 17:37:00
19614,8801,가입,2025-01-11 00:00:00
19615,8801,튜토리얼완료,2025-01-12 01:00:00
19616,8801,첫결제,2025-01-18 20:14:00
19617,8802,가입,2025-06-19 00:00:00
19618,8803,가입,2025-02-06 00:00:00
19619,8803,튜토리얼완료,2025-02-08 03:00:00
19620,8804,가입,2025-03-22 00:00:00
19621,8805,가입,2025-02-14 00:00:00
19622,8805,첫결제,2025-03-21 20:21:00
19623,8806,가입,2025-01-24 00:00:00
19624,8807,가입,2025-05-18 00:00:00
19625,8807,튜토리얼완료,2025-05-18 02:00:00
19626,8808,가입,2025-01-28 00:00:00
19627,8808,튜토리얼완료,2025-01-31 01:00:00
19628,8808,첫결제,2025-01-31 14:24:00
19629,8809,가입,2025-03-03 00:00:00
19630,8809,튜토리얼완료,2025-03-06 11:00:00
19631,8809,첫결제,2025-04-13 20:51:00
19632,8810,가입,2025-01-10 00:00:00
19633,8811,가입,2025-01-16 00:00:00
19634,8811,튜토리얼완료,2025-01-16 11:00:00
19635,8811,첫결제,2025-02-06 01:47:00
19636,8812,가입,2025-06-29 00:00:00
19637,8812,튜토리얼완료,2025-06-30 12:00:00
19638,8813,가입,2025-04-19 00:00:00
19639,8813,튜토리얼완료,2025-04-19 03:00:00
19640,8814,가입,2025-06-29 00:00:00
19641,8814,튜토리얼완료,2025-07-01 22:00:00
19642,8815,가입,2025-06-15 00:00:00
19643,8815,튜토리얼완료,2025-06-15 10:00:00
19644,8815,첫결제,2025-06-24 20:34:00
19645,8816,가입,2025-03-19 00:00:00
19646,8816,튜토리얼완료,2025-03-21 02:00:00
19647,8816,첫결제,2025-03-25 04:18:00
19648,8817,가입,2025-04-06 00:00:00
19649,8817,튜토리얼완료,2025-04-06 01:00:00
19650,8817,첫결제,2025-04-17 22:54:00
19651,8818,가입,2025-05-20 00:00:00
19652,8818,튜토리얼완료,2025-05-23 16:00:00
19653,8818,첫결제,2025-05-23 20:58:00
19654,8819,가입,2025-01-24 00:00:00
19655,8819,튜토리얼완료,2025-01-26 01:00:00
19656,8819,첫결제,2025-03-16 20:07:00
19657,8820,가입,2025-01-15 00:00:00
19658,8820,튜토리얼완료,2025-01-17 22:00:00
19659,8820,첫결제,2025-01-15 21:43:00
19660,8821,가입,2025-01-04 00:00:00
19661,8821,튜토리얼완료,2025-01-04 19:00:00
19662,8821,첫결제,2025-01-21 14:18:00
19663,8822,가입,2025-02-23 00:00:00
19664,8822,튜토리얼완료,2025-02-24 11:00:00
19665,8823,가입,2025-01-14 00:00:00
19666,8823,튜토리얼완료,2025-01-16 12:00:00
19667,8823,첫결제,2025-01-28 23:02:00
19668,8824,가입,2025-02-12 00:00:00
19669,8824,튜토리얼완료,2025-02-12 23:00:00
19670,8825,가입,2025-01-30 00:00:00
19671,8825,튜토리얼완료,2025-01-30 08:00:00
19672,8825,첫결제,2025-02-04 20:57:00
19673,8826,가입,2025-03-05 00:00:00
19674,8826,튜토리얼완료,2025-03-05 17:00:00
19675,8827,가입,2025-01-05 00:00:00
19676,8828,가입,2025-03-07 00:00:00
19677,8828,튜토리얼완료,2025-03-09 05:00:00
19678,8828,첫결제,2025-03-08 20:43:00
19679,8829,가입,2025-01-04 00:00:00
19680,8829,튜토리얼완료,2025-01-04 04:00:00
19681,8829,첫결제,2025-01-30 12:43:00
19682,8830,가입,2025-01-24 00:00:00
19683,8830,튜토리얼완료,2025-01-24 16:00:00
19684,8831,가입,2025-03-14 00:00:00
19685,8831,튜토리얼완료,2025-03-16 16:00:00
19686,8832,가입,2025-01-14 00:00:00
19687,8832,튜토리얼완료,2025-01-14 18:00:00
19688,8833,가입,2025-04-24 00:00:00
19689,8833,튜토리얼완료,2025-04-24 20:00:00
19690,8833,첫결제,2025-04-24 13:00:00
19691,8834,가입,2025-06-25 00:00:00
19692,8834,튜토리얼완료,2025-06-27 23:00:00
19693,8835,가입,2025-01-21 00:00:00
19694,8835,튜토리얼완료,2025-01-23 00:00:00
19695,8835,첫결제,2025-02-10 17:25:00
19696,8836,가입,2025-03-07 00:00:00
19697,8836,튜토리얼완료,2025-03-09 00:00:00
19698,8836,첫결제,2025-03-10 03:15:00
19699,8837,가입,2025-01-05 00:00:00
19700,8837,튜토리얼완료,2025-01-08 01:00:00
19701,8838,가입,2025-05-25 00:00:00
19702,8838,튜토리얼완료,2025-05-27 19:00:00
19703,8839,가입,2025-01-15 00:00:00
19704,8839,첫결제,2025-02-04 14:54:00
19705,8840,가입,2025-06-25 00:00:00
19706,8840,튜토리얼완료,2025-06-26 05:00:00
19707,8841,가입,2025-02-10 00:00:00
19708,8841,튜토리얼완료,2025-02-13 22:00:00
19709,8842,가입,2025-01-13 00:00:00
19710,8842,튜토리얼완료,2025-01-15 17:00:00
19711,8843,가입,2025-01-17 00:00:00
19712,8843,튜토리얼완료,2025-01-19 04:00:00
19713,8843,첫결제,2025-03-05 16:04:00
19714,8844,가입,2025-06-11 00:00:00
19715,8844,튜토리얼완료,2025-06-14 19:00:00
19716,8845,가입,2025-02-10 00:00:00
19717,8845,튜토리얼완료,2025-02-12 07:00:00
19718,8846,가입,2025-04-19 00:00:00
19719,8846,튜토리얼완료,2025-04-21 11:00:00
19720,8847,가입,2025-02-26 00:00:00
19721,8847,튜토리얼완료,2025-02-27 18:00:00
19722,8848,가입,2025-04-01 00:00:00
19723,8848,튜토리얼완료,2025-04-01 11:00:00
19724,8848,첫결제,2025-05-01 13:17:00
19725,8849,가입,2025-01-16 00:00:00
19726,8849,첫결제,2025-01-16 23:07:00
19727,8850,가입,2025-02-11 00:00:00
19728,8850,첫결제,2025-03-20 12:54:00
19729,8851,가입,2025-02-19 00:00:00
19730,8852,가입,2025-02-06 00:00:00
19731,8852,튜토리얼완료,2025-02-06 22:00:00
19732,8853,가입,2025-02-08 00:00:00
19733,8854,가입,2025-06-05 00:00:00
19734,8854,튜토리얼완료,2025-06-05 09:00:00
19735,8854,첫결제,2025-06-25 22:09:00
19736,8855,가입,2025-05-18 00:00:00
19737,8855,튜토리얼완료,2025-05-18 11:00:00
19738,8856,가입,2025-02-24 00:00:00
19739,8856,튜토리얼완료,2025-02-25 13:00:00
19740,8856,첫결제,2025-02-26 22:23:00
19741,8857,가입,2025-01-06 00:00:00
19742,8857,튜토리얼완료,2025-01-06 17:00:00
19743,8858,가입,2025-01-14 00:00:00
19744,8858,튜토리얼완료,2025-01-14 09:00:00
19745,8859,가입,2025-02-26 00:00:00
19746,8859,튜토리얼완료,2025-02-28 22:00:00
19747,8860,가입,2025-01-07 00:00:00
19748,8860,튜토리얼완료,2025-01-09 18:00:00
19749,8861,가입,2025-01-16 00:00:00
19750,8861,튜토리얼완료,2025-01-17 08:00:00
19751,8862,가입,2025-02-07 00:00:00
19752,8862,튜토리얼완료,2025-02-08 17:00:00
19753,8863,가입,2025-02-07 00:00:00
19754,8863,튜토리얼완료,2025-02-08 04:00:00
19755,8864,가입,2025-02-08 00:00:00
19756,8864,튜토리얼완료,2025-02-11 08:00:00
19757,8865,가입,2025-01-04 00:00:00
19758,8865,튜토리얼완료,2025-01-05 02:00:00
19759,8866,가입,2025-01-11 00:00:00
19760,8866,튜토리얼완료,2025-01-13 03:00:00
19761,8866,첫결제,2025-01-18 21:18:00
19762,8867,가입,2025-04-25 00:00:00
19763,8867,튜토리얼완료,2025-04-25 15:00:00
19764,8867,첫결제,2025-05-09 07:19:00
19765,8868,가입,2025-01-31 00:00:00
19766,8868,튜토리얼완료,2025-02-02 16:00:00
19767,8869,가입,2025-06-29 00:00:00
19768,8870,가입,2025-01-09 00:00:00
19769,8870,튜토리얼완료,2025-01-12 16:00:00
19770,8870,첫결제,2025-01-13 16:48:00
19771,8871,가입,2025-03-13 00:00:00
19772,8871,튜토리얼완료,2025-03-16 19:00:00
19773,8871,첫결제,2025-03-23 03:34:00
19774,8872,가입,2025-01-26 00:00:00
19775,8872,튜토리얼완료,2025-01-29 08:00:00
19776,8872,첫결제,2025-02-02 12:57:00
19777,8873,가입,2025-01-27 00:00:00
19778,8873,튜토리얼완료,2025-01-30 02:00:00
19779,8874,가입,2025-05-20 00:00:00
19780,8874,첫결제,2025-05-22 19:27:00
19781,8875,가입,2025-06-29 00:00:00
19782,8875,튜토리얼완료,2025-06-30 10:00:00
19783,8876,가입,2025-05-17 00:00:00
19784,8876,튜토리얼완료,2025-05-18 20:00:00
19785,8877,가입,2025-06-29 00:00:00
19786,8877,튜토리얼완료,2025-06-29 12:00:00
19787,8878,가입,2025-03-13 00:00:00
19788,8878,튜토리얼완료,2025-03-15 07:00:00
19789,8878,첫결제,2025-03-16 23:31:00
19790,8879,가입,2025-05-24 00:00:00
19791,8879,튜토리얼완료,2025-05-26 14:00:00
19792,8879,첫결제,2025-05-24 01:54:00
19793,8880,가입,2025-01-06 00:00:00
19794,8881,가입,2025-02-15 00:00:00
19795,8881,튜토리얼완료,2025-02-15 16:00:00
19796,8881,첫결제,2025-02-27 17:02:00
19797,8882,가입,2025-02-12 00:00:00
19798,8882,튜토리얼완료,2025-02-15 18:00:00
19799,8883,가입,2025-01-18 00:00:00
19800,8883,튜토리얼완료,2025-01-19 21:00:00
19801,8883,첫결제,2025-01-31 23:04:00
19802,8884,가입,2025-01-20 00:00:00
19803,8884,튜토리얼완료,2025-01-21 13:00:00
19804,8885,가입,2025-02-17 00:00:00
19805,8885,튜토리얼완료,2025-02-19 12:00:00
19806,8886,가입,2025-01-03 00:00:00
19807,8886,튜토리얼완료,2025-01-03 12:00:00
19808,8887,가입,2025-02-27 00:00:00
19809,8887,튜토리얼완료,2025-02-27 03:00:00
19810,8888,가입,2025-01-05 00:00:00
19811,8888,튜토리얼완료,2025-01-08 09:00:00
19812,8888,첫결제,2025-01-05 19:58:00
19813,8889,가입,2025-01-15 00:00:00
19814,8889,튜토리얼완료,2025-01-17 12:00:00
19815,8889,첫결제,2025-01-17 23:56:00
19816,8890,가입,2025-02-17 00:00:00
19817,8890,튜토리얼완료,2025-02-18 05:00:00
19818,8891,가입,2025-01-17 00:00:00
19819,8892,가입,2025-06-29 00:00:00
19820,8892,튜토리얼완료,2025-07-02 04:00:00
19821,8893,가입,2025-02-18 00:00:00
19822,8893,튜토리얼완료,2025-02-19 00:00:00
19823,8894,가입,2025-02-26 00:00:00
19824,8894,튜토리얼완료,2025-03-01 11:00:00
19825,8895,가입,2025-01-02 00:00:00
19826,8895,튜토리얼완료,2025-01-04 23:00:00
19827,8896,가입,2025-06-14 00:00:00
19828,8897,가입,2025-02-08 00:00:00
19829,8897,튜토리얼완료,2025-02-09 21:00:00
19830,8897,첫결제,2025-02-11 02:35:00
19831,8898,가입,2025-01-15 00:00:00
19832,8898,첫결제,2025-02-23 05:27:00
19833,8899,가입,2025-01-23 00:00:00
19834,8899,튜토리얼완료,2025-01-26 10:00:00
19835,8900,가입,2025-04-18 00:00:00
19836,8900,튜토리얼완료,2025-04-20 15:00:00
19837,8900,첫결제,2025-04-18 05:50:00
19838,8901,가입,2025-06-29 00:00:00
19839,8901,튜토리얼완료,2025-06-29 00:00:00
19840,8902,가입,2025-02-15 00:00:00
19841,8902,튜토리얼완료,2025-02-17 21:00:00
19842,8902,첫결제,2025-03-03 08:48:00
19843,8903,가입,2025-01-15 00:00:00
19844,8904,가입,2025-01-10 00:00:00
19845,8904,튜토리얼완료,2025-01-10 04:00:00
19846,8905,가입,2025-01-01 00:00:00
19847,8905,튜토리얼완료,2025-01-04 14:00:00
19848,8906,가입,2025-02-01 00:00:00
19849,8906,튜토리얼완료,2025-02-02 00:00:00
19850,8906,첫결제,2025-02-05 20:07:00
19851,8907,가입,2025-06-26 00:00:00
19852,8907,튜토리얼완료,2025-06-26 05:00:00
19853,8908,가입,2025-03-17 00:00:00
19854,8908,첫결제,2025-03-18 05:37:00
19855,8909,가입,2025-01-16 00:00:00
19856,8909,튜토리얼완료,2025-01-17 21:00:00
19857,8909,첫결제,2025-02-23 16:26:00
19858,8910,가입,2025-02-25 00:00:00
19859,8910,튜토리얼완료,2025-02-25 12:00:00
19860,8910,첫결제,2025-03-02 14:07:00
19861,8911,가입,2025-02-02 00:00:00
19862,8911,튜토리얼완료,2025-02-05 07:00:00
19863,8911,첫결제,2025-02-15 19:41:00
19864,8912,가입,2025-02-10 00:00:00
19865,8912,튜토리얼완료,2025-02-11 19:00:00
19866,8913,가입,2025-03-06 00:00:00
19867,8913,튜토리얼완료,2025-03-09 18:00:00
19868,8914,가입,2025-01-12 00:00:00
19869,8914,튜토리얼완료,2025-01-15 07:00:00
19870,8914,첫결제,2025-01-26 15:13:00
19871,8915,가입,2025-03-29 00:00:00
19872,8915,튜토리얼완료,2025-03-29 17:00:00
19873,8915,첫결제,2025-03-31 20:03:00
19874,8916,가입,2025-06-29 00:00:00
19875,8916,튜토리얼완료,2025-06-30 00:00:00
19876,8917,가입,2025-01-02 00:00:00
19877,8917,튜토리얼완료,2025-01-03 01:00:00
19878,8917,첫결제,2025-01-04 12:31:00
19879,8918,가입,2025-03-13 00:00:00
19880,8918,튜토리얼완료,2025-03-13 20:00:00
19881,8918,첫결제,2025-03-21 20:37:00
19882,8919,가입,2025-03-02 00:00:00
19883,8919,튜토리얼완료,2025-03-03 04:00:00
19884,8920,가입,2025-01-06 00:00:00
19885,8920,튜토리얼완료,2025-01-07 23:00:00
19886,8920,첫결제,2025-01-06 17:21:00
19887,8921,가입,2025-02-21 00:00:00
19888,8921,첫결제,2025-03-24 23:49:00
19889,8922,가입,2025-01-24 00:00:00
19890,8922,튜토리얼완료,2025-01-26 03:00:00
19891,8923,가입,2025-04-16 00:00:00
19892,8923,튜토리얼완료,2025-04-17 23:00:00
19893,8923,첫결제,2025-05-09 13:48:00
19894,8924,가입,2025-04-01 00:00:00
19895,8924,튜토리얼완료,2025-04-02 21:00:00
19896,8925,가입,2025-06-29 00:00:00
19897,8925,튜토리얼완료,2025-06-30 04:00:00
19898,8926,가입,2025-02-20 00:00:00
19899,8927,가입,2025-01-04 00:00:00
19900,8927,튜토리얼완료,2025-01-06 08:00:00
19901,8928,가입,2025-01-03 00:00:00
19902,8928,튜토리얼완료,2025-01-03 17:00:00
19903,8928,첫결제,2025-01-19 01:51:00
19904,8929,가입,2025-01-06 00:00:00
19905,8929,튜토리얼완료,2025-01-09 18:00:00
19906,8930,가입,2025-01-29 00:00:00
19907,8930,튜토리얼완료,2025-01-31 10:00:00
19908,8931,가입,2025-04-26 00:00:00
19909,8931,튜토리얼완료,2025-04-28 18:00:00
19910,8932,가입,2025-02-01 00:00:00
19911,8932,튜토리얼완료,2025-02-01 21:00:00
19912,8933,가입,2025-01-04 00:00:00
19913,8933,튜토리얼완료,2025-01-07 15:00:00
19914,8934,가입,2025-04-30 00:00:00
19915,8934,튜토리얼완료,2025-05-02 08:00:00
19916,8935,가입,2025-05-09 00:00:00
19917,8935,튜토리얼완료,2025-05-09 07:00:00
19918,8936,가입,2025-01-06 00:00:00
19919,8936,튜토리얼완료,2025-01-06 03:00:00
19920,8937,가입,2025-02-17 00:00:00
19921,8937,튜토리얼완료,2025-02-17 07:00:00
19922,8937,첫결제,2025-02-20 17:18:00
19923,8938,가입,2025-01-28 00:00:00
19924,8938,튜토리얼완료,2025-01-28 10:00:00
19925,8938,첫결제,2025-04-03 18:04:00
19926,8939,가입,2025-02-28 00:00:00
19927,8939,튜토리얼완료,2025-02-28 10:00:00
19928,8939,첫결제,2025-05-13 23:58:00
19929,8940,가입,2025-06-14 00:00:00
19930,8940,튜토리얼완료,2025-06-15 05:00:00
19931,8941,가입,2025-01-19 00:00:00
19932,8941,첫결제,2025-02-06 01:23:00
19933,8942,가입,2025-05-28 00:00:00
19934,8942,튜토리얼완료,2025-05-31 19:00:00
19935,8943,가입,2025-02-21 00:00:00
19936,8943,첫결제,2025-03-19 12:05:00
19937,8944,가입,2025-02-24 00:00:00
19938,8944,튜토리얼완료,2025-02-24 12:00:00
19939,8945,가입,2025-02-20 00:00:00
19940,8945,튜토리얼완료,2025-02-20 02:00:00
19941,8945,첫결제,2025-02-22 05:46:00
19942,8946,가입,2025-02-26 00:00:00
19943,8946,튜토리얼완료,2025-03-01 19:00:00
19944,8946,첫결제,2025-02-26 01:27:00
19945,8947,가입,2025-01-19 00:00:00
19946,8947,튜토리얼완료,2025-01-19 03:00:00
19947,8947,첫결제,2025-01-21 22:22:00
19948,8948,가입,2025-01-30 00:00:00
19949,8948,튜토리얼완료,2025-01-31 05:00:00
19950,8948,첫결제,2025-02-03 20:36:00
19951,8949,가입,2025-05-03 00:00:00
19952,8949,튜토리얼완료,2025-05-03 21:00:00
19953,8950,가입,2025-01-22 00:00:00
19954,8950,튜토리얼완료,2025-01-22 17:00:00
19955,8951,가입,2025-06-27 00:00:00
19956,8951,튜토리얼완료,2025-06-29 06:00:00
19957,8952,가입,2025-01-28 00:00:00
19958,8952,튜토리얼완료,2025-01-29 23:00:00
19959,8953,가입,2025-02-19 00:00:00
19960,8953,튜토리얼완료,2025-02-20 17:00:00
19961,8953,첫결제,2025-02-24 08:32:00
19962,8954,가입,2025-03-24 00:00:00
19963,8954,첫결제,2025-05-14 19:12:00
19964,8955,가입,2025-06-23 00:00:00
19965,8955,튜토리얼완료,2025-06-25 20:00:00
19966,8955,첫결제,2025-06-23 05:59:00
19967,8956,가입,2025-01-06 00:00:00
19968,8956,튜토리얼완료,2025-01-08 20:00:00
19969,8956,첫결제,2025-01-06 05:45:00
19970,8957,가입,2025-04-26 00:00:00
19971,8957,튜토리얼완료,2025-04-27 06:00:00
19972,8958,가입,2025-03-05 00:00:00
19973,8958,첫결제,2025-03-08 16:23:00
19974,8959,가입,2025-02-07 00:00:00
19975,8959,튜토리얼완료,2025-02-08 06:00:00
19976,8959,첫결제,2025-02-11 07:31:00
19977,8960,가입,2025-02-10 00:00:00
19978,8960,튜토리얼완료,2025-02-11 20:00:00
19979,8960,첫결제,2025-02-18 00:13:00
19980,8961,가입,2025-01-08 00:00:00
19981,8961,튜토리얼완료,2025-01-09 04:00:00
19982,8962,가입,2025-01-15 00:00:00
19983,8962,튜토리얼완료,2025-01-16 07:00:00
19984,8963,가입,2025-01-14 00:00:00
19985,8964,가입,2025-01-22 00:00:00
19986,8964,튜토리얼완료,2025-01-25 15:00:00
19987,8965,가입,2025-03-10 00:00:00
19988,8965,튜토리얼완료,2025-03-12 19:00:00
19989,8966,가입,2025-03-13 00:00:00
19990,8966,튜토리얼완료,2025-03-13 17:00:00
19991,8967,가입,2025-04-01 00:00:00
19992,8967,튜토리얼완료,2025-04-01 20:00:00
19993,8968,가입,2025-04-24 00:00:00
19994,8968,첫결제,2025-04-27 18:43:00
19995,8969,가입,2025-02-04 00:00:00
19996,8969,튜토리얼완료,2025-02-05 23:00:00
19997,8970,가입,2025-06-29 00:00:00
19998,8970,튜토리얼완료,2025-06-30 21:00:00
19999,8970,첫결제,2025-06-29 03:08:00
20000,8971,가입,2025-01-01 00:00:00
20001,8971,튜토리얼완료,2025-01-02 21:00:00
20002,8972,가입,2025-03-17 00:00:00
20003,8973,가입,2025-03-01 00:00:00
20004,8973,튜토리얼완료,2025-03-04 05:00:00
20005,8974,가입,2025-01-08 00:00:00
20006,8975,가입,2025-05-14 00:00:00
20007,8975,튜토리얼완료,2025-05-15 02:00:00
20008,8976,가입,2025-04-21 00:00:00
20009,8976,튜토리얼완료,2025-04-22 01:00:00
20010,8976,첫결제,2025-04-23 00:36:00
20011,8977,가입,2025-06-15 00:00:00
20012,8977,튜토리얼완료,2025-06-18 02:00:00
20013,8978,가입,2025-01-12 00:00:00
20014,8979,가입,2025-01-14 00:00:00
20015,8979,튜토리얼완료,2025-01-16 08:00:00
20016,8980,가입,2025-02-07 00:00:00
20017,8980,튜토리얼완료,2025-02-07 20:00:00
20018,8981,가입,2025-01-08 00:00:00
20019,8981,튜토리얼완료,2025-01-08 07:00:00
20020,8981,첫결제,2025-01-10 10:24:00
20021,8982,가입,2025-02-05 00:00:00
20022,8983,가입,2025-03-15 00:00:00
20023,8984,가입,2025-01-22 00:00:00
20024,8984,튜토리얼완료,2025-01-22 21:00:00
20025,8984,첫결제,2025-01-28 22:23:00
20026,8985,가입,2025-03-15 00:00:00
20027,8985,튜토리얼완료,2025-03-15 11:00:00
20028,8985,첫결제,2025-03-20 20:02:00
20029,8986,가입,2025-01-19 00:00:00
20030,8986,튜토리얼완료,2025-01-22 07:00:00
20031,8987,가입,2025-01-22 00:00:00
20032,8987,튜토리얼완료,2025-01-23 23:00:00
20033,8987,첫결제,2025-01-27 18:52:00
20034,8988,가입,2025-06-29 00:00:00
20035,8988,튜토리얼완료,2025-07-02 17:00:00
20036,8989,가입,2025-01-01 00:00:00
20037,8989,튜토리얼완료,2025-01-01 19:00:00
20038,8990,가입,2025-03-27 00:00:00
20039,8990,튜토리얼완료,2025-03-28 20:00:00
20040,8990,첫결제,2025-03-31 03:02:00
20041,8991,가입,2025-02-15 00:00:00
20042,8991,튜토리얼완료,2025-02-16 16:00:00
20043,8991,첫결제,2025-02-20 21:06:00
20044,8992,가입,2025-02-10 00:00:00
20045,8992,튜토리얼완료,2025-02-10 21:00:00
20046,8993,가입,2025-01-18 00:00:00
20047,8993,튜토리얼완료,2025-01-19 11:00:00
20048,8994,가입,2025-03-01 00:00:00
20049,8994,튜토리얼완료,2025-03-03 19:00:00
20050,8994,첫결제,2025-03-04 07:50:00
20051,8995,가입,2025-01-25 00:00:00
20052,8995,튜토리얼완료,2025-01-25 16:00:00
20053,8995,첫결제,2025-03-17 13:32:00
20054,8996,가입,2025-01-22 00:00:00
20055,8996,튜토리얼완료,2025-01-25 22:00:00
20056,8997,가입,2025-01-23 00:00:00
20057,8997,튜토리얼완료,2025-01-25 03:00:00
20058,8997,첫결제,2025-01-23 15:10:00
20059,8998,가입,2025-01-20 00:00:00
20060,8998,튜토리얼완료,2025-01-23 17:00:00
20061,8999,가입,2025-01-03 00:00:00
20062,8999,튜토리얼완료,2025-01-03 18:00:00
20063,8999,첫결제,2025-01-17 00:48:00
20064,9000,가입,2025-06-29 00:00:00
20065,9000,튜토리얼완료,2025-06-30 10:00:00
20066,9001,가입,2025-01-23 00:00:00
20067,9001,튜토리얼완료,2025-01-25 12:00:00
20068,9002,가입,2025-02-15 00:00:00
20069,9002,튜토리얼완료,2025-02-18 22:00:00
20070,9003,가입,2025-02-25 00:00:00
20071,9003,튜토리얼완료,2025-02-27 18:00:00
20072,9004,가입,2025-01-06 00:00:00
20073,9004,튜토리얼완료,2025-01-08 03:00:00
20074,9004,첫결제,2025-01-10 23:57:00
20075,9005,가입,2025-06-29 00:00:00
20076,9005,튜토리얼완료,2025-06-30 09:00:00
20077,9006,가입,2025-01-29 00:00:00
20078,9006,튜토리얼완료,2025-01-29 11:00:00
20079,9006,첫결제,2025-03-12 23:37:00
20080,9007,가입,2025-01-12 00:00:00
20081,9007,튜토리얼완료,2025-01-15 11:00:00
20082,9008,가입,2025-01-13 00:00:00
20083,9008,튜토리얼완료,2025-01-14 00:00:00
20084,9009,가입,2025-01-30 00:00:00
20085,9009,튜토리얼완료,2025-01-31 22:00:00
20086,9010,가입,2025-02-08 00:00:00
20087,9010,튜토리얼완료,2025-02-10 15:00:00
20088,9011,가입,2025-01-26 00:00:00
20089,9012,가입,2025-01-08 00:00:00
20090,9012,튜토리얼완료,2025-01-09 07:00:00
20091,9012,첫결제,2025-01-12 12:55:00
20092,9013,가입,2025-01-03 00:00:00
20093,9013,첫결제,2025-03-05 16:17:00
20094,9014,가입,2025-03-28 00:00:00
20095,9014,튜토리얼완료,2025-03-28 22:00:00
20096,9015,가입,2025-04-10 00:00:00
20097,9015,튜토리얼완료,2025-04-10 09:00:00
20098,9015,첫결제,2025-04-11 23:28:00
20099,9016,가입,2025-01-09 00:00:00
20100,9016,튜토리얼완료,2025-01-11 07:00:00
20101,9017,가입,2025-03-01 00:00:00
20102,9017,첫결제,2025-03-01 07:53:00
20103,9018,가입,2025-03-22 00:00:00
20104,9018,튜토리얼완료,2025-03-23 11:00:00
20105,9019,가입,2025-05-02 00:00:00
20106,9019,튜토리얼완료,2025-05-02 09:00:00
20107,9020,가입,2025-05-13 00:00:00
20108,9020,튜토리얼완료,2025-05-16 15:00:00
20109,9020,첫결제,2025-05-23 07:58:00
20110,9021,가입,2025-02-08 00:00:00
20111,9021,튜토리얼완료,2025-02-08 23:00:00
20112,9022,가입,2025-02-04 00:00:00
20113,9022,튜토리얼완료,2025-02-06 13:00:00
20114,9022,첫결제,2025-02-06 21:38:00
20115,9023,가입,2025-03-25 00:00:00
20116,9023,튜토리얼완료,2025-03-28 18:00:00
20117,9023,첫결제,2025-03-29 23:16:00
20118,9024,가입,2025-02-22 00:00:00
20119,9024,튜토리얼완료,2025-02-23 03:00:00
20120,9025,가입,2025-01-14 00:00:00
20121,9025,튜토리얼완료,2025-01-16 11:00:00
20122,9026,가입,2025-01-01 00:00:00
20123,9026,튜토리얼완료,2025-01-01 00:00:00
20124,9027,가입,2025-05-20 00:00:00
20125,9028,가입,2025-01-23 00:00:00
20126,9028,튜토리얼완료,2025-01-25 19:00:00
20127,9029,가입,2025-01-20 00:00:00
20128,9029,튜토리얼완료,2025-01-22 12:00:00
20129,9030,가입,2025-05-26 00:00:00
20130,9030,튜토리얼완료,2025-05-27 00:00:00
20131,9031,가입,2025-02-08 00:00:00
20132,9032,가입,2025-01-10 00:00:00
20133,9032,튜토리얼완료,2025-01-11 22:00:00
20134,9033,가입,2025-04-12 00:00:00
20135,9033,튜토리얼완료,2025-04-12 19:00:00
20136,9034,가입,2025-01-06 00:00:00
20137,9034,튜토리얼완료,2025-01-07 02:00:00
20138,9035,가입,2025-06-29 00:00:00
20139,9035,튜토리얼완료,2025-07-02 11:00:00
20140,9035,첫결제,2025-06-29 02:43:00
20141,9036,가입,2025-02-16 00:00:00
20142,9036,튜토리얼완료,2025-02-16 13:00:00
20143,9036,첫결제,2025-03-01 02:28:00
20144,9037,가입,2025-03-28 00:00:00
20145,9037,튜토리얼완료,2025-03-29 13:00:00
20146,9038,가입,2025-03-11 00:00:00
20147,9038,튜토리얼완료,2025-03-12 17:00:00
20148,9038,첫결제,2025-03-30 19:45:00
20149,9039,가입,2025-02-12 00:00:00
20150,9039,튜토리얼완료,2025-02-12 17:00:00
20151,9040,가입,2025-02-06 00:00:00
20152,9040,튜토리얼완료,2025-02-08 23:00:00
20153,9041,가입,2025-02-20 00:00:00
20154,9041,튜토리얼완료,2025-02-20 00:00:00
20155,9042,가입,2025-01-19 00:00:00
20156,9042,튜토리얼완료,2025-01-19 04:00:00
20157,9043,가입,2025-03-07 00:00:00
20158,9043,튜토리얼완료,2025-03-07 17:00:00
20159,9043,첫결제,2025-03-24 04:48:00
20160,9044,가입,2025-01-12 00:00:00
20161,9044,튜토리얼완료,2025-01-14 03:00:00
20162,9045,가입,2025-01-14 00:00:00
20163,9045,튜토리얼완료,2025-01-14 15:00:00
20164,9045,첫결제,2025-01-26 14:17:00
20165,9046,가입,2025-03-06 00:00:00
20166,9046,튜토리얼완료,2025-03-07 21:00:00
20167,9047,가입,2025-05-01 00:00:00
20168,9047,튜토리얼완료,2025-05-01 23:00:00
20169,9048,가입,2025-04-17 00:00:00
20170,9048,튜토리얼완료,2025-04-19 13:00:00
20171,9049,가입,2025-01-09 00:00:00
20172,9049,튜토리얼완료,2025-01-09 10:00:00
20173,9050,가입,2025-01-25 00:00:00
20174,9050,튜토리얼완료,2025-01-25 16:00:00
20175,9051,가입,2025-06-29 00:00:00
20176,9051,튜토리얼완료,2025-06-29 03:00:00
20177,9052,가입,2025-03-25 00:00:00
20178,9053,가입,2025-05-04 00:00:00
20179,9053,튜토리얼완료,2025-05-07 14:00:00
20180,9053,첫결제,2025-05-25 19:42:00
20181,9054,가입,2025-02-18 00:00:00
20182,9054,튜토리얼완료,2025-02-21 00:00:00
20183,9054,첫결제,2025-02-20 02:01:00
20184,9055,가입,2025-05-31 00:00:00
20185,9055,첫결제,2025-06-06 06:56:00
20186,9056,가입,2025-01-11 00:00:00
20187,9056,첫결제,2025-01-11 19:49:00
20188,9057,가입,2025-01-29 00:00:00
20189,9057,튜토리얼완료,2025-01-30 05:00:00
20190,9058,가입,2025-04-22 00:00:00
20191,9058,튜토리얼완료,2025-04-24 09:00:00
20192,9058,첫결제,2025-04-25 18:36:00
20193,9059,가입,2025-01-25 00:00:00
20194,9059,튜토리얼완료,2025-01-25 19:00:00
20195,9059,첫결제,2025-02-03 00:19:00
20196,9060,가입,2025-02-09 00:00:00
20197,9060,튜토리얼완료,2025-02-11 11:00:00
20198,9061,가입,2025-01-26 00:00:00
20199,9061,튜토리얼완료,2025-01-29 02:00:00
20200,9061,첫결제,2025-02-18 16:02:00
20201,9062,가입,2025-01-19 00:00:00
20202,9063,가입,2025-04-24 00:00:00
20203,9063,튜토리얼완료,2025-04-24 10:00:00
20204,9064,가입,2025-02-04 00:00:00
20205,9064,튜토리얼완료,2025-02-04 12:00:00
20206,9065,가입,2025-02-23 00:00:00
20207,9066,가입,2025-03-09 00:00:00
20208,9066,튜토리얼완료,2025-03-09 04:00:00
20209,9067,가입,2025-01-21 00:00:00
20210,9067,튜토리얼완료,2025-01-24 21:00:00
20211,9067,첫결제,2025-02-28 01:33:00
20212,9068,가입,2025-01-22 00:00:00
20213,9068,튜토리얼완료,2025-01-22 09:00:00
20214,9069,가입,2025-04-17 00:00:00
20215,9069,튜토리얼완료,2025-04-17 05:00:00
20216,9070,가입,2025-03-08 00:00:00
20217,9070,튜토리얼완료,2025-03-10 06:00:00
20218,9071,가입,2025-02-20 00:00:00
20219,9071,튜토리얼완료,2025-02-22 22:00:00
20220,9071,첫결제,2025-03-06 00:43:00
20221,9072,가입,2025-01-03 00:00:00
20222,9072,튜토리얼완료,2025-01-04 02:00:00
20223,9072,첫결제,2025-01-03 05:38:00
20224,9073,가입,2025-02-27 00:00:00
20225,9073,튜토리얼완료,2025-02-28 04:00:00
20226,9074,가입,2025-01-20 00:00:00
20227,9074,튜토리얼완료,2025-01-20 12:00:00
20228,9074,첫결제,2025-02-13 23:46:00
20229,9075,가입,2025-05-06 00:00:00
20230,9075,튜토리얼완료,2025-05-06 08:00:00
20231,9075,첫결제,2025-05-20 13:26:00
20232,9076,가입,2025-01-14 00:00:00
20233,9076,튜토리얼완료,2025-01-14 13:00:00
20234,9076,첫결제,2025-01-24 22:45:00
20235,9077,가입,2025-04-19 00:00:00
20236,9077,튜토리얼완료,2025-04-20 02:00:00
20237,9077,첫결제,2025-04-30 18:54:00
20238,9078,가입,2025-04-02 00:00:00
20239,9078,튜토리얼완료,2025-04-05 21:00:00
20240,9079,가입,2025-04-22 00:00:00
20241,9079,튜토리얼완료,2025-04-24 22:00:00
20242,9080,가입,2025-06-13 00:00:00
20243,9080,튜토리얼완료,2025-06-15 06:00:00
20244,9080,첫결제,2025-06-20 22:37:00
20245,9081,가입,2025-02-13 00:00:00
20246,9081,튜토리얼완료,2025-02-16 03:00:00
20247,9081,첫결제,2025-02-27 19:11:00
20248,9082,가입,2025-04-16 00:00:00
20249,9083,가입,2025-05-08 00:00:00
20250,9084,가입,2025-04-11 00:00:00
20251,9084,튜토리얼완료,2025-04-13 10:00:00
20252,9085,가입,2025-01-24 00:00:00
20253,9086,가입,2025-01-30 00:00:00
20254,9086,튜토리얼완료,2025-01-30 03:00:00
20255,9086,첫결제,2025-02-16 22:58:00
20256,9087,가입,2025-06-09 00:00:00
20257,9087,튜토리얼완료,2025-06-12 00:00:00
20258,9088,가입,2025-02-28 00:00:00
20259,9088,튜토리얼완료,2025-03-01 15:00:00
20260,9089,가입,2025-05-06 00:00:00
20261,9089,튜토리얼완료,2025-05-09 00:00:00
20262,9090,가입,2025-01-13 00:00:00
20263,9090,튜토리얼완료,2025-01-13 16:00:00
20264,9091,가입,2025-02-09 00:00:00
20265,9091,튜토리얼완료,2025-02-12 16:00:00
20266,9092,가입,2025-03-01 00:00:00
20267,9092,튜토리얼완료,2025-03-03 08:00:00
20268,9093,가입,2025-04-14 00:00:00
20269,9093,튜토리얼완료,2025-04-17 14:00:00
20270,9094,가입,2025-02-11 00:00:00
20271,9094,튜토리얼완료,2025-02-11 17:00:00
20272,9095,가입,2025-02-20 00:00:00
20273,9096,가입,2025-02-24 00:00:00
20274,9096,튜토리얼완료,2025-02-26 05:00:00
20275,9097,가입,2025-02-06 00:00:00
20276,9097,튜토리얼완료,2025-02-08 14:00:00
20277,9098,가입,2025-02-23 00:00:00
20278,9098,튜토리얼완료,2025-02-24 12:00:00
20279,9098,첫결제,2025-02-25 08:32:00
20280,9099,가입,2025-01-26 00:00:00
20281,9099,튜토리얼완료,2025-01-26 06:00:00
20282,9099,첫결제,2025-03-18 16:17:00
20283,9100,가입,2025-03-02 00:00:00
20284,9100,튜토리얼완료,2025-03-03 12:00:00
20285,9101,가입,2025-03-15 00:00:00
20286,9101,튜토리얼완료,2025-03-18 18:00:00
20287,9101,첫결제,2025-04-17 19:18:00
20288,9102,가입,2025-03-13 00:00:00
20289,9102,튜토리얼완료,2025-03-13 21:00:00
20290,9103,가입,2025-01-05 00:00:00
20291,9103,튜토리얼완료,2025-01-07 05:00:00
20292,9104,가입,2025-01-02 00:00:00
20293,9104,튜토리얼완료,2025-01-03 07:00:00
20294,9105,가입,2025-03-24 00:00:00
20295,9105,튜토리얼완료,2025-03-24 08:00:00
20296,9105,첫결제,2025-05-13 07:50:00
20297,9106,가입,2025-02-09 00:00:00
20298,9106,튜토리얼완료,2025-02-10 07:00:00
20299,9106,첫결제,2025-02-12 03:32:00
20300,9107,가입,2025-01-22 00:00:00
20301,9107,첫결제,2025-01-30 00:38:00
20302,9108,가입,2025-06-29 00:00:00
20303,9108,튜토리얼완료,2025-06-30 20:00:00
20304,9109,가입,2025-01-11 00:00:00
20305,9109,튜토리얼완료,2025-01-11 21:00:00
20306,9110,가입,2025-02-07 00:00:00
20307,9110,첫결제,2025-02-18 05:49:00
20308,9111,가입,2025-01-18 00:00:00
20309,9111,튜토리얼완료,2025-01-18 07:00:00
20310,9111,첫결제,2025-03-06 01:32:00
20311,9112,가입,2025-04-07 00:00:00
20312,9112,튜토리얼완료,2025-04-09 22:00:00
20313,9113,가입,2025-05-10 00:00:00
20314,9113,튜토리얼완료,2025-05-11 19:00:00
20315,9114,가입,2025-01-26 00:00:00
20316,9114,튜토리얼완료,2025-01-28 13:00:00
20317,9115,가입,2025-01-31 00:00:00
20318,9115,튜토리얼완료,2025-02-03 01:00:00
20319,9116,가입,2025-01-14 00:00:00
20320,9116,튜토리얼완료,2025-01-17 23:00:00
20321,9117,가입,2025-02-15 00:00:00
20322,9118,가입,2025-02-16 00:00:00
20323,9119,가입,2025-01-26 00:00:00
20324,9119,튜토리얼완료,2025-01-29 15:00:00
20325,9120,가입,2025-04-10 00:00:00
20326,9120,튜토리얼완료,2025-04-10 14:00:00
20327,9121,가입,2025-02-27 00:00:00
20328,9121,튜토리얼완료,2025-02-27 14:00:00
20329,9121,첫결제,2025-03-07 19:10:00
20330,9122,가입,2025-03-02 00:00:00
20331,9123,가입,2025-01-21 00:00:00
20332,9123,튜토리얼완료,2025-01-23 06:00:00
20333,9123,첫결제,2025-01-21 22:47:00
20334,9124,가입,2025-05-11 00:00:00
20335,9124,튜토리얼완료,2025-05-11 23:00:00
20336,9125,가입,2025-06-29 00:00:00
20337,9125,튜토리얼완료,2025-07-01 14:00:00
20338,9126,가입,2025-02-15 00:00:00
20339,9126,튜토리얼완료,2025-02-18 07:00:00
20340,9127,가입,2025-03-06 00:00:00
20341,9127,튜토리얼완료,2025-03-07 00:00:00
20342,9128,가입,2025-01-14 00:00:00
20343,9129,가입,2025-04-06 00:00:00
20344,9129,튜토리얼완료,2025-04-08 01:00:00
20345,9130,가입,2025-02-23 00:00:00
20346,9130,튜토리얼완료,2025-02-24 21:00:00
20347,9130,첫결제,2025-03-13 22:07:00
20348,9131,가입,2025-01-30 00:00:00
20349,9131,튜토리얼완료,2025-01-30 16:00:00
20350,9132,가입,2025-02-25 00:00:00
20351,9132,튜토리얼완료,2025-02-27 21:00:00
20352,9133,가입,2025-02-26 00:00:00
20353,9134,가입,2025-01-05 00:00:00
20354,9134,튜토리얼완료,2025-01-06 18:00:00
20355,9134,첫결제,2025-03-13 22:45:00
20356,9135,가입,2025-06-07 00:00:00
20357,9135,튜토리얼완료,2025-06-09 06:00:00
20358,9135,첫결제,2025-06-12 03:40:00
20359,9136,가입,2025-02-18 00:00:00
20360,9136,튜토리얼완료,2025-02-20 21:00:00
20361,9137,가입,2025-02-12 00:00:00
20362,9137,튜토리얼완료,2025-02-14 01:00:00
20363,9138,가입,2025-01-16 00:00:00
20364,9138,튜토리얼완료,2025-01-18 13:00:00
20365,9138,첫결제,2025-01-16 22:30:00
20366,9139,가입,2025-02-19 00:00:00
20367,9139,튜토리얼완료,2025-02-22 17:00:00
20368,9139,첫결제,2025-02-21 13:40:00
20369,9140,가입,2025-01-12 00:00:00
20370,9140,튜토리얼완료,2025-01-14 21:00:00
20371,9140,첫결제,2025-01-15 03:38:00
20372,9141,가입,2025-02-02 00:00:00
20373,9141,튜토리얼완료,2025-02-02 10:00:00
20374,9141,첫결제,2025-02-16 05:18:00
20375,9142,가입,2025-03-01 00:00:00
20376,9143,가입,2025-05-01 00:00:00
20377,9143,튜토리얼완료,2025-05-01 01:00:00
20378,9144,가입,2025-01-02 00:00:00
20379,9145,가입,2025-01-24 00:00:00
20380,9145,튜토리얼완료,2025-01-26 14:00:00
20381,9145,첫결제,2025-02-06 19:17:00
20382,9146,가입,2025-01-13 00:00:00
20383,9146,첫결제,2025-01-24 00:14:00
20384,9147,가입,2025-06-29 00:00:00
20385,9148,가입,2025-01-19 00:00:00
20386,9148,튜토리얼완료,2025-01-19 21:00:00
20387,9149,가입,2025-01-24 00:00:00
20388,9149,튜토리얼완료,2025-01-24 16:00:00
20389,9149,첫결제,2025-01-26 15:03:00
20390,9150,가입,2025-02-18 00:00:00
20391,9150,튜토리얼완료,2025-02-21 18:00:00
20392,9151,가입,2025-01-12 00:00:00
20393,9151,튜토리얼완료,2025-01-13 04:00:00
20394,9151,첫결제,2025-01-24 20:24:00
20395,9152,가입,2025-02-07 00:00:00
20396,9152,튜토리얼완료,2025-02-10 20:00:00
20397,9152,첫결제,2025-03-15 21:39:00
20398,9153,가입,2025-06-29 00:00:00
20399,9153,튜토리얼완료,2025-06-30 06:00:00
20400,9154,가입,2025-01-09 00:00:00
20401,9154,튜토리얼완료,2025-01-09 13:00:00
20402,9155,가입,2025-01-03 00:00:00
20403,9156,가입,2025-01-06 00:00:00
20404,9156,튜토리얼완료,2025-01-07 04:00:00
20405,9157,가입,2025-02-23 00:00:00
20406,9157,튜토리얼완료,2025-02-25 13:00:00
20407,9158,가입,2025-05-09 00:00:00
20408,9158,첫결제,2025-05-19 02:09:00
20409,9159,가입,2025-02-06 00:00:00
20410,9159,튜토리얼완료,2025-02-06 08:00:00
20411,9160,가입,2025-02-16 00:00:00
20412,9160,튜토리얼완료,2025-02-19 21:00:00
20413,9160,첫결제,2025-02-18 00:24:00
20414,9161,가입,2025-01-25 00:00:00
20415,9161,튜토리얼완료,2025-01-27 19:00:00
20416,9162,가입,2025-02-05 00:00:00
20417,9162,첫결제,2025-02-12 23:35:00
20418,9163,가입,2025-05-02 00:00:00
20419,9163,튜토리얼완료,2025-05-05 18:00:00
20420,9164,가입,2025-02-22 00:00:00
20421,9164,튜토리얼완료,2025-02-23 19:00:00
20422,9164,첫결제,2025-05-21 19:03:00
20423,9165,가입,2025-06-28 00:00:00
20424,9165,튜토리얼완료,2025-06-30 09:00:00
20425,9166,가입,2025-03-27 00:00:00
20426,9166,첫결제,2025-04-12 15:22:00
20427,9167,가입,2025-03-24 00:00:00
20428,9167,튜토리얼완료,2025-03-27 12:00:00
20429,9168,가입,2025-03-20 00:00:00
20430,9168,튜토리얼완료,2025-03-23 02:00:00
20431,9168,첫결제,2025-03-21 16:43:00
20432,9169,가입,2025-03-23 00:00:00
20433,9169,튜토리얼완료,2025-03-24 15:00:00
20434,9170,가입,2025-04-16 00:00:00
20435,9170,첫결제,2025-04-24 07:03:00
20436,9171,가입,2025-01-20 00:00:00
20437,9172,가입,2025-01-27 00:00:00
20438,9173,가입,2025-03-27 00:00:00
20439,9173,튜토리얼완료,2025-03-29 22:00:00
20440,9173,첫결제,2025-04-06 21:49:00
20441,9174,가입,2025-05-29 00:00:00
20442,9175,가입,2025-02-01 00:00:00
20443,9175,튜토리얼완료,2025-02-03 14:00:00
20444,9175,첫결제,2025-02-11 13:58:00
20445,9176,가입,2025-01-21 00:00:00
20446,9177,가입,2025-01-08 00:00:00
20447,9177,튜토리얼완료,2025-01-09 10:00:00
20448,9177,첫결제,2025-03-04 22:38:00
20449,9178,가입,2025-01-06 00:00:00
20450,9178,튜토리얼완료,2025-01-06 19:00:00
20451,9179,가입,2025-02-22 00:00:00
20452,9179,튜토리얼완료,2025-02-24 15:00:00
20453,9180,가입,2025-01-17 00:00:00
20454,9180,튜토리얼완료,2025-01-17 15:00:00
20455,9180,첫결제,2025-02-21 04:50:00
20456,9181,가입,2025-05-24 00:00:00
20457,9181,튜토리얼완료,2025-05-25 10:00:00
20458,9181,첫결제,2025-05-24 22:09:00
20459,9182,가입,2025-01-10 00:00:00
20460,9182,튜토리얼완료,2025-01-13 17:00:00
20461,9182,첫결제,2025-01-27 21:01:00
20462,9183,가입,2025-02-06 00:00:00
20463,9183,튜토리얼완료,2025-02-08 05:00:00
20464,9183,첫결제,2025-03-01 19:06:00
20465,9184,가입,2025-03-22 00:00:00
20466,9184,튜토리얼완료,2025-03-22 01:00:00
20467,9185,가입,2025-01-25 00:00:00
20468,9185,첫결제,2025-03-04 17:54:00
20469,9186,가입,2025-01-31 00:00:00
20470,9187,가입,2025-06-29 00:00:00
20471,9187,튜토리얼완료,2025-06-29 09:00:00
20472,9188,가입,2025-01-08 00:00:00
20473,9188,튜토리얼완료,2025-01-09 09:00:00
20474,9188,첫결제,2025-02-22 13:42:00
20475,9189,가입,2025-02-22 00:00:00
20476,9189,튜토리얼완료,2025-02-24 17:00:00
20477,9190,가입,2025-01-26 00:00:00
20478,9190,튜토리얼완료,2025-01-28 13:00:00
20479,9190,첫결제,2025-01-28 23:50:00
20480,9191,가입,2025-01-12 00:00:00
20481,9191,튜토리얼완료,2025-01-15 20:00:00
20482,9191,첫결제,2025-01-15 20:54:00
20483,9192,가입,2025-06-15 00:00:00
20484,9192,튜토리얼완료,2025-06-18 18:00:00
20485,9192,첫결제,2025-06-18 22:55:00
20486,9193,가입,2025-03-01 00:00:00
20487,9193,튜토리얼완료,2025-03-04 23:00:00
20488,9194,가입,2025-01-17 00:00:00
20489,9194,튜토리얼완료,2025-01-19 07:00:00
20490,9194,첫결제,2025-01-26 20:48:00
20491,9195,가입,2025-02-10 00:00:00
20492,9195,튜토리얼완료,2025-02-13 11:00:00
20493,9196,가입,2025-03-26 00:00:00
20494,9196,튜토리얼완료,2025-03-28 03:00:00
20495,9197,가입,2025-02-01 00:00:00
20496,9197,튜토리얼완료,2025-02-02 14:00:00
20497,9197,첫결제,2025-02-12 19:01:00
20498,9198,가입,2025-01-31 00:00:00
20499,9198,튜토리얼완료,2025-02-03 08:00:00
20500,9198,첫결제,2025-02-14 03:45:00
20501,9199,가입,2025-02-16 00:00:00
20502,9199,튜토리얼완료,2025-02-18 18:00:00
20503,9200,가입,2025-01-19 00:00:00
20504,9200,튜토리얼완료,2025-01-21 03:00:00
20505,9200,첫결제,2025-02-10 03:01:00
20506,9201,가입,2025-01-02 00:00:00
20507,9201,첫결제,2025-01-04 03:49:00
20508,9202,가입,2025-05-26 00:00:00
20509,9202,튜토리얼완료,2025-05-26 15:00:00
20510,9203,가입,2025-01-04 00:00:00
20511,9204,가입,2025-02-24 00:00:00
20512,9204,튜토리얼완료,2025-02-24 02:00:00
20513,9204,첫결제,2025-02-28 07:29:00
20514,9205,가입,2025-01-08 00:00:00
20515,9205,튜토리얼완료,2025-01-09 01:00:00
20516,9206,가입,2025-01-07 00:00:00
20517,9206,튜토리얼완료,2025-01-08 17:00:00
20518,9207,가입,2025-02-11 00:00:00
20519,9207,튜토리얼완료,2025-02-11 04:00:00
20520,9208,가입,2025-01-15 00:00:00
20521,9208,튜토리얼완료,2025-01-16 19:00:00
20522,9208,첫결제,2025-01-20 20:33:00
20523,9209,가입,2025-04-21 00:00:00
20524,9209,튜토리얼완료,2025-04-24 02:00:00
20525,9209,첫결제,2025-04-26 19:36:00
20526,9210,가입,2025-01-16 00:00:00
20527,9210,튜토리얼완료,2025-01-17 07:00:00
20528,9210,첫결제,2025-01-25 15:50:00
20529,9211,가입,2025-05-05 00:00:00
20530,9211,튜토리얼완료,2025-05-08 09:00:00
20531,9211,첫결제,2025-05-09 15:20:00
20532,9212,가입,2025-04-19 00:00:00
20533,9212,튜토리얼완료,2025-04-20 18:00:00
20534,9212,첫결제,2025-04-21 06:43:00
20535,9213,가입,2025-06-27 00:00:00
20536,9213,튜토리얼완료,2025-06-28 11:00:00
20537,9214,가입,2025-02-26 00:00:00
20538,9214,튜토리얼완료,2025-02-26 13:00:00
20539,9215,가입,2025-05-25 00:00:00
20540,9215,튜토리얼완료,2025-05-26 17:00:00
20541,9216,가입,2025-01-13 00:00:00
20542,9216,튜토리얼완료,2025-01-16 19:00:00
20543,9217,가입,2025-04-19 00:00:00
20544,9217,튜토리얼완료,2025-04-22 01:00:00
20545,9218,가입,2025-01-20 00:00:00
20546,9218,튜토리얼완료,2025-01-22 11:00:00
20547,9219,가입,2025-05-02 00:00:00
20548,9219,튜토리얼완료,2025-05-04 04:00:00
20549,9220,가입,2025-03-14 00:00:00
20550,9220,튜토리얼완료,2025-03-16 10:00:00
20551,9221,가입,2025-02-18 00:00:00
20552,9221,튜토리얼완료,2025-02-19 11:00:00
20553,9222,가입,2025-03-03 00:00:00
20554,9222,튜토리얼완료,2025-03-05 12:00:00
20555,9223,가입,2025-02-27 00:00:00
20556,9223,튜토리얼완료,2025-02-27 12:00:00
20557,9224,가입,2025-01-17 00:00:00
20558,9224,튜토리얼완료,2025-01-17 04:00:00
20559,9224,첫결제,2025-01-21 22:23:00
20560,9225,가입,2025-02-28 00:00:00
20561,9225,튜토리얼완료,2025-03-01 07:00:00
20562,9225,첫결제,2025-03-16 20:51:00
20563,9226,가입,2025-06-28 00:00:00
20564,9226,튜토리얼완료,2025-06-29 07:00:00
20565,9227,가입,2025-02-23 00:00:00
20566,9228,가입,2025-01-09 00:00:00
20567,9228,첫결제,2025-01-10 07:33:00
20568,9229,가입,2025-04-24 00:00:00
20569,9229,튜토리얼완료,2025-04-25 03:00:00
20570,9229,첫결제,2025-04-24 20:17:00
20571,9230,가입,2025-01-18 00:00:00
20572,9231,가입,2025-03-18 00:00:00
20573,9232,가입,2025-01-05 00:00:00
20574,9232,튜토리얼완료,2025-01-07 09:00:00
20575,9233,가입,2025-01-23 00:00:00
20576,9233,튜토리얼완료,2025-01-26 21:00:00
20577,9234,가입,2025-01-02 00:00:00
20578,9234,튜토리얼완료,2025-01-05 17:00:00
20579,9235,가입,2025-02-19 00:00:00
20580,9235,튜토리얼완료,2025-02-21 14:00:00
20581,9236,가입,2025-02-11 00:00:00
20582,9236,튜토리얼완료,2025-02-14 11:00:00
20583,9237,가입,2025-02-14 00:00:00
20584,9237,튜토리얼완료,2025-02-16 05:00:00
20585,9238,가입,2025-04-08 00:00:00
20586,9238,튜토리얼완료,2025-04-08 23:00:00
20587,9239,가입,2025-01-29 00:00:00
20588,9239,튜토리얼완료,2025-02-01 17:00:00
20589,9239,첫결제,2025-01-29 03:28:00
20590,9240,가입,2025-01-20 00:00:00
20591,9240,튜토리얼완료,2025-01-22 17:00:00
20592,9241,가입,2025-01-03 00:00:00
20593,9241,튜토리얼완료,2025-01-05 12:00:00
20594,9241,첫결제,2025-01-08 19:45:00
20595,9242,가입,2025-02-16 00:00:00
20596,9243,가입,2025-03-31 00:00:00
20597,9243,튜토리얼완료,2025-04-02 05:00:00
20598,9243,첫결제,2025-04-06 04:37:00
20599,9244,가입,2025-05-21 00:00:00
20600,9244,튜토리얼완료,2025-05-21 08:00:00
20601,9244,첫결제,2025-06-19 01:17:00
20602,9245,가입,2025-01-07 00:00:00
20603,9245,튜토리얼완료,2025-01-07 21:00:00
20604,9245,첫결제,2025-02-09 16:36:00
20605,9246,가입,2025-01-09 00:00:00
20606,9246,첫결제,2025-01-11 21:34:00
20607,9247,가입,2025-01-17 00:00:00
20608,9247,튜토리얼완료,2025-01-19 03:00:00
20609,9247,첫결제,2025-02-08 20:15:00
20610,9248,가입,2025-05-12 00:00:00
20611,9248,첫결제,2025-06-05 22:37:00
20612,9249,가입,2025-01-29 00:00:00
20613,9250,가입,2025-03-02 00:00:00
20614,9250,튜토리얼완료,2025-03-03 07:00:00
20615,9251,가입,2025-01-17 00:00:00
20616,9251,튜토리얼완료,2025-01-18 02:00:00
20617,9251,첫결제,2025-01-28 02:31:00
20618,9252,가입,2025-03-06 00:00:00
20619,9252,튜토리얼완료,2025-03-09 06:00:00
20620,9253,가입,2025-01-01 00:00:00
20621,9253,튜토리얼완료,2025-01-01 06:00:00
20622,9254,가입,2025-02-16 00:00:00
20623,9254,튜토리얼완료,2025-02-18 11:00:00
20624,9254,첫결제,2025-02-18 22:24:00
20625,9255,가입,2025-01-08 00:00:00
20626,9255,튜토리얼완료,2025-01-09 08:00:00
20627,9255,첫결제,2025-01-08 00:30:00
20628,9256,가입,2025-06-17 00:00:00
20629,9256,튜토리얼완료,2025-06-20 16:00:00
20630,9257,가입,2025-01-16 00:00:00
20631,9257,튜토리얼완료,2025-01-19 00:00:00
20632,9258,가입,2025-01-07 00:00:00
20633,9258,튜토리얼완료,2025-01-10 09:00:00
20634,9259,가입,2025-04-24 00:00:00
20635,9259,튜토리얼완료,2025-04-27 19:00:00
20636,9260,가입,2025-01-07 00:00:00
20637,9260,튜토리얼완료,2025-01-08 20:00:00
20638,9260,첫결제,2025-01-14 06:55:00
20639,9261,가입,2025-01-24 00:00:00
20640,9261,튜토리얼완료,2025-01-27 10:00:00
20641,9262,가입,2025-06-17 00:00:00
20642,9262,튜토리얼완료,2025-06-19 22:00:00
20643,9263,가입,2025-02-06 00:00:00
20644,9263,첫결제,2025-02-10 03:24:00
20645,9264,가입,2025-04-07 00:00:00
20646,9264,튜토리얼완료,2025-04-07 06:00:00
20647,9265,가입,2025-01-06 00:00:00
20648,9265,튜토리얼완료,2025-01-08 04:00:00
20649,9265,첫결제,2025-01-09 00:14:00
20650,9266,가입,2025-01-21 00:00:00
20651,9266,튜토리얼완료,2025-01-21 02:00:00
20652,9267,가입,2025-04-18 00:00:00
20653,9267,튜토리얼완료,2025-04-20 15:00:00
20654,9268,가입,2025-01-10 00:00:00
20655,9268,튜토리얼완료,2025-01-10 10:00:00
20656,9268,첫결제,2025-01-12 19:28:00
20657,9269,가입,2025-01-12 00:00:00
20658,9269,튜토리얼완료,2025-01-14 06:00:00
20659,9270,가입,2025-01-10 00:00:00
20660,9270,튜토리얼완료,2025-01-10 04:00:00
20661,9270,첫결제,2025-01-12 21:48:00
20662,9271,가입,2025-06-29 00:00:00
20663,9271,튜토리얼완료,2025-07-02 11:00:00
20664,9272,가입,2025-02-28 00:00:00
20665,9272,튜토리얼완료,2025-03-02 04:00:00
20666,9272,첫결제,2025-03-24 07:24:00
20667,9273,가입,2025-01-15 00:00:00
20668,9273,튜토리얼완료,2025-01-16 00:00:00
20669,9274,가입,2025-03-20 00:00:00
20670,9274,튜토리얼완료,2025-03-23 18:00:00
20671,9274,첫결제,2025-03-26 13:35:00
20672,9275,가입,2025-01-29 00:00:00
20673,9275,튜토리얼완료,2025-02-01 02:00:00
20674,9275,첫결제,2025-01-30 06:11:00
20675,9276,가입,2025-01-06 00:00:00
20676,9277,가입,2025-04-30 00:00:00
20677,9277,튜토리얼완료,2025-05-02 19:00:00
20678,9278,가입,2025-04-01 00:00:00
20679,9278,튜토리얼완료,2025-04-01 05:00:00
20680,9278,첫결제,2025-04-02 19:30:00
20681,9279,가입,2025-03-27 00:00:00
20682,9279,튜토리얼완료,2025-03-29 04:00:00
20683,9279,첫결제,2025-03-28 14:23:00
20684,9280,가입,2025-01-14 00:00:00
20685,9280,튜토리얼완료,2025-01-17 13:00:00
20686,9281,가입,2025-03-18 00:00:00
20687,9281,튜토리얼완료,2025-03-21 07:00:00
20688,9281,첫결제,2025-03-18 16:09:00
20689,9282,가입,2025-01-28 00:00:00
20690,9282,튜토리얼완료,2025-01-28 18:00:00
20691,9282,첫결제,2025-01-31 14:50:00
20692,9283,가입,2025-02-18 00:00:00
20693,9283,튜토리얼완료,2025-02-20 16:00:00
20694,9283,첫결제,2025-03-13 21:09:00
20695,9284,가입,2025-06-04 00:00:00
20696,9284,튜토리얼완료,2025-06-05 18:00:00
20697,9285,가입,2025-05-05 00:00:00
20698,9285,튜토리얼완료,2025-05-07 09:00:00
20699,9286,가입,2025-02-15 00:00:00
20700,9286,튜토리얼완료,2025-02-16 07:00:00
20701,9286,첫결제,2025-02-20 22:28:00
20702,9287,가입,2025-02-04 00:00:00
20703,9287,첫결제,2025-03-09 19:05:00
20704,9288,가입,2025-03-07 00:00:00
20705,9288,튜토리얼완료,2025-03-10 06:00:00
20706,9289,가입,2025-04-10 00:00:00
20707,9289,튜토리얼완료,2025-04-13 19:00:00
20708,9290,가입,2025-03-17 00:00:00
20709,9290,튜토리얼완료,2025-03-19 12:00:00
20710,9290,첫결제,2025-03-19 20:52:00
20711,9291,가입,2025-01-30 00:00:00
20712,9291,튜토리얼완료,2025-01-31 23:00:00
20713,9292,가입,2025-01-05 00:00:00
20714,9292,튜토리얼완료,2025-01-06 08:00:00
20715,9293,가입,2025-02-08 00:00:00
20716,9294,가입,2025-01-02 00:00:00
20717,9294,튜토리얼완료,2025-01-02 00:00:00
20718,9295,가입,2025-01-09 00:00:00
20719,9295,튜토리얼완료,2025-01-09 21:00:00
20720,9296,가입,2025-03-21 00:00:00
20721,9296,튜토리얼완료,2025-03-23 10:00:00
20722,9297,가입,2025-02-15 00:00:00
20723,9297,튜토리얼완료,2025-02-16 21:00:00
20724,9297,첫결제,2025-02-18 19:33:00
20725,9298,가입,2025-02-15 00:00:00
20726,9298,튜토리얼완료,2025-02-15 06:00:00
20727,9298,첫결제,2025-02-19 21:13:00
20728,9299,가입,2025-02-13 00:00:00
20729,9299,튜토리얼완료,2025-02-15 07:00:00
20730,9300,가입,2025-02-20 00:00:00
20731,9300,튜토리얼완료,2025-02-22 19:00:00
20732,9301,가입,2025-03-11 00:00:00
20733,9301,첫결제,2025-03-12 20:29:00
20734,9302,가입,2025-04-13 00:00:00
20735,9302,튜토리얼완료,2025-04-16 13:00:00
20736,9303,가입,2025-04-21 00:00:00
20737,9303,튜토리얼완료,2025-04-23 08:00:00
20738,9303,첫결제,2025-04-21 19:03:00
20739,9304,가입,2025-01-27 00:00:00
20740,9304,튜토리얼완료,2025-01-27 00:00:00
20741,9304,첫결제,2025-03-02 19:19:00
20742,9305,가입,2025-01-18 00:00:00
20743,9305,튜토리얼완료,2025-01-18 09:00:00
20744,9305,첫결제,2025-01-25 19:41:00
20745,9306,가입,2025-05-19 00:00:00
20746,9306,튜토리얼완료,2025-05-21 08:00:00
20747,9306,첫결제,2025-05-22 15:15:00
20748,9307,가입,2025-01-15 00:00:00
20749,9307,튜토리얼완료,2025-01-16 05:00:00
20750,9307,첫결제,2025-01-16 13:50:00
20751,9308,가입,2025-06-29 00:00:00
20752,9308,튜토리얼완료,2025-06-29 20:00:00
20753,9309,가입,2025-05-27 00:00:00
20754,9309,튜토리얼완료,2025-05-28 11:00:00
20755,9310,가입,2025-01-29 00:00:00
20756,9310,첫결제,2025-03-07 19:04:00
20757,9311,가입,2025-04-02 00:00:00
20758,9311,튜토리얼완료,2025-04-02 21:00:00
20759,9312,가입,2025-06-08 00:00:00
20760,9312,튜토리얼완료,2025-06-11 08:00:00
20761,9313,가입,2025-01-04 00:00:00
20762,9314,가입,2025-02-27 00:00:00
20763,9314,튜토리얼완료,2025-02-27 00:00:00
20764,9314,첫결제,2025-03-11 14:22:00
20765,9315,가입,2025-04-09 00:00:00
20766,9315,첫결제,2025-05-18 02:36:00
20767,9316,가입,2025-04-11 00:00:00
20768,9316,튜토리얼완료,2025-04-14 00:00:00
20769,9316,첫결제,2025-04-13 23:05:00
20770,9317,가입,2025-01-06 00:00:00
20771,9317,튜토리얼완료,2025-01-06 18:00:00
20772,9318,가입,2025-03-01 00:00:00
20773,9318,튜토리얼완료,2025-03-03 03:00:00
20774,9318,첫결제,2025-03-06 16:38:00
20775,9319,가입,2025-01-08 00:00:00
20776,9319,튜토리얼완료,2025-01-10 16:00:00
20777,9319,첫결제,2025-01-11 21:03:00
20778,9320,가입,2025-03-20 00:00:00
20779,9320,튜토리얼완료,2025-03-20 08:00:00
20780,9321,가입,2025-01-07 00:00:00
20781,9321,튜토리얼완료,2025-01-09 07:00:00
20782,9322,가입,2025-02-07 00:00:00
20783,9323,가입,2025-02-06 00:00:00
20784,9323,튜토리얼완료,2025-02-08 09:00:00
20785,9324,가입,2025-01-22 00:00:00
20786,9324,튜토리얼완료,2025-01-24 04:00:00
20787,9324,첫결제,2025-05-09 12:55:00
20788,9325,가입,2025-01-25 00:00:00
20789,9325,튜토리얼완료,2025-01-25 04:00:00
20790,9326,가입,2025-01-11 00:00:00
20791,9326,튜토리얼완료,2025-01-12 19:00:00
20792,9327,가입,2025-01-24 00:00:00
20793,9327,튜토리얼완료,2025-01-27 03:00:00
20794,9327,첫결제,2025-02-24 08:14:00
20795,9328,가입,2025-04-25 00:00:00
20796,9328,튜토리얼완료,2025-04-27 21:00:00
20797,9329,가입,2025-06-29 00:00:00
20798,9329,튜토리얼완료,2025-06-30 11:00:00
20799,9330,가입,2025-01-14 00:00:00
20800,9330,튜토리얼완료,2025-01-15 13:00:00
20801,9331,가입,2025-06-29 00:00:00
20802,9331,튜토리얼완료,2025-07-02 14:00:00
20803,9332,가입,2025-06-29 00:00:00
20804,9332,튜토리얼완료,2025-06-29 17:00:00
20805,9332,첫결제,2025-06-29 02:43:00
20806,9333,가입,2025-03-16 00:00:00
20807,9333,튜토리얼완료,2025-03-19 07:00:00
20808,9334,가입,2025-03-22 00:00:00
20809,9334,튜토리얼완료,2025-03-22 19:00:00
20810,9335,가입,2025-01-03 00:00:00
20811,9335,튜토리얼완료,2025-01-04 15:00:00
20812,9335,첫결제,2025-01-13 19:04:00
20813,9336,가입,2025-02-17 00:00:00
20814,9336,튜토리얼완료,2025-02-19 13:00:00
20815,9337,가입,2025-02-08 00:00:00
20816,9337,튜토리얼완료,2025-02-10 08:00:00
20817,9337,첫결제,2025-02-15 20:38:00
20818,9338,가입,2025-01-23 00:00:00
20819,9338,첫결제,2025-01-25 06:10:00
20820,9339,가입,2025-06-10 00:00:00
20821,9339,튜토리얼완료,2025-06-12 00:00:00
20822,9340,가입,2025-03-01 00:00:00
20823,9340,튜토리얼완료,2025-03-01 05:00:00
20824,9340,첫결제,2025-03-03 09:46:00
20825,9341,가입,2025-06-29 00:00:00
20826,9341,튜토리얼완료,2025-06-30 08:00:00
20827,9342,가입,2025-01-08 00:00:00
20828,9342,튜토리얼완료,2025-01-10 06:00:00
20829,9342,첫결제,2025-01-12 21:26:00
20830,9343,가입,2025-03-06 00:00:00
20831,9343,튜토리얼완료,2025-03-08 12:00:00
20832,9344,가입,2025-01-26 00:00:00
20833,9344,튜토리얼완료,2025-01-26 18:00:00
20834,9344,첫결제,2025-02-07 03:10:00
20835,9345,가입,2025-04-24 00:00:00
20836,9345,튜토리얼완료,2025-04-25 21:00:00
20837,9346,가입,2025-01-16 00:00:00
20838,9346,튜토리얼완료,2025-01-17 12:00:00
20839,9346,첫결제,2025-02-17 16:36:00
20840,9347,가입,2025-05-10 00:00:00
20841,9347,튜토리얼완료,2025-05-12 15:00:00
20842,9347,첫결제,2025-05-16 05:50:00
20843,9348,가입,2025-05-21 00:00:00
20844,9348,튜토리얼완료,2025-05-21 13:00:00
20845,9348,첫결제,2025-05-26 09:11:00
20846,9349,가입,2025-04-11 00:00:00
20847,9350,가입,2025-04-12 00:00:00
20848,9351,가입,2025-01-23 00:00:00
20849,9351,튜토리얼완료,2025-01-25 10:00:00
20850,9351,첫결제,2025-01-23 23:59:00
20851,9352,가입,2025-02-10 00:00:00
20852,9352,튜토리얼완료,2025-02-12 03:00:00
20853,9352,첫결제,2025-02-17 19:46:00
20854,9353,가입,2025-01-22 00:00:00
20855,9353,튜토리얼완료,2025-01-25 15:00:00
20856,9354,가입,2025-02-20 00:00:00
20857,9354,튜토리얼완료,2025-02-22 16:00:00
20858,9355,가입,2025-02-06 00:00:00
20859,9355,튜토리얼완료,2025-02-09 15:00:00
20860,9355,첫결제,2025-02-12 04:58:00
20861,9356,가입,2025-02-04 00:00:00
20862,9356,튜토리얼완료,2025-02-04 07:00:00
20863,9356,첫결제,2025-02-04 23:11:00
20864,9357,가입,2025-01-08 00:00:00
20865,9357,튜토리얼완료,2025-01-11 07:00:00
20866,9358,가입,2025-06-29 00:00:00
20867,9358,튜토리얼완료,2025-07-02 23:00:00
20868,9359,가입,2025-01-06 00:00:00
20869,9359,튜토리얼완료,2025-01-09 10:00:00
20870,9360,가입,2025-01-05 00:00:00
20871,9361,가입,2025-01-01 00:00:00
20872,9361,튜토리얼완료,2025-01-02 02:00:00
20873,9361,첫결제,2025-01-04 20:31:00
20874,9362,가입,2025-03-04 00:00:00
20875,9362,튜토리얼완료,2025-03-06 23:00:00
20876,9363,가입,2025-06-29 00:00:00
20877,9363,튜토리얼완료,2025-07-02 05:00:00
20878,9364,가입,2025-01-08 00:00:00
20879,9364,튜토리얼완료,2025-01-10 13:00:00
20880,9365,가입,2025-01-06 00:00:00
20881,9366,가입,2025-02-13 00:00:00
20882,9366,튜토리얼완료,2025-02-15 19:00:00
20883,9367,가입,2025-02-19 00:00:00
20884,9367,첫결제,2025-02-19 21:44:00
20885,9368,가입,2025-06-29 00:00:00
20886,9368,튜토리얼완료,2025-07-01 13:00:00
20887,9369,가입,2025-01-04 00:00:00
20888,9369,튜토리얼완료,2025-01-04 08:00:00
20889,9369,첫결제,2025-01-05 20:04:00
20890,9370,가입,2025-03-28 00:00:00
20891,9370,튜토리얼완료,2025-03-30 01:00:00
20892,9371,가입,2025-01-30 00:00:00
20893,9371,첫결제,2025-01-30 23:13:00
20894,9372,가입,2025-02-01 00:00:00
20895,9372,튜토리얼완료,2025-02-02 21:00:00
20896,9372,첫결제,2025-02-03 04:43:00
20897,9373,가입,2025-04-29 00:00:00
20898,9373,튜토리얼완료,2025-04-30 17:00:00
20899,9373,첫결제,2025-04-29 17:38:00
20900,9374,가입,2025-01-21 00:00:00
20901,9374,튜토리얼완료,2025-01-23 15:00:00
20902,9375,가입,2025-03-04 00:00:00
20903,9375,튜토리얼완료,2025-03-06 17:00:00
20904,9376,가입,2025-01-03 00:00:00
20905,9376,튜토리얼완료,2025-01-03 23:00:00
20906,9377,가입,2025-01-04 00:00:00
20907,9377,튜토리얼완료,2025-01-04 10:00:00
20908,9378,가입,2025-04-12 00:00:00
20909,9378,튜토리얼완료,2025-04-15 13:00:00
20910,9379,가입,2025-01-12 00:00:00
20911,9379,튜토리얼완료,2025-01-12 17:00:00
20912,9379,첫결제,2025-02-03 17:56:00
20913,9380,가입,2025-03-19 00:00:00
20914,9380,튜토리얼완료,2025-03-19 13:00:00
20915,9381,가입,2025-01-21 00:00:00
20916,9381,튜토리얼완료,2025-01-23 08:00:00
20917,9381,첫결제,2025-01-23 08:58:00
20918,9382,가입,2025-06-11 00:00:00
20919,9382,튜토리얼완료,2025-06-12 21:00:00
20920,9382,첫결제,2025-06-28 21:28:00
20921,9383,가입,2025-03-18 00:00:00
20922,9383,튜토리얼완료,2025-03-21 16:00:00
20923,9384,가입,2025-02-24 00:00:00
20924,9384,튜토리얼완료,2025-02-25 12:00:00
20925,9384,첫결제,2025-03-01 09:14:00
20926,9385,가입,2025-03-23 00:00:00
20927,9385,튜토리얼완료,2025-03-23 21:00:00
20928,9386,가입,2025-06-29 00:00:00
20929,9386,튜토리얼완료,2025-07-02 08:00:00
20930,9387,가입,2025-01-28 00:00:00
20931,9387,첫결제,2025-02-15 22:06:00
20932,9388,가입,2025-04-29 00:00:00
20933,9388,첫결제,2025-05-19 23:02:00
20934,9389,가입,2025-02-26 00:00:00
20935,9389,튜토리얼완료,2025-03-01 07:00:00
20936,9390,가입,2025-01-01 00:00:00
20937,9390,첫결제,2025-01-11 11:46:00
20938,9391,가입,2025-03-15 00:00:00
20939,9391,튜토리얼완료,2025-03-15 07:00:00
20940,9391,첫결제,2025-03-19 04:43:00
20941,9392,가입,2025-01-28 00:00:00
20942,9392,튜토리얼완료,2025-01-30 14:00:00
20943,9393,가입,2025-01-05 00:00:00
20944,9393,튜토리얼완료,2025-01-06 10:00:00
20945,9394,가입,2025-01-10 00:00:00
20946,9394,튜토리얼완료,2025-01-13 19:00:00
20947,9394,첫결제,2025-01-23 21:28:00
20948,9395,가입,2025-01-02 00:00:00
20949,9395,튜토리얼완료,2025-01-03 08:00:00
20950,9396,가입,2025-05-29 00:00:00
20951,9396,튜토리얼완료,2025-05-29 14:00:00
20952,9397,가입,2025-01-20 00:00:00
20953,9397,튜토리얼완료,2025-01-22 01:00:00
20954,9397,첫결제,2025-01-24 20:13:00
20955,9398,가입,2025-05-18 00:00:00
20956,9398,튜토리얼완료,2025-05-20 10:00:00
20957,9398,첫결제,2025-05-22 03:40:00
20958,9399,가입,2025-03-21 00:00:00
20959,9399,튜토리얼완료,2025-03-24 07:00:00
20960,9400,가입,2025-01-07 00:00:00
20961,9400,튜토리얼완료,2025-01-10 03:00:00
20962,9401,가입,2025-01-24 00:00:00
20963,9401,튜토리얼완료,2025-01-27 00:00:00
20964,9402,가입,2025-02-07 00:00:00
20965,9402,튜토리얼완료,2025-02-10 11:00:00
20966,9403,가입,2025-02-04 00:00:00
20967,9403,튜토리얼완료,2025-02-07 10:00:00
20968,9404,가입,2025-02-07 00:00:00
20969,9404,첫결제,2025-04-05 21:38:00
20970,9405,가입,2025-02-28 00:00:00
20971,9405,튜토리얼완료,2025-03-01 12:00:00
20972,9405,첫결제,2025-03-02 19:33:00
20973,9406,가입,2025-06-22 00:00:00
20974,9406,튜토리얼완료,2025-06-25 16:00:00
20975,9406,첫결제,2025-06-23 20:08:00
20976,9407,가입,2025-01-22 00:00:00
20977,9407,첫결제,2025-01-22 19:13:00
20978,9408,가입,2025-01-19 00:00:00
20979,9408,튜토리얼완료,2025-01-19 14:00:00
20980,9408,첫결제,2025-01-26 13:07:00
20981,9409,가입,2025-01-02 00:00:00
20982,9409,튜토리얼완료,2025-01-04 06:00:00
20983,9410,가입,2025-02-11 00:00:00
20984,9410,튜토리얼완료,2025-02-11 01:00:00
20985,9411,가입,2025-03-03 00:00:00
20986,9411,튜토리얼완료,2025-03-04 08:00:00
20987,9412,가입,2025-01-22 00:00:00
20988,9412,튜토리얼완료,2025-01-24 18:00:00
20989,9412,첫결제,2025-02-06 23:31:00
20990,9413,가입,2025-01-09 00:00:00
20991,9413,튜토리얼완료,2025-01-10 11:00:00
20992,9413,첫결제,2025-01-10 12:44:00
20993,9414,가입,2025-02-12 00:00:00
20994,9415,가입,2025-01-22 00:00:00
20995,9416,가입,2025-02-20 00:00:00
20996,9416,튜토리얼완료,2025-02-21 11:00:00
20997,9417,가입,2025-06-29 00:00:00
20998,9417,튜토리얼완료,2025-07-02 18:00:00
20999,9418,가입,2025-05-22 00:00:00
21000,9418,튜토리얼완료,2025-05-22 15:00:00
21001,9418,첫결제,2025-05-28 20:29:00
21002,9419,가입,2025-03-20 00:00:00
21003,9419,튜토리얼완료,2025-03-22 22:00:00
21004,9420,가입,2025-03-20 00:00:00
21005,9420,튜토리얼완료,2025-03-20 22:00:00
21006,9421,가입,2025-05-30 00:00:00
21007,9421,튜토리얼완료,2025-06-01 19:00:00
21008,9421,첫결제,2025-06-02 20:40:00
21009,9422,가입,2025-01-19 00:00:00
21010,9422,튜토리얼완료,2025-01-20 08:00:00
21011,9423,가입,2025-03-18 00:00:00
21012,9423,튜토리얼완료,2025-03-20 17:00:00
21013,9424,가입,2025-04-10 00:00:00
21014,9424,튜토리얼완료,2025-04-11 06:00:00
21015,9424,첫결제,2025-04-16 23:42:00
21016,9425,가입,2025-02-20 00:00:00
21017,9425,튜토리얼완료,2025-02-21 00:00:00
21018,9426,가입,2025-01-02 00:00:00
21019,9426,튜토리얼완료,2025-01-04 17:00:00
21020,9426,첫결제,2025-01-25 20:02:00
21021,9427,가입,2025-01-31 00:00:00
21022,9427,튜토리얼완료,2025-02-01 07:00:00
21023,9428,가입,2025-05-21 00:00:00
21024,9428,튜토리얼완료,2025-05-24 06:00:00
21025,9429,가입,2025-04-24 00:00:00
21026,9430,가입,2025-03-12 00:00:00
21027,9430,튜토리얼완료,2025-03-15 21:00:00
21028,9430,첫결제,2025-04-06 15:30:00
21029,9431,가입,2025-01-06 00:00:00
21030,9432,가입,2025-02-16 00:00:00
21031,9432,첫결제,2025-02-19 19:30:00
21032,9433,가입,2025-02-14 00:00:00
21033,9433,튜토리얼완료,2025-02-17 15:00:00
21034,9434,가입,2025-01-03 00:00:00
21035,9434,첫결제,2025-01-29 21:23:00
21036,9435,가입,2025-01-25 00:00:00
21037,9435,튜토리얼완료,2025-01-26 22:00:00
21038,9435,첫결제,2025-03-20 20:42:00
21039,9436,가입,2025-02-20 00:00:00
21040,9436,튜토리얼완료,2025-02-22 14:00:00
21041,9437,가입,2025-03-03 00:00:00
21042,9437,튜토리얼완료,2025-03-03 12:00:00
21043,9437,첫결제,2025-03-13 20:56:00
21044,9438,가입,2025-03-25 00:00:00
21045,9438,튜토리얼완료,2025-03-28 16:00:00
21046,9438,첫결제,2025-04-21 19:09:00
21047,9439,가입,2025-01-16 00:00:00
21048,9439,튜토리얼완료,2025-01-18 13:00:00
21049,9439,첫결제,2025-01-20 23:52:00
21050,9440,가입,2025-03-06 00:00:00
21051,9440,튜토리얼완료,2025-03-08 23:00:00
21052,9440,첫결제,2025-03-12 22:38:00
21053,9441,가입,2025-01-28 00:00:00
21054,9441,튜토리얼완료,2025-01-31 16:00:00
21055,9442,가입,2025-01-06 00:00:00
21056,9442,튜토리얼완료,2025-01-06 08:00:00
21057,9442,첫결제,2025-01-11 03:46:00
21058,9443,가입,2025-02-09 00:00:00
21059,9443,튜토리얼완료,2025-02-12 09:00:00
21060,9444,가입,2025-03-09 00:00:00
21061,9444,튜토리얼완료,2025-03-09 13:00:00
21062,9445,가입,2025-01-30 00:00:00
21063,9445,튜토리얼완료,2025-01-31 00:00:00
21064,9446,가입,2025-03-16 00:00:00
21065,9446,튜토리얼완료,2025-03-19 22:00:00
21066,9447,가입,2025-03-01 00:00:00
21067,9447,튜토리얼완료,2025-03-02 18:00:00
21068,9448,가입,2025-01-20 00:00:00
21069,9448,튜토리얼완료,2025-01-21 15:00:00
21070,9449,가입,2025-01-05 00:00:00
21071,9449,튜토리얼완료,2025-01-06 15:00:00
21072,9449,첫결제,2025-01-05 15:23:00
21073,9450,가입,2025-03-02 00:00:00
21074,9450,튜토리얼완료,2025-03-04 11:00:00
21075,9451,가입,2025-02-25 00:00:00
21076,9452,가입,2025-01-13 00:00:00
21077,9452,튜토리얼완료,2025-01-16 21:00:00
21078,9452,첫결제,2025-01-16 12:12:00
21079,9453,가입,2025-01-09 00:00:00
21080,9453,튜토리얼완료,2025-01-11 12:00:00
21081,9453,첫결제,2025-01-10 22:30:00
21082,9454,가입,2025-01-21 00:00:00
21083,9454,튜토리얼완료,2025-01-21 05:00:00
21084,9454,첫결제,2025-01-21 19:59:00
21085,9455,가입,2025-02-27 00:00:00
21086,9455,튜토리얼완료,2025-02-28 17:00:00
21087,9456,가입,2025-01-13 00:00:00
21088,9456,튜토리얼완료,2025-01-14 16:00:00
21089,9456,첫결제,2025-01-14 20:53:00
21090,9457,가입,2025-03-28 00:00:00
21091,9458,가입,2025-04-03 00:00:00
21092,9458,튜토리얼완료,2025-04-03 18:00:00
21093,9459,가입,2025-01-15 00:00:00
21094,9459,튜토리얼완료,2025-01-16 01:00:00
21095,9459,첫결제,2025-01-16 05:36:00
21096,9460,가입,2025-01-07 00:00:00
21097,9460,튜토리얼완료,2025-01-07 19:00:00
21098,9461,가입,2025-01-11 00:00:00
21099,9461,튜토리얼완료,2025-01-13 13:00:00
21100,9462,가입,2025-06-29 00:00:00
21101,9462,튜토리얼완료,2025-06-29 06:00:00
21102,9463,가입,2025-01-13 00:00:00
21103,9463,튜토리얼완료,2025-01-13 12:00:00
21104,9464,가입,2025-01-11 00:00:00
21105,9464,튜토리얼완료,2025-01-12 17:00:00
21106,9465,가입,2025-01-08 00:00:00
21107,9465,튜토리얼완료,2025-01-11 03:00:00
21108,9465,첫결제,2025-01-09 19:46:00
21109,9466,가입,2025-01-04 00:00:00
21110,9466,튜토리얼완료,2025-01-07 23:00:00
21111,9466,첫결제,2025-01-30 17:09:00
21112,9467,가입,2025-01-05 00:00:00
21113,9467,튜토리얼완료,2025-01-06 16:00:00
21114,9467,첫결제,2025-01-09 21:52:00
21115,9468,가입,2025-06-29 00:00:00
21116,9468,튜토리얼완료,2025-06-30 20:00:00
21117,9469,가입,2025-01-01 00:00:00
21118,9469,튜토리얼완료,2025-01-02 16:00:00
21119,9469,첫결제,2025-01-19 20:09:00
21120,9470,가입,2025-02-11 00:00:00
21121,9470,첫결제,2025-02-14 22:08:00
21122,9471,가입,2025-01-07 00:00:00
21123,9471,튜토리얼완료,2025-01-10 00:00:00
21124,9472,가입,2025-02-20 00:00:00
21125,9472,튜토리얼완료,2025-02-21 07:00:00
21126,9473,가입,2025-01-10 00:00:00
21127,9473,튜토리얼완료,2025-01-10 14:00:00
21128,9474,가입,2025-04-27 00:00:00
21129,9474,튜토리얼완료,2025-04-27 16:00:00
21130,9475,가입,2025-06-02 00:00:00
21131,9475,튜토리얼완료,2025-06-05 04:00:00
21132,9476,가입,2025-03-24 00:00:00
21133,9476,튜토리얼완료,2025-03-24 20:00:00
21134,9476,첫결제,2025-04-12 23:53:00
21135,9477,가입,2025-02-25 00:00:00
21136,9477,튜토리얼완료,2025-02-27 01:00:00
21137,9477,첫결제,2025-03-08 12:18:00
21138,9478,가입,2025-03-14 00:00:00
21139,9478,튜토리얼완료,2025-03-15 13:00:00
21140,9479,가입,2025-02-15 00:00:00
21141,9479,튜토리얼완료,2025-02-16 01:00:00
21142,9480,가입,2025-01-27 00:00:00
21143,9481,가입,2025-01-07 00:00:00
21144,9481,튜토리얼완료,2025-01-08 14:00:00
21145,9482,가입,2025-03-20 00:00:00
21146,9482,튜토리얼완료,2025-03-23 09:00:00
21147,9482,첫결제,2025-03-25 20:32:00
21148,9483,가입,2025-03-05 00:00:00
21149,9483,튜토리얼완료,2025-03-06 23:00:00
21150,9484,가입,2025-01-16 00:00:00
21151,9484,튜토리얼완료,2025-01-18 22:00:00
21152,9484,첫결제,2025-01-16 03:51:00
21153,9485,가입,2025-02-11 00:00:00
21154,9485,튜토리얼완료,2025-02-12 12:00:00
21155,9486,가입,2025-01-01 00:00:00
21156,9486,튜토리얼완료,2025-01-01 20:00:00
21157,9487,가입,2025-02-07 00:00:00
21158,9487,튜토리얼완료,2025-02-08 07:00:00
21159,9487,첫결제,2025-02-23 23:11:00
21160,9488,가입,2025-01-26 00:00:00
21161,9488,튜토리얼완료,2025-01-27 13:00:00
21162,9489,가입,2025-01-04 00:00:00
21163,9489,튜토리얼완료,2025-01-07 20:00:00
21164,9490,가입,2025-01-01 00:00:00
21165,9490,튜토리얼완료,2025-01-04 06:00:00
21166,9490,첫결제,2025-01-18 19:40:00
21167,9491,가입,2025-01-21 00:00:00
21168,9491,튜토리얼완료,2025-01-22 04:00:00
21169,9492,가입,2025-04-29 00:00:00
21170,9492,튜토리얼완료,2025-05-01 01:00:00
21171,9492,첫결제,2025-04-30 14:15:00
21172,9493,가입,2025-06-23 00:00:00
21173,9493,튜토리얼완료,2025-06-23 06:00:00
21174,9493,첫결제,2025-06-24 06:50:00
21175,9494,가입,2025-06-29 00:00:00
21176,9495,가입,2025-03-19 00:00:00
21177,9495,튜토리얼완료,2025-03-21 19:00:00
21178,9496,가입,2025-03-13 00:00:00
21179,9496,튜토리얼완료,2025-03-13 20:00:00
21180,9496,첫결제,2025-03-14 20:46:00
21181,9497,가입,2025-01-15 00:00:00
21182,9497,튜토리얼완료,2025-01-16 03:00:00
21183,9498,가입,2025-01-04 00:00:00
21184,9498,튜토리얼완료,2025-01-07 23:00:00
21185,9499,가입,2025-04-25 00:00:00
21186,9499,튜토리얼완료,2025-04-26 04:00:00
21187,9500,가입,2025-06-29 00:00:00
21188,9501,가입,2025-02-04 00:00:00
21189,9501,튜토리얼완료,2025-02-05 16:00:00
21190,9501,첫결제,2025-02-16 04:46:00
21191,9502,가입,2025-01-31 00:00:00
21192,9502,튜토리얼완료,2025-01-31 12:00:00
21193,9503,가입,2025-01-28 00:00:00
21194,9503,튜토리얼완료,2025-01-28 09:00:00
21195,9504,가입,2025-01-14 00:00:00
21196,9504,튜토리얼완료,2025-01-16 14:00:00
21197,9504,첫결제,2025-01-16 00:28:00
21198,9505,가입,2025-02-18 00:00:00
21199,9505,튜토리얼완료,2025-02-19 17:00:00
21200,9506,가입,2025-05-09 00:00:00
21201,9506,튜토리얼완료,2025-05-10 16:00:00
21202,9507,가입,2025-01-25 00:00:00
21203,9507,튜토리얼완료,2025-01-28 09:00:00
21204,9508,가입,2025-01-02 00:00:00
21205,9508,튜토리얼완료,2025-01-05 18:00:00
21206,9509,가입,2025-03-20 00:00:00
21207,9509,튜토리얼완료,2025-03-23 05:00:00
21208,9510,가입,2025-03-20 00:00:00
21209,9510,튜토리얼완료,2025-03-20 04:00:00
21210,9511,가입,2025-05-25 00:00:00
21211,9511,튜토리얼완료,2025-05-25 07:00:00
21212,9512,가입,2025-06-29 00:00:00
21213,9512,튜토리얼완료,2025-06-29 03:00:00
21214,9513,가입,2025-04-22 00:00:00
21215,9513,튜토리얼완료,2025-04-23 10:00:00
21216,9514,가입,2025-01-27 00:00:00
21217,9514,튜토리얼완료,2025-01-30 22:00:00
21218,9514,첫결제,2025-02-09 23:14:00
21219,9515,가입,2025-01-21 00:00:00
21220,9515,튜토리얼완료,2025-01-24 22:00:00
21221,9515,첫결제,2025-03-07 22:22:00
21222,9516,가입,2025-01-19 00:00:00
21223,9517,가입,2025-01-11 00:00:00
21224,9517,튜토리얼완료,2025-01-14 06:00:00
21225,9517,첫결제,2025-01-11 19:31:00
21226,9518,가입,2025-02-02 00:00:00
21227,9518,튜토리얼완료,2025-02-04 11:00:00
21228,9519,가입,2025-04-19 00:00:00
21229,9519,튜토리얼완료,2025-04-22 13:00:00
21230,9520,가입,2025-02-15 00:00:00
21231,9520,튜토리얼완료,2025-02-17 10:00:00
21232,9521,가입,2025-01-11 00:00:00
21233,9521,튜토리얼완료,2025-01-11 16:00:00
21234,9522,가입,2025-01-01 00:00:00
21235,9522,튜토리얼완료,2025-01-03 21:00:00
21236,9523,가입,2025-01-15 00:00:00
21237,9523,튜토리얼완료,2025-01-18 07:00:00
21238,9523,첫결제,2025-01-19 20:26:00
21239,9524,가입,2025-03-21 00:00:00
21240,9524,튜토리얼완료,2025-03-24 15:00:00
21241,9524,첫결제,2025-04-05 20:30:00
21242,9525,가입,2025-02-05 00:00:00
21243,9525,튜토리얼완료,2025-02-05 02:00:00
21244,9526,가입,2025-01-17 00:00:00
21245,9526,튜토리얼완료,2025-01-17 17:00:00
21246,9527,가입,2025-01-07 00:00:00
21247,9527,튜토리얼완료,2025-01-10 11:00:00
21248,9528,가입,2025-01-04 00:00:00
21249,9528,튜토리얼완료,2025-01-05 12:00:00
21250,9529,가입,2025-05-19 00:00:00
21251,9529,튜토리얼완료,2025-05-20 10:00:00
21252,9530,가입,2025-01-17 00:00:00
21253,9530,튜토리얼완료,2025-01-20 08:00:00
21254,9531,가입,2025-01-08 00:00:00
21255,9531,튜토리얼완료,2025-01-10 04:00:00
21256,9532,가입,2025-03-28 00:00:00
21257,9532,튜토리얼완료,2025-03-30 13:00:00
21258,9533,가입,2025-02-01 00:00:00
21259,9533,튜토리얼완료,2025-02-04 02:00:00
21260,9533,첫결제,2025-02-15 20:56:00
21261,9534,가입,2025-04-21 00:00:00
21262,9534,튜토리얼완료,2025-04-23 11:00:00
21263,9535,가입,2025-01-09 00:00:00
21264,9535,튜토리얼완료,2025-01-12 22:00:00
21265,9536,가입,2025-05-08 00:00:00
21266,9536,튜토리얼완료,2025-05-10 09:00:00
21267,9536,첫결제,2025-05-18 20:12:00
21268,9537,가입,2025-01-06 00:00:00
21269,9537,튜토리얼완료,2025-01-07 22:00:00
21270,9537,첫결제,2025-02-18 03:12:00
21271,9538,가입,2025-01-09 00:00:00
21272,9538,튜토리얼완료,2025-01-10 20:00:00
21273,9539,가입,2025-01-01 00:00:00
21274,9539,튜토리얼완료,2025-01-01 15:00:00
21275,9540,가입,2025-03-08 00:00:00
21276,9540,튜토리얼완료,2025-03-08 10:00:00
21277,9540,첫결제,2025-03-19 21:17:00
21278,9541,가입,2025-01-13 00:00:00
21279,9541,튜토리얼완료,2025-01-14 13:00:00
21280,9541,첫결제,2025-01-25 04:55:00
21281,9542,가입,2025-06-29 00:00:00
21282,9542,튜토리얼완료,2025-07-01 02:00:00
21283,9543,가입,2025-01-07 00:00:00
21284,9543,첫결제,2025-01-07 22:52:00
21285,9544,가입,2025-02-18 00:00:00
21286,9544,튜토리얼완료,2025-02-21 19:00:00
21287,9545,가입,2025-05-21 00:00:00
21288,9545,튜토리얼완료,2025-05-23 20:00:00
21289,9546,가입,2025-01-11 00:00:00
21290,9546,튜토리얼완료,2025-01-12 21:00:00
21291,9546,첫결제,2025-01-16 19:56:00
21292,9547,가입,2025-01-20 00:00:00
21293,9547,튜토리얼완료,2025-01-21 00:00:00
21294,9548,가입,2025-04-05 00:00:00
21295,9548,튜토리얼완료,2025-04-06 23:00:00
21296,9549,가입,2025-06-01 00:00:00
21297,9549,튜토리얼완료,2025-06-04 10:00:00
21298,9549,첫결제,2025-06-02 18:11:00
21299,9550,가입,2025-02-10 00:00:00
21300,9550,튜토리얼완료,2025-02-10 04:00:00
21301,9551,가입,2025-02-01 00:00:00
21302,9551,튜토리얼완료,2025-02-04 23:00:00
21303,9551,첫결제,2025-02-01 19:03:00
21304,9552,가입,2025-03-11 00:00:00
21305,9552,튜토리얼완료,2025-03-13 14:00:00
21306,9552,첫결제,2025-03-18 05:21:00
21307,9553,가입,2025-02-15 00:00:00
21308,9553,튜토리얼완료,2025-02-17 18:00:00
21309,9553,첫결제,2025-03-02 18:43:00
21310,9554,가입,2025-01-13 00:00:00
21311,9554,튜토리얼완료,2025-01-14 16:00:00
21312,9554,첫결제,2025-02-24 22:31:00
21313,9555,가입,2025-04-28 00:00:00
21314,9555,튜토리얼완료,2025-05-01 22:00:00
21315,9555,첫결제,2025-05-15 15:05:00
21316,9556,가입,2025-01-04 00:00:00
21317,9556,튜토리얼완료,2025-01-05 13:00:00
21318,9557,가입,2025-01-14 00:00:00
21319,9557,첫결제,2025-01-15 06:06:00
21320,9558,가입,2025-03-07 00:00:00
21321,9558,튜토리얼완료,2025-03-09 17:00:00
21322,9559,가입,2025-02-10 00:00:00
21323,9559,첫결제,2025-02-18 10:25:00
21324,9560,가입,2025-02-12 00:00:00
21325,9560,튜토리얼완료,2025-02-14 16:00:00
21326,9561,가입,2025-01-09 00:00:00
21327,9561,튜토리얼완료,2025-01-11 16:00:00
21328,9561,첫결제,2025-01-23 16:24:00
21329,9562,가입,2025-05-03 00:00:00
21330,9562,튜토리얼완료,2025-05-04 10:00:00
21331,9563,가입,2025-01-18 00:00:00
21332,9563,튜토리얼완료,2025-01-19 02:00:00
21333,9564,가입,2025-03-11 00:00:00
21334,9564,첫결제,2025-03-14 16:04:00
21335,9565,가입,2025-01-02 00:00:00
21336,9565,튜토리얼완료,2025-01-04 06:00:00
21337,9566,가입,2025-02-11 00:00:00
21338,9567,가입,2025-02-17 00:00:00
21339,9567,튜토리얼완료,2025-02-18 07:00:00
21340,9567,첫결제,2025-02-24 13:33:00
21341,9568,가입,2025-06-29 00:00:00
21342,9568,튜토리얼완료,2025-06-30 10:00:00
21343,9569,가입,2025-04-23 00:00:00
21344,9569,튜토리얼완료,2025-04-25 02:00:00
21345,9570,가입,2025-06-29 00:00:00
21346,9570,튜토리얼완료,2025-06-29 19:00:00
21347,9571,가입,2025-01-18 00:00:00
21348,9571,튜토리얼완료,2025-01-19 00:00:00
21349,9571,첫결제,2025-01-21 20:11:00
21350,9572,가입,2025-04-17 00:00:00
21351,9572,튜토리얼완료,2025-04-17 12:00:00
21352,9573,가입,2025-01-25 00:00:00
21353,9573,튜토리얼완료,2025-01-25 04:00:00
21354,9574,가입,2025-01-11 00:00:00
21355,9574,튜토리얼완료,2025-01-12 04:00:00
21356,9574,첫결제,2025-01-11 19:11:00
21357,9575,가입,2025-04-22 00:00:00
21358,9575,튜토리얼완료,2025-04-22 09:00:00
21359,9575,첫결제,2025-05-08 21:13:00
21360,9576,가입,2025-03-05 00:00:00
21361,9576,첫결제,2025-04-09 17:12:00
21362,9577,가입,2025-05-09 00:00:00
21363,9577,튜토리얼완료,2025-05-09 14:00:00
21364,9578,가입,2025-01-20 00:00:00
21365,9578,튜토리얼완료,2025-01-23 04:00:00
21366,9578,첫결제,2025-02-26 22:24:00
21367,9579,가입,2025-02-17 00:00:00
21368,9579,튜토리얼완료,2025-02-17 14:00:00
21369,9579,첫결제,2025-02-23 19:46:00
21370,9580,가입,2025-02-21 00:00:00
21371,9580,튜토리얼완료,2025-02-22 07:00:00
21372,9580,첫결제,2025-02-26 17:57:00
21373,9581,가입,2025-01-21 00:00:00
21374,9581,첫결제,2025-02-12 22:23:00
21375,9582,가입,2025-05-03 00:00:00
21376,9582,튜토리얼완료,2025-05-03 12:00:00
21377,9582,첫결제,2025-06-13 15:06:00
21378,9583,가입,2025-01-13 00:00:00
21379,9583,튜토리얼완료,2025-01-14 19:00:00
21380,9583,첫결제,2025-01-24 13:24:00
21381,9584,가입,2025-04-09 00:00:00
21382,9584,튜토리얼완료,2025-04-09 00:00:00
21383,9584,첫결제,2025-04-15 05:04:00
21384,9585,가입,2025-06-29 00:00:00
21385,9585,튜토리얼완료,2025-07-01 20:00:00
21386,9586,가입,2025-01-16 00:00:00
21387,9586,튜토리얼완료,2025-01-18 05:00:00
21388,9587,가입,2025-01-24 00:00:00
21389,9587,튜토리얼완료,2025-01-26 06:00:00
21390,9587,첫결제,2025-01-28 03:36:00
21391,9588,가입,2025-02-14 00:00:00
21392,9588,튜토리얼완료,2025-02-14 21:00:00
21393,9589,가입,2025-06-29 00:00:00
21394,9589,튜토리얼완료,2025-07-01 16:00:00
21395,9590,가입,2025-01-06 00:00:00
21396,9590,튜토리얼완료,2025-01-06 16:00:00
21397,9591,가입,2025-01-17 00:00:00
21398,9591,튜토리얼완료,2025-01-19 00:00:00
21399,9592,가입,2025-02-17 00:00:00
21400,9592,튜토리얼완료,2025-02-18 17:00:00
21401,9593,가입,2025-01-06 00:00:00
21402,9593,튜토리얼완료,2025-01-06 04:00:00
21403,9594,가입,2025-04-18 00:00:00
21404,9594,튜토리얼완료,2025-04-18 16:00:00
21405,9595,가입,2025-01-13 00:00:00
21406,9595,첫결제,2025-01-14 09:32:00
21407,9596,가입,2025-01-03 00:00:00
21408,9596,튜토리얼완료,2025-01-04 20:00:00
21409,9597,가입,2025-01-21 00:00:00
21410,9597,튜토리얼완료,2025-01-22 00:00:00
21411,9598,가입,2025-05-06 00:00:00
21412,9598,튜토리얼완료,2025-05-09 20:00:00
21413,9599,가입,2025-01-12 00:00:00
21414,9599,튜토리얼완료,2025-01-14 05:00:00
21415,9599,첫결제,2025-01-29 16:37:00
21416,9600,가입,2025-01-05 00:00:00
21417,9600,튜토리얼완료,2025-01-06 17:00:00
21418,9601,가입,2025-01-28 00:00:00
21419,9601,튜토리얼완료,2025-01-28 05:00:00
21420,9602,가입,2025-04-27 00:00:00
21421,9602,튜토리얼완료,2025-04-29 06:00:00
21422,9603,가입,2025-01-16 00:00:00
21423,9603,튜토리얼완료,2025-01-18 07:00:00
21424,9604,가입,2025-04-03 00:00:00
21425,9604,튜토리얼완료,2025-04-04 07:00:00
21426,9604,첫결제,2025-04-21 19:36:00
21427,9605,가입,2025-03-31 00:00:00
21428,9605,튜토리얼완료,2025-04-02 09:00:00
21429,9605,첫결제,2025-04-05 20:44:00
21430,9606,가입,2025-01-22 00:00:00
21431,9606,튜토리얼완료,2025-01-24 07:00:00
21432,9607,가입,2025-02-10 00:00:00
21433,9607,튜토리얼완료,2025-02-11 03:00:00
21434,9608,가입,2025-01-20 00:00:00
21435,9608,튜토리얼완료,2025-01-22 08:00:00
21436,9608,첫결제,2025-02-05 21:42:00
21437,9609,가입,2025-01-18 00:00:00
21438,9609,튜토리얼완료,2025-01-20 19:00:00
21439,9609,첫결제,2025-01-20 19:22:00
21440,9610,가입,2025-02-23 00:00:00
21441,9610,튜토리얼완료,2025-02-26 10:00:00
21442,9610,첫결제,2025-04-01 20:47:00
21443,9611,가입,2025-06-29 00:00:00
21444,9611,튜토리얼완료,2025-06-29 20:00:00
21445,9612,가입,2025-01-29 00:00:00
21446,9612,튜토리얼완료,2025-02-01 19:00:00
21447,9612,첫결제,2025-02-05 14:35:00
21448,9613,가입,2025-06-29 00:00:00
21449,9613,튜토리얼완료,2025-06-29 16:00:00
21450,9614,가입,2025-02-04 00:00:00
21451,9614,튜토리얼완료,2025-02-06 13:00:00
21452,9615,가입,2025-03-02 00:00:00
21453,9615,튜토리얼완료,2025-03-03 13:00:00
21454,9615,첫결제,2025-04-14 21:14:00
21455,9616,가입,2025-01-31 00:00:00
21456,9616,튜토리얼완료,2025-02-01 19:00:00
21457,9617,가입,2025-01-12 00:00:00
21458,9617,튜토리얼완료,2025-01-12 08:00:00
21459,9618,가입,2025-01-03 00:00:00
21460,9618,첫결제,2025-02-04 13:45:00
21461,9619,가입,2025-05-30 00:00:00
21462,9619,튜토리얼완료,2025-05-31 10:00:00
21463,9620,가입,2025-01-23 00:00:00
21464,9620,튜토리얼완료,2025-01-26 01:00:00
21465,9621,가입,2025-06-29 00:00:00
21466,9621,튜토리얼완료,2025-06-29 08:00:00
21467,9622,가입,2025-02-04 00:00:00
21468,9622,튜토리얼완료,2025-02-04 04:00:00
21469,9623,가입,2025-01-01 00:00:00
21470,9623,튜토리얼완료,2025-01-04 22:00:00
21471,9624,가입,2025-02-16 00:00:00
21472,9624,튜토리얼완료,2025-02-18 17:00:00
21473,9625,가입,2025-05-12 00:00:00
21474,9625,튜토리얼완료,2025-05-13 13:00:00
21475,9626,가입,2025-03-03 00:00:00
21476,9626,첫결제,2025-03-03 13:57:00
21477,9627,가입,2025-04-21 00:00:00
21478,9627,튜토리얼완료,2025-04-21 03:00:00
21479,9628,가입,2025-02-14 00:00:00
21480,9628,첫결제,2025-02-24 22:26:00
21481,9629,가입,2025-01-14 00:00:00
21482,9629,튜토리얼완료,2025-01-14 14:00:00
21483,9629,첫결제,2025-01-16 23:51:00
21484,9630,가입,2025-01-31 00:00:00
21485,9631,가입,2025-02-27 00:00:00
21486,9631,튜토리얼완료,2025-02-27 01:00:00
21487,9632,가입,2025-04-26 00:00:00
21488,9632,첫결제,2025-05-05 19:26:00
21489,9633,가입,2025-01-09 00:00:00
21490,9633,튜토리얼완료,2025-01-12 19:00:00
21491,9634,가입,2025-05-19 00:00:00
21492,9634,튜토리얼완료,2025-05-21 13:00:00
21493,9635,가입,2025-01-03 00:00:00
21494,9635,튜토리얼완료,2025-01-03 11:00:00
21495,9636,가입,2025-01-01 00:00:00
21496,9636,첫결제,2025-02-01 13:05:00
21497,9637,가입,2025-01-18 00:00:00
21498,9637,튜토리얼완료,2025-01-19 18:00:00
21499,9637,첫결제,2025-02-04 20:05:00
21500,9638,가입,2025-03-19 00:00:00
21501,9638,튜토리얼완료,2025-03-20 21:00:00
21502,9638,첫결제,2025-04-05 17:46:00
21503,9639,가입,2025-01-08 00:00:00
21504,9639,튜토리얼완료,2025-01-08 09:00:00
21505,9640,가입,2025-06-07 00:00:00
21506,9640,튜토리얼완료,2025-06-09 00:00:00
21507,9641,가입,2025-03-20 00:00:00
21508,9641,튜토리얼완료,2025-03-20 18:00:00
21509,9642,가입,2025-01-12 00:00:00
21510,9642,튜토리얼완료,2025-01-13 05:00:00
21511,9642,첫결제,2025-01-21 12:36:00
21512,9643,가입,2025-01-15 00:00:00
21513,9643,튜토리얼완료,2025-01-16 07:00:00
21514,9643,첫결제,2025-01-22 18:46:00
21515,9644,가입,2025-01-11 00:00:00
21516,9644,튜토리얼완료,2025-01-14 19:00:00
21517,9645,가입,2025-02-15 00:00:00
21518,9646,가입,2025-03-22 00:00:00
21519,9647,가입,2025-01-14 00:00:00
21520,9647,첫결제,2025-01-18 17:33:00
21521,9648,가입,2025-01-16 00:00:00
21522,9648,튜토리얼완료,2025-01-17 00:00:00
21523,9648,첫결제,2025-02-01 01:23:00
21524,9649,가입,2025-02-02 00:00:00
21525,9649,튜토리얼완료,2025-02-02 20:00:00
21526,9650,가입,2025-01-02 00:00:00
21527,9650,튜토리얼완료,2025-01-05 15:00:00
21528,9651,가입,2025-06-29 00:00:00
21529,9651,튜토리얼완료,2025-07-01 20:00:00
21530,9652,가입,2025-01-07 00:00:00
21531,9652,튜토리얼완료,2025-01-10 01:00:00
21532,9653,가입,2025-02-05 00:00:00
21533,9653,튜토리얼완료,2025-02-06 06:00:00
21534,9653,첫결제,2025-02-21 07:14:00
21535,9654,가입,2025-02-17 00:00:00
21536,9654,첫결제,2025-02-17 02:28:00
21537,9655,가입,2025-01-28 00:00:00
21538,9655,튜토리얼완료,2025-01-29 11:00:00
21539,9655,첫결제,2025-03-12 05:19:00
21540,9656,가입,2025-04-27 00:00:00
21541,9656,튜토리얼완료,2025-04-28 21:00:00
21542,9657,가입,2025-01-26 00:00:00
21543,9657,튜토리얼완료,2025-01-29 08:00:00
21544,9657,첫결제,2025-02-02 22:08:00
21545,9658,가입,2025-01-26 00:00:00
21546,9659,가입,2025-02-23 00:00:00
21547,9659,튜토리얼완료,2025-02-25 09:00:00
21548,9660,가입,2025-02-07 00:00:00
21549,9660,튜토리얼완료,2025-02-09 03:00:00
21550,9661,가입,2025-03-01 00:00:00
21551,9661,튜토리얼완료,2025-03-01 23:00:00
21552,9662,가입,2025-01-13 00:00:00
21553,9662,튜토리얼완료,2025-01-14 23:00:00
21554,9662,첫결제,2025-01-15 01:42:00
21555,9663,가입,2025-02-08 00:00:00
21556,9663,튜토리얼완료,2025-02-09 04:00:00
21557,9663,첫결제,2025-03-02 11:33:00
21558,9664,가입,2025-01-31 00:00:00
21559,9664,튜토리얼완료,2025-02-02 03:00:00
21560,9665,가입,2025-01-31 00:00:00
21561,9665,튜토리얼완료,2025-01-31 01:00:00
21562,9666,가입,2025-01-22 00:00:00
21563,9666,튜토리얼완료,2025-01-23 07:00:00
21564,9666,첫결제,2025-06-22 08:24:00
21565,9667,가입,2025-02-06 00:00:00
21566,9667,튜토리얼완료,2025-02-08 05:00:00
21567,9668,가입,2025-01-28 00:00:00
21568,9668,튜토리얼완료,2025-01-30 13:00:00
21569,9669,가입,2025-06-29 00:00:00
21570,9670,가입,2025-05-13 00:00:00
21571,9670,튜토리얼완료,2025-05-16 06:00:00
21572,9670,첫결제,2025-05-30 23:43:00
21573,9671,가입,2025-01-15 00:00:00
21574,9672,가입,2025-01-04 00:00:00
21575,9672,튜토리얼완료,2025-01-04 04:00:00
21576,9672,첫결제,2025-01-16 00:38:00
21577,9673,가입,2025-01-06 00:00:00
21578,9673,튜토리얼완료,2025-01-09 14:00:00
21579,9673,첫결제,2025-01-23 10:24:00
21580,9674,가입,2025-01-21 00:00:00
21581,9674,튜토리얼완료,2025-01-22 02:00:00
21582,9675,가입,2025-02-13 00:00:00
21583,9675,튜토리얼완료,2025-02-16 21:00:00
21584,9676,가입,2025-02-13 00:00:00
21585,9676,튜토리얼완료,2025-02-14 01:00:00
21586,9677,가입,2025-02-02 00:00:00
21587,9677,튜토리얼완료,2025-02-03 11:00:00
21588,9678,가입,2025-05-28 00:00:00
21589,9679,가입,2025-04-23 00:00:00
21590,9679,첫결제,2025-04-23 20:23:00
21591,9680,가입,2025-05-22 00:00:00
21592,9680,튜토리얼완료,2025-05-24 12:00:00
21593,9681,가입,2025-01-10 00:00:00
21594,9681,튜토리얼완료,2025-01-11 11:00:00
21595,9682,가입,2025-01-10 00:00:00
21596,9682,튜토리얼완료,2025-01-10 19:00:00
21597,9683,가입,2025-03-22 00:00:00
21598,9683,튜토리얼완료,2025-03-25 15:00:00
21599,9684,가입,2025-01-08 00:00:00
21600,9684,튜토리얼완료,2025-01-10 14:00:00
21601,9684,첫결제,2025-02-02 13:50:00
21602,9685,가입,2025-03-17 00:00:00
21603,9685,튜토리얼완료,2025-03-19 10:00:00
21604,9686,가입,2025-01-05 00:00:00
21605,9686,튜토리얼완료,2025-01-06 22:00:00
21606,9687,가입,2025-02-15 00:00:00
21607,9687,튜토리얼완료,2025-02-17 16:00:00
21608,9687,첫결제,2025-03-13 12:02:00
21609,9688,가입,2025-01-05 00:00:00
21610,9688,튜토리얼완료,2025-01-05 20:00:00
21611,9689,가입,2025-01-20 00:00:00
21612,9689,튜토리얼완료,2025-01-20 17:00:00
21613,9690,가입,2025-01-21 00:00:00
21614,9690,튜토리얼완료,2025-01-23 20:00:00
21615,9690,첫결제,2025-02-02 20:30:00
21616,9691,가입,2025-04-02 00:00:00
21617,9691,튜토리얼완료,2025-04-05 16:00:00
21618,9691,첫결제,2025-04-16 16:56:00
21619,9692,가입,2025-01-07 00:00:00
21620,9692,튜토리얼완료,2025-01-07 07:00:00
21621,9692,첫결제,2025-01-24 19:53:00
21622,9693,가입,2025-03-14 00:00:00
21623,9693,튜토리얼완료,2025-03-16 18:00:00
21624,9694,가입,2025-01-20 00:00:00
21625,9695,가입,2025-02-20 00:00:00
21626,9696,가입,2025-05-18 00:00:00
21627,9696,튜토리얼완료,2025-05-19 20:00:00
21628,9697,가입,2025-03-29 00:00:00
21629,9697,튜토리얼완료,2025-03-29 20:00:00
21630,9697,첫결제,2025-04-24 21:54:00
21631,9698,가입,2025-04-10 00:00:00
21632,9698,튜토리얼완료,2025-04-12 09:00:00
21633,9699,가입,2025-06-29 00:00:00
21634,9699,튜토리얼완료,2025-07-02 17:00:00
21635,9700,가입,2025-01-07 00:00:00
21636,9700,튜토리얼완료,2025-01-07 13:00:00
21637,9701,가입,2025-06-26 00:00:00
21638,9702,가입,2025-06-14 00:00:00
21639,9702,튜토리얼완료,2025-06-16 00:00:00
21640,9703,가입,2025-02-19 00:00:00
21641,9703,튜토리얼완료,2025-02-20 02:00:00
21642,9704,가입,2025-04-25 00:00:00
21643,9704,튜토리얼완료,2025-04-28 19:00:00
21644,9704,첫결제,2025-05-25 12:46:00
21645,9705,가입,2025-01-02 00:00:00
21646,9705,튜토리얼완료,2025-01-03 09:00:00
21647,9706,가입,2025-02-14 00:00:00
21648,9707,가입,2025-02-06 00:00:00
21649,9707,튜토리얼완료,2025-02-09 10:00:00
21650,9707,첫결제,2025-02-08 19:19:00
21651,9708,가입,2025-06-29 00:00:00
21652,9708,튜토리얼완료,2025-07-01 15:00:00
21653,9709,가입,2025-01-18 00:00:00
21654,9709,튜토리얼완료,2025-01-21 21:00:00
21655,9710,가입,2025-02-15 00:00:00
21656,9710,튜토리얼완료,2025-02-17 16:00:00
21657,9711,가입,2025-01-12 00:00:00
21658,9711,튜토리얼완료,2025-01-12 23:00:00
21659,9711,첫결제,2025-02-02 22:33:00
21660,9712,가입,2025-02-16 00:00:00
21661,9712,튜토리얼완료,2025-02-18 13:00:00
21662,9713,가입,2025-04-08 00:00:00
21663,9713,튜토리얼완료,2025-04-10 16:00:00
21664,9714,가입,2025-03-15 00:00:00
21665,9714,튜토리얼완료,2025-03-18 21:00:00
21666,9715,가입,2025-01-01 00:00:00
21667,9715,튜토리얼완료,2025-01-02 14:00:00
21668,9716,가입,2025-01-04 00:00:00
21669,9716,튜토리얼완료,2025-01-05 17:00:00
21670,9716,첫결제,2025-01-26 05:54:00
21671,9717,가입,2025-03-07 00:00:00
21672,9717,튜토리얼완료,2025-03-07 12:00:00
21673,9718,가입,2025-02-27 00:00:00
21674,9719,가입,2025-02-11 00:00:00
21675,9719,튜토리얼완료,2025-02-12 10:00:00
21676,9719,첫결제,2025-02-27 11:24:00
21677,9720,가입,2025-01-17 00:00:00
21678,9720,튜토리얼완료,2025-01-19 16:00:00
21679,9720,첫결제,2025-02-01 14:02:00
21680,9721,가입,2025-01-01 00:00:00
21681,9721,튜토리얼완료,2025-01-03 20:00:00
21682,9722,가입,2025-04-03 00:00:00
21683,9722,튜토리얼완료,2025-04-05 03:00:00
21684,9722,첫결제,2025-04-03 15:41:00
21685,9723,가입,2025-02-26 00:00:00
21686,9723,튜토리얼완료,2025-02-27 11:00:00
21687,9724,가입,2025-03-30 00:00:00
21688,9724,튜토리얼완료,2025-03-30 06:00:00
21689,9725,가입,2025-03-22 00:00:00
21690,9725,튜토리얼완료,2025-03-22 01:00:00
21691,9726,가입,2025-02-13 00:00:00
21692,9726,튜토리얼완료,2025-02-14 15:00:00
21693,9727,가입,2025-01-31 00:00:00
21694,9727,튜토리얼완료,2025-01-31 12:00:00
21695,9728,가입,2025-01-06 00:00:00
21696,9728,튜토리얼완료,2025-01-08 19:00:00
21697,9728,첫결제,2025-02-03 08:52:00
21698,9729,가입,2025-02-07 00:00:00
21699,9729,튜토리얼완료,2025-02-10 21:00:00
21700,9730,가입,2025-02-08 00:00:00
21701,9730,튜토리얼완료,2025-02-09 09:00:00
21702,9730,첫결제,2025-03-07 20:57:00
21703,9731,가입,2025-01-17 00:00:00
21704,9731,튜토리얼완료,2025-01-18 10:00:00
21705,9732,가입,2025-05-04 00:00:00
21706,9733,가입,2025-03-07 00:00:00
21707,9733,튜토리얼완료,2025-03-07 09:00:00
21708,9733,첫결제,2025-04-15 00:15:00
21709,9734,가입,2025-01-09 00:00:00
21710,9735,가입,2025-06-09 00:00:00
21711,9735,튜토리얼완료,2025-06-12 20:00:00
21712,9736,가입,2025-02-21 00:00:00
21713,9736,튜토리얼완료,2025-02-24 12:00:00
21714,9737,가입,2025-01-20 00:00:00
21715,9737,튜토리얼완료,2025-01-21 22:00:00
21716,9738,가입,2025-06-25 00:00:00
21717,9738,튜토리얼완료,2025-06-27 07:00:00
21718,9739,가입,2025-02-07 00:00:00
21719,9739,튜토리얼완료,2025-02-09 03:00:00
21720,9740,가입,2025-04-20 00:00:00
21721,9740,튜토리얼완료,2025-04-20 13:00:00
21722,9741,가입,2025-03-01 00:00:00
21723,9741,튜토리얼완료,2025-03-01 06:00:00
21724,9742,가입,2025-01-16 00:00:00
21725,9742,튜토리얼완료,2025-01-19 06:00:00
21726,9743,가입,2025-03-17 00:00:00
21727,9743,튜토리얼완료,2025-03-18 09:00:00
21728,9744,가입,2025-01-20 00:00:00
21729,9744,튜토리얼완료,2025-01-23 02:00:00
21730,9744,첫결제,2025-02-02 22:33:00
21731,9745,가입,2025-01-24 00:00:00
21732,9745,튜토리얼완료,2025-01-24 11:00:00
21733,9745,첫결제,2025-01-24 07:24:00
21734,9746,가입,2025-01-31 00:00:00
21735,9746,튜토리얼완료,2025-02-02 16:00:00
21736,9747,가입,2025-01-29 00:00:00
21737,9747,튜토리얼완료,2025-01-30 03:00:00
21738,9748,가입,2025-02-25 00:00:00
21739,9748,튜토리얼완료,2025-02-26 20:00:00
21740,9749,가입,2025-04-01 00:00:00
21741,9749,튜토리얼완료,2025-04-02 01:00:00
21742,9750,가입,2025-02-03 00:00:00
21743,9750,튜토리얼완료,2025-02-05 21:00:00
21744,9750,첫결제,2025-02-09 01:19:00
21745,9751,가입,2025-02-12 00:00:00
21746,9751,튜토리얼완료,2025-02-13 17:00:00
21747,9752,가입,2025-01-07 00:00:00
21748,9752,튜토리얼완료,2025-01-08 18:00:00
21749,9752,첫결제,2025-01-08 23:01:00
21750,9753,가입,2025-02-14 00:00:00
21751,9753,튜토리얼완료,2025-02-16 08:00:00
21752,9753,첫결제,2025-02-17 02:48:00
21753,9754,가입,2025-01-13 00:00:00
21754,9754,튜토리얼완료,2025-01-15 06:00:00
21755,9754,첫결제,2025-01-17 08:30:00
21756,9755,가입,2025-01-24 00:00:00
21757,9756,가입,2025-01-26 00:00:00
21758,9756,튜토리얼완료,2025-01-29 15:00:00
21759,9757,가입,2025-02-16 00:00:00
21760,9757,튜토리얼완료,2025-02-19 22:00:00
21761,9757,첫결제,2025-02-20 21:46:00
21762,9758,가입,2025-03-23 00:00:00
21763,9758,튜토리얼완료,2025-03-23 04:00:00
21764,9758,첫결제,2025-03-28 07:01:00
21765,9759,가입,2025-02-07 00:00:00
21766,9760,가입,2025-01-05 00:00:00
21767,9760,튜토리얼완료,2025-01-06 15:00:00
21768,9761,가입,2025-06-11 00:00:00
21769,9761,튜토리얼완료,2025-06-11 09:00:00
21770,9762,가입,2025-01-15 00:00:00
21771,9762,튜토리얼완료,2025-01-17 10:00:00
21772,9763,가입,2025-02-06 00:00:00
21773,9763,튜토리얼완료,2025-02-09 23:00:00
21774,9764,가입,2025-06-29 00:00:00
21775,9764,튜토리얼완료,2025-07-02 23:00:00
21776,9765,가입,2025-06-09 00:00:00
21777,9765,튜토리얼완료,2025-06-12 11:00:00
21778,9765,첫결제,2025-06-27 09:33:00
21779,9766,가입,2025-02-20 00:00:00
21780,9766,튜토리얼완료,2025-02-22 13:00:00
21781,9766,첫결제,2025-02-27 12:53:00
21782,9767,가입,2025-03-15 00:00:00
21783,9767,튜토리얼완료,2025-03-18 15:00:00
21784,9767,첫결제,2025-03-18 20:31:00
21785,9768,가입,2025-04-22 00:00:00
21786,9768,튜토리얼완료,2025-04-23 03:00:00
21787,9768,첫결제,2025-04-22 21:26:00
21788,9769,가입,2025-01-22 00:00:00
21789,9769,튜토리얼완료,2025-01-23 03:00:00
21790,9769,첫결제,2025-01-23 21:57:00
21791,9770,가입,2025-03-15 00:00:00
21792,9770,튜토리얼완료,2025-03-17 20:00:00
21793,9771,가입,2025-01-21 00:00:00
21794,9771,튜토리얼완료,2025-01-24 15:00:00
21795,9771,첫결제,2025-02-04 23:19:00
21796,9772,가입,2025-03-23 00:00:00
21797,9772,튜토리얼완료,2025-03-26 20:00:00
21798,9773,가입,2025-01-31 00:00:00
21799,9773,튜토리얼완료,2025-02-01 05:00:00
21800,9773,첫결제,2025-02-05 21:21:00
21801,9774,가입,2025-01-20 00:00:00
21802,9774,튜토리얼완료,2025-01-21 12:00:00
21803,9775,가입,2025-04-16 00:00:00
21804,9775,튜토리얼완료,2025-04-17 10:00:00
21805,9775,첫결제,2025-06-01 17:21:00
21806,9776,가입,2025-01-11 00:00:00
21807,9776,튜토리얼완료,2025-01-11 12:00:00
21808,9777,가입,2025-03-06 00:00:00
21809,9777,튜토리얼완료,2025-03-06 17:00:00
21810,9778,가입,2025-01-01 00:00:00
21811,9778,튜토리얼완료,2025-01-02 23:00:00
21812,9779,가입,2025-02-07 00:00:00
21813,9779,튜토리얼완료,2025-02-09 10:00:00
21814,9780,가입,2025-04-30 00:00:00
21815,9780,첫결제,2025-05-10 03:48:00
21816,9781,가입,2025-04-08 00:00:00
21817,9781,튜토리얼완료,2025-04-10 07:00:00
21818,9782,가입,2025-02-14 00:00:00
21819,9782,튜토리얼완료,2025-02-15 17:00:00
21820,9783,가입,2025-01-26 00:00:00
21821,9783,튜토리얼완료,2025-01-29 10:00:00
21822,9783,첫결제,2025-01-29 21:22:00
21823,9784,가입,2025-01-16 00:00:00
21824,9784,튜토리얼완료,2025-01-16 15:00:00
21825,9785,가입,2025-01-10 00:00:00
21826,9785,튜토리얼완료,2025-01-11 01:00:00
21827,9785,첫결제,2025-01-11 03:42:00
21828,9786,가입,2025-01-04 00:00:00
21829,9787,가입,2025-01-22 00:00:00
21830,9787,튜토리얼완료,2025-01-24 20:00:00
21831,9788,가입,2025-01-10 00:00:00
21832,9788,튜토리얼완료,2025-01-11 03:00:00
21833,9789,가입,2025-03-21 00:00:00
21834,9789,튜토리얼완료,2025-03-24 10:00:00
21835,9789,첫결제,2025-04-02 12:14:00
21836,9790,가입,2025-01-01 00:00:00
21837,9790,튜토리얼완료,2025-01-01 10:00:00
21838,9790,첫결제,2025-01-06 14:06:00
21839,9791,가입,2025-04-10 00:00:00
21840,9791,튜토리얼완료,2025-04-12 19:00:00
21841,9791,첫결제,2025-05-09 16:51:00
21842,9792,가입,2025-01-15 00:00:00
21843,9792,튜토리얼완료,2025-01-16 18:00:00
21844,9793,가입,2025-04-27 00:00:00
21845,9794,가입,2025-03-15 00:00:00
21846,9794,튜토리얼완료,2025-03-17 10:00:00
21847,9795,가입,2025-01-13 00:00:00
21848,9795,튜토리얼완료,2025-01-13 16:00:00
21849,9796,가입,2025-03-04 00:00:00
21850,9796,튜토리얼완료,2025-03-04 22:00:00
21851,9797,가입,2025-06-29 00:00:00
21852,9797,튜토리얼완료,2025-06-30 11:00:00
21853,9797,첫결제,2025-06-29 22:02:00
21854,9798,가입,2025-02-02 00:00:00
21855,9798,첫결제,2025-02-04 03:12:00
21856,9799,가입,2025-01-24 00:00:00
21857,9799,튜토리얼완료,2025-01-25 22:00:00
21858,9800,가입,2025-03-15 00:00:00
21859,9800,튜토리얼완료,2025-03-18 01:00:00
21860,9800,첫결제,2025-03-28 23:35:00
21861,9801,가입,2025-03-28 00:00:00
21862,9801,튜토리얼완료,2025-03-30 01:00:00
21863,9802,가입,2025-02-15 00:00:00
21864,9803,가입,2025-01-04 00:00:00
21865,9803,튜토리얼완료,2025-01-06 10:00:00
21866,9804,가입,2025-01-02 00:00:00
21867,9804,튜토리얼완료,2025-01-03 07:00:00
21868,9805,가입,2025-06-14 00:00:00
21869,9805,튜토리얼완료,2025-06-14 13:00:00
21870,9806,가입,2025-02-19 00:00:00
21871,9806,튜토리얼완료,2025-02-21 18:00:00
21872,9807,가입,2025-01-22 00:00:00
21873,9807,튜토리얼완료,2025-01-23 19:00:00
21874,9808,가입,2025-02-20 00:00:00
21875,9808,튜토리얼완료,2025-02-20 20:00:00
21876,9809,가입,2025-02-16 00:00:00
21877,9809,튜토리얼완료,2025-02-16 12:00:00
21878,9809,첫결제,2025-02-20 20:21:00
21879,9810,가입,2025-01-02 00:00:00
21880,9810,튜토리얼완료,2025-01-05 07:00:00
21881,9811,가입,2025-01-06 00:00:00
21882,9811,튜토리얼완료,2025-01-09 20:00:00
21883,9811,첫결제,2025-01-27 10:59:00
21884,9812,가입,2025-01-27 00:00:00
21885,9812,튜토리얼완료,2025-01-30 00:00:00
21886,9813,가입,2025-06-29 00:00:00
21887,9813,튜토리얼완료,2025-07-02 03:00:00
21888,9813,첫결제,2025-06-29 02:40:00
21889,9814,가입,2025-01-25 00:00:00
21890,9814,튜토리얼완료,2025-01-28 15:00:00
21891,9815,가입,2025-03-01 00:00:00
21892,9815,튜토리얼완료,2025-03-02 10:00:00
21893,9816,가입,2025-01-04 00:00:00
21894,9816,튜토리얼완료,2025-01-07 05:00:00
21895,9817,가입,2025-01-26 00:00:00
21896,9817,튜토리얼완료,2025-01-29 02:00:00
21897,9817,첫결제,2025-01-26 20:14:00
21898,9818,가입,2025-01-27 00:00:00
21899,9818,튜토리얼완료,2025-01-29 00:00:00
21900,9818,첫결제,2025-01-30 01:12:00
21901,9819,가입,2025-03-14 00:00:00
21902,9819,튜토리얼완료,2025-03-16 00:00:00
21903,9819,첫결제,2025-03-14 04:59:00
21904,9820,가입,2025-01-20 00:00:00
21905,9820,튜토리얼완료,2025-01-21 16:00:00
21906,9821,가입,2025-05-31 00:00:00
21907,9821,튜토리얼완료,2025-06-01 07:00:00
21908,9821,첫결제,2025-06-23 15:19:00
21909,9822,가입,2025-01-08 00:00:00
21910,9822,튜토리얼완료,2025-01-11 22:00:00
21911,9823,가입,2025-05-04 00:00:00
21912,9823,튜토리얼완료,2025-05-06 19:00:00
21913,9824,가입,2025-01-08 00:00:00
21914,9824,튜토리얼완료,2025-01-11 10:00:00
21915,9825,가입,2025-04-28 00:00:00
21916,9825,튜토리얼완료,2025-04-29 14:00:00
21917,9825,첫결제,2025-05-16 20:21:00
21918,9826,가입,2025-02-08 00:00:00
21919,9826,튜토리얼완료,2025-02-11 09:00:00
21920,9826,첫결제,2025-02-10 01:12:00
21921,9827,가입,2025-06-29 00:00:00
21922,9828,가입,2025-01-06 00:00:00
21923,9828,튜토리얼완료,2025-01-08 07:00:00
21924,9829,가입,2025-02-28 00:00:00
21925,9829,튜토리얼완료,2025-03-03 12:00:00
21926,9830,가입,2025-06-29 00:00:00
21927,9830,튜토리얼완료,2025-06-29 00:00:00
21928,9831,가입,2025-02-18 00:00:00
21929,9831,튜토리얼완료,2025-02-21 23:00:00
21930,9832,가입,2025-06-17 00:00:00
21931,9832,튜토리얼완료,2025-06-20 08:00:00
21932,9833,가입,2025-01-10 00:00:00
21933,9833,튜토리얼완료,2025-01-12 20:00:00
21934,9834,가입,2025-01-24 00:00:00
21935,9834,튜토리얼완료,2025-01-24 23:00:00
21936,9834,첫결제,2025-02-07 23:56:00
21937,9835,가입,2025-01-21 00:00:00
21938,9835,튜토리얼완료,2025-01-21 03:00:00
21939,9836,가입,2025-02-15 00:00:00
21940,9836,튜토리얼완료,2025-02-15 01:00:00
21941,9836,첫결제,2025-02-16 23:30:00
21942,9837,가입,2025-01-31 00:00:00
21943,9837,튜토리얼완료,2025-02-02 11:00:00
21944,9837,첫결제,2025-02-13 23:37:00
21945,9838,가입,2025-01-02 00:00:00
21946,9838,튜토리얼완료,2025-01-05 11:00:00
21947,9839,가입,2025-03-03 00:00:00
21948,9839,튜토리얼완료,2025-03-06 15:00:00
21949,9840,가입,2025-01-27 00:00:00
21950,9840,튜토리얼완료,2025-01-28 06:00:00
21951,9840,첫결제,2025-01-30 22:21:00
21952,9841,가입,2025-06-27 00:00:00
21953,9841,튜토리얼완료,2025-06-29 08:00:00
21954,9842,가입,2025-01-20 00:00:00
21955,9842,튜토리얼완료,2025-01-22 20:00:00
21956,9843,가입,2025-03-25 00:00:00
21957,9843,튜토리얼완료,2025-03-27 18:00:00
21958,9844,가입,2025-02-15 00:00:00
21959,9844,첫결제,2025-02-24 10:19:00
21960,9845,가입,2025-05-12 00:00:00
21961,9845,튜토리얼완료,2025-05-15 11:00:00
21962,9846,가입,2025-01-15 00:00:00
21963,9846,튜토리얼완료,2025-01-15 14:00:00
21964,9847,가입,2025-01-07 00:00:00
21965,9847,튜토리얼완료,2025-01-07 11:00:00
21966,9847,첫결제,2025-01-10 02:11:00
21967,9848,가입,2025-01-10 00:00:00
21968,9848,튜토리얼완료,2025-01-10 16:00:00
21969,9849,가입,2025-01-06 00:00:00
21970,9849,튜토리얼완료,2025-01-09 16:00:00
21971,9849,첫결제,2025-01-07 04:20:00
21972,9850,가입,2025-03-04 00:00:00
21973,9850,튜토리얼완료,2025-03-07 09:00:00
21974,9851,가입,2025-01-23 00:00:00
21975,9851,튜토리얼완료,2025-01-26 04:00:00
21976,9851,첫결제,2025-01-30 12:55:00
21977,9852,가입,2025-04-12 00:00:00
21978,9852,튜토리얼완료,2025-04-12 17:00:00
21979,9853,가입,2025-02-15 00:00:00
21980,9853,튜토리얼완료,2025-02-17 11:00:00
21981,9854,가입,2025-06-12 00:00:00
21982,9854,튜토리얼완료,2025-06-13 20:00:00
21983,9855,가입,2025-01-25 00:00:00
21984,9855,튜토리얼완료,2025-01-27 09:00:00
21985,9856,가입,2025-01-16 00:00:00
21986,9857,가입,2025-03-15 00:00:00
21987,9857,튜토리얼완료,2025-03-17 01:00:00
21988,9858,가입,2025-01-01 00:00:00
21989,9858,튜토리얼완료,2025-01-03 09:00:00
21990,9859,가입,2025-06-29 00:00:00
21991,9860,가입,2025-01-01 00:00:00
21992,9860,튜토리얼완료,2025-01-01 11:00:00
21993,9861,가입,2025-02-20 00:00:00
21994,9861,튜토리얼완료,2025-02-20 23:00:00
21995,9862,가입,2025-03-04 00:00:00
21996,9862,튜토리얼완료,2025-03-04 00:00:00
21997,9862,첫결제,2025-04-29 22:43:00
21998,9863,가입,2025-04-14 00:00:00
21999,9863,튜토리얼완료,2025-04-17 08:00:00
22000,9864,가입,2025-01-22 00:00:00
22001,9864,첫결제,2025-02-01 17:07:00
22002,9865,가입,2025-02-06 00:00:00
22003,9865,튜토리얼완료,2025-02-06 22:00:00
22004,9866,가입,2025-01-17 00:00:00
22005,9866,튜토리얼완료,2025-01-19 21:00:00
22006,9867,가입,2025-01-08 00:00:00
22007,9867,튜토리얼완료,2025-01-08 17:00:00
22008,9868,가입,2025-03-25 00:00:00
22009,9868,튜토리얼완료,2025-03-26 08:00:00
22010,9869,가입,2025-03-09 00:00:00
22011,9869,튜토리얼완료,2025-03-12 09:00:00
22012,9869,첫결제,2025-03-18 15:05:00
22013,9870,가입,2025-06-01 00:00:00
22014,9870,튜토리얼완료,2025-06-03 18:00:00
22015,9871,가입,2025-01-21 00:00:00
22016,9871,튜토리얼완료,2025-01-23 11:00:00
22017,9871,첫결제,2025-01-24 07:13:00
22018,9872,가입,2025-01-14 00:00:00
22019,9872,튜토리얼완료,2025-01-14 21:00:00
22020,9872,첫결제,2025-01-14 14:21:00
22021,9873,가입,2025-01-14 00:00:00
22022,9873,튜토리얼완료,2025-01-14 02:00:00
22023,9874,가입,2025-01-02 00:00:00
22024,9874,튜토리얼완료,2025-01-03 18:00:00
22025,9874,첫결제,2025-01-02 10:10:00
22026,9875,가입,2025-03-04 00:00:00
22027,9875,튜토리얼완료,2025-03-04 12:00:00
22028,9876,가입,2025-01-01 00:00:00
22029,9876,튜토리얼완료,2025-01-04 11:00:00
22030,9876,첫결제,2025-01-21 21:39:00
22031,9877,가입,2025-01-29 00:00:00
22032,9877,튜토리얼완료,2025-01-30 09:00:00
22033,9878,가입,2025-02-06 00:00:00
22034,9878,튜토리얼완료,2025-02-07 14:00:00
22035,9879,가입,2025-02-12 00:00:00
22036,9879,튜토리얼완료,2025-02-15 20:00:00
22037,9880,가입,2025-06-29 00:00:00
22038,9880,튜토리얼완료,2025-06-29 13:00:00
22039,9880,첫결제,2025-06-29 22:24:00
22040,9881,가입,2025-01-01 00:00:00
22041,9881,튜토리얼완료,2025-01-02 19:00:00
22042,9882,가입,2025-01-12 00:00:00
22043,9882,튜토리얼완료,2025-01-13 23:00:00
22044,9883,가입,2025-03-20 00:00:00
22045,9883,첫결제,2025-03-20 04:28:00
22046,9884,가입,2025-04-04 00:00:00
22047,9884,튜토리얼완료,2025-04-06 01:00:00
22048,9885,가입,2025-04-26 00:00:00
22049,9885,튜토리얼완료,2025-04-28 17:00:00
22050,9885,첫결제,2025-04-27 14:32:00
22051,9886,가입,2025-03-23 00:00:00
22052,9886,튜토리얼완료,2025-03-24 14:00:00
22053,9887,가입,2025-01-22 00:00:00
22054,9887,튜토리얼완료,2025-01-25 02:00:00
22055,9887,첫결제,2025-01-23 15:26:00
22056,9888,가입,2025-03-16 00:00:00
22057,9888,튜토리얼완료,2025-03-17 20:00:00
22058,9889,가입,2025-04-23 00:00:00
22059,9889,첫결제,2025-05-02 14:48:00
22060,9890,가입,2025-04-05 00:00:00
22061,9890,튜토리얼완료,2025-04-05 04:00:00
22062,9890,첫결제,2025-04-07 19:51:00
22063,9891,가입,2025-01-08 00:00:00
22064,9891,튜토리얼완료,2025-01-09 21:00:00
22065,9892,가입,2025-01-16 00:00:00
22066,9892,튜토리얼완료,2025-01-19 01:00:00
22067,9892,첫결제,2025-01-26 14:48:00
22068,9893,가입,2025-01-10 00:00:00
22069,9893,튜토리얼완료,2025-01-10 05:00:00
22070,9893,첫결제,2025-01-11 15:09:00
22071,9894,가입,2025-04-25 00:00:00
22072,9894,튜토리얼완료,2025-04-25 16:00:00
22073,9894,첫결제,2025-04-29 19:11:00
22074,9895,가입,2025-02-15 00:00:00
22075,9895,튜토리얼완료,2025-02-16 07:00:00
22076,9895,첫결제,2025-02-16 22:05:00
22077,9896,가입,2025-01-23 00:00:00
22078,9896,첫결제,2025-01-26 16:47:00
22079,9897,가입,2025-01-11 00:00:00
22080,9897,튜토리얼완료,2025-01-14 20:00:00
22081,9898,가입,2025-01-05 00:00:00
22082,9898,튜토리얼완료,2025-01-05 17:00:00
22083,9898,첫결제,2025-01-08 21:12:00
22084,9899,가입,2025-03-17 00:00:00
22085,9899,첫결제,2025-03-19 03:27:00
22086,9900,가입,2025-01-06 00:00:00
22087,9900,튜토리얼완료,2025-01-08 12:00:00
22088,9901,가입,2025-02-22 00:00:00
22089,9901,튜토리얼완료,2025-02-24 00:00:00
22090,9902,가입,2025-01-18 00:00:00
22091,9902,튜토리얼완료,2025-01-18 21:00:00
22092,9903,가입,2025-01-09 00:00:00
22093,9903,튜토리얼완료,2025-01-10 17:00:00
22094,9903,첫결제,2025-01-22 19:47:00
22095,9904,가입,2025-01-01 00:00:00
22096,9904,튜토리얼완료,2025-01-04 02:00:00
22097,9904,첫결제,2025-01-25 20:25:00
22098,9905,가입,2025-01-27 00:00:00
22099,9905,튜토리얼완료,2025-01-28 04:00:00
22100,9905,첫결제,2025-01-31 19:55:00
22101,9906,가입,2025-02-02 00:00:00
22102,9906,튜토리얼완료,2025-02-05 06:00:00
22103,9907,가입,2025-05-25 00:00:00
22104,9907,튜토리얼완료,2025-05-25 03:00:00
22105,9908,가입,2025-01-27 00:00:00
22106,9908,튜토리얼완료,2025-01-29 09:00:00
22107,9909,가입,2025-01-10 00:00:00
22108,9909,튜토리얼완료,2025-01-13 00:00:00
22109,9909,첫결제,2025-01-15 22:31:00
22110,9910,가입,2025-02-26 00:00:00
22111,9910,튜토리얼완료,2025-02-28 05:00:00
22112,9910,첫결제,2025-02-27 14:49:00
22113,9911,가입,2025-01-03 00:00:00
22114,9911,첫결제,2025-01-09 11:28:00
22115,9912,가입,2025-06-25 00:00:00
22116,9913,가입,2025-05-05 00:00:00
22117,9913,튜토리얼완료,2025-05-08 11:00:00
22118,9913,첫결제,2025-06-02 16:18:00
22119,9914,가입,2025-03-20 00:00:00
22120,9914,튜토리얼완료,2025-03-23 20:00:00
22121,9914,첫결제,2025-03-29 20:19:00
22122,9915,가입,2025-05-30 00:00:00
22123,9915,튜토리얼완료,2025-06-01 23:00:00
22124,9915,첫결제,2025-06-01 09:05:00
22125,9916,가입,2025-02-06 00:00:00
22126,9916,튜토리얼완료,2025-02-08 12:00:00
22127,9916,첫결제,2025-02-12 21:35:00
22128,9917,가입,2025-04-17 00:00:00
22129,9917,튜토리얼완료,2025-04-19 18:00:00
22130,9918,가입,2025-02-08 00:00:00
22131,9918,첫결제,2025-02-25 21:36:00
22132,9919,가입,2025-06-29 00:00:00
22133,9919,튜토리얼완료,2025-06-30 16:00:00
22134,9920,가입,2025-02-15 00:00:00
22135,9920,튜토리얼완료,2025-02-15 21:00:00
22136,9920,첫결제,2025-03-05 04:43:00
22137,9921,가입,2025-02-21 00:00:00
22138,9921,튜토리얼완료,2025-02-24 12:00:00
22139,9921,첫결제,2025-02-28 11:52:00
22140,9922,가입,2025-02-14 00:00:00
22141,9922,튜토리얼완료,2025-02-16 15:00:00
22142,9922,첫결제,2025-02-14 22:39:00
22143,9923,가입,2025-02-28 00:00:00
22144,9923,튜토리얼완료,2025-03-01 17:00:00
22145,9924,가입,2025-06-29 00:00:00
22146,9924,튜토리얼완료,2025-07-01 21:00:00
22147,9925,가입,2025-01-09 00:00:00
22148,9925,튜토리얼완료,2025-01-09 20:00:00
22149,9926,가입,2025-01-12 00:00:00
22150,9926,튜토리얼완료,2025-01-14 23:00:00
22151,9926,첫결제,2025-01-26 13:20:00
22152,9927,가입,2025-02-13 00:00:00
22153,9927,튜토리얼완료,2025-02-16 17:00:00
22154,9927,첫결제,2025-02-16 02:33:00
22155,9928,가입,2025-02-16 00:00:00
22156,9928,튜토리얼완료,2025-02-18 07:00:00
22157,9929,가입,2025-01-27 00:00:00
22158,9929,튜토리얼완료,2025-01-29 19:00:00
22159,9929,첫결제,2025-01-31 00:18:00
22160,9930,가입,2025-01-08 00:00:00
22161,9930,튜토리얼완료,2025-01-08 11:00:00
22162,9930,첫결제,2025-04-17 10:36:00
22163,9931,가입,2025-04-02 00:00:00
22164,9931,튜토리얼완료,2025-04-03 09:00:00
22165,9931,첫결제,2025-04-03 17:42:00
22166,9932,가입,2025-01-17 00:00:00
22167,9932,튜토리얼완료,2025-01-17 19:00:00
22168,9933,가입,2025-04-06 00:00:00
22169,9933,튜토리얼완료,2025-04-06 15:00:00
22170,9933,첫결제,2025-04-19 19:36:00
22171,9934,가입,2025-06-29 00:00:00
22172,9934,튜토리얼완료,2025-06-29 08:00:00
22173,9934,첫결제,2025-06-29 19:12:00
22174,9935,가입,2025-05-31 00:00:00
22175,9935,튜토리얼완료,2025-06-01 15:00:00
22176,9935,첫결제,2025-06-01 03:56:00
22177,9936,가입,2025-01-14 00:00:00
22178,9936,튜토리얼완료,2025-01-15 16:00:00
22179,9937,가입,2025-01-18 00:00:00
22180,9937,튜토리얼완료,2025-01-20 22:00:00
22181,9937,첫결제,2025-02-03 20:00:00
22182,9938,가입,2025-01-24 00:00:00
22183,9938,튜토리얼완료,2025-01-26 08:00:00
22184,9939,가입,2025-03-22 00:00:00
22185,9939,튜토리얼완료,2025-03-25 19:00:00
22186,9939,첫결제,2025-03-30 22:12:00
22187,9940,가입,2025-04-04 00:00:00
22188,9940,튜토리얼완료,2025-04-06 16:00:00
22189,9941,가입,2025-01-03 00:00:00
22190,9942,가입,2025-02-02 00:00:00
22191,9942,튜토리얼완료,2025-02-03 05:00:00
22192,9943,가입,2025-05-09 00:00:00
22193,9943,튜토리얼완료,2025-05-12 10:00:00
22194,9943,첫결제,2025-05-13 04:04:00
22195,9944,가입,2025-02-22 00:00:00
22196,9944,튜토리얼완료,2025-02-22 05:00:00
22197,9945,가입,2025-02-23 00:00:00
22198,9945,튜토리얼완료,2025-02-24 12:00:00
22199,9945,첫결제,2025-02-27 17:43:00
22200,9946,가입,2025-01-17 00:00:00
22201,9946,튜토리얼완료,2025-01-20 05:00:00
22202,9947,가입,2025-02-01 00:00:00
22203,9948,가입,2025-03-13 00:00:00
22204,9948,튜토리얼완료,2025-03-14 20:00:00
22205,9949,가입,2025-03-19 00:00:00
22206,9949,튜토리얼완료,2025-03-19 08:00:00
22207,9949,첫결제,2025-03-24 20:45:00
22208,9950,가입,2025-05-01 00:00:00
22209,9950,튜토리얼완료,2025-05-04 03:00:00
22210,9951,가입,2025-01-07 00:00:00
22211,9951,첫결제,2025-02-02 11:08:00
22212,9952,가입,2025-03-04 00:00:00
22213,9953,가입,2025-02-19 00:00:00
22214,9953,튜토리얼완료,2025-02-19 19:00:00
22215,9953,첫결제,2025-03-03 19:38:00
22216,9954,가입,2025-01-09 00:00:00
22217,9955,가입,2025-02-11 00:00:00
22218,9955,튜토리얼완료,2025-02-12 17:00:00
22219,9956,가입,2025-02-12 00:00:00
22220,9956,튜토리얼완료,2025-02-13 01:00:00
22221,9957,가입,2025-01-08 00:00:00
22222,9957,튜토리얼완료,2025-01-11 22:00:00
22223,9958,가입,2025-01-25 00:00:00
22224,9958,튜토리얼완료,2025-01-26 16:00:00
22225,9959,가입,2025-06-04 00:00:00
22226,9959,첫결제,2025-06-11 12:01:00
22227,9960,가입,2025-05-08 00:00:00
22228,9960,튜토리얼완료,2025-05-08 16:00:00
22229,9960,첫결제,2025-05-08 02:27:00
22230,9961,가입,2025-03-30 00:00:00
22231,9961,튜토리얼완료,2025-03-30 02:00:00
22232,9962,가입,2025-01-25 00:00:00
22233,9962,튜토리얼완료,2025-01-26 02:00:00
22234,9962,첫결제,2025-02-08 04:56:00
22235,9963,가입,2025-02-08 00:00:00
22236,9963,튜토리얼완료,2025-02-09 22:00:00
22237,9964,가입,2025-06-29 00:00:00
22238,9964,튜토리얼완료,2025-06-30 14:00:00
22239,9964,첫결제,2025-06-29 02:07:00
22240,9965,가입,2025-05-27 00:00:00
22241,9965,튜토리얼완료,2025-05-30 13:00:00
22242,9966,가입,2025-04-16 00:00:00
22243,9966,튜토리얼완료,2025-04-17 04:00:00
22244,9967,가입,2025-01-26 00:00:00
22245,9967,튜토리얼완료,2025-01-27 03:00:00
22246,9967,첫결제,2025-03-05 19:27:00
22247,9968,가입,2025-01-12 00:00:00
22248,9968,튜토리얼완료,2025-01-15 09:00:00
22249,9969,가입,2025-01-10 00:00:00
22250,9969,튜토리얼완료,2025-01-11 21:00:00
22251,9970,가입,2025-01-02 00:00:00
22252,9970,튜토리얼완료,2025-01-02 14:00:00
22253,9970,첫결제,2025-01-04 11:59:00
22254,9971,가입,2025-02-15 00:00:00
22255,9971,튜토리얼완료,2025-02-15 03:00:00
22256,9971,첫결제,2025-02-15 11:06:00
22257,9972,가입,2025-02-23 00:00:00
22258,9972,첫결제,2025-03-01 03:39:00
22259,9973,가입,2025-06-15 00:00:00
22260,9973,튜토리얼완료,2025-06-17 02:00:00
22261,9973,첫결제,2025-06-17 20:10:00
22262,9974,가입,2025-02-26 00:00:00
22263,9974,튜토리얼완료,2025-02-27 23:00:00
22264,9975,가입,2025-01-15 00:00:00
22265,9975,튜토리얼완료,2025-01-18 05:00:00
22266,9975,첫결제,2025-01-18 03:29:00
22267,9976,가입,2025-04-02 00:00:00
22268,9976,튜토리얼완료,2025-04-04 05:00:00
22269,9976,첫결제,2025-04-07 17:01:00
22270,9977,가입,2025-01-16 00:00:00
22271,9977,튜토리얼완료,2025-01-19 09:00:00
22272,9978,가입,2025-05-11 00:00:00
22273,9978,튜토리얼완료,2025-05-14 16:00:00
22274,9979,가입,2025-01-04 00:00:00
22275,9979,튜토리얼완료,2025-01-06 21:00:00
22276,9979,첫결제,2025-01-08 11:32:00
22277,9980,가입,2025-01-18 00:00:00
22278,9980,튜토리얼완료,2025-01-20 07:00:00
22279,9980,첫결제,2025-02-01 06:50:00
22280,9981,가입,2025-06-29 00:00:00
22281,9981,튜토리얼완료,2025-07-02 02:00:00
22282,9982,가입,2025-01-26 00:00:00
22283,9982,튜토리얼완료,2025-01-26 09:00:00
22284,9982,첫결제,2025-01-30 23:31:00
22285,9983,가입,2025-01-01 00:00:00
22286,9983,튜토리얼완료,2025-01-02 00:00:00
22287,9984,가입,2025-01-23 00:00:00
22288,9984,튜토리얼완료,2025-01-24 05:00:00
22289,9985,가입,2025-01-28 00:00:00
22290,9985,튜토리얼완료,2025-01-30 12:00:00
22291,9985,첫결제,2025-01-28 22:06:00
22292,9986,가입,2025-01-17 00:00:00
22293,9987,가입,2025-03-17 00:00:00
22294,9987,튜토리얼완료,2025-03-17 04:00:00
22295,9988,가입,2025-02-16 00:00:00
22296,9988,튜토리얼완료,2025-02-19 10:00:00
22297,9988,첫결제,2025-02-22 14:12:00
22298,9989,가입,2025-03-08 00:00:00
22299,9990,가입,2025-03-06 00:00:00
22300,9990,첫결제,2025-03-12 02:06:00
22301,9991,가입,2025-01-01 00:00:00
22302,9991,튜토리얼완료,2025-01-01 14:00:00
22303,9991,첫결제,2025-01-08 22:26:00
22304,9992,가입,2025-01-14 00:00:00
22305,9992,튜토리얼완료,2025-01-14 08:00:00
22306,9992,첫결제,2025-02-03 12:48:00
22307,9993,가입,2025-05-01 00:00:00
22308,9993,첫결제,2025-05-17 13:06:00
22309,9994,가입,2025-05-10 00:00:00
22310,9994,튜토리얼완료,2025-05-12 00:00:00
22311,9994,첫결제,2025-05-14 04:21:00
22312,9995,가입,2025-02-10 00:00:00
22313,9995,튜토리얼완료,2025-02-11 13:00:00
22314,9995,첫결제,2025-02-15 17:29:00
22315,9996,가입,2025-01-29 00:00:00
22316,9996,튜토리얼완료,2025-02-01 05:00:00
22317,9996,첫결제,2025-03-29 06:13:00
22318,9997,가입,2025-02-01 00:00:00
22319,9998,가입,2025-02-02 00:00:00
22320,9998,첫결제,2025-02-11 04:18:00
22321,9999,가입,2025-05-29 00:00:00
22322,9999,튜토리얼완료,2025-05-29 21:00:00
22323,10000,가입,2025-01-02 00:00:00
22324,10000,튜토리얼완료,2025-01-03 08:00:00
