user_id,signup_date,country,platform
1,2025-05-25,TH,iOS
2,2025-05-21,KR,PC
3,2025-05-24,JP,PC
4,2025-01-17,KR,Android
5,2025-01-06,US,PC
6,2025-03-29,KR,iOS
7,2025-03-26,JP,iOS
8,2025-06-29,KR,PC
9,2025-01-05,KR,Android
10,2025-03-04,US,iOS
11,2025-01-05,JP,iOS
12,2025-03-07,KR,iOS
13,2025-04-14,US,iOS
14,2025-01-24,KR,iOS
15,2025-03-15,US,PC
16,2025-01-10,US,iOS
17,2025-01-06,JP,PC
18,2025-01-19,JP,iOS
19,2025-02-24,KR,iOS
20,2025-01-25,KR,PC
21,2025-03-16,US,iOS
22,2025-01-14,KR,iOS
23,2025-04-21,KR,PC
24,2025-03-15,JP,iOS
25,2025-02-09,KR,iOS
26,2025-01-26,KR,PC
27,2025-01-28,TH,Android
28,2025-01-05,KR,Android
29,2025-01-11,KR,iOS
30,2025-02-11,KR,iOS
31,2025-01-24,KR,Android
32,2025-03-17,JP,Android
33,2025-02-12,JP,iOS
34,2025-01-15,US,PC
35,2025-01-28,KR,Android
36,2025-02-08,KR,Android
37,2025-01-21,KR,Android
38,2025-01-20,US,Android
39,2025-02-22,US,Android
40,2025-01-18,KR,iOS
41,2025-03-22,JP,PC
42,2025-03-25,JP,Android
43,2025-03-07,KR,PC
44,2025-01-05,US,PC
45,2025-03-10,US,iOS
46,2025-03-23,KR,Android
47,2025-03-09,KR,Android
48,2025-01-17,US,Android
49,2025-01-20,TW,PC
50,2025-01-10,US,iOS
51,2025-01-22,US,Android
52,2025-01-02,US,PC
53,2025-01-11,KR,PC
54,2025-03-20,KR,iOS
55,2025-06-29,KR,PC
56,2025-02-03,TW,iOS
57,2025-01-18,JP,Android
58,2025-01-24,TW,iOS
59,2025-01-22,KR,Android
60,2025-01-08,KR,iOS
61,2025-03-06,US,iOS
62,2025-03-24,KR,iOS
63,2025-04-01,KR,PC
64,2025-06-29,JP,Android
65,2025-05-07,US,Android
66,2025-04-09,US,Android
67,2025-03-04,KR,Android
68,2025-02-05,KR,iOS
69,2025-01-03,KR,iOS
70,2025-02-27,KR,Android
71,2025-02-07,KR,PC
72,2025-04-01,KR,iOS
73,2025-05-02,TH,Android
74,2025-01-20,KR,PC
75,2025-01-03,KR,PC
76,2025-02-25,KR,iOS
77,2025-06-03,JP,PC
78,2025-02-19,KR,Android
79,2025-05-08,KR,Android
80,2025-02-15,KR,Android
81,2025-03-20,KR,iOS
82,2025-01-18,US,PC
83,2025-01-09,KR,Android
84,2025-01-09,KR,Android
85,2025-01-08,JP,PC
86,2025-01-04,KR,Android
87,2025-04-13,US,iOS
88,2025-01-27,KR,iOS
89,2025-01-24,US,PC
90,2025-02-26,KR,Android
91,2025-01-12,KR,PC
92,2025-04-26,KR,Android
93,2025-03-19,TH,Android
94,2025-01-20,KR,PC
95,2025-01-13,TW,Android
96,2025-02-01,TW,Android
97,2025-01-19,KR,iOS
98,2025-01-05,KR,PC
99,2025-01-31,KR,Android
100,2025-05-16,TH,Android
101,2025-03-02,US,Android
102,2025-06-29,KR,iOS
103,2025-05-03,KR,Android
104,2025-03-09,JP,iOS
105,2025-04-22,KR,iOS
106,2025-02-13,KR,PC
107,2025-03-06,KR,Android
108,2025-01-23,KR,PC
109,2025-01-14,TW,Android
110,2025-05-09,JP,iOS
111,2025-01-09,KR,Android
112,2025-01-12,KR,iOS
113,2025-01-19,JP,Android
114,2025-02-28,KR,PC
115,2025-01-25,KR,Android
116,2025-02-11,KR,Android
117,2025-05-10,US,PC
118,2025-04-03,TH,Android
119,2025-03-12,US,Android
120,2025-01-11,KR,Android
121,2025-03-13,JP,Android
122,2025-01-28,KR,iOS
123,2025-01-08,TW,Android
124,2025-01-24,KR,Android
125,2025-01-05,KR,iOS
126,2025-02-24,KR,PC
127,2025-02-28,KR,iOS
128,2025-01-18,KR,Android
129,2025-01-03,US,PC
130,2025-06-13,JP,iOS
131,2025-02-18,JP,PC
132,2025-03-31,KR,PC
133,2025-01-22,KR,Android
134,2025-04-11,KR,PC
135,2025-04-09,KR,Android
136,2025-01-06,KR,Android
137,2025-06-29,TW,Android
138,2025-02-10,TH,Android
139,2025-03-25,KR,iOS
140,2025-01-15,JP,iOS
141,2025-03-01,US,Android
142,2025-01-18,KR,PC
143,2025-04-07,US,PC
144,2025-01-28,KR,PC
145,2025-02-16,KR,iOS
146,2025-02-01,TH,Android
147,2025-02-15,US,Android
148,2025-01-29,KR,iOS
149,2025-02-06,KR,Android
150,2025-01-02,TH,Android
151,2025-04-06,KR,PC
152,2025-05-31,TW,iOS
153,2025-02-04,TW,PC
154,2025-06-29,KR,PC
155,2025-01-11,US,Android
156,2025-06-17,US,iOS
157,2025-01-22,JP,iOS
158,2025-02-10,KR,PC
159,2025-05-27,KR,iOS
160,2025-01-08,KR,iOS
161,2025-01-12,US,PC
162,2025-03-22,JP,Android
163,2025-02-28,JP,Android
164,2025-01-18,US,iOS
165,2025-01-27,KR,Android
166,2025-02-14,KR,PC
167,2025-04-24,JP,iOS
168,2025-01-22,KR,iOS
169,2025-02-15,JP,iOS
170,2025-01-22,KR,Android
171,2025-01-19,KR,iOS
172,2025-05-09,TW,PC
173,2025-02-03,KR,iOS
174,2025-03-22,KR,iOS
175,2025-01-19,US,PC
176,2025-01-12,US,PC
177,2025-03-10,TH,Android
178,2025-03-27,TW,PC
179,2025-02-27,JP,iOS
180,2025-03-13,KR,Android
181,2025-03-03,KR,iOS
182,2025-03-07,TW,Android
183,2025-05-16,KR,Android
184,2025-06-19,TH,PC
185,2025-02-09,US,iOS
186,2025-01-06,KR,Android
187,2025-03-26,KR,PC
188,2025-02-20,US,Android
189,2025-05-27,KR,iOS
190,2025-03-04,KR,Android
191,2025-01-09,JP,iOS
192,2025-03-04,KR,Android
193,2025-02-04,KR,Android
194,2025-01-07,US,Android
195,2025-01-17,JP,Android
196,2025-06-29,KR,Android
197,2025-01-25,TH,iOS
198,2025-01-16,TW,iOS
199,2025-01-27,KR,Android
200,2025-05-05,KR,PC
201,2025-03-07,JP,Android
202,2025-01-12,KR,iOS
203,2025-01-01,JP,Android
204,2025-01-27,US,Android
205,2025-01-10,KR,Android
206,2025-05-05,US,Android
207,2025-01-07,KR,PC
208,2025-02-11,TW,iOS
209,2025-03-03,KR,Android
210,2025-06-22,TW,Android
211,2025-01-18,KR,Android
212,2025-04-15,JP,iOS
213,2025-02-15,TW,Android
214,2025-04-14,KR,iOS
215,2025-01-22,KR,Android
216,2025-01-20,JP,Android
217,2025-01-16,JP,iOS
218,2025-03-04,KR,PC
219,2025-02-08,KR,PC
220,2025-02-21,JP,Android
221,2025-03-18,KR,PC
222,2025-03-11,US,PC
223,2025-03-04,KR,iOS
224,2025-03-25,KR,Android
225,2025-01-03,JP,Android
226,2025-04-01,KR,Android
227,2025-03-20,TW,PC
228,2025-01-27,US,Android
229,2025-01-15,KR,iOS
230,2025-02-12,KR,Android
231,2025-05-02,KR,Android
232,2025-01-20,JP,Android
233,2025-03-27,US,iOS
234,2025-06-28,JP,iOS
235,2025-01-24,KR,Android
236,2025-06-29,KR,iOS
237,2025-01-04,KR,Android
238,2025-01-03,JP,iOS
239,2025-04-22,KR,Android
240,2025-02-08,KR,iOS
241,2025-02-06,KR,iOS
242,2025-04-28,KR,Android
243,2025-05-29,US,iOS
244,2025-02-19,US,iOS
245,2025-05-07,TH,Android
246,2025-03-02,KR,iOS
247,2025-01-31,US,iOS
248,2025-01-15,KR,Android
249,2025-03-24,JP,Android
250,2025-05-09,US,Android
251,2025-06-10,KR,PC
252,2025-01-19,JP,Android
253,2025-03-03,KR,Android
254,2025-01-31,KR,PC
255,2025-04-13,KR,Android
256,2025-01-14,KR,Android
257,2025-01-04,TW,Android
258,2025-01-22,JP,Android
259,2025-01-05,JP,PC
260,2025-01-29,TW,iOS
261,2025-01-30,JP,PC
262,2025-01-07,KR,Android
263,2025-06-29,KR,Android
264,2025-01-19,KR,Android
265,2025-03-13,TW,iOS
266,2025-01-13,TW,iOS
267,2025-01-31,JP,PC
268,2025-01-06,KR,Android
269,2025-01-08,KR,PC
270,2025-01-01,TW,iOS
271,2025-04-07,KR,iOS
272,2025-01-22,US,iOS
273,2025-02-11,KR,iOS
274,2025-02-22,KR,Android
275,2025-01-11,US,PC
276,2025-06-25,TH,PC
277,2025-02-02,JP,Android
278,2025-01-05,KR,iOS
279,2025-01-07,KR,Android
280,2025-01-30,TW,Android
281,2025-01-08,US,Android
282,2025-01-20,KR,Android
283,2025-02-14,US,iOS
284,2025-01-03,KR,iOS
285,2025-01-22,KR,PC
286,2025-04-05,TW,Android
287,2025-01-05,US,PC
288,2025-02-28,KR,iOS
289,2025-01-04,KR,Android
290,2025-06-10,TH,iOS
291,2025-01-16,US,PC
292,2025-01-15,US,iOS
293,2025-03-07,KR,Android
294,2025-05-16,TH,iOS
295,2025-06-29,TW,iOS
296,2025-03-24,KR,iOS
297,2025-04-14,KR,Android
298,2025-03-07,US,PC
299,2025-01-12,JP,PC
300,2025-03-11,JP,Android
301,2025-01-11,TH,Android
302,2025-03-01,US,Android
303,2025-02-16,KR,iOS
304,2025-01-22,KR,PC
305,2025-02-12,JP,Android
306,2025-02-24,KR,Android
307,2025-01-14,KR,iOS
308,2025-01-26,JP,iOS
309,2025-01-26,KR,Android
310,2025-01-07,JP,PC
311,2025-01-18,KR,Android
312,2025-03-03,KR,Android
313,2025-03-13,KR,Android
314,2025-02-04,US,Android
315,2025-02-05,JP,iOS
316,2025-01-24,KR,iOS
317,2025-03-11,KR,Android
318,2025-01-25,KR,iOS
319,2025-02-27,JP,iOS
320,2025-02-08,TH,Android
321,2025-02-06,JP,iOS
322,2025-06-22,KR,PC
323,2025-05-09,US,PC
324,2025-02-27,KR,PC
325,2025-03-13,KR,PC
326,2025-01-09,KR,iOS
327,2025-01-28,KR,Android
328,2025-03-20,KR,Android
329,2025-03-03,JP,iOS
330,2025-01-15,KR,PC
331,2025-06-29,JP,iOS
332,2025-01-03,TW,Android
333,2025-03-08,US,Android
334,2025-01-06,KR,PC
335,2025-05-28,JP,Android
336,2025-01-06,KR,Android
337,2025-04-04,KR,iOS
338,2025-01-11,KR,Android
339,2025-06-29,JP,Android
340,2025-02-04,JP,Android
341,2025-03-12,JP,Android
342,2025-02-28,US,iOS
343,2025-02-10,KR,iOS
344,2025-03-28,JP,PC
345,2025-02-14,TW,iOS
346,2025-06-14,KR,Android
347,2025-01-04,TH,Android
348,2025-06-29,TW,PC
349,2025-02-19,KR,iOS
350,2025-01-18,KR,iOS
351,2025-02-05,KR,PC
352,2025-03-16,JP,Android
353,2025-03-01,KR,Android
354,2025-05-06,KR,Android
355,2025-05-17,US,Android
356,2025-02-26,TW,PC
357,2025-04-05,JP,Android
358,2025-02-10,JP,PC
359,2025-01-07,KR,PC
360,2025-02-02,KR,Android
361,2025-01-18,US,Android
362,2025-04-29,KR,Android
363,2025-01-14,US,PC
364,2025-03-18,TH,Android
365,2025-05-17,US,iOS
366,2025-01-09,US,PC
367,2025-02-26,US,Android
368,2025-06-06,JP,PC
369,2025-01-31,KR,Android
370,2025-01-30,KR,Android
371,2025-02-09,KR,Android
372,2025-01-13,US,Android
373,2025-01-11,KR,iOS
374,2025-06-29,KR,Android
375,2025-05-25,JP,Android
376,2025-02-05,KR,PC
377,2025-01-20,US,iOS
378,2025-03-22,KR,iOS
379,2025-06-29,KR,Android
380,2025-05-11,KR,iOS
381,2025-01-30,KR,iOS
382,2025-02-09,TH,Android
383,2025-03-07,TH,Android
384,2025-02-15,JP,Android
385,2025-01-20,US,Android
386,2025-01-20,JP,PC
387,2025-03-06,TW,Android
388,2025-06-29,KR,Android
389,2025-01-12,KR,iOS
390,2025-03-13,JP,PC
391,2025-06-07,TH,PC
392,2025-01-01,KR,iOS
393,2025-02-02,KR,Android
394,2025-03-22,KR,Android
395,2025-05-17,KR,Android
396,2025-06-19,JP,Android
397,2025-01-21,KR,iOS
398,2025-01-05,TW,Android
399,2025-01-21,JP,PC
400,2025-02-18,KR,iOS
401,2025-01-16,JP,iOS
402,2025-01-26,JP,iOS
403,2025-03-27,KR,PC
404,2025-01-02,KR,iOS
405,2025-04-17,JP,iOS
406,2025-01-02,KR,Android
407,2025-02-27,KR,Android
408,2025-01-04,KR,Android
409,2025-01-20,KR,PC
410,2025-02-05,US,iOS
411,2025-05-11,KR,Android
412,2025-01-13,US,Android
413,2025-06-29,KR,iOS
414,2025-05-11,JP,PC
415,2025-01-05,KR,Android
416,2025-01-01,TW,iOS
417,2025-01-11,TW,iOS
418,2025-02-28,KR,iOS
419,2025-06-29,US,PC
420,2025-01-22,KR,iOS
421,2025-03-25,JP,PC
422,2025-01-06,US,iOS
423,2025-04-04,KR,PC
424,2025-04-30,KR,PC
425,2025-05-14,KR,iOS
426,2025-05-16,JP,iOS
427,2025-04-09,JP,PC
428,2025-01-06,KR,iOS
429,2025-02-19,KR,iOS
430,2025-01-27,KR,PC
431,2025-01-29,US,PC
432,2025-05-15,KR,Android
433,2025-05-10,KR,PC
434,2025-03-12,TW,Android
435,2025-01-16,KR,Android
436,2025-03-08,JP,iOS
437,2025-01-18,KR,Android
438,2025-03-31,KR,Android
439,2025-01-12,US,Android
440,2025-03-13,KR,PC
441,2025-01-29,KR,Android
442,2025-01-06,TH,Android
443,2025-03-24,TW,Android
444,2025-01-08,JP,iOS
445,2025-06-29,KR,iOS
446,2025-02-09,KR,PC
447,2025-01-22,KR,Android
448,2025-01-12,TW,Android
449,2025-02-13,JP,Android
450,2025-03-25,KR,PC
451,2025-04-17,TH,Android
452,2025-02-22,KR,iOS
453,2025-06-29,US,Android
454,2025-04-04,KR,Android
455,2025-01-11,KR,iOS
456,2025-06-29,TW,Android
457,2025-01-25,TW,iOS
458,2025-06-29,KR,iOS
459,2025-01-19,KR,PC
460,2025-02-01,US,PC
461,2025-03-10,KR,Android
462,2025-01-05,US,iOS
463,2025-06-08,US,PC
464,2025-01-27,KR,Android
465,2025-01-16,KR,PC
466,2025-01-04,KR,iOS
467,2025-01-02,TW,iOS
468,2025-01-02,KR,Android
469,2025-01-23,US,PC
470,2025-01-22,KR,iOS
471,2025-03-03,JP,iOS
472,2025-05-18,KR,Android
473,2025-03-12,KR,PC
474,2025-03-07,JP,Android
475,2025-02-03,JP,PC
476,2025-02-28,KR,Android
477,2025-02-18,KR,PC
478,2025-01-04,TH,Android
479,2025-01-17,KR,iOS
480,2025-01-16,KR,Android
481,2025-01-05,KR,Android
482,2025-01-28,KR,Android
483,2025-01-04,US,iOS
484,2025-04-01,US,Android
485,2025-04-03,KR,PC
486,2025-01-07,US,Android
487,2025-01-06,KR,PC
488,2025-06-29,JP,Android
489,2025-01-19,KR,iOS
490,2025-02-12,KR,iOS
491,2025-02-06,US,Android
492,2025-03-18,KR,iOS
493,2025-03-04,KR,Android
494,2025-05-18,KR,Android
495,2025-01-12,JP,Android
496,2025-03-03,KR,PC
497,2025-01-26,JP,PC
498,2025-02-12,JP,Android
499,2025-06-29,US,iOS
500,2025-02-02,KR,iOS
501,2025-03-12,JP,Android
502,2025-02-08,KR,Android
503,2025-01-12,TW,Android
504,2025-01-02,JP,Android
505,2025-04-04,KR,Android
506,2025-01-06,JP,iOS
507,2025-01-12,KR,iOS
508,2025-02-24,KR,Android
509,2025-01-23,KR,PC
510,2025-02-06,US,Android
511,2025-02-07,JP,Android
512,2025-01-02,TW,Android
513,2025-05-13,KR,Android
514,2025-06-29,US,iOS
515,2025-02-11,US,iOS
516,2025-01-25,US,iOS
517,2025-05-17,KR,iOS
518,2025-02-02,KR,iOS
519,2025-02-28,JP,Android
520,2025-05-05,KR,iOS
521,2025-01-26,KR,iOS
522,2025-04-26,KR,iOS
523,2025-03-10,KR,iOS
524,2025-03-03,KR,iOS
525,2025-04-16,KR,iOS
526,2025-01-01,US,iOS
527,2025-01-23,TH,PC
528,2025-01-14,KR,iOS
529,2025-01-20,KR,iOS
530,2025-01-26,JP,Android
531,2025-01-16,KR,iOS
532,2025-02-05,TH,Android
533,2025-01-22,US,Android
534,2025-02-03,KR,PC
535,2025-02-09,KR,PC
536,2025-01-17,KR,Android
537,2025-02-28,JP,iOS
538,2025-03-12,KR,Android
539,2025-04-04,TW,iOS
540,2025-01-14,JP,Android
541,2025-03-01,TW,iOS
542,2025-03-24,TW,Android
543,2025-01-03,KR,iOS
544,2025-02-04,KR,Android
545,2025-02-27,JP,iOS
546,2025-01-18,KR,Android
547,2025-04-21,KR,Android
548,2025-03-19,KR,Android
549,2025-01-12,KR,iOS
550,2025-02-05,TW,iOS
551,2025-06-29,KR,PC
552,2025-02-17,US,Android
553,2025-03-27,TH,Android
554,2025-05-29,KR,Android
555,2025-02-05,JP,Android
556,2025-01-06,KR,Android
557,2025-01-15,KR,iOS
558,2025-02-09,KR,Android
559,2025-02-05,KR,Android
560,2025-02-18,KR,iOS
561,2025-03-21,KR,Android
562,2025-04-02,KR,iOS
563,2025-03-05,KR,iOS
564,2025-06-21,US,PC
565,2025-06-29,KR,PC
566,2025-03-20,JP,iOS
567,2025-04-27,TW,Android
568,2025-01-31,JP,iOS
569,2025-01-09,US,Android
570,2025-02-20,US,Android
571,2025-06-05,US,Android
572,2025-01-10,TW,Android
573,2025-01-27,TH,Android
574,2025-03-01,KR,PC
575,2025-02-04,US,iOS
576,2025-01-04,JP,iOS
577,2025-06-29,KR,Android
578,2025-02-16,KR,Android
579,2025-01-18,US,iOS
580,2025-01-30,JP,Android
581,2025-01-02,KR,Android
582,2025-02-18,KR,Android
583,2025-04-09,KR,PC
584,2025-02-18,US,Android
585,2025-03-31,TW,Android
586,2025-02-10,TW,Android
587,2025-03-29,KR,iOS
588,2025-02-12,KR,Android
589,2025-03-03,JP,PC
590,2025-04-26,JP,PC
591,2025-06-29,KR,PC
592,2025-02-02,KR,Android
593,2025-06-29,KR,Android
594,2025-01-07,JP,iOS
595,2025-02-24,US,PC
596,2025-02-12,KR,Android
597,2025-02-21,TW,iOS
598,2025-04-21,US,PC
599,2025-01-30,TW,Android
600,2025-06-29,KR,PC
601,2025-02-17,KR,Android
602,2025-03-29,TW,PC
603,2025-02-23,TH,Android
604,2025-02-14,TH,Android
605,2025-02-04,JP,Android
606,2025-01-02,KR,iOS
607,2025-06-29,KR,iOS
608,2025-03-04,KR,PC
609,2025-06-15,TW,PC
610,2025-06-29,KR,PC
611,2025-04-03,JP,iOS
612,2025-01-29,TW,iOS
613,2025-02-08,TH,PC
614,2025-01-06,TW,iOS
615,2025-05-23,US,Android
616,2025-03-12,KR,iOS
617,2025-06-14,TH,PC
618,2025-05-26,KR,Android
619,2025-01-03,KR,iOS
620,2025-04-16,TH,Android
621,2025-01-09,US,iOS
622,2025-01-05,KR,Android
623,2025-03-10,KR,Android
624,2025-02-06,KR,Android
625,2025-04-05,TW,Android
626,2025-06-29,US,iOS
627,2025-02-03,KR,iOS
628,2025-02-25,US,PC
629,2025-01-01,TW,Android
630,2025-01-14,TW,Android
631,2025-03-09,KR,Android
632,2025-01-01,US,PC
633,2025-03-04,KR,Android
634,2025-03-01,KR,iOS
635,2025-01-06,KR,Android
636,2025-06-06,KR,Android
637,2025-03-29,US,Android
638,2025-05-24,KR,PC
639,2025-01-10,KR,Android
640,2025-03-26,KR,PC
641,2025-01-26,KR,Android
642,2025-06-29,JP,Android
643,2025-02-09,KR,Android
644,2025-02-27,KR,Android
645,2025-01-20,TH,iOS
646,2025-02-08,KR,Android
647,2025-03-25,TW,iOS
648,2025-03-05,US,iOS
649,2025-01-01,JP,PC
650,2025-01-03,US,iOS
651,2025-02-06,KR,PC
652,2025-04-01,JP,Android
653,2025-02-26,JP,Android
654,2025-01-13,KR,PC
655,2025-04-08,JP,Android
656,2025-06-29,KR,PC
657,2025-01-25,TW,iOS
658,2025-02-09,JP,Android
659,2025-02-05,KR,Android
660,2025-01-21,TW,Android
661,2025-01-26,TH,Android
662,2025-01-22,JP,Android
663,2025-01-13,KR,iOS
664,2025-01-04,JP,iOS
665,2025-01-21,US,PC
666,2025-05-11,KR,Android
667,2025-01-24,TW,Android
668,2025-01-17,US,Android
669,2025-04-04,TW,PC
670,2025-02-01,US,PC
671,2025-03-27,KR,iOS
672,2025-03-11,TH,PC
673,2025-03-11,US,iOS
674,2025-01-22,KR,Android
675,2025-02-21,KR,PC
676,2025-06-24,KR,iOS
677,2025-03-23,US,iOS
678,2025-03-15,KR,Android
679,2025-02-06,TW,PC
680,2025-03-12,TH,iOS
681,2025-02-13,JP,Android
682,2025-01-11,KR,Android
683,2025-01-22,JP,Android
684,2025-01-11,KR,Android
685,2025-03-07,JP,Android
686,2025-01-07,KR,Android
687,2025-01-06,TW,Android
688,2025-01-13,KR,PC
689,2025-01-29,KR,PC
690,2025-01-11,TH,iOS
691,2025-03-20,KR,Android
692,2025-02-16,TW,Android
693,2025-06-29,TW,iOS
694,2025-06-29,KR,Android
695,2025-02-13,KR,Android
696,2025-02-08,US,iOS
697,2025-01-08,JP,Android
698,2025-04-09,TH,Android
699,2025-06-29,KR,Android
700,2025-02-09,JP,PC
701,2025-04-05,KR,iOS
702,2025-01-02,US,Android
703,2025-06-29,JP,Android
704,2025-01-07,TW,Android
705,2025-04-01,KR,Android
706,2025-01-04,KR,iOS
707,2025-01-21,KR,iOS
708,2025-01-25,KR,Android
709,2025-03-05,KR,iOS
710,2025-01-04,TW,PC
711,2025-01-27,KR,Android
712,2025-01-15,KR,iOS
713,2025-01-08,JP,Android
714,2025-04-12,KR,PC
715,2025-01-29,KR,iOS
716,2025-01-06,TW,Android
717,2025-02-04,KR,iOS
718,2025-01-12,KR,PC
719,2025-01-01,US,Android
720,2025-01-07,KR,Android
721,2025-03-13,KR,Android
722,2025-01-01,KR,Android
723,2025-01-29,KR,Android
724,2025-02-12,TW,iOS
725,2025-01-18,KR,iOS
726,2025-02-18,KR,iOS
727,2025-04-20,KR,Android
728,2025-02-07,TH,PC
729,2025-02-05,KR,iOS
730,2025-01-10,TW,PC
731,2025-02-07,KR,PC
732,2025-05-20,TH,iOS
733,2025-02-04,KR,iOS
734,2025-02-13,KR,Android
735,2025-06-22,KR,iOS
736,2025-01-24,KR,Android
737,2025-01-03,JP,Android
738,2025-05-07,US,Android
739,2025-02-11,US,Android
740,2025-01-09,KR,iOS
741,2025-01-06,JP,PC
742,2025-02-10,KR,Android
743,2025-04-05,TH,iOS
744,2025-01-02,JP,Android
745,2025-01-05,US,iOS
746,2025-01-07,TW,PC
747,2025-01-11,US,Android
748,2025-03-01,US,PC
749,2025-01-04,KR,PC
750,2025-04-25,US,Android
751,2025-06-01,KR,Android
752,2025-06-29,KR,Android
753,2025-01-01,JP,iOS
754,2025-01-13,KR,PC
755,2025-02-14,US,Android
756,2025-01-05,KR,PC
757,2025-06-29,KR,Android
758,2025-06-29,TW,iOS
759,2025-02-11,KR,Android
760,2025-04-30,US,iOS
761,2025-05-05,US,iOS
762,2025-02-15,TW,Android
763,2025-01-30,KR,iOS
764,2025-05-01,JP,PC
765,2025-02-05,KR,Android
766,2025-05-29,KR,Android
767,2025-03-02,KR,iOS
768,2025-02-11,KR,iOS
769,2025-01-31,KR,Android
770,2025-01-21,KR,iOS
771,2025-01-14,KR,Android
772,2025-01-01,US,Android
773,2025-01-19,KR,iOS
774,2025-01-02,KR,Android
775,2025-01-16,KR,iOS
776,2025-06-29,KR,iOS
777,2025-05-29,US,Android
778,2025-05-25,TW,iOS
779,2025-01-25,US,iOS
780,2025-06-29,US,Android
781,2025-03-10,KR,Android
782,2025-01-03,TH,PC
783,2025-01-16,KR,PC
784,2025-03-06,KR,Android
785,2025-01-11,KR,Android
786,2025-01-08,KR,Android
787,2025-03-27,JP,iOS
788,2025-01-01,KR,PC
789,2025-01-03,KR,Android
790,2025-04-28,KR,iOS
791,2025-01-21,TH,Android
792,2025-06-11,JP,Android
793,2025-04-03,TW,Android
794,2025-03-10,TW,iOS
795,2025-01-26,TW,PC
796,2025-01-11,KR,iOS
797,2025-01-05,KR,PC
798,2025-03-28,KR,Android
799,2025-01-07,KR,PC
800,2025-01-13,JP,PC
801,2025-02-16,KR,Android
802,2025-01-03,KR,PC
803,2025-03-06,US,iOS
804,2025-01-05,KR,iOS
805,2025-01-13,KR,Android
806,2025-01-05,KR,Android
807,2025-05-21,US,iOS
808,2025-06-29,KR,Android
809,2025-03-20,KR,PC
810,2025-03-12,KR,PC
811,2025-01-18,JP,iOS
812,2025-03-09,KR,Android
813,2025-03-12,KR,iOS
814,2025-03-27,TW,iOS
815,2025-04-07,TW,PC
816,2025-04-10,KR,PC
817,2025-01-02,KR,iOS
818,2025-03-12,KR,iOS
819,2025-02-28,JP,Android
820,2025-05-04,KR,Android
821,2025-01-08,TW,iOS
822,2025-03-09,JP,iOS
823,2025-02-08,US,Android
824,2025-02-09,KR,iOS
825,2025-01-10,TW,PC
826,2025-03-28,JP,Android
827,2025-02-12,JP,Android
828,2025-01-07,KR,Android
829,2025-06-29,JP,PC
830,2025-02-26,JP,iOS
831,2025-01-31,TH,PC
832,2025-06-29,US,iOS
833,2025-04-22,KR,PC
834,2025-04-03,KR,iOS
835,2025-01-05,JP,PC
836,2025-03-09,TW,iOS
837,2025-05-12,US,PC
838,2025-02-11,KR,Android
839,2025-03-29,KR,iOS
840,2025-01-20,US,Android
841,2025-01-09,TW,iOS
842,2025-05-10,KR,Android
843,2025-02-02,KR,iOS
844,2025-02-12,TW,Android
845,2025-01-22,KR,PC
846,2025-02-11,KR,Android
847,2025-01-21,KR,Android
848,2025-01-04,KR,PC
849,2025-04-30,KR,Android
850,2025-01-12,US,iOS
851,2025-01-24,US,Android
852,2025-04-27,US,iOS
853,2025-03-07,US,Android
854,2025-02-22,KR,iOS
855,2025-05-11,KR,PC
856,2025-01-11,KR,Android
857,2025-02-10,KR,Android
858,2025-02-07,JP,iOS
859,2025-06-29,KR,iOS
860,2025-04-14,US,Android
861,2025-01-14,KR,Android
862,2025-01-11,KR,PC
863,2025-01-28,KR,Android
864,2025-01-14,KR,iOS
865,2025-01-29,US,Android
866,2025-01-07,JP,Android
867,2025-02-23,KR,iOS
868,2025-01-14,US,Android
869,2025-01-15,JP,iOS
870,2025-06-29,KR,iOS
871,2025-04-12,KR,iOS
872,2025-05-09,KR,Android
873,2025-01-04,KR,Android
874,2025-01-19,TW,iOS
875,2025-01-29,KR,Android
876,2025-04-15,KR,Android
877,2025-02-26,JP,Android
878,2025-01-01,KR,iOS
879,2025-01-21,US,iOS
880,2025-04-12,KR,iOS
881,2025-06-29,KR,PC
882,2025-01-26,KR,PC
883,2025-02-07,KR,iOS
884,2025-02-25,KR,Android
885,2025-02-07,JP,iOS
886,2025-04-10,US,iOS
887,2025-05-13,JP,iOS
888,2025-01-13,KR,iOS
889,2025-02-17,TH,iOS
890,2025-01-07,KR,iOS
891,2025-01-11,JP,Android
892,2025-02-08,JP,Android
893,2025-01-23,US,Android
894,2025-01-06,KR,Android
895,2025-02-14,JP,Android
896,2025-03-22,JP,Android
897,2025-03-20,KR,PC
898,2025-01-23,JP,iOS
899,2025-02-16,KR,Android
900,2025-01-14,KR,iOS
901,2025-01-16,US,Android
902,2025-01-24,JP,Android
903,2025-06-20,KR,Android
904,2025-02-02,KR,PC
905,2025-02-22,KR,Android
906,2025-02-15,KR,iOS
907,2025-03-24,KR,Android
908,2025-06-25,KR,iOS
909,2025-01-26,JP,Android
910,2025-03-20,KR,PC
911,2025-01-25,KR,Android
912,2025-05-05,KR,Android
913,2025-01-09,KR,iOS
914,2025-01-09,KR,iOS
915,2025-02-14,KR,PC
916,2025-01-06,KR,iOS
917,2025-01-20,KR,iOS
918,2025-02-16,US,Android
919,2025-01-19,TW,Android
920,2025-06-08,KR,iOS
921,2025-02-16,KR,iOS
922,2025-02-08,KR,Android
923,2025-02-14,KR,Android
924,2025-03-18,US,Android
925,2025-01-22,US,iOS
926,2025-03-26,KR,PC
927,2025-06-02,KR,iOS
928,2025-05-03,KR,iOS
929,2025-02-13,KR,PC
930,2025-01-15,TH,PC
931,2025-01-20,KR,iOS
932,2025-04-07,KR,Android
933,2025-02-25,KR,PC
934,2025-01-24,KR,iOS
935,2025-01-02,KR,iOS
936,2025-04-29,KR,Android
937,2025-01-10,KR,PC
938,2025-02-05,KR,Android
939,2025-01-19,US,Android
940,2025-01-26,KR,PC
941,2025-01-05,KR,iOS
942,2025-01-20,TW,Android
943,2025-05-31,KR,iOS
944,2025-02-06,TH,Android
945,2025-02-05,TW,Android
946,2025-02-23,KR,iOS
947,2025-01-27,KR,Android
948,2025-01-24,JP,PC
949,2025-01-02,KR,Android
950,2025-04-04,KR,iOS
951,2025-03-14,US,iOS
952,2025-01-31,KR,Android
953,2025-02-28,TW,Android
954,2025-01-31,JP,Android
955,2025-01-08,TW,iOS
956,2025-01-10,JP,Android
957,2025-06-29,US,iOS
958,2025-03-18,KR,iOS
959,2025-01-27,TH,Android
960,2025-03-27,TH,Android
961,2025-02-13,JP,PC
962,2025-04-03,JP,Android
963,2025-03-07,US,iOS
964,2025-03-26,KR,PC
965,2025-01-01,TW,iOS
966,2025-06-29,KR,PC
967,2025-01-03,KR,iOS
968,2025-01-30,KR,PC
969,2025-01-08,US,PC
970,2025-01-13,US,PC
971,2025-02-01,KR,iOS
972,2025-01-27,KR,PC
973,2025-06-23,KR,Android
974,2025-01-30,KR,iOS
975,2025-06-29,KR,Android
976,2025-02-22,US,Android
977,2025-01-30,KR,PC
978,2025-02-24,KR,Android
979,2025-02-21,KR,Android
980,2025-01-18,KR,Android
981,2025-01-18,TW,iOS
982,2025-05-18,KR,Android
983,2025-01-05,KR,Android
984,2025-02-13,US,Android
985,2025-06-29,KR,Android
986,2025-01-23,JP,Android
987,2025-04-11,TH,Android
988,2025-01-23,US,Android
989,2025-06-29,TH,iOS
990,2025-01-10,KR,PC
991,2025-02-01,KR,PC
992,2025-02-13,KR,PC
993,2025-03-24,KR,PC
994,2025-02-21,KR,Android
995,2025-04-03,KR,Android
996,2025-01-10,KR,PC
997,2025-04-06,KR,iOS
998,2025-05-28,US,PC
999,2025-03-28,KR,iOS
1000,2025-01-24,KR,PC
1001,2025-01-14,KR,Android
1002,2025-01-20,US,PC
1003,2025-01-08,KR,Android
1004,2025-03-07,JP,Android
1005,2025-02-17,KR,PC
1006,2025-02-17,KR,Android
1007,2025-02-28,TH,iOS
1008,2025-05-18,KR,iOS
1009,2025-01-05,KR,Android
1010,2025-01-31,KR,Android
1011,2025-01-15,KR,Android
1012,2025-03-16,KR,iOS
1013,2025-05-08,KR,iOS
1014,2025-01-21,KR,PC
1015,2025-02-07,TW,Android
1016,2025-01-03,KR,iOS
1017,2025-02-08,KR,iOS
1018,2025-01-23,JP,iOS
1019,2025-02-28,KR,PC
1020,2025-02-10,TW,Android
1021,2025-04-07,KR,Android
1022,2025-02-03,US,Android
1023,2025-02-08,TW,PC
1024,2025-04-23,KR,iOS
1025,2025-02-04,JP,iOS
1026,2025-03-01,US,Android
1027,2025-01-16,JP,PC
1028,2025-03-27,KR,Android
1029,2025-03-03,KR,Android
1030,2025-03-06,KR,PC
1031,2025-03-09,TH,iOS
1032,2025-02-26,KR,Android
1033,2025-01-05,KR,Android
1034,2025-01-23,TW,PC
1035,2025-05-06,KR,iOS
1036,2025-04-16,US,Android
1037,2025-04-14,KR,PC
1038,2025-06-26,US,Android
1039,2025-02-20,KR,Android
1040,2025-02-16,KR,iOS
1041,2025-02-11,KR,iOS
1042,2025-01-05,KR,Android
1043,2025-02-14,KR,iOS
1044,2025-03-21,KR,PC
1045,2025-01-20,JP,Android
1046,2025-05-15,KR,PC
1047,2025-03-02,KR,iOS
1048,2025-03-13,KR,iOS
1049,2025-02-26,KR,Android
1050,2025-04-13,JP,iOS
1051,2025-02-07,KR,iOS
1052,2025-02-16,TW,Android
1053,2025-01-17,US,iOS
1054,2025-02-13,JP,iOS
1055,2025-01-17,JP,iOS
1056,2025-04-19,KR,PC
1057,2025-02-21,TH,iOS
1058,2025-02-20,JP,Android
1059,2025-04-07,US,Android
1060,2025-01-15,KR,Android
1061,2025-01-16,KR,Android
1062,2025-06-29,US,iOS
1063,2025-02-25,KR,iOS
1064,2025-02-20,US,Android
1065,2025-01-01,KR,PC
1066,2025-01-30,KR,Android
1067,2025-05-19,KR,Android
1068,2025-04-11,KR,PC
1069,2025-01-31,KR,Android
1070,2025-03-05,JP,Android
1071,2025-01-28,US,Android
1072,2025-02-06,TW,PC
1073,2025-01-27,JP,Android
1074,2025-01-15,JP,Android
1075,2025-02-17,KR,Android
1076,2025-02-10,JP,Android
1077,2025-06-29,TW,PC
1078,2025-01-07,JP,PC
1079,2025-02-05,KR,Android
1080,2025-03-28,US,iOS
1081,2025-02-13,KR,Android
1082,2025-06-09,KR,iOS
1083,2025-01-30,US,Android
1084,2025-01-10,JP,iOS
1085,2025-05-10,KR,PC
1086,2025-01-05,KR,PC
1087,2025-02-03,TW,iOS
1088,2025-01-26,KR,Android
1089,2025-02-25,KR,PC
1090,2025-03-19,JP,iOS
1091,2025-02-08,JP,iOS
1092,2025-04-24,KR,Android
1093,2025-01-03,KR,PC
1094,2025-01-24,KR,Android
1095,2025-02-22,KR,iOS
1096,2025-01-29,JP,iOS
1097,2025-01-10,JP,Android
1098,2025-01-14,KR,iOS
1099,2025-01-31,KR,Android
1100,2025-01-26,KR,iOS
1101,2025-03-20,KR,Android
1102,2025-03-13,KR,Android
1103,2025-03-09,KR,PC
1104,2025-02-28,JP,iOS
1105,2025-03-25,KR,Android
1106,2025-06-27,US,Android
1107,2025-01-21,KR,Android
1108,2025-05-10,JP,iOS
1109,2025-01-01,TH,iOS
1110,2025-06-29,KR,Android
1111,2025-01-07,KR,Android
1112,2025-01-08,JP,PC
1113,2025-02-04,KR,PC
1114,2025-01-10,KR,Android
1115,2025-01-01,KR,PC
1116,2025-01-01,TW,Android
1117,2025-01-21,KR,iOS
1118,2025-04-15,KR,iOS
1119,2025-01-08,KR,PC
1120,2025-02-25,US,Android
1121,2025-04-14,KR,PC
1122,2025-01-14,TW,iOS
1123,2025-01-21,JP,iOS
1124,2025-06-29,KR,Android
1125,2025-03-14,KR,PC
1126,2025-02-13,JP,PC
1127,2025-04-22,JP,iOS
1128,2025-01-07,KR,Android
1129,2025-04-03,KR,Android
1130,2025-03-24,KR,PC
1131,2025-01-28,KR,iOS
1132,2025-01-22,KR,Android
1133,2025-02-19,KR,iOS
1134,2025-03-29,KR,Android
1135,2025-04-07,TW,iOS
1136,2025-05-16,JP,PC
1137,2025-01-13,JP,iOS
1138,2025-01-17,US,Android
1139,2025-03-23,US,Android
1140,2025-01-13,KR,iOS
1141,2025-01-01,US,iOS
1142,2025-01-15,KR,Android
1143,2025-01-22,KR,Android
1144,2025-01-22,TH,Android
1145,2025-03-09,TW,Android
1146,2025-03-02,KR,iOS
1147,2025-02-05,JP,PC
1148,2025-03-19,KR,iOS
1149,2025-02-10,KR,Android
1150,2025-03-04,KR,PC
1151,2025-06-29,KR,PC
1152,2025-03-26,US,iOS
1153,2025-01-19,KR,iOS
1154,2025-01-11,KR,Android
1155,2025-06-20,TH,iOS
1156,2025-03-06,KR,Android
1157,2025-04-18,KR,Android
1158,2025-02-22,KR,iOS
1159,2025-02-22,KR,Android
1160,2025-06-29,KR,Android
1161,2025-05-29,US,Android
1162,2025-01-04,TW,Android
1163,2025-01-12,KR,iOS
1164,2025-01-27,KR,Android
1165,2025-01-26,KR,Android
1166,2025-01-12,TW,Android
1167,2025-03-08,KR,PC
1168,2025-02-03,KR,PC
1169,2025-05-11,TH,Android
1170,2025-01-27,US,PC
1171,2025-02-14,KR,iOS
1172,2025-02-02,KR,Android
1173,2025-03-05,KR,Android
1174,2025-01-18,TH,Android
1175,2025-04-17,KR,Android
1176,2025-06-29,KR,iOS
1177,2025-01-05,US,PC
1178,2025-01-01,KR,PC
1179,2025-02-01,KR,PC
1180,2025-02-16,TW,Android
1181,2025-03-19,KR,PC
1182,2025-02-02,TW,Android
1183,2025-02-07,JP,Android
1184,2025-02-25,KR,Android
1185,2025-01-31,JP,PC
1186,2025-06-29,JP,Android
1187,2025-01-05,US,Android
1188,2025-01-08,US,PC
1189,2025-02-14,KR,iOS
1190,2025-01-19,KR,Android
1191,2025-04-14,JP,iOS
1192,2025-01-26,KR,Android
1193,2025-01-14,KR,iOS
1194,2025-01-11,KR,iOS
1195,2025-02-28,KR,Android
1196,2025-01-11,JP,iOS
1197,2025-02-03,JP,iOS
1198,2025-03-10,JP,Android
1199,2025-03-19,KR,iOS
1200,2025-01-29,KR,iOS
1201,2025-01-03,JP,iOS
1202,2025-01-28,KR,iOS
1203,2025-02-02,US,iOS
1204,2025-02-07,US,PC
1205,2025-01-17,KR,Android
1206,2025-06-29,KR,Android
1207,2025-03-25,US,Android
1208,2025-01-06,KR,iOS
1209,2025-01-06,TW,Android
1210,2025-02-05,US,PC
1211,2025-04-07,KR,iOS
1212,2025-01-06,JP,iOS
1213,2025-04-07,KR,Android
1214,2025-03-06,KR,iOS
1215,2025-04-11,TH,iOS
1216,2025-04-14,JP,Android
1217,2025-03-25,US,Android
1218,2025-02-26,JP,iOS
1219,2025-05-06,KR,PC
1220,2025-03-02,KR,iOS
1221,2025-02-21,KR,iOS
1222,2025-02-15,KR,Android
1223,2025-03-26,KR,Android
1224,2025-01-21,KR,Android
1225,2025-06-29,JP,Android
1226,2025-04-07,KR,Android
1227,2025-01-11,US,PC
1228,2025-03-18,JP,Android
1229,2025-03-21,TH,Android
1230,2025-01-08,KR,Android
1231,2025-02-03,TW,iOS
1232,2025-01-21,JP,Android
1233,2025-01-13,KR,iOS
1234,2025-01-18,KR,Android
1235,2025-03-24,KR,Android
1236,2025-02-12,US,Android
1237,2025-01-21,US,iOS
1238,2025-01-14,KR,Android
1239,2025-04-19,JP,PC
1240,2025-02-06,KR,PC
1241,2025-03-14,KR,Android
1242,2025-02-03,TW,iOS
1243,2025-01-18,TH,Android
1244,2025-03-26,JP,Android
1245,2025-02-13,KR,iOS
1246,2025-03-04,KR,PC
1247,2025-04-24,KR,Android
1248,2025-06-04,KR,Android
1249,2025-03-18,KR,Android
1250,2025-02-28,TW,iOS
1251,2025-04-06,US,Android
1252,2025-01-20,KR,Android
1253,2025-01-24,KR,iOS
1254,2025-03-20,KR,Android
1255,2025-01-24,KR,Android
1256,2025-01-23,JP,Android
1257,2025-05-08,KR,PC
1258,2025-04-12,JP,Android
1259,2025-01-24,KR,Android
1260,2025-02-06,KR,PC
1261,2025-04-15,TH,Android
1262,2025-01-06,KR,Android
1263,2025-03-18,KR,PC
1264,2025-01-12,US,Android
1265,2025-04-28,KR,PC
1266,2025-02-08,KR,Android
1267,2025-01-11,KR,Android
1268,2025-01-01,KR,iOS
1269,2025-01-02,KR,iOS
1270,2025-01-24,KR,Android
1271,2025-04-03,JP,iOS
1272,2025-01-03,TW,Android
1273,2025-03-22,KR,iOS
1274,2025-05-15,KR,iOS
1275,2025-01-26,KR,Android
1276,2025-03-22,KR,Android
1277,2025-01-01,KR,iOS
1278,2025-01-08,JP,Android
1279,2025-01-18,KR,iOS
1280,2025-02-03,KR,iOS
1281,2025-03-16,US,PC
1282,2025-04-15,JP,PC
1283,2025-01-29,KR,Android
1284,2025-02-13,KR,Android
1285,2025-06-29,TH,PC
1286,2025-02-17,KR,Android
1287,2025-02-01,US,iOS
1288,2025-04-14,US,iOS
1289,2025-06-29,KR,iOS
1290,2025-02-02,KR,Android
1291,2025-03-08,KR,Android
1292,2025-05-28,KR,iOS
1293,2025-01-27,KR,iOS
1294,2025-02-05,JP,iOS
1295,2025-02-16,JP,Android
1296,2025-02-21,TW,PC
1297,2025-03-22,TH,Android
1298,2025-03-14,JP,Android
1299,2025-02-02,KR,iOS
1300,2025-06-04,KR,Android
1301,2025-02-04,US,Android
1302,2025-01-17,US,iOS
1303,2025-02-28,KR,Android
1304,2025-04-21,US,PC
1305,2025-01-19,KR,iOS
1306,2025-02-23,KR,Android
1307,2025-01-24,JP,PC
1308,2025-01-02,KR,Android
1309,2025-01-17,KR,Android
1310,2025-03-12,US,iOS
1311,2025-03-26,US,PC
1312,2025-01-16,KR,iOS
1313,2025-03-01,US,iOS
1314,2025-02-03,KR,iOS
1315,2025-02-25,US,Android
1316,2025-01-03,KR,Android
1317,2025-01-10,TH,PC
1318,2025-01-14,JP,Android
1319,2025-01-21,KR,PC
1320,2025-02-02,KR,Android
1321,2025-02-04,KR,Android
1322,2025-02-03,JP,iOS
1323,2025-01-09,US,iOS
1324,2025-06-23,JP,Android
1325,2025-01-26,TW,Android
1326,2025-02-18,KR,iOS
1327,2025-04-30,US,Android
1328,2025-01-09,KR,Android
1329,2025-02-20,US,Android
1330,2025-01-30,KR,iOS
1331,2025-04-11,JP,iOS
1332,2025-02-09,KR,iOS
1333,2025-01-26,KR,PC
1334,2025-01-01,KR,PC
1335,2025-06-12,TW,iOS
1336,2025-01-07,KR,iOS
1337,2025-02-28,KR,Android
1338,2025-01-23,KR,iOS
1339,2025-06-29,KR,PC
1340,2025-01-10,TW,Android
1341,2025-06-12,TH,PC
1342,2025-06-29,JP,iOS
1343,2025-01-19,JP,PC
1344,2025-01-07,KR,Android
1345,2025-03-05,KR,Android
1346,2025-01-19,US,PC
1347,2025-01-24,US,Android
1348,2025-03-23,KR,iOS
1349,2025-05-08,JP,Android
1350,2025-02-25,KR,PC
1351,2025-04-09,KR,PC
1352,2025-01-08,KR,Android
1353,2025-05-31,JP,Android
1354,2025-01-09,JP,iOS
1355,2025-01-08,KR,iOS
1356,2025-01-19,JP,Android
1357,2025-02-14,JP,Android
1358,2025-01-11,KR,iOS
1359,2025-06-04,JP,Android
1360,2025-01-16,KR,Android
1361,2025-05-09,KR,Android
1362,2025-05-30,KR,iOS
1363,2025-02-04,KR,iOS
1364,2025-05-15,KR,Android
1365,2025-04-10,KR,PC
1366,2025-02-01,KR,iOS
1367,2025-04-11,US,PC
1368,2025-03-11,US,Android
1369,2025-01-20,KR,PC
1370,2025-06-29,KR,Android
1371,2025-02-28,KR,Android
1372,2025-04-23,JP,Android
1373,2025-02-03,TW,Android
1374,2025-03-06,KR,iOS
1375,2025-01-18,JP,Android
1376,2025-01-23,US,Android
1377,2025-03-28,TH,Android
1378,2025-05-03,KR,PC
1379,2025-06-29,KR,Android
1380,2025-02-11,US,iOS
1381,2025-01-02,KR,PC
1382,2025-01-12,KR,iOS
1383,2025-01-12,KR,iOS
1384,2025-06-29,KR,PC
1385,2025-01-23,US,PC
1386,2025-01-24,JP,Android
1387,2025-06-12,KR,Android
1388,2025-02-17,TW,Android
1389,2025-01-26,KR,PC
1390,2025-01-02,TH,PC
1391,2025-01-06,KR,iOS
1392,2025-01-15,JP,PC
1393,2025-01-17,TW,Android
1394,2025-02-06,JP,iOS
1395,2025-02-24,JP,iOS
1396,2025-01-17,KR,iOS
1397,2025-02-22,JP,PC
1398,2025-02-03,US,Android
1399,2025-04-17,KR,Android
1400,2025-02-15,TH,iOS
1401,2025-02-11,KR,Android
1402,2025-01-29,KR,Android
1403,2025-02-10,TW,PC
1404,2025-01-22,KR,Android
1405,2025-01-18,KR,Android
1406,2025-02-21,KR,Android
1407,2025-01-25,JP,Android
1408,2025-01-24,TW,PC
1409,2025-06-29,KR,Android
1410,2025-03-11,US,PC
1411,2025-01-31,US,iOS
1412,2025-03-08,US,Android
1413,2025-04-18,US,PC
1414,2025-06-29,TH,PC
1415,2025-02-20,KR,Android
1416,2025-01-04,KR,Android
1417,2025-02-12,US,PC
1418,2025-01-06,KR,iOS
1419,2025-06-29,KR,PC
1420,2025-01-10,KR,iOS
1421,2025-01-05,KR,iOS
1422,2025-05-19,TW,Android
1423,2025-02-04,KR,Android
1424,2025-02-13,US,Android
1425,2025-02-05,JP,iOS
1426,2025-06-09,KR,PC
1427,2025-02-22,KR,Android
1428,2025-02-08,KR,PC
1429,2025-01-07,KR,iOS
1430,2025-06-25,KR,Android
1431,2025-01-16,US,iOS
1432,2025-06-15,KR,Android
1433,2025-01-03,KR,iOS
1434,2025-05-03,KR,iOS
1435,2025-02-03,KR,Android
1436,2025-06-29,KR,Android
1437,2025-04-17,TW,Android
1438,2025-01-08,KR,Android
1439,2025-01-09,KR,Android
1440,2025-01-24,US,Android
1441,2025-06-29,US,Android
1442,2025-02-23,US,PC
1443,2025-02-23,KR,PC
1444,2025-04-17,US,iOS
1445,2025-03-15,KR,Android
1446,2025-03-13,JP,PC
1447,2025-04-26,KR,PC
1448,2025-02-20,JP,Android
1449,2025-03-21,US,Android
1450,2025-01-30,US,Android
1451,2025-02-15,KR,PC
1452,2025-02-28,US,Android
1453,2025-01-31,JP,iOS
1454,2025-04-14,KR,PC
1455,2025-05-23,KR,Android
1456,2025-01-12,KR,iOS
1457,2025-04-21,KR,iOS
1458,2025-01-05,JP,Android
1459,2025-01-15,KR,Android
1460,2025-02-20,JP,Android
1461,2025-04-26,JP,iOS
1462,2025-06-29,US,iOS
1463,2025-03-04,US,Android
1464,2025-01-04,US,iOS
1465,2025-04-02,KR,Android
1466,2025-01-14,KR,Android
1467,2025-01-16,JP,iOS
1468,2025-01-06,TH,Android
1469,2025-02-09,KR,iOS
1470,2025-01-25,TW,Android
1471,2025-05-03,TH,Android
1472,2025-03-17,KR,Android
1473,2025-01-27,JP,PC
1474,2025-01-22,US,iOS
1475,2025-02-13,KR,PC
1476,2025-01-18,KR,iOS
1477,2025-01-04,KR,PC
1478,2025-01-27,JP,iOS
1479,2025-01-18,KR,Android
1480,2025-03-20,JP,iOS
1481,2025-03-05,US,Android
1482,2025-01-16,US,iOS
1483,2025-04-30,KR,iOS
1484,2025-02-19,KR,iOS
1485,2025-06-29,KR,iOS
1486,2025-03-31,KR,Android
1487,2025-05-20,KR,Android
1488,2025-06-29,KR,iOS
1489,2025-01-31,KR,PC
1490,2025-03-08,US,Android
1491,2025-01-11,KR,iOS
1492,2025-01-17,KR,Android
1493,2025-01-14,TW,Android
1494,2025-02-07,KR,Android
1495,2025-03-16,TW,PC
1496,2025-02-20,US,Android
1497,2025-01-02,KR,PC
1498,2025-01-15,TW,Android
1499,2025-03-16,TW,PC
1500,2025-03-02,US,Android
1501,2025-01-20,KR,Android
1502,2025-01-22,KR,Android
1503,2025-04-01,KR,Android
1504,2025-02-13,JP,iOS
1505,2025-02-24,KR,iOS
1506,2025-02-04,KR,iOS
1507,2025-03-23,KR,iOS
1508,2025-05-14,KR,PC
1509,2025-06-29,KR,Android
1510,2025-03-09,KR,iOS
1511,2025-02-01,TW,Android
1512,2025-01-10,KR,iOS
1513,2025-01-03,KR,PC
1514,2025-06-29,KR,PC
1515,2025-03-23,KR,iOS
1516,2025-01-30,US,Android
1517,2025-02-27,KR,PC
1518,2025-04-24,TH,Android
1519,2025-06-29,TH,PC
1520,2025-01-14,JP,Android
1521,2025-02-24,JP,iOS
1522,2025-04-06,KR,Android
1523,2025-06-29,US,iOS
1524,2025-03-27,KR,PC
1525,2025-02-28,JP,Android
1526,2025-03-11,KR,iOS
1527,2025-01-22,KR,Android
1528,2025-03-10,KR,Android
1529,2025-04-29,US,PC
1530,2025-01-19,US,Android
1531,2025-06-11,KR,Android
1532,2025-01-07,KR,iOS
1533,2025-01-30,KR,PC
1534,2025-01-11,JP,Android
1535,2025-01-06,KR,iOS
1536,2025-06-29,KR,Android
1537,2025-01-20,US,Android
1538,2025-02-13,US,Android
1539,2025-02-28,JP,iOS
1540,2025-01-09,US,Android
1541,2025-01-21,TW,PC
1542,2025-01-20,KR,iOS
1543,2025-01-23,KR,iOS
1544,2025-02-09,TH,PC
1545,2025-01-25,KR,Android
1546,2025-04-12,JP,Android
1547,2025-02-13,KR,PC
1548,2025-02-01,KR,iOS
1549,2025-01-16,KR,PC
1550,2025-03-28,US,Android
1551,2025-01-30,JP,iOS
1552,2025-01-30,KR,PC
1553,2025-06-29,KR,Android
1554,2025-01-04,KR,iOS
1555,2025-02-01,KR,PC
1556,2025-02-25,KR,PC
1557,2025-03-24,TH,PC
1558,2025-03-21,KR,iOS
1559,2025-01-20,KR,iOS
1560,2025-01-01,KR,Android
1561,2025-03-08,KR,PC
1562,2025-02-23,KR,iOS
1563,2025-01-06,JP,Android
1564,2025-02-12,US,iOS
1565,2025-01-13,JP,Android
1566,2025-01-08,KR,Android
1567,2025-02-21,US,iOS
1568,2025-03-09,TW,Android
1569,2025-02-28,TW,Android
1570,2025-01-23,TW,Android
1571,2025-02-25,KR,PC
1572,2025-02-06,TH,iOS
1573,2025-02-13,JP,iOS
1574,2025-03-18,JP,Android
1575,2025-02-24,US,Android
1576,2025-03-01,TH,iOS
1577,2025-04-09,KR,PC
1578,2025-01-28,JP,iOS
1579,2025-02-14,US,iOS
1580,2025-03-04,JP,PC
1581,2025-04-17,JP,PC
1582,2025-01-18,KR,Android
1583,2025-03-30,KR,iOS
1584,2025-01-20,KR,Android
1585,2025-01-24,JP,iOS
1586,2025-02-03,JP,Android
1587,2025-01-07,JP,Android
1588,2025-05-10,JP,Android
1589,2025-04-29,US,Android
1590,2025-06-29,KR,Android
1591,2025-02-24,US,iOS
1592,2025-03-10,TW,iOS
1593,2025-01-22,US,PC
1594,2025-01-02,TW,iOS
1595,2025-03-21,TH,iOS
1596,2025-01-14,KR,iOS
1597,2025-01-18,JP,Android
1598,2025-06-29,KR,Android
1599,2025-01-10,KR,Android
1600,2025-01-06,KR,Android
1601,2025-01-05,KR,Android
1602,2025-03-06,KR,iOS
1603,2025-01-27,US,PC
1604,2025-01-25,KR,PC
1605,2025-02-17,KR,Android
1606,2025-01-07,KR,Android
1607,2025-01-09,KR,Android
1608,2025-05-30,TW,iOS
1609,2025-05-08,KR,iOS
1610,2025-02-19,KR,PC
1611,2025-05-28,TH,iOS
1612,2025-01-05,JP,iOS
1613,2025-02-18,US,Android
1614,2025-03-10,JP,Android
1615,2025-04-22,KR,Android
1616,2025-02-21,JP,iOS
1617,2025-02-20,KR,Android
1618,2025-01-21,KR,iOS
1619,2025-03-08,KR,PC
1620,2025-01-09,JP,iOS
1621,2025-04-28,KR,iOS
1622,2025-02-10,KR,Android
1623,2025-01-07,KR,iOS
1624,2025-01-22,JP,Android
1625,2025-02-07,KR,iOS
1626,2025-06-29,KR,Android
1627,2025-03-09,KR,iOS
1628,2025-04-05,JP,Android
1629,2025-06-29,KR,iOS
1630,2025-03-24,TW,iOS
1631,2025-01-05,KR,iOS
1632,2025-03-16,KR,PC
1633,2025-03-31,KR,Android
1634,2025-01-23,KR,iOS
1635,2025-01-11,KR,iOS
1636,2025-02-18,KR,iOS
1637,2025-06-29,TW,iOS
1638,2025-04-02,KR,Android
1639,2025-05-03,KR,Android
1640,2025-03-30,KR,PC
1641,2025-01-26,KR,Android
1642,2025-02-27,KR,iOS
1643,2025-06-25,KR,iOS
1644,2025-01-22,KR,iOS
1645,2025-01-04,KR,iOS
1646,2025-06-29,TW,Android
1647,2025-01-30,US,iOS
1648,2025-06-29,TW,iOS
1649,2025-02-23,KR,iOS
1650,2025-02-19,TW,Android
1651,2025-03-05,KR,iOS
1652,2025-02-21,KR,PC
1653,2025-06-29,JP,Android
1654,2025-02-02,KR,iOS
1655,2025-01-10,KR,Android
1656,2025-04-28,JP,Android
1657,2025-03-10,US,Android
1658,2025-01-03,KR,Android
1659,2025-03-10,KR,iOS
1660,2025-04-10,KR,iOS
1661,2025-01-23,TH,iOS
1662,2025-02-01,KR,Android
1663,2025-01-08,KR,Android
1664,2025-01-21,KR,Android
1665,2025-03-09,TW,PC
1666,2025-01-02,JP,Android
1667,2025-03-31,KR,PC
1668,2025-06-24,TH,Android
1669,2025-01-07,KR,Android
1670,2025-02-04,TW,Android
1671,2025-01-15,KR,iOS
1672,2025-02-09,KR,iOS
1673,2025-04-06,KR,Android
1674,2025-03-06,TH,iOS
1675,2025-02-01,TW,iOS
1676,2025-01-13,US,Android
1677,2025-06-29,KR,Android
1678,2025-01-19,KR,iOS
1679,2025-01-22,KR,iOS
1680,2025-01-01,KR,PC
1681,2025-06-29,KR,PC
1682,2025-04-02,US,Android
1683,2025-04-30,US,iOS
1684,2025-04-27,TW,Android
1685,2025-02-02,KR,iOS
1686,2025-02-05,KR,Android
1687,2025-04-11,KR,Android
1688,2025-03-19,KR,Android
1689,2025-01-06,US,Android
1690,2025-02-11,JP,PC
1691,2025-06-29,KR,Android
1692,2025-02-25,KR,Android
1693,2025-03-02,TW,Android
1694,2025-01-19,KR,Android
1695,2025-06-29,KR,PC
1696,2025-05-27,JP,Android
1697,2025-02-12,US,PC
1698,2025-01-27,KR,Android
1699,2025-01-20,JP,iOS
1700,2025-02-01,TW,iOS
1701,2025-01-11,KR,iOS
1702,2025-01-17,KR,PC
1703,2025-01-03,JP,iOS
1704,2025-04-29,US,iOS
1705,2025-01-06,KR,iOS
1706,2025-01-04,KR,Android
1707,2025-04-28,JP,PC
1708,2025-02-16,KR,PC
1709,2025-03-19,KR,iOS
1710,2025-04-15,KR,Android
1711,2025-02-11,KR,iOS
1712,2025-03-22,TW,PC
1713,2025-02-14,US,iOS
1714,2025-06-29,KR,PC
1715,2025-04-12,TW,PC
1716,2025-01-22,KR,Android
1717,2025-02-13,KR,Android
1718,2025-01-14,KR,iOS
1719,2025-03-18,JP,iOS
1720,2025-01-17,JP,Android
1721,2025-02-13,JP,iOS
1722,2025-02-15,KR,Android
1723,2025-02-19,KR,Android
1724,2025-01-18,KR,PC
1725,2025-02-14,TH,PC
1726,2025-04-23,KR,iOS
1727,2025-01-18,US,iOS
1728,2025-01-26,JP,Android
1729,2025-03-14,KR,iOS
1730,2025-01-14,KR,Android
1731,2025-06-29,KR,Android
1732,2025-03-29,US,Android
1733,2025-03-29,TH,Android
1734,2025-03-17,KR,PC
1735,2025-01-23,TH,Android
1736,2025-02-06,KR,PC
1737,2025-02-13,KR,PC
1738,2025-02-16,TW,Android
1739,2025-03-25,TW,iOS
1740,2025-01-23,KR,PC
1741,2025-02-06,US,iOS
1742,2025-06-29,TW,Android
1743,2025-06-22,JP,Android
1744,2025-01-22,US,iOS
1745,2025-03-08,KR,iOS
1746,2025-01-15,KR,iOS
1747,2025-01-25,US,PC
1748,2025-01-24,KR,Android
1749,2025-03-06,KR,PC
1750,2025-06-09,KR,PC
1751,2025-02-08,KR,Android
1752,2025-06-29,KR,Android
1753,2025-05-14,KR,Android
1754,2025-02-15,KR,iOS
1755,2025-03-10,KR,PC
1756,2025-02-27,TW,PC
1757,2025-04-18,US,iOS
1758,2025-02-24,KR,PC
1759,2025-02-12,KR,iOS
1760,2025-02-24,KR,PC
1761,2025-02-22,US,Android
1762,2025-01-18,US,iOS
1763,2025-01-02,US,PC
1764,2025-01-31,US,Android
1765,2025-01-27,KR,iOS
1766,2025-06-29,KR,Android
1767,2025-02-20,KR,Android
1768,2025-02-23,KR,Android
1769,2025-03-07,KR,Android
1770,2025-03-12,JP,iOS
1771,2025-01-11,KR,iOS
1772,2025-02-09,US,Android
1773,2025-01-05,KR,iOS
1774,2025-01-01,KR,Android
1775,2025-02-13,JP,PC
1776,2025-06-29,KR,PC
1777,2025-02-08,KR,Android
1778,2025-01-05,KR,Android
1779,2025-01-21,JP,PC
1780,2025-01-13,KR,PC
1781,2025-03-19,TW,iOS
1782,2025-01-23,TH,Android
1783,2025-03-04,JP,iOS
1784,2025-02-03,KR,iOS
1785,2025-03-03,US,iOS
1786,2025-02-27,KR,Android
1787,2025-05-12,TW,Android
1788,2025-01-23,KR,PC
1789,2025-01-26,KR,Android
1790,2025-02-08,KR,Android
1791,2025-02-14,JP,iOS
1792,2025-01-14,TW,iOS
1793,2025-02-18,KR,iOS
1794,2025-03-21,KR,PC
1795,2025-01-19,JP,iOS
1796,2025-05-09,JP,Android
1797,2025-04-18,JP,iOS
1798,2025-04-10,KR,Android
1799,2025-03-25,US,PC
1800,2025-03-05,TW,PC
1801,2025-02-09,KR,iOS
1802,2025-03-08,KR,PC
1803,2025-04-26,KR,iOS
1804,2025-02-04,KR,PC
1805,2025-01-11,JP,iOS
1806,2025-06-29,KR,Android
1807,2025-06-05,KR,Android
1808,2025-01-27,KR,PC
1809,2025-01-31,TW,PC
1810,2025-04-05,JP,iOS
1811,2025-02-05,KR,PC
1812,2025-02-06,JP,iOS
1813,2025-02-17,KR,iOS
1814,2025-01-17,JP,iOS
1815,2025-02-19,JP,iOS
1816,2025-01-15,KR,iOS
1817,2025-01-27,TH,Android
1818,2025-01-21,KR,iOS
1819,2025-01-05,US,Android
1820,2025-05-06,KR,iOS
1821,2025-01-25,JP,Android
1822,2025-01-23,KR,iOS
1823,2025-06-29,KR,iOS
1824,2025-02-24,KR,Android
1825,2025-01-04,TH,PC
1826,2025-02-04,KR,PC
1827,2025-01-26,US,Android
1828,2025-02-09,KR,PC
1829,2025-01-13,JP,Android
1830,2025-01-12,KR,PC
1831,2025-01-06,US,iOS
1832,2025-03-19,TH,iOS
1833,2025-01-02,KR,iOS
1834,2025-04-03,KR,PC
1835,2025-01-11,TW,iOS
1836,2025-03-29,KR,iOS
1837,2025-03-19,KR,Android
1838,2025-03-08,KR,PC
1839,2025-01-03,JP,Android
1840,2025-01-27,TW,Android
1841,2025-03-06,US,iOS
1842,2025-01-02,US,PC
1843,2025-01-23,KR,iOS
1844,2025-01-31,KR,iOS
1845,2025-05-07,KR,Android
1846,2025-01-17,KR,iOS
1847,2025-01-14,KR,Android
1848,2025-06-29,US,Android
1849,2025-01-28,KR,iOS
1850,2025-01-28,KR,iOS
1851,2025-03-28,KR,iOS
1852,2025-03-15,KR,iOS
1853,2025-02-04,KR,PC
1854,2025-02-27,KR,Android
1855,2025-01-25,KR,iOS
1856,2025-03-13,KR,iOS
1857,2025-01-10,JP,PC
1858,2025-01-10,TW,PC
1859,2025-01-27,JP,PC
1860,2025-01-02,US,iOS
1861,2025-01-16,TW,Android
1862,2025-02-14,KR,iOS
1863,2025-01-26,US,Android
1864,2025-01-09,KR,Android
1865,2025-06-29,KR,Android
1866,2025-04-28,KR,iOS
1867,2025-01-19,KR,Android
1868,2025-04-21,JP,iOS
1869,2025-06-04,KR,PC
1870,2025-03-25,US,iOS
1871,2025-01-04,TW,Android
1872,2025-02-20,KR,iOS
1873,2025-02-14,KR,Android
1874,2025-02-16,KR,Android
1875,2025-01-08,KR,Android
1876,2025-03-17,TH,iOS
1877,2025-05-09,US,iOS
1878,2025-01-06,JP,iOS
1879,2025-01-20,KR,Android
1880,2025-01-01,JP,iOS
1881,2025-04-15,JP,iOS
1882,2025-06-29,KR,iOS
1883,2025-01-02,KR,iOS
1884,2025-05-18,KR,iOS
1885,2025-02-05,KR,Android
1886,2025-06-23,TW,iOS
1887,2025-06-29,US,PC
1888,2025-04-08,KR,Android
1889,2025-01-09,TW,Android
1890,2025-02-17,KR,PC
1891,2025-01-12,KR,Android
1892,2025-06-29,TW,Android
1893,2025-02-08,TW,iOS
1894,2025-01-16,US,Android
1895,2025-01-22,KR,iOS
1896,2025-06-29,TH,Android
1897,2025-01-07,JP,iOS
1898,2025-03-20,US,Android
1899,2025-05-13,KR,Android
1900,2025-02-01,KR,iOS
1901,2025-03-07,JP,iOS
1902,2025-02-18,TW,PC
1903,2025-02-06,US,iOS
1904,2025-01-31,KR,iOS
1905,2025-01-05,US,iOS
1906,2025-01-21,KR,PC
1907,2025-01-12,KR,Android
1908,2025-02-06,KR,Android
1909,2025-03-26,KR,PC
1910,2025-01-17,JP,Android
1911,2025-01-20,KR,PC
1912,2025-01-24,KR,Android
1913,2025-04-04,TW,PC
1914,2025-04-30,JP,Android
1915,2025-01-09,KR,iOS
1916,2025-05-21,KR,iOS
1917,2025-04-03,JP,iOS
1918,2025-01-06,KR,Android
1919,2025-03-08,KR,PC
1920,2025-02-23,KR,Android
1921,2025-02-14,KR,Android
1922,2025-01-05,JP,Android
1923,2025-03-04,KR,PC
1924,2025-02-16,KR,Android
1925,2025-01-19,KR,iOS
1926,2025-02-05,KR,Android
1927,2025-03-30,KR,Android
1928,2025-01-03,TW,iOS
1929,2025-02-02,KR,iOS
1930,2025-04-21,KR,iOS
1931,2025-02-03,KR,iOS
1932,2025-04-28,JP,iOS
1933,2025-01-11,KR,PC
1934,2025-03-30,TW,iOS
1935,2025-06-16,US,PC
1936,2025-01-10,KR,iOS
1937,2025-04-16,US,PC
1938,2025-01-19,KR,Android
1939,2025-01-08,TH,PC
1940,2025-01-07,TH,Android
1941,2025-02-01,KR,Android
1942,2025-01-01,US,Android
1943,2025-01-17,KR,Android
1944,2025-02-01,KR,Android
1945,2025-02-05,JP,iOS
1946,2025-01-14,TW,iOS
1947,2025-01-23,KR,PC
1948,2025-01-13,US,iOS
1949,2025-01-17,JP,Android
1950,2025-03-13,KR,iOS
1951,2025-02-02,US,Android
1952,2025-03-23,US,iOS
1953,2025-01-17,JP,Android
1954,2025-01-02,TH,PC
1955,2025-02-16,KR,PC
1956,2025-03-17,KR,iOS
1957,2025-01-06,KR,iOS
1958,2025-03-09,KR,PC
1959,2025-01-08,KR,iOS
1960,2025-01-22,TW,iOS
1961,2025-02-18,KR,Android
1962,2025-01-07,US,Android
1963,2025-02-28,KR,iOS
1964,2025-02-15,KR,iOS
1965,2025-03-06,JP,PC
1966,2025-01-05,US,PC
1967,2025-01-18,KR,Android
1968,2025-04-09,TW,Android
1969,2025-01-02,KR,PC
1970,2025-04-15,KR,Android
1971,2025-03-20,KR,Android
1972,2025-01-06,US,Android
1973,2025-01-11,KR,iOS
1974,2025-04-01,JP,PC
1975,2025-02-09,KR,Android
1976,2025-02-02,KR,iOS
1977,2025-01-19,TW,Android
1978,2025-02-04,KR,PC
1979,2025-01-27,KR,iOS
1980,2025-02-01,KR,Android
1981,2025-04-17,KR,iOS
1982,2025-01-03,KR,Android
1983,2025-05-12,KR,PC
1984,2025-01-21,US,PC
1985,2025-01-20,KR,PC
1986,2025-03-09,KR,Android
1987,2025-04-28,US,Android
1988,2025-02-19,KR,Android
1989,2025-01-17,US,iOS
1990,2025-01-07,US,Android
1991,2025-02-02,KR,Android
1992,2025-01-05,KR,Android
1993,2025-04-25,KR,Android
1994,2025-01-21,KR,Android
1995,2025-03-19,KR,iOS
1996,2025-04-09,JP,iOS
1997,2025-02-21,US,Android
1998,2025-03-21,KR,iOS
1999,2025-02-20,TW,PC
2000,2025-01-26,KR,iOS
2001,2025-03-17,TW,PC
2002,2025-03-12,JP,iOS
2003,2025-01-10,KR,PC
2004,2025-03-27,KR,Android
2005,2025-01-27,KR,PC
2006,2025-06-10,TW,PC
2007,2025-04-21,KR,Android
2008,2025-02-13,TW,iOS
2009,2025-02-26,KR,Android
2010,2025-01-09,KR,iOS
2011,2025-02-10,US,PC
2012,2025-02-05,KR,PC
2013,2025-01-28,KR,iOS
2014,2025-02-06,TW,Android
2015,2025-06-29,KR,iOS
2016,2025-01-10,TW,Android
2017,2025-01-06,TH,Android
2018,2025-02-06,KR,Android
2019,2025-01-25,KR,PC
2020,2025-03-04,KR,iOS
2021,2025-01-17,US,Android
2022,2025-04-27,TH,Android
2023,2025-04-09,TW,iOS
2024,2025-01-13,TW,Android
2025,2025-01-09,KR,iOS
2026,2025-03-09,KR,Android
2027,2025-01-03,KR,PC
2028,2025-01-19,TW,iOS
2029,2025-05-01,KR,iOS
2030,2025-01-09,KR,Android
2031,2025-02-21,KR,iOS
2032,2025-02-07,KR,iOS
2033,2025-06-29,KR,Android
2034,2025-01-28,KR,Android
2035,2025-04-12,TW,PC
2036,2025-05-22,JP,Android
2037,2025-01-10,KR,Android
2038,2025-02-08,JP,Android
2039,2025-02-14,KR,iOS
2040,2025-02-08,JP,Android
2041,2025-04-15,KR,Android
2042,2025-01-04,US,PC
2043,2025-01-17,KR,iOS
2044,2025-01-13,KR,Android
2045,2025-01-06,US,Android
2046,2025-01-16,JP,iOS
2047,2025-01-23,JP,PC
2048,2025-01-24,KR,iOS
2049,2025-01-02,KR,PC
2050,2025-02-13,JP,Android
2051,2025-01-11,KR,iOS
2052,2025-02-01,KR,Android
2053,2025-02-09,KR,iOS
2054,2025-02-24,KR,Android
2055,2025-01-29,KR,PC
2056,2025-01-06,KR,Android
2057,2025-01-01,US,iOS
2058,2025-01-30,US,Android
2059,2025-04-06,JP,Android
2060,2025-06-29,US,Android
2061,2025-03-20,KR,Android
2062,2025-01-27,TW,Android
2063,2025-06-10,JP,Android
2064,2025-05-24,KR,Android
2065,2025-03-29,KR,Android
2066,2025-05-29,US,iOS
2067,2025-03-24,US,Android
2068,2025-02-14,US,Android
2069,2025-04-03,JP,PC
2070,2025-03-01,TW,PC
2071,2025-05-18,TW,PC
2072,2025-01-15,US,iOS
2073,2025-01-10,TH,Android
2074,2025-02-06,TW,PC
2075,2025-01-08,KR,iOS
2076,2025-02-07,US,iOS
2077,2025-03-10,KR,iOS
2078,2025-04-25,KR,Android
2079,2025-06-29,KR,Android
2080,2025-01-23,KR,iOS
2081,2025-01-29,KR,Android
2082,2025-01-27,KR,Android
2083,2025-01-03,KR,PC
2084,2025-01-11,US,Android
2085,2025-01-07,TW,PC
2086,2025-02-19,TH,Android
2087,2025-02-03,KR,PC
2088,2025-06-18,KR,Android
2089,2025-01-02,TW,PC
2090,2025-01-20,KR,PC
2091,2025-01-31,TH,Android
2092,2025-02-24,JP,Android
2093,2025-01-16,KR,iOS
2094,2025-01-23,KR,iOS
2095,2025-01-16,KR,iOS
2096,2025-03-11,KR,iOS
2097,2025-01-16,KR,Android
2098,2025-03-16,JP,iOS
2099,2025-03-16,US,PC
2100,2025-02-15,KR,Android
2101,2025-01-22,KR,PC
2102,2025-01-08,KR,Android
2103,2025-02-03,KR,iOS
2104,2025-03-09,US,iOS
2105,2025-06-29,US,PC
2106,2025-01-23,JP,iOS
2107,2025-01-09,KR,Android
2108,2025-01-06,KR,iOS
2109,2025-05-14,JP,Android
2110,2025-02-11,US,iOS
2111,2025-01-22,JP,Android
2112,2025-02-05,KR,iOS
2113,2025-01-25,TW,PC
2114,2025-02-03,KR,iOS
2115,2025-02-28,KR,iOS
2116,2025-01-16,JP,iOS
2117,2025-03-22,KR,PC
2118,2025-04-05,JP,Android
2119,2025-01-09,KR,Android
2120,2025-01-10,KR,Android
2121,2025-02-03,KR,PC
2122,2025-03-23,JP,iOS
2123,2025-01-27,JP,Android
2124,2025-06-29,KR,PC
2125,2025-04-09,KR,iOS
2126,2025-01-04,KR,iOS
2127,2025-02-22,KR,Android
2128,2025-03-21,JP,iOS
2129,2025-01-09,KR,iOS
2130,2025-04-24,KR,Android
2131,2025-01-15,KR,iOS
2132,2025-01-14,US,Android
2133,2025-02-26,US,Android
2134,2025-01-04,US,Android
2135,2025-03-04,US,Android
2136,2025-01-17,TH,Android
2137,2025-01-15,KR,Android
2138,2025-03-14,TW,PC
2139,2025-02-11,US,Android
2140,2025-03-18,KR,Android
2141,2025-02-17,JP,PC
2142,2025-05-09,US,Android
2143,2025-04-06,US,iOS
2144,2025-01-30,KR,iOS
2145,2025-03-04,KR,Android
2146,2025-01-08,TW,Android
2147,2025-03-14,KR,Android
2148,2025-01-07,KR,Android
2149,2025-01-02,KR,iOS
2150,2025-01-31,KR,Android
2151,2025-01-27,JP,Android
2152,2025-03-10,US,PC
2153,2025-01-06,TW,Android
2154,2025-05-18,KR,Android
2155,2025-04-20,KR,Android
2156,2025-06-16,KR,Android
2157,2025-01-07,KR,iOS
2158,2025-01-26,JP,Android
2159,2025-01-12,KR,iOS
2160,2025-01-15,KR,iOS
2161,2025-02-04,TW,Android
2162,2025-01-19,US,Android
2163,2025-01-15,KR,Android
2164,2025-01-27,JP,Android
2165,2025-02-15,KR,PC
2166,2025-01-12,TW,Android
2167,2025-01-25,US,Android
2168,2025-02-07,KR,Android
2169,2025-05-04,KR,PC
2170,2025-02-16,KR,Android
2171,2025-06-15,JP,Android
2172,2025-06-29,KR,Android
2173,2025-01-13,JP,iOS
2174,2025-01-06,KR,Android
2175,2025-06-26,KR,Android
2176,2025-05-26,KR,iOS
2177,2025-06-29,KR,Android
2178,2025-03-27,KR,iOS
2179,2025-01-07,US,PC
2180,2025-02-26,TW,Android
2181,2025-02-15,KR,iOS
2182,2025-04-15,US,Android
2183,2025-01-13,KR,Android
2184,2025-01-12,JP,Android
2185,2025-02-21,KR,Android
2186,2025-01-08,US,iOS
2187,2025-01-09,KR,iOS
2188,2025-05-19,KR,Android
2189,2025-06-14,US,Android
2190,2025-05-04,KR,Android
2191,2025-03-20,KR,iOS
2192,2025-01-24,KR,PC
2193,2025-01-25,TH,Android
2194,2025-04-23,KR,Android
2195,2025-06-29,KR,iOS
2196,2025-01-01,TW,Android
2197,2025-06-29,US,PC
2198,2025-01-13,KR,iOS
2199,2025-04-16,US,Android
2200,2025-01-15,KR,Android
2201,2025-01-28,KR,iOS
2202,2025-03-03,KR,iOS
2203,2025-01-17,JP,Android
2204,2025-05-26,JP,iOS
2205,2025-01-10,KR,iOS
2206,2025-01-05,KR,PC
2207,2025-06-29,KR,Android
2208,2025-04-09,KR,Android
2209,2025-01-29,KR,Android
2210,2025-02-08,US,Android
2211,2025-03-07,KR,Android
2212,2025-04-07,TW,iOS
2213,2025-01-29,KR,iOS
2214,2025-03-03,KR,Android
2215,2025-01-19,KR,PC
2216,2025-01-03,US,Android
2217,2025-04-19,KR,PC
2218,2025-01-07,KR,Android
2219,2025-01-02,KR,Android
2220,2025-05-12,JP,Android
2221,2025-05-19,TW,iOS
2222,2025-02-05,KR,Android
2223,2025-02-18,KR,iOS
2224,2025-01-27,KR,Android
2225,2025-02-01,KR,iOS
2226,2025-01-17,TH,PC
2227,2025-01-15,KR,Android
2228,2025-01-25,US,Android
2229,2025-04-18,TW,Android
2230,2025-06-29,US,iOS
2231,2025-04-07,KR,Android
2232,2025-03-15,US,Android
2233,2025-02-09,KR,Android
2234,2025-01-21,KR,Android
2235,2025-03-02,TH,PC
2236,2025-01-05,KR,iOS
2237,2025-06-29,KR,PC
2238,2025-03-16,KR,iOS
2239,2025-05-07,KR,PC
2240,2025-01-01,US,PC
2241,2025-01-07,JP,PC
2242,2025-03-27,US,iOS
2243,2025-01-02,KR,Android
2244,2025-02-16,KR,PC
2245,2025-01-16,KR,Android
2246,2025-01-23,KR,Android
2247,2025-03-16,JP,Android
2248,2025-01-17,US,iOS
2249,2025-01-23,TW,Android
2250,2025-02-27,JP,iOS
2251,2025-01-11,KR,Android
2252,2025-03-15,US,Android
2253,2025-04-24,JP,iOS
2254,2025-05-24,TH,iOS
2255,2025-02-15,KR,PC
2256,2025-01-16,US,Android
2257,2025-01-11,KR,Android
2258,2025-01-11,JP,Android
2259,2025-01-03,TW,Android
2260,2025-03-22,TW,Android
2261,2025-02-10,KR,Android
2262,2025-05-12,KR,iOS
2263,2025-01-08,JP,Android
2264,2025-06-29,US,iOS
2265,2025-02-04,TW,PC
2266,2025-01-08,KR,Android
2267,2025-01-02,JP,iOS
2268,2025-01-14,US,Android
2269,2025-04-24,KR,iOS
2270,2025-01-14,KR,Android
2271,2025-03-15,JP,PC
2272,2025-01-05,KR,Android
2273,2025-02-04,JP,Android
2274,2025-02-28,US,Android
2275,2025-04-15,KR,Android
2276,2025-03-06,KR,iOS
2277,2025-01-03,TH,Android
2278,2025-04-01,JP,Android
2279,2025-01-01,JP,iOS
2280,2025-01-12,JP,iOS
2281,2025-05-25,US,iOS
2282,2025-03-17,TW,iOS
2283,2025-03-12,US,iOS
2284,2025-02-11,KR,Android
2285,2025-03-14,KR,Android
2286,2025-01-13,KR,Android
2287,2025-02-16,JP,iOS
2288,2025-01-27,KR,Android
2289,2025-01-24,JP,PC
2290,2025-03-06,TH,iOS
2291,2025-01-18,KR,iOS
2292,2025-02-27,KR,Android
2293,2025-02-01,US,iOS
2294,2025-06-29,KR,iOS
2295,2025-01-17,JP,Android
2296,2025-01-05,KR,Android
2297,2025-05-13,KR,PC
2298,2025-06-29,US,PC
2299,2025-03-09,KR,Android
2300,2025-01-03,KR,Android
2301,2025-01-02,KR,PC
2302,2025-01-07,KR,Android
2303,2025-05-08,TW,PC
2304,2025-06-29,KR,Android
2305,2025-01-10,KR,iOS
2306,2025-01-11,KR,iOS
2307,2025-01-14,KR,iOS
2308,2025-04-27,KR,PC
2309,2025-02-28,JP,iOS
2310,2025-02-25,KR,Android
2311,2025-01-01,US,Android
2312,2025-02-06,KR,PC
2313,2025-02-10,KR,Android
2314,2025-01-17,KR,iOS
2315,2025-01-03,JP,iOS
2316,2025-03-05,TW,Android
2317,2025-03-03,KR,PC
2318,2025-01-22,TH,Android
2319,2025-04-17,KR,Android
2320,2025-04-09,US,PC
2321,2025-03-20,JP,Android
2322,2025-02-08,KR,iOS
2323,2025-06-29,KR,PC
2324,2025-01-18,KR,Android
2325,2025-02-08,US,PC
2326,2025-04-28,KR,Android
2327,2025-03-27,TW,Android
2328,2025-02-11,KR,iOS
2329,2025-02-25,TW,Android
2330,2025-04-11,KR,iOS
2331,2025-02-07,US,Android
2332,2025-01-08,KR,iOS
2333,2025-01-16,KR,iOS
2334,2025-02-17,KR,Android
2335,2025-01-04,US,Android
2336,2025-03-06,KR,Android
2337,2025-01-06,US,Android
2338,2025-01-26,TH,Android
2339,2025-03-04,KR,Android
2340,2025-01-12,KR,Android
2341,2025-02-13,KR,iOS
2342,2025-06-29,KR,Android
2343,2025-01-05,KR,PC
2344,2025-02-28,JP,Android
2345,2025-03-06,KR,PC
2346,2025-03-08,KR,iOS
2347,2025-06-29,US,Android
2348,2025-03-17,KR,Android
2349,2025-06-29,US,Android
2350,2025-02-12,TW,Android
2351,2025-02-13,KR,iOS
2352,2025-06-29,KR,Android
2353,2025-02-26,JP,Android
2354,2025-01-21,US,Android
2355,2025-03-30,JP,iOS
2356,2025-03-03,JP,iOS
2357,2025-03-20,KR,PC
2358,2025-02-26,KR,iOS
2359,2025-04-24,JP,Android
2360,2025-01-30,US,iOS
2361,2025-01-12,US,Android
2362,2025-01-16,KR,Android
2363,2025-03-19,JP,PC
2364,2025-03-02,KR,Android
2365,2025-06-29,KR,iOS
2366,2025-02-16,KR,iOS
2367,2025-01-20,KR,iOS
2368,2025-06-29,US,Android
2369,2025-06-07,KR,PC
2370,2025-04-15,US,iOS
2371,2025-05-21,KR,Android
2372,2025-02-02,KR,Android
2373,2025-01-19,KR,Android
2374,2025-01-25,KR,Android
2375,2025-05-17,JP,Android
2376,2025-04-03,KR,iOS
2377,2025-01-04,KR,Android
2378,2025-03-13,KR,Android
2379,2025-01-22,KR,Android
2380,2025-06-29,KR,iOS
2381,2025-04-07,TH,Android
2382,2025-03-10,KR,PC
2383,2025-02-18,KR,Android
2384,2025-01-14,TW,iOS
2385,2025-03-18,US,PC
2386,2025-02-17,KR,iOS
2387,2025-04-23,US,Android
2388,2025-01-26,TW,iOS
2389,2025-03-10,KR,PC
2390,2025-01-07,KR,iOS
2391,2025-01-15,TW,Android
2392,2025-01-14,JP,PC
2393,2025-01-28,TH,Android
2394,2025-05-06,KR,iOS
2395,2025-02-09,TW,iOS
2396,2025-02-16,KR,iOS
2397,2025-01-06,JP,iOS
2398,2025-02-07,TW,Android
2399,2025-02-11,KR,Android
2400,2025-01-26,KR,PC
2401,2025-03-08,US,Android
2402,2025-02-12,JP,PC
2403,2025-01-12,KR,Android
2404,2025-02-26,TW,Android
2405,2025-02-13,KR,Android
2406,2025-01-26,KR,Android
2407,2025-01-02,KR,iOS
2408,2025-02-02,TW,PC
2409,2025-05-30,KR,Android
2410,2025-04-22,US,iOS
2411,2025-02-23,KR,Android
2412,2025-01-14,TW,iOS
2413,2025-04-02,JP,Android
2414,2025-04-15,KR,Android
2415,2025-01-03,KR,PC
2416,2025-06-08,KR,Android
2417,2025-06-17,KR,Android
2418,2025-01-16,JP,Android
2419,2025-01-27,US,PC
2420,2025-01-05,KR,PC
2421,2025-04-10,JP,Android
2422,2025-02-14,KR,Android
2423,2025-03-17,KR,Android
2424,2025-03-07,KR,PC
2425,2025-03-25,KR,PC
2426,2025-02-07,US,Android
2427,2025-01-18,KR,Android
2428,2025-02-05,US,iOS
2429,2025-01-11,KR,iOS
2430,2025-06-29,US,iOS
2431,2025-02-03,KR,iOS
2432,2025-01-20,KR,Android
2433,2025-01-28,KR,Android
2434,2025-01-29,KR,Android
2435,2025-02-12,KR,Android
2436,2025-02-12,KR,iOS
2437,2025-01-22,JP,Android
2438,2025-02-13,KR,iOS
2439,2025-06-29,JP,iOS
2440,2025-01-08,US,PC
2441,2025-01-13,KR,iOS
2442,2025-06-29,US,iOS
2443,2025-04-14,KR,Android
2444,2025-06-29,JP,Android
2445,2025-03-16,JP,Android
2446,2025-05-06,JP,Android
2447,2025-01-06,KR,Android
2448,2025-04-30,US,Android
2449,2025-02-19,KR,PC
2450,2025-05-11,KR,iOS
2451,2025-02-26,KR,Android
2452,2025-01-01,KR,iOS
2453,2025-01-24,US,iOS
2454,2025-01-14,TW,PC
2455,2025-03-24,KR,Android
2456,2025-03-08,US,iOS
2457,2025-01-22,US,Android
2458,2025-02-02,TW,iOS
2459,2025-01-15,US,Android
2460,2025-01-14,KR,Android
2461,2025-01-07,KR,PC
2462,2025-02-14,US,iOS
2463,2025-01-20,KR,iOS
2464,2025-02-06,TW,PC
2465,2025-02-21,TW,PC
2466,2025-02-23,TW,iOS
2467,2025-01-15,KR,Android
2468,2025-01-22,JP,PC
2469,2025-01-01,US,Android
2470,2025-02-02,KR,Android
2471,2025-03-25,KR,Android
2472,2025-01-03,KR,PC
2473,2025-04-20,KR,Android
2474,2025-05-17,TH,iOS
2475,2025-02-20,JP,Android
2476,2025-04-20,KR,Android
2477,2025-02-07,KR,Android
2478,2025-01-20,KR,iOS
2479,2025-01-04,KR,Android
2480,2025-01-04,KR,Android
2481,2025-04-21,US,PC
2482,2025-06-15,US,Android
2483,2025-02-17,JP,Android
2484,2025-05-14,TW,Android
2485,2025-03-03,KR,iOS
2486,2025-04-11,JP,Android
2487,2025-02-26,KR,iOS
2488,2025-02-24,KR,Android
2489,2025-01-26,KR,Android
2490,2025-02-26,KR,iOS
2491,2025-01-19,KR,Android
2492,2025-01-04,KR,PC
2493,2025-02-16,KR,iOS
2494,2025-01-06,TW,PC
2495,2025-02-04,KR,iOS
2496,2025-01-02,KR,iOS
2497,2025-02-27,TH,Android
2498,2025-01-23,US,iOS
2499,2025-01-08,KR,PC
2500,2025-02-02,TW,Android
2501,2025-01-31,KR,Android
2502,2025-03-30,KR,Android
2503,2025-06-01,KR,Android
2504,2025-03-26,KR,Android
2505,2025-01-08,JP,Android
2506,2025-01-17,KR,PC
2507,2025-06-29,US,Android
2508,2025-02-01,JP,Android
2509,2025-01-31,TH,Android
2510,2025-04-11,KR,Android
2511,2025-04-08,KR,iOS
2512,2025-01-09,TW,Android
2513,2025-02-24,US,Android
2514,2025-01-08,KR,iOS
2515,2025-04-20,KR,PC
2516,2025-01-05,JP,Android
2517,2025-02-16,US,iOS
2518,2025-05-05,US,PC
2519,2025-02-04,TW,PC
2520,2025-03-16,KR,PC
2521,2025-02-23,KR,iOS
2522,2025-05-01,US,Android
2523,2025-06-29,TW,Android
2524,2025-03-17,KR,Android
2525,2025-06-05,US,Android
2526,2025-01-26,KR,Android
2527,2025-02-17,KR,Android
2528,2025-02-05,TW,PC
2529,2025-06-10,KR,Android
2530,2025-04-13,KR,PC
2531,2025-01-23,JP,PC
2532,2025-01-29,KR,iOS
2533,2025-06-29,KR,PC
2534,2025-01-17,JP,iOS
2535,2025-01-31,KR,iOS
2536,2025-01-28,US,PC
2537,2025-01-02,KR,Android
2538,2025-02-23,KR,Android
2539,2025-02-02,US,PC
2540,2025-01-08,KR,Android
2541,2025-01-02,TW,iOS
2542,2025-02-03,TW,iOS
2543,2025-04-14,JP,Android
2544,2025-04-03,KR,iOS
2545,2025-01-17,KR,iOS
2546,2025-01-22,TW,PC
2547,2025-02-09,KR,iOS
2548,2025-01-06,JP,Android
2549,2025-03-03,JP,iOS
2550,2025-01-18,KR,Android
2551,2025-05-08,KR,Android
2552,2025-03-04,US,Android
2553,2025-01-23,US,iOS
2554,2025-04-10,KR,iOS
2555,2025-05-18,US,iOS
2556,2025-02-17,JP,iOS
2557,2025-01-20,KR,Android
2558,2025-06-29,KR,iOS
2559,2025-05-02,JP,iOS
2560,2025-05-27,JP,iOS
2561,2025-03-09,TH,PC
2562,2025-03-04,KR,Android
2563,2025-03-13,TW,Android
2564,2025-01-11,JP,Android
2565,2025-02-26,JP,Android
2566,2025-01-12,KR,iOS
2567,2025-01-18,KR,Android
2568,2025-01-24,KR,Android
2569,2025-03-28,KR,Android
2570,2025-02-13,KR,iOS
2571,2025-02-13,TW,PC
2572,2025-03-06,KR,Android
2573,2025-02-12,TW,iOS
2574,2025-03-17,KR,PC
2575,2025-01-05,JP,iOS
2576,2025-01-31,KR,iOS
2577,2025-02-14,US,iOS
2578,2025-01-08,US,PC
2579,2025-02-06,TW,iOS
2580,2025-02-07,KR,Android
2581,2025-03-15,KR,Android
2582,2025-01-24,TW,Android
2583,2025-03-07,KR,Android
2584,2025-03-24,US,iOS
2585,2025-03-12,KR,Android
2586,2025-01-20,KR,Android
2587,2025-03-20,US,Android
2588,2025-03-14,US,iOS
2589,2025-01-24,US,Android
2590,2025-01-16,KR,Android
2591,2025-01-23,JP,Android
2592,2025-01-11,TH,Android
2593,2025-02-19,KR,iOS
2594,2025-02-14,KR,iOS
2595,2025-02-05,KR,iOS
2596,2025-01-22,JP,Android
2597,2025-01-07,KR,iOS
2598,2025-05-18,US,iOS
2599,2025-02-21,KR,iOS
2600,2025-04-02,US,iOS
2601,2025-04-18,JP,Android
2602,2025-04-02,KR,Android
2603,2025-02-03,KR,Android
2604,2025-03-01,KR,Android
2605,2025-01-03,KR,Android
2606,2025-04-13,KR,Android
2607,2025-05-23,JP,PC
2608,2025-06-14,KR,PC
2609,2025-01-17,KR,PC
2610,2025-01-15,KR,PC
2611,2025-02-11,KR,PC
2612,2025-03-03,TW,Android
2613,2025-02-25,KR,Android
2614,2025-04-30,KR,Android
2615,2025-02-15,KR,iOS
2616,2025-02-13,TH,Android
2617,2025-02-16,JP,PC
2618,2025-02-04,KR,Android
2619,2025-02-02,US,iOS
2620,2025-01-24,JP,Android
2621,2025-01-10,JP,iOS
2622,2025-01-19,KR,Android
2623,2025-01-10,JP,Android
2624,2025-02-10,US,Android
2625,2025-06-29,KR,Android
2626,2025-02-22,KR,iOS
2627,2025-02-17,KR,Android
2628,2025-02-19,KR,iOS
2629,2025-01-15,KR,Android
2630,2025-02-09,JP,Android
2631,2025-01-14,JP,iOS
2632,2025-03-07,KR,PC
2633,2025-04-22,KR,Android
2634,2025-01-15,US,iOS
2635,2025-06-13,KR,Android
2636,2025-05-14,KR,iOS
2637,2025-01-01,JP,iOS
2638,2025-01-27,KR,PC
2639,2025-01-13,KR,Android
2640,2025-01-11,JP,Android
2641,2025-04-16,US,Android
2642,2025-03-17,KR,PC
2643,2025-02-09,US,PC
2644,2025-04-08,TW,iOS
2645,2025-03-28,KR,iOS
2646,2025-01-06,US,Android
2647,2025-01-06,KR,iOS
2648,2025-03-27,KR,Android
2649,2025-01-07,KR,iOS
2650,2025-04-24,KR,Android
2651,2025-03-04,KR,iOS
2652,2025-03-18,JP,Android
2653,2025-02-01,KR,Android
2654,2025-01-19,TW,iOS
2655,2025-01-25,KR,PC
2656,2025-01-08,JP,Android
2657,2025-01-26,KR,Android
2658,2025-03-12,KR,PC
2659,2025-05-04,JP,iOS
2660,2025-01-04,JP,iOS
2661,2025-04-29,KR,iOS
2662,2025-06-29,KR,iOS
2663,2025-06-07,US,PC
2664,2025-02-17,US,PC
2665,2025-04-29,KR,Android
2666,2025-03-28,JP,Android
2667,2025-02-15,KR,PC
2668,2025-02-20,KR,iOS
2669,2025-01-11,US,iOS
2670,2025-04-14,TH,PC
2671,2025-01-05,KR,Android
2672,2025-03-11,KR,iOS
2673,2025-06-29,KR,Android
2674,2025-03-27,US,iOS
2675,2025-02-18,KR,Android
2676,2025-01-29,KR,Android
2677,2025-04-24,KR,iOS
2678,2025-01-06,TW,Android
2679,2025-02-10,KR,Android
2680,2025-03-31,US,Android
2681,2025-01-25,KR,Android
2682,2025-01-30,KR,Android
2683,2025-01-06,KR,iOS
2684,2025-01-10,KR,iOS
2685,2025-01-02,KR,Android
2686,2025-01-26,KR,Android
2687,2025-02-14,KR,iOS
2688,2025-01-24,KR,PC
2689,2025-01-21,KR,PC
2690,2025-03-11,KR,iOS
2691,2025-06-16,KR,iOS
2692,2025-02-15,KR,Android
2693,2025-02-17,US,iOS
2694,2025-01-20,TW,PC
2695,2025-01-29,US,Android
2696,2025-01-25,KR,iOS
2697,2025-06-29,TH,Android
2698,2025-03-16,TH,iOS
2699,2025-04-03,KR,Android
2700,2025-01-13,KR,iOS
2701,2025-04-14,JP,PC
2702,2025-02-04,TH,Android
2703,2025-01-09,JP,PC
2704,2025-03-03,US,iOS
2705,2025-01-10,US,Android
2706,2025-02-06,TH,PC
2707,2025-01-08,KR,Android
2708,2025-02-17,KR,Android
2709,2025-01-14,JP,PC
2710,2025-01-15,KR,Android
2711,2025-01-10,KR,PC
2712,2025-01-03,KR,Android
2713,2025-01-09,KR,Android
2714,2025-03-31,KR,Android
2715,2025-01-29,US,Android
2716,2025-04-18,KR,iOS
2717,2025-06-10,US,PC
2718,2025-06-23,KR,Android
2719,2025-01-05,TW,Android
2720,2025-02-17,US,PC
2721,2025-01-07,TH,Android
2722,2025-05-08,KR,iOS
2723,2025-04-02,KR,Android
2724,2025-01-27,JP,Android
2725,2025-01-30,JP,iOS
2726,2025-02-18,KR,iOS
2727,2025-03-12,US,Android
2728,2025-04-22,US,Android
2729,2025-01-07,KR,PC
2730,2025-02-19,US,Android
2731,2025-01-29,KR,Android
2732,2025-01-20,KR,iOS
2733,2025-03-15,TW,PC
2734,2025-01-31,KR,PC
2735,2025-03-26,JP,PC
2736,2025-04-16,JP,Android
2737,2025-01-29,TH,iOS
2738,2025-01-02,KR,Android
2739,2025-06-29,KR,Android
2740,2025-03-15,KR,iOS
2741,2025-05-17,US,iOS
2742,2025-01-06,KR,iOS
2743,2025-01-09,JP,Android
2744,2025-01-04,KR,PC
2745,2025-01-15,KR,Android
2746,2025-01-01,TW,Android
2747,2025-05-06,JP,iOS
2748,2025-01-23,KR,Android
2749,2025-04-06,US,Android
2750,2025-04-18,KR,iOS
2751,2025-04-17,JP,Android
2752,2025-02-09,KR,iOS
2753,2025-06-29,KR,PC
2754,2025-05-13,KR,PC
2755,2025-06-29,KR,iOS
2756,2025-02-23,JP,Android
2757,2025-05-03,KR,Android
2758,2025-02-06,KR,iOS
2759,2025-03-21,KR,Android
2760,2025-03-14,KR,Android
2761,2025-01-05,JP,Android
2762,2025-01-14,KR,iOS
2763,2025-04-03,JP,Android
2764,2025-01-02,TW,iOS
2765,2025-03-29,KR,iOS
2766,2025-02-22,JP,iOS
2767,2025-06-29,KR,iOS
2768,2025-01-03,KR,iOS
2769,2025-02-13,KR,Android
2770,2025-06-29,KR,Android
2771,2025-01-01,KR,iOS
2772,2025-03-05,KR,iOS
2773,2025-01-26,JP,PC
2774,2025-01-18,KR,PC
2775,2025-03-23,TW,iOS
2776,2025-02-07,KR,Android
2777,2025-02-21,US,iOS
2778,2025-01-01,KR,PC
2779,2025-02-16,KR,Android
2780,2025-01-05,KR,iOS
2781,2025-02-09,TW,Android
2782,2025-01-06,TW,Android
2783,2025-03-08,KR,iOS
2784,2025-01-12,US,iOS
2785,2025-01-02,US,Android
2786,2025-04-13,US,iOS
2787,2025-01-15,KR,iOS
2788,2025-01-01,US,PC
2789,2025-03-13,JP,Android
2790,2025-02-14,KR,Android
2791,2025-02-26,KR,Android
2792,2025-05-04,KR,Android
2793,2025-01-13,TW,Android
2794,2025-01-17,KR,Android
2795,2025-03-24,KR,iOS
2796,2025-01-28,KR,iOS
2797,2025-01-18,JP,iOS
2798,2025-04-11,JP,Android
2799,2025-01-26,KR,Android
2800,2025-01-26,KR,Android
2801,2025-06-25,JP,Android
2802,2025-01-02,KR,PC
2803,2025-06-29,KR,iOS
2804,2025-01-25,TH,Android
2805,2025-06-29,KR,Android
2806,2025-01-09,KR,Android
2807,2025-02-21,KR,Android
2808,2025-03-22,JP,iOS
2809,2025-03-25,JP,PC
2810,2025-01-06,KR,Android
2811,2025-01-06,US,PC
2812,2025-02-28,TW,Android
2813,2025-01-06,JP,PC
2814,2025-04-07,KR,iOS
2815,2025-04-23,KR,Android
2816,2025-01-10,TW,iOS
2817,2025-03-29,KR,iOS
2818,2025-01-03,KR,iOS
2819,2025-06-29,KR,Android
2820,2025-02-14,JP,Android
2821,2025-03-21,KR,Android
2822,2025-03-20,KR,iOS
2823,2025-03-06,US,iOS
2824,2025-02-23,KR,Android
2825,2025-01-02,KR,Android
2826,2025-05-01,KR,iOS
2827,2025-02-25,KR,Android
2828,2025-01-18,TH,iOS
2829,2025-01-26,KR,Android
2830,2025-01-27,JP,Android
2831,2025-01-05,KR,Android
2832,2025-01-13,KR,Android
2833,2025-01-02,KR,PC
2834,2025-02-23,KR,iOS
2835,2025-02-02,KR,iOS
2836,2025-06-29,KR,PC
2837,2025-01-17,TH,PC
2838,2025-02-21,KR,Android
2839,2025-01-05,TW,iOS
2840,2025-01-22,KR,iOS
2841,2025-02-26,KR,PC
2842,2025-06-29,US,Android
2843,2025-06-29,KR,iOS
2844,2025-01-03,KR,iOS
2845,2025-02-28,KR,Android
2846,2025-01-16,KR,Android
2847,2025-05-06,JP,PC
2848,2025-03-22,KR,Android
2849,2025-01-15,TH,iOS
2850,2025-01-30,KR,iOS
2851,2025-01-01,KR,Android
2852,2025-02-01,KR,iOS
2853,2025-02-17,KR,iOS
2854,2025-02-08,TW,iOS
2855,2025-03-19,JP,iOS
2856,2025-01-09,KR,PC
2857,2025-04-16,KR,iOS
2858,2025-01-29,JP,Android
2859,2025-01-30,KR,Android
2860,2025-01-22,KR,iOS
2861,2025-04-01,KR,Android
2862,2025-01-31,KR,PC
2863,2025-01-23,KR,Android
2864,2025-03-02,KR,Android
2865,2025-03-02,TW,PC
2866,2025-01-24,KR,PC
2867,2025-04-26,TW,PC
2868,2025-01-29,JP,Android
2869,2025-03-19,KR,Android
2870,2025-01-21,KR,Android
2871,2025-04-02,KR,iOS
2872,2025-03-30,JP,Android
2873,2025-03-17,KR,PC
2874,2025-04-06,TW,iOS
2875,2025-02-21,US,PC
2876,2025-01-13,US,PC
2877,2025-02-12,KR,iOS
2878,2025-01-15,US,iOS
2879,2025-02-27,US,PC
2880,2025-01-08,US,iOS
2881,2025-02-20,KR,Android
2882,2025-01-10,US,iOS
2883,2025-02-23,KR,iOS
2884,2025-06-29,US,iOS
2885,2025-03-10,KR,iOS
2886,2025-01-23,KR,PC
2887,2025-01-17,JP,iOS
2888,2025-02-02,KR,iOS
2889,2025-02-12,US,Android
2890,2025-02-25,US,PC
2891,2025-01-18,US,Android
2892,2025-03-02,JP,Android
2893,2025-01-11,KR,iOS
2894,2025-06-05,KR,PC
2895,2025-03-20,US,Android
2896,2025-02-08,KR,PC
2897,2025-03-10,KR,Android
2898,2025-01-11,KR,PC
2899,2025-04-28,KR,Android
2900,2025-05-19,TH,Android
2901,2025-01-13,KR,Android
2902,2025-01-03,KR,iOS
2903,2025-01-27,TW,PC
2904,2025-03-08,TH,Android
2905,2025-06-29,KR,PC
2906,2025-01-25,TW,Android
2907,2025-01-24,KR,PC
2908,2025-01-08,JP,iOS
2909,2025-05-02,KR,PC
2910,2025-06-29,KR,iOS
2911,2025-01-05,KR,Android
2912,2025-01-06,JP,iOS
2913,2025-01-19,KR,Android
2914,2025-05-14,KR,Android
2915,2025-06-29,US,PC
2916,2025-01-27,KR,PC
2917,2025-03-25,TW,Android
2918,2025-02-23,KR,PC
2919,2025-01-15,KR,Android
2920,2025-02-17,KR,Android
2921,2025-06-24,KR,iOS
2922,2025-03-27,KR,iOS
2923,2025-04-01,KR,iOS
2924,2025-03-24,US,Android
2925,2025-01-10,KR,Android
2926,2025-02-12,KR,Android
2927,2025-03-11,JP,PC
2928,2025-02-15,KR,iOS
2929,2025-01-01,US,PC
2930,2025-01-06,TW,PC
2931,2025-05-21,KR,Android
2932,2025-03-27,US,Android
2933,2025-03-23,TW,iOS
2934,2025-05-10,KR,PC
2935,2025-03-14,TH,Android
2936,2025-06-29,KR,PC
2937,2025-05-22,US,iOS
2938,2025-01-20,KR,Android
2939,2025-01-25,KR,Android
2940,2025-02-14,TH,Android
2941,2025-01-19,KR,Android
2942,2025-04-28,TH,iOS
2943,2025-01-12,US,iOS
2944,2025-02-23,TW,iOS
2945,2025-03-24,TH,iOS
2946,2025-02-23,US,iOS
2947,2025-01-18,TH,iOS
2948,2025-02-11,JP,Android
2949,2025-01-10,KR,Android
2950,2025-02-13,US,Android
2951,2025-02-18,KR,iOS
2952,2025-02-11,KR,iOS
2953,2025-02-17,KR,Android
2954,2025-01-17,KR,Android
2955,2025-06-29,KR,iOS
2956,2025-03-19,KR,Android
2957,2025-02-28,US,PC
2958,2025-03-07,US,Android
2959,2025-01-29,TW,PC
2960,2025-06-04,TH,iOS
2961,2025-01-10,TW,iOS
2962,2025-01-03,US,iOS
2963,2025-03-08,KR,Android
2964,2025-02-22,TW,Android
2965,2025-01-24,KR,Android
2966,2025-06-29,KR,PC
2967,2025-03-16,KR,Android
2968,2025-02-13,US,iOS
2969,2025-04-05,US,Android
2970,2025-01-11,KR,iOS
2971,2025-01-26,JP,Android
2972,2025-01-14,KR,PC
2973,2025-01-15,KR,Android
2974,2025-04-01,KR,iOS
2975,2025-02-07,KR,Android
2976,2025-02-19,JP,iOS
2977,2025-01-23,KR,iOS
2978,2025-01-08,KR,Android
2979,2025-01-19,KR,iOS
2980,2025-01-19,JP,iOS
2981,2025-02-26,TH,Android
2982,2025-03-20,US,Android
2983,2025-06-29,US,Android
2984,2025-05-14,TW,PC
2985,2025-06-29,KR,iOS
2986,2025-04-03,KR,iOS
2987,2025-01-01,KR,PC
2988,2025-01-07,KR,iOS
2989,2025-02-24,KR,PC
2990,2025-02-11,KR,Android
2991,2025-01-15,KR,Android
2992,2025-01-16,KR,iOS
2993,2025-03-23,KR,Android
2994,2025-01-27,KR,PC
2995,2025-03-25,TW,iOS
2996,2025-03-16,JP,Android
2997,2025-01-31,KR,PC
2998,2025-02-16,KR,Android
2999,2025-01-23,KR,iOS
3000,2025-02-27,KR,Android
3001,2025-06-07,KR,Android
3002,2025-04-01,KR,iOS
3003,2025-03-02,JP,PC
3004,2025-03-25,JP,iOS
3005,2025-02-02,JP,PC
3006,2025-02-02,US,iOS
3007,2025-01-09,JP,iOS
3008,2025-01-30,JP,Android
3009,2025-02-17,TW,iOS
3010,2025-01-26,JP,iOS
3011,2025-01-04,JP,iOS
3012,2025-01-03,JP,PC
3013,2025-01-22,US,iOS
3014,2025-01-15,KR,Android
3015,2025-02-07,KR,Android
3016,2025-02-24,KR,Android
3017,2025-02-23,KR,Android
3018,2025-01-13,KR,iOS
3019,2025-03-31,KR,PC
3020,2025-05-24,KR,Android
3021,2025-02-26,TH,PC
3022,2025-02-17,KR,Android
3023,2025-01-13,KR,PC
3024,2025-01-02,KR,PC
3025,2025-03-22,KR,Android
3026,2025-06-04,US,PC
3027,2025-06-29,US,iOS
3028,2025-01-04,KR,iOS
3029,2025-03-08,KR,Android
3030,2025-02-07,KR,Android
3031,2025-01-02,US,Android
3032,2025-01-31,TW,Android
3033,2025-01-17,TW,Android
3034,2025-02-14,KR,PC
3035,2025-03-09,JP,iOS
3036,2025-02-14,JP,iOS
3037,2025-02-26,TW,Android
3038,2025-02-24,KR,Android
3039,2025-01-01,KR,PC
3040,2025-06-29,KR,iOS
3041,2025-04-04,KR,iOS
3042,2025-01-02,US,PC
3043,2025-01-16,KR,iOS
3044,2025-01-16,KR,Android
3045,2025-01-08,JP,iOS
3046,2025-01-05,KR,Android
3047,2025-02-11,TH,PC
3048,2025-01-07,JP,Android
3049,2025-03-26,TW,iOS
3050,2025-02-11,JP,Android
3051,2025-01-16,KR,iOS
3052,2025-03-20,KR,iOS
3053,2025-03-09,TW,Android
3054,2025-06-21,KR,Android
3055,2025-01-11,KR,Android
3056,2025-01-09,US,Android
3057,2025-01-10,KR,Android
3058,2025-01-27,KR,iOS
3059,2025-04-21,KR,PC
3060,2025-06-29,KR,iOS
3061,2025-02-24,US,PC
3062,2025-04-11,KR,Android
3063,2025-06-29,KR,Android
3064,2025-01-02,KR,Android
3065,2025-05-25,US,Android
3066,2025-01-23,KR,Android
3067,2025-01-01,KR,PC
3068,2025-01-30,JP,PC
3069,2025-06-21,KR,Android
3070,2025-02-01,JP,Android
3071,2025-02-12,KR,Android
3072,2025-01-17,KR,Android
3073,2025-01-01,KR,iOS
3074,2025-05-24,TW,iOS
3075,2025-02-21,KR,Android
3076,2025-01-05,KR,iOS
3077,2025-03-01,KR,Android
3078,2025-01-17,KR,iOS
3079,2025-01-04,JP,iOS
3080,2025-01-28,TH,Android
3081,2025-04-17,KR,Android
3082,2025-05-06,KR,PC
3083,2025-03-16,KR,iOS
3084,2025-03-04,TH,iOS
3085,2025-01-16,KR,iOS
3086,2025-01-10,KR,Android
3087,2025-04-11,TH,iOS
3088,2025-01-28,TH,Android
3089,2025-06-07,KR,iOS
3090,2025-02-18,KR,PC
3091,2025-03-18,US,Android
3092,2025-03-04,JP,Android
3093,2025-02-09,KR,iOS
3094,2025-01-01,KR,iOS
3095,2025-01-09,KR,Android
3096,2025-01-14,KR,Android
3097,2025-01-05,KR,Android
3098,2025-01-09,JP,iOS
3099,2025-02-18,KR,iOS
3100,2025-02-24,KR,PC
3101,2025-03-15,JP,iOS
3102,2025-01-13,KR,iOS
3103,2025-04-05,KR,Android
3104,2025-01-14,TW,iOS
3105,2025-01-02,KR,Android
3106,2025-01-30,TW,Android
3107,2025-01-13,KR,Android
3108,2025-02-23,KR,Android
3109,2025-06-02,US,iOS
3110,2025-02-04,KR,iOS
3111,2025-05-29,KR,Android
3112,2025-01-28,KR,iOS
3113,2025-01-02,US,iOS
3114,2025-05-24,KR,Android
3115,2025-02-08,JP,Android
3116,2025-04-27,US,iOS
3117,2025-01-15,KR,PC
3118,2025-02-17,KR,iOS
3119,2025-01-05,KR,PC
3120,2025-02-25,US,iOS
3121,2025-01-31,KR,Android
3122,2025-04-09,US,Android
3123,2025-02-26,KR,PC
3124,2025-02-28,KR,Android
3125,2025-01-27,JP,PC
3126,2025-03-05,KR,Android
3127,2025-03-24,KR,Android
3128,2025-02-14,US,iOS
3129,2025-04-16,JP,iOS
3130,2025-01-16,KR,PC
3131,2025-02-11,KR,PC
3132,2025-02-28,KR,iOS
3133,2025-01-26,US,iOS
3134,2025-01-14,KR,iOS
3135,2025-01-07,US,iOS
3136,2025-02-22,JP,iOS
3137,2025-01-17,TW,PC
3138,2025-01-04,KR,iOS
3139,2025-02-19,KR,PC
3140,2025-01-07,KR,PC
3141,2025-05-05,KR,iOS
3142,2025-01-06,KR,Android
3143,2025-03-23,TW,Android
3144,2025-03-01,KR,iOS
3145,2025-01-04,KR,Android
3146,2025-01-27,KR,Android
3147,2025-04-12,TH,iOS
3148,2025-01-10,KR,PC
3149,2025-02-07,JP,iOS
3150,2025-04-13,JP,iOS
3151,2025-01-12,KR,PC
3152,2025-01-17,US,iOS
3153,2025-01-07,KR,iOS
3154,2025-05-22,KR,iOS
3155,2025-01-06,KR,iOS
3156,2025-06-27,KR,Android
3157,2025-01-29,JP,Android
3158,2025-04-02,JP,Android
3159,2025-03-21,KR,Android
3160,2025-02-25,US,iOS
3161,2025-02-02,KR,Android
3162,2025-02-22,KR,PC
3163,2025-01-23,US,Android
3164,2025-03-04,KR,Android
3165,2025-01-01,JP,iOS
3166,2025-01-04,KR,Android
3167,2025-01-07,JP,PC
3168,2025-01-11,KR,PC
3169,2025-01-16,KR,Android
3170,2025-04-14,JP,Android
3171,2025-06-29,KR,iOS
3172,2025-01-12,KR,iOS
3173,2025-01-05,TW,iOS
3174,2025-01-14,KR,Android
3175,2025-03-10,KR,iOS
3176,2025-04-12,KR,Android
3177,2025-01-31,US,Android
3178,2025-01-29,US,Android
3179,2025-02-21,JP,Android
3180,2025-03-14,KR,iOS
3181,2025-02-15,KR,Android
3182,2025-01-02,KR,PC
3183,2025-06-29,KR,Android
3184,2025-01-29,JP,PC
3185,2025-02-05,KR,Android
3186,2025-01-06,US,Android
3187,2025-01-04,US,Android
3188,2025-01-04,JP,Android
3189,2025-02-12,KR,PC
3190,2025-01-04,KR,Android
3191,2025-06-29,TW,Android
3192,2025-02-07,US,PC
3193,2025-02-06,KR,Android
3194,2025-04-18,JP,iOS
3195,2025-02-05,TW,iOS
3196,2025-01-13,KR,PC
3197,2025-03-04,TW,Android
3198,2025-01-02,KR,PC
3199,2025-01-08,TH,iOS
3200,2025-02-20,KR,Android
3201,2025-01-01,KR,PC
3202,2025-02-15,KR,PC
3203,2025-04-26,JP,Android
3204,2025-06-29,TH,iOS
3205,2025-03-28,KR,Android
3206,2025-01-13,KR,Android
3207,2025-01-24,KR,iOS
3208,2025-01-19,KR,iOS
3209,2025-01-20,JP,PC
3210,2025-03-06,KR,iOS
3211,2025-04-19,TH,Android
3212,2025-01-26,TW,Android
3213,2025-01-01,KR,PC
3214,2025-01-20,KR,Android
3215,2025-02-12,TH,iOS
3216,2025-01-15,TW,iOS
3217,2025-01-26,JP,iOS
3218,2025-04-12,KR,iOS
3219,2025-01-17,KR,PC
3220,2025-02-07,JP,Android
3221,2025-02-11,KR,iOS
3222,2025-04-18,US,PC
3223,2025-01-29,JP,iOS
3224,2025-02-17,KR,iOS
3225,2025-01-24,KR,Android
3226,2025-01-26,KR,iOS
3227,2025-06-29,TW,iOS
3228,2025-02-09,KR,PC
3229,2025-06-29,KR,PC
3230,2025-02-03,TH,Android
3231,2025-01-03,US,Android
3232,2025-01-07,KR,iOS
3233,2025-01-03,JP,PC
3234,2025-03-02,KR,Android
3235,2025-02-17,TH,iOS
3236,2025-01-14,TW,iOS
3237,2025-03-15,KR,Android
3238,2025-04-06,KR,iOS
3239,2025-02-17,KR,iOS
3240,2025-02-01,US,iOS
3241,2025-01-24,US,Android
3242,2025-01-14,KR,iOS
3243,2025-02-08,TH,Android
3244,2025-02-24,KR,iOS
3245,2025-02-07,JP,Android
3246,2025-02-12,US,iOS
3247,2025-06-29,KR,Android
3248,2025-06-08,KR,Android
3249,2025-01-29,US,Android
3250,2025-01-18,US,iOS
3251,2025-06-29,KR,Android
3252,2025-01-08,JP,PC
3253,2025-03-09,KR,iOS
3254,2025-04-12,KR,Android
3255,2025-01-02,JP,Android
3256,2025-06-23,KR,PC
3257,2025-02-05,US,Android
3258,2025-03-05,US,PC
3259,2025-01-11,KR,Android
3260,2025-06-29,KR,Android
3261,2025-04-12,KR,iOS
3262,2025-02-28,KR,Android
3263,2025-01-22,US,iOS
3264,2025-03-06,KR,Android
3265,2025-03-15,TH,iOS
3266,2025-06-29,KR,Android
3267,2025-01-08,KR,Android
3268,2025-02-06,TW,PC
3269,2025-01-16,KR,iOS
3270,2025-01-20,US,PC
3271,2025-06-16,US,PC
3272,2025-01-07,TW,PC
3273,2025-04-06,KR,Android
3274,2025-06-29,KR,iOS
3275,2025-01-02,TH,PC
3276,2025-01-17,KR,Android
3277,2025-01-26,JP,Android
3278,2025-01-08,US,iOS
3279,2025-01-05,US,iOS
3280,2025-01-17,JP,iOS
3281,2025-01-12,TH,Android
3282,2025-03-08,KR,Android
3283,2025-03-08,US,PC
3284,2025-03-11,JP,iOS
3285,2025-06-14,KR,iOS
3286,2025-01-06,TW,iOS
3287,2025-02-10,KR,iOS
3288,2025-02-05,KR,Android
3289,2025-06-21,TW,Android
3290,2025-01-14,TW,PC
3291,2025-03-23,KR,iOS
3292,2025-01-12,JP,iOS
3293,2025-01-06,KR,Android
3294,2025-02-26,KR,iOS
3295,2025-02-25,KR,Android
3296,2025-06-29,TW,Android
3297,2025-01-07,KR,PC
3298,2025-01-26,KR,iOS
3299,2025-05-24,JP,PC
3300,2025-02-21,KR,PC
3301,2025-03-27,KR,iOS
3302,2025-01-07,KR,Android
3303,2025-01-02,JP,Android
3304,2025-02-09,US,iOS
3305,2025-01-22,JP,PC
3306,2025-03-07,KR,iOS
3307,2025-04-08,KR,iOS
3308,2025-05-30,JP,iOS
3309,2025-06-03,KR,Android
3310,2025-03-14,KR,PC
3311,2025-01-06,KR,Android
3312,2025-01-23,KR,Android
3313,2025-02-17,KR,iOS
3314,2025-06-18,TH,Android
3315,2025-01-01,KR,Android
3316,2025-04-05,US,Android
3317,2025-01-19,KR,Android
3318,2025-01-10,US,PC
3319,2025-01-08,US,Android
3320,2025-02-01,TW,Android
3321,2025-05-28,KR,Android
3322,2025-03-14,JP,iOS
3323,2025-04-22,KR,Android
3324,2025-02-26,US,Android
3325,2025-02-11,TW,Android
3326,2025-06-29,US,Android
3327,2025-04-20,JP,iOS
3328,2025-05-18,TW,iOS
3329,2025-01-01,TW,iOS
3330,2025-01-04,KR,Android
3331,2025-02-27,KR,PC
3332,2025-05-20,US,Android
3333,2025-03-18,TH,Android
3334,2025-01-01,KR,Android
3335,2025-03-24,KR,iOS
3336,2025-04-07,KR,iOS
3337,2025-06-29,KR,iOS
3338,2025-01-01,KR,PC
3339,2025-01-06,KR,iOS
3340,2025-04-26,KR,Android
3341,2025-03-11,JP,Android
3342,2025-01-30,KR,Android
3343,2025-02-11,KR,iOS
3344,2025-02-17,KR,PC
3345,2025-05-30,KR,iOS
3346,2025-04-29,KR,PC
3347,2025-02-10,KR,Android
3348,2025-02-06,KR,Android
3349,2025-01-30,US,Android
3350,2025-02-22,KR,Android
3351,2025-04-05,KR,iOS
3352,2025-03-24,KR,Android
3353,2025-05-14,KR,Android
3354,2025-02-25,KR,Android
3355,2025-03-06,KR,Android
3356,2025-02-07,KR,Android
3357,2025-05-12,KR,Android
3358,2025-06-29,TW,iOS
3359,2025-01-31,KR,iOS
3360,2025-03-16,KR,Android
3361,2025-01-14,KR,iOS
3362,2025-02-24,KR,iOS
3363,2025-03-28,JP,Android
3364,2025-01-22,KR,iOS
3365,2025-02-08,KR,iOS
3366,2025-06-29,TW,PC
3367,2025-01-01,KR,Android
3368,2025-05-15,KR,Android
3369,2025-06-29,US,Android
3370,2025-03-09,TH,Android
3371,2025-03-06,KR,PC
3372,2025-02-02,US,iOS
3373,2025-05-09,KR,iOS
3374,2025-03-07,US,iOS
3375,2025-02-23,KR,PC
3376,2025-02-11,US,iOS
3377,2025-03-10,KR,Android
3378,2025-01-01,KR,Android
3379,2025-01-24,KR,PC
3380,2025-02-17,US,iOS
3381,2025-02-22,JP,Android
3382,2025-02-07,JP,PC
3383,2025-05-14,TH,iOS
3384,2025-03-12,KR,Android
3385,2025-02-27,US,iOS
3386,2025-06-29,KR,iOS
3387,2025-05-03,TW,iOS
3388,2025-05-26,US,iOS
3389,2025-04-24,KR,iOS
3390,2025-03-17,KR,Android
3391,2025-04-03,JP,Android
3392,2025-01-28,JP,Android
3393,2025-01-12,JP,Android
3394,2025-03-22,KR,PC
3395,2025-01-07,KR,iOS
3396,2025-03-04,TW,iOS
3397,2025-01-04,US,iOS
3398,2025-03-06,KR,PC
3399,2025-01-10,US,PC
3400,2025-02-04,US,Android
3401,2025-01-20,JP,iOS
3402,2025-02-09,US,Android
3403,2025-01-31,TW,Android
3404,2025-01-08,TW,iOS
3405,2025-01-07,KR,iOS
3406,2025-01-04,KR,iOS
3407,2025-02-14,US,Android
3408,2025-01-06,US,PC
3409,2025-01-25,KR,iOS
3410,2025-01-24,TW,PC
3411,2025-01-27,KR,Android
3412,2025-02-19,KR,Android
3413,2025-01-17,TW,PC
3414,2025-01-30,TW,Android
3415,2025-06-29,KR,iOS
3416,2025-04-21,KR,iOS
3417,2025-06-03,KR,PC
3418,2025-02-03,KR,Android
3419,2025-01-18,KR,iOS
3420,2025-02-13,KR,Android
3421,2025-01-28,KR,iOS
3422,2025-05-01,US,iOS
3423,2025-05-13,US,PC
3424,2025-02-28,US,Android
3425,2025-02-10,KR,iOS
3426,2025-02-02,KR,Android
3427,2025-02-18,KR,PC
3428,2025-01-11,TH,iOS
3429,2025-05-24,KR,iOS
3430,2025-01-22,US,Android
3431,2025-01-21,KR,iOS
3432,2025-06-29,TW,iOS
3433,2025-06-05,KR,iOS
3434,2025-03-23,KR,iOS
3435,2025-01-14,JP,Android
3436,2025-03-03,KR,iOS
3437,2025-03-03,US,Android
3438,2025-01-11,KR,Android
3439,2025-01-09,TH,iOS
3440,2025-01-12,JP,iOS
3441,2025-02-19,KR,PC
3442,2025-01-09,JP,Android
3443,2025-01-14,JP,Android
3444,2025-01-31,US,Android
3445,2025-02-10,KR,PC
3446,2025-03-12,KR,iOS
3447,2025-01-13,US,iOS
3448,2025-06-21,KR,PC
3449,2025-01-21,TW,iOS
3450,2025-03-20,KR,Android
3451,2025-01-03,US,iOS
3452,2025-02-08,KR,iOS
3453,2025-01-22,US,Android
3454,2025-04-06,KR,Android
3455,2025-05-16,KR,Android
3456,2025-03-07,KR,iOS
3457,2025-06-29,US,iOS
3458,2025-01-08,KR,Android
3459,2025-02-27,JP,iOS
3460,2025-01-30,KR,Android
3461,2025-02-21,US,Android
3462,2025-01-15,US,iOS
3463,2025-04-02,KR,iOS
3464,2025-03-27,KR,Android
3465,2025-01-27,KR,Android
3466,2025-01-13,US,iOS
3467,2025-02-15,TH,PC
3468,2025-02-24,KR,iOS
3469,2025-02-25,JP,Android
3470,2025-02-22,US,iOS
3471,2025-01-12,US,Android
3472,2025-02-24,KR,Android
3473,2025-02-06,TH,iOS
3474,2025-05-13,KR,Android
3475,2025-01-01,JP,iOS
3476,2025-01-08,KR,Android
3477,2025-02-05,JP,Android
3478,2025-02-23,TH,Android
3479,2025-02-14,TW,Android
3480,2025-03-15,KR,iOS
3481,2025-01-18,JP,iOS
3482,2025-01-30,KR,PC
3483,2025-02-04,US,Android
3484,2025-03-12,KR,Android
3485,2025-05-31,US,Android
3486,2025-03-07,KR,Android
3487,2025-01-03,KR,iOS
3488,2025-02-03,KR,iOS
3489,2025-02-18,KR,Android
3490,2025-01-08,KR,iOS
3491,2025-01-13,JP,iOS
3492,2025-02-19,JP,Android
3493,2025-02-05,JP,Android
3494,2025-04-19,JP,Android
3495,2025-04-02,KR,Android
3496,2025-05-13,KR,Android
3497,2025-01-10,KR,iOS
3498,2025-04-06,KR,Android
3499,2025-01-09,US,Android
3500,2025-01-08,JP,Android
3501,2025-01-21,US,PC
3502,2025-01-11,JP,iOS
3503,2025-03-20,KR,Android
3504,2025-01-07,JP,iOS
3505,2025-04-06,KR,iOS
3506,2025-01-21,TW,Android
3507,2025-04-07,KR,iOS
3508,2025-02-13,KR,iOS
3509,2025-03-06,KR,Android
3510,2025-01-04,KR,iOS
3511,2025-03-28,KR,Android
3512,2025-01-27,KR,iOS
3513,2025-01-10,US,Android
3514,2025-01-25,TW,Android
3515,2025-02-01,KR,Android
3516,2025-01-18,KR,Android
3517,2025-02-14,TW,PC
3518,2025-04-12,KR,iOS
3519,2025-02-05,JP,Android
3520,2025-01-11,KR,PC
3521,2025-02-02,KR,Android
3522,2025-01-23,KR,PC
3523,2025-01-07,KR,Android
3524,2025-01-15,US,Android
3525,2025-01-29,JP,iOS
3526,2025-02-22,KR,iOS
3527,2025-04-30,TW,Android
3528,2025-01-03,KR,Android
3529,2025-01-12,KR,Android
3530,2025-01-17,TW,PC
3531,2025-04-11,TW,iOS
3532,2025-02-13,KR,Android
3533,2025-01-21,KR,PC
3534,2025-01-30,KR,PC
3535,2025-02-15,KR,PC
3536,2025-01-17,JP,Android
3537,2025-04-13,KR,PC
3538,2025-04-04,US,Android
3539,2025-02-13,KR,iOS
3540,2025-05-28,KR,iOS
3541,2025-01-02,KR,Android
3542,2025-06-29,KR,PC
3543,2025-06-29,US,Android
3544,2025-01-11,TH,Android
3545,2025-01-21,TW,Android
3546,2025-02-03,US,Android
3547,2025-01-07,KR,iOS
3548,2025-02-26,TW,Android
3549,2025-01-15,TW,iOS
3550,2025-03-01,TW,Android
3551,2025-02-15,KR,Android
3552,2025-02-09,KR,Android
3553,2025-01-11,JP,Android
3554,2025-01-27,KR,PC
3555,2025-04-02,KR,PC
3556,2025-04-24,KR,iOS
3557,2025-01-08,US,iOS
3558,2025-01-05,KR,iOS
3559,2025-02-01,US,iOS
3560,2025-01-07,US,iOS
3561,2025-04-22,KR,PC
3562,2025-04-28,KR,PC
3563,2025-03-21,TW,iOS
3564,2025-01-28,KR,Android
3565,2025-01-07,KR,PC
3566,2025-01-03,KR,Android
3567,2025-03-11,KR,PC
3568,2025-03-05,US,PC
3569,2025-01-23,KR,PC
3570,2025-03-05,TW,Android
3571,2025-02-21,KR,Android
3572,2025-01-06,TH,iOS
3573,2025-01-18,US,PC
3574,2025-03-13,KR,iOS
3575,2025-02-10,US,Android
3576,2025-04-18,KR,iOS
3577,2025-01-30,TH,Android
3578,2025-05-30,JP,iOS
3579,2025-04-10,KR,PC
3580,2025-04-25,KR,Android
3581,2025-02-28,TH,Android
3582,2025-01-07,US,Android
3583,2025-01-21,KR,Android
3584,2025-06-29,KR,Android
3585,2025-01-18,KR,PC
3586,2025-02-23,JP,PC
3587,2025-05-14,US,Android
3588,2025-05-03,JP,PC
3589,2025-04-05,US,Android
3590,2025-04-11,US,Android
3591,2025-03-22,KR,Android
3592,2025-03-31,JP,Android
3593,2025-02-05,KR,Android
3594,2025-03-29,TW,Android
3595,2025-02-05,KR,iOS
3596,2025-05-10,US,Android
3597,2025-02-06,TW,Android
3598,2025-03-31,JP,Android
3599,2025-02-12,KR,PC
3600,2025-01-08,JP,iOS
3601,2025-06-29,KR,iOS
3602,2025-01-28,KR,Android
3603,2025-01-20,JP,iOS
3604,2025-01-06,JP,iOS
3605,2025-02-06,KR,Android
3606,2025-02-03,TW,iOS
3607,2025-05-19,KR,Android
3608,2025-03-23,TW,iOS
3609,2025-01-12,JP,iOS
3610,2025-01-31,TW,Android
3611,2025-02-23,JP,PC
3612,2025-06-06,TH,Android
3613,2025-01-04,US,iOS
3614,2025-01-26,KR,Android
3615,2025-01-14,KR,Android
3616,2025-02-17,JP,Android
3617,2025-02-14,KR,iOS
3618,2025-03-20,TW,iOS
3619,2025-02-11,KR,Android
3620,2025-02-23,TW,Android
3621,2025-02-17,KR,PC
3622,2025-01-09,JP,Android
3623,2025-01-17,TH,Android
3624,2025-01-20,KR,Android
3625,2025-06-29,US,Android
3626,2025-01-07,KR,Android
3627,2025-01-11,JP,iOS
3628,2025-01-02,JP,PC
3629,2025-02-11,KR,iOS
3630,2025-03-26,KR,Android
3631,2025-03-19,KR,Android
3632,2025-02-17,KR,PC
3633,2025-02-18,JP,iOS
3634,2025-02-06,KR,PC
3635,2025-02-14,TW,iOS
3636,2025-03-10,TH,iOS
3637,2025-06-29,TW,PC
3638,2025-05-19,US,iOS
3639,2025-04-15,KR,Android
3640,2025-05-22,JP,Android
3641,2025-01-09,JP,PC
3642,2025-04-15,TH,Android
3643,2025-06-02,KR,iOS
3644,2025-01-05,KR,PC
3645,2025-01-23,TH,iOS
3646,2025-03-26,JP,Android
3647,2025-01-19,KR,Android
3648,2025-01-21,JP,Android
3649,2025-04-01,KR,Android
3650,2025-03-29,US,PC
3651,2025-01-07,KR,Android
3652,2025-01-30,KR,PC
3653,2025-01-31,KR,iOS
3654,2025-01-09,KR,Android
3655,2025-01-20,KR,Android
3656,2025-01-02,KR,iOS
3657,2025-01-20,KR,Android
3658,2025-02-05,US,Android
3659,2025-01-25,JP,Android
3660,2025-04-02,US,iOS
3661,2025-04-04,KR,iOS
3662,2025-02-19,KR,iOS
3663,2025-01-22,JP,iOS
3664,2025-01-03,TW,iOS
3665,2025-01-09,TH,PC
3666,2025-03-30,TH,iOS
3667,2025-01-05,US,PC
3668,2025-01-03,TW,PC
3669,2025-01-30,KR,iOS
3670,2025-04-22,JP,PC
3671,2025-03-09,TH,iOS
3672,2025-04-14,JP,Android
3673,2025-01-27,KR,PC
3674,2025-02-08,KR,PC
3675,2025-02-01,KR,iOS
3676,2025-03-12,KR,iOS
3677,2025-02-02,JP,iOS
3678,2025-03-19,JP,PC
3679,2025-01-30,KR,iOS
3680,2025-01-25,JP,Android
3681,2025-02-14,KR,iOS
3682,2025-01-15,US,Android
3683,2025-06-29,KR,Android
3684,2025-02-12,KR,iOS
3685,2025-02-18,JP,Android
3686,2025-02-16,JP,Android
3687,2025-01-02,JP,Android
3688,2025-02-21,KR,Android
3689,2025-03-22,US,Android
3690,2025-02-12,KR,Android
3691,2025-02-21,KR,Android
3692,2025-02-13,US,Android
3693,2025-04-02,US,iOS
3694,2025-01-29,TW,iOS
3695,2025-01-22,KR,PC
3696,2025-02-04,JP,PC
3697,2025-02-15,KR,iOS
3698,2025-02-06,US,Android
3699,2025-02-08,JP,Android
3700,2025-02-21,JP,Android
3701,2025-01-02,TW,iOS
3702,2025-06-29,JP,PC
3703,2025-02-06,KR,iOS
3704,2025-02-16,TH,PC
3705,2025-04-03,TW,iOS
3706,2025-02-04,KR,iOS
3707,2025-03-02,KR,iOS
3708,2025-06-29,KR,iOS
3709,2025-02-20,JP,PC
3710,2025-04-14,TH,Android
3711,2025-03-13,JP,iOS
3712,2025-02-05,KR,PC
3713,2025-02-11,KR,iOS
3714,2025-01-12,KR,iOS
3715,2025-02-19,KR,iOS
3716,2025-02-07,KR,Android
3717,2025-01-31,KR,PC
3718,2025-01-13,KR,iOS
3719,2025-02-08,KR,Android
3720,2025-05-17,JP,iOS
3721,2025-01-12,KR,iOS
3722,2025-02-14,KR,Android
3723,2025-01-19,US,Android
3724,2025-01-24,TH,Android
3725,2025-01-02,JP,iOS
3726,2025-05-01,US,iOS
3727,2025-01-08,JP,Android
3728,2025-02-14,JP,Android
3729,2025-02-15,US,Android
3730,2025-02-28,KR,iOS
3731,2025-01-11,US,Android
3732,2025-04-04,KR,iOS
3733,2025-01-27,KR,Android
3734,2025-02-04,KR,Android
3735,2025-01-10,KR,iOS
3736,2025-01-13,KR,Android
3737,2025-01-04,US,Android
3738,2025-01-01,KR,Android
3739,2025-04-29,KR,PC
3740,2025-01-02,KR,Android
3741,2025-02-05,KR,iOS
3742,2025-05-23,JP,iOS
3743,2025-02-08,KR,Android
3744,2025-01-10,KR,iOS
3745,2025-05-29,KR,Android
3746,2025-03-17,KR,iOS
3747,2025-01-02,KR,iOS
3748,2025-04-01,KR,iOS
3749,2025-03-14,US,PC
3750,2025-04-20,TW,Android
3751,2025-03-05,US,Android
3752,2025-01-14,KR,iOS
3753,2025-03-06,KR,PC
3754,2025-03-17,JP,PC
3755,2025-04-08,KR,Android
3756,2025-01-31,TW,Android
3757,2025-02-04,KR,PC
3758,2025-02-15,KR,iOS
3759,2025-02-11,KR,iOS
3760,2025-02-04,TW,Android
3761,2025-01-20,TH,Android
3762,2025-01-11,TW,Android
3763,2025-03-06,KR,Android
3764,2025-04-02,JP,iOS
3765,2025-02-13,KR,Android
3766,2025-02-10,KR,Android
3767,2025-06-13,US,iOS
3768,2025-03-12,TH,iOS
3769,2025-02-07,KR,iOS
3770,2025-02-01,KR,PC
3771,2025-01-29,KR,iOS
3772,2025-02-20,KR,iOS
3773,2025-02-20,KR,Android
3774,2025-04-05,TW,iOS
3775,2025-01-15,KR,Android
3776,2025-04-08,US,Android
3777,2025-03-10,KR,PC
3778,2025-01-26,KR,iOS
3779,2025-01-18,KR,iOS
3780,2025-03-09,KR,iOS
3781,2025-02-13,KR,PC
3782,2025-01-11,US,PC
3783,2025-02-05,TW,iOS
3784,2025-03-15,KR,iOS
3785,2025-03-13,US,iOS
3786,2025-02-20,TW,iOS
3787,2025-03-12,KR,iOS
3788,2025-02-25,TW,PC
3789,2025-02-19,TH,iOS
3790,2025-01-19,JP,PC
3791,2025-03-17,US,iOS
3792,2025-02-12,JP,PC
3793,2025-03-30,KR,Android
3794,2025-03-10,US,iOS
3795,2025-01-03,TH,Android
3796,2025-02-05,KR,iOS
3797,2025-01-28,JP,PC
3798,2025-01-20,KR,Android
3799,2025-02-20,KR,PC
3800,2025-01-18,US,PC
3801,2025-01-10,JP,iOS
3802,2025-01-11,US,Android
3803,2025-01-12,JP,Android
3804,2025-02-18,KR,iOS
3805,2025-06-13,TW,Android
3806,2025-01-24,US,iOS
3807,2025-04-12,JP,Android
3808,2025-01-12,KR,iOS
3809,2025-01-25,KR,iOS
3810,2025-04-11,TW,PC
3811,2025-03-12,KR,PC
3812,2025-03-14,KR,iOS
3813,2025-03-29,JP,iOS
3814,2025-06-16,JP,Android
3815,2025-03-06,TW,iOS
3816,2025-01-09,JP,Android
3817,2025-04-03,TW,Android
3818,2025-03-24,KR,iOS
3819,2025-04-07,US,iOS
3820,2025-01-21,JP,iOS
3821,2025-02-16,JP,iOS
3822,2025-01-05,KR,Android
3823,2025-01-21,KR,iOS
3824,2025-02-04,US,PC
3825,2025-01-27,JP,Android
3826,2025-04-05,KR,iOS
3827,2025-01-27,JP,Android
3828,2025-06-29,JP,Android
3829,2025-01-23,KR,Android
3830,2025-02-12,US,Android
3831,2025-01-05,US,iOS
3832,2025-02-19,KR,iOS
3833,2025-01-29,KR,iOS
3834,2025-06-29,KR,iOS
3835,2025-02-10,JP,Android
3836,2025-01-05,KR,PC
3837,2025-01-06,KR,Android
3838,2025-01-05,KR,PC
3839,2025-01-23,JP,Android
3840,2025-01-21,US,iOS
3841,2025-06-29,KR,PC
3842,2025-01-12,TW,iOS
3843,2025-03-03,KR,iOS
3844,2025-01-30,KR,PC
3845,2025-03-06,KR,Android
3846,2025-01-21,JP,PC
3847,2025-01-04,JP,iOS
3848,2025-01-14,KR,Android
3849,2025-01-25,JP,iOS
3850,2025-05-07,JP,iOS
3851,2025-03-12,TW,PC
3852,2025-01-14,TW,Android
3853,2025-02-04,JP,Android
3854,2025-01-22,KR,PC
3855,2025-01-02,KR,PC
3856,2025-01-10,TW,iOS
3857,2025-03-15,US,iOS
3858,2025-02-22,KR,PC
3859,2025-01-28,TW,Android
3860,2025-03-04,TW,Android
3861,2025-04-12,JP,iOS
3862,2025-04-08,TW,iOS
3863,2025-01-09,KR,PC
3864,2025-05-25,JP,Android
3865,2025-01-11,TH,Android
3866,2025-03-18,KR,iOS
3867,2025-01-07,KR,iOS
3868,2025-01-14,JP,Android
3869,2025-03-20,KR,PC
3870,2025-01-19,KR,iOS
3871,2025-01-19,KR,iOS
3872,2025-06-03,KR,Android
3873,2025-01-10,KR,iOS
3874,2025-02-23,TW,Android
3875,2025-04-15,US,Android
3876,2025-02-22,JP,iOS
3877,2025-01-30,KR,Android
3878,2025-01-02,KR,iOS
3879,2025-03-08,KR,Android
3880,2025-03-07,TW,PC
3881,2025-02-19,TH,PC
3882,2025-02-17,KR,Android
3883,2025-03-11,TH,Android
3884,2025-01-10,KR,iOS
3885,2025-01-27,KR,Android
3886,2025-05-07,JP,iOS
3887,2025-01-05,KR,Android
3888,2025-06-26,TW,iOS
3889,2025-03-26,KR,Android
3890,2025-01-25,JP,Android
3891,2025-02-08,KR,Android
3892,2025-03-13,KR,iOS
3893,2025-01-05,KR,Android
3894,2025-02-13,TW,Android
3895,2025-02-26,US,PC
3896,2025-04-07,US,Android
3897,2025-04-16,KR,iOS
3898,2025-06-18,KR,PC
3899,2025-02-14,KR,iOS
3900,2025-04-24,JP,iOS
3901,2025-01-18,KR,iOS
3902,2025-02-16,KR,Android
3903,2025-03-02,US,Android
3904,2025-02-03,US,Android
3905,2025-02-22,KR,PC
3906,2025-05-19,KR,Android
3907,2025-03-04,KR,iOS
3908,2025-02-09,JP,Android
3909,2025-05-11,KR,Android
3910,2025-05-22,JP,Android
3911,2025-02-19,KR,Android
3912,2025-02-08,TW,Android
3913,2025-04-10,TH,Android
3914,2025-06-09,KR,iOS
3915,2025-02-02,KR,PC
3916,2025-02-05,KR,iOS
3917,2025-04-15,JP,iOS
3918,2025-02-10,KR,Android
3919,2025-02-12,US,PC
3920,2025-03-05,KR,Android
3921,2025-01-09,KR,Android
3922,2025-02-21,US,PC
3923,2025-01-06,US,Android
3924,2025-01-05,JP,Android
3925,2025-03-29,JP,Android
3926,2025-02-18,US,Android
3927,2025-01-02,KR,Android
3928,2025-02-17,TW,PC
3929,2025-02-26,JP,iOS
3930,2025-01-13,TW,iOS
3931,2025-01-13,TH,Android
3932,2025-01-06,KR,Android
3933,2025-02-03,JP,Android
3934,2025-03-01,US,PC
3935,2025-06-29,KR,Android
3936,2025-01-16,US,PC
3937,2025-03-01,KR,iOS
3938,2025-01-31,KR,iOS
3939,2025-02-25,KR,iOS
3940,2025-03-23,JP,Android
3941,2025-01-29,US,iOS
3942,2025-01-06,KR,iOS
3943,2025-04-01,KR,Android
3944,2025-02-14,US,iOS
3945,2025-05-19,KR,Android
3946,2025-01-13,KR,PC
3947,2025-01-09,KR,iOS
3948,2025-01-11,TW,Android
3949,2025-06-29,KR,iOS
3950,2025-04-20,US,iOS
3951,2025-01-19,TW,iOS
3952,2025-01-22,KR,Android
3953,2025-03-01,TW,Android
3954,2025-02-03,KR,Android
3955,2025-01-20,KR,PC
3956,2025-01-24,KR,iOS
3957,2025-05-05,US,Android
3958,2025-03-08,TH,Android
3959,2025-05-06,US,iOS
3960,2025-06-09,US,iOS
3961,2025-03-06,KR,iOS
3962,2025-03-01,TW,iOS
3963,2025-01-10,KR,iOS
3964,2025-02-13,KR,iOS
3965,2025-01-22,TH,PC
3966,2025-05-29,KR,PC
3967,2025-01-20,KR,Android
3968,2025-01-25,KR,Android
3969,2025-06-02,KR,PC
3970,2025-06-29,JP,Android
3971,2025-03-01,KR,Android
3972,2025-02-19,TH,Android
3973,2025-01-21,KR,PC
3974,2025-03-29,US,Android
3975,2025-02-11,JP,iOS
3976,2025-02-15,US,Android
3977,2025-02-10,KR,iOS
3978,2025-02-08,US,iOS
3979,2025-01-20,US,Android
3980,2025-06-29,TW,Android
3981,2025-03-21,KR,iOS
3982,2025-06-29,KR,iOS
3983,2025-06-29,US,Android
3984,2025-01-28,KR,iOS
3985,2025-02-09,KR,PC
3986,2025-04-02,TH,Android
3987,2025-01-25,KR,Android
3988,2025-06-03,KR,iOS
3989,2025-02-08,US,PC
3990,2025-01-27,KR,PC
3991,2025-02-02,KR,iOS
3992,2025-01-05,KR,Android
3993,2025-01-22,KR,Android
3994,2025-06-29,KR,iOS
3995,2025-02-02,JP,Android
3996,2025-01-29,KR,PC
3997,2025-02-24,KR,Android
3998,2025-02-21,US,PC
3999,2025-01-08,KR,iOS
4000,2025-03-06,KR,PC
4001,2025-01-08,KR,PC
4002,2025-01-14,KR,iOS
4003,2025-01-04,KR,Android
4004,2025-04-03,KR,Android
4005,2025-03-17,TW,PC
4006,2025-01-27,TH,iOS
4007,2025-03-07,TW,iOS
4008,2025-05-14,KR,Android
4009,2025-01-12,JP,Android
4010,2025-01-29,US,Android
4011,2025-01-07,KR,Android
4012,2025-01-01,TW,PC
4013,2025-01-11,JP,iOS
4014,2025-03-02,KR,PC
4015,2025-02-17,TH,Android
4016,2025-02-01,KR,PC
4017,2025-02-23,KR,iOS
4018,2025-04-24,KR,Android
4019,2025-02-20,KR,PC
4020,2025-03-25,TH,Android
4021,2025-02-08,US,iOS
4022,2025-01-03,KR,Android
4023,2025-02-01,JP,iOS
4024,2025-04-28,TW,iOS
4025,2025-02-24,TW,Android
4026,2025-06-29,TW,PC
4027,2025-03-01,TW,Android
4028,2025-04-09,US,iOS
4029,2025-04-19,KR,iOS
4030,2025-02-16,TW,Android
4031,2025-02-08,KR,iOS
4032,2025-03-01,KR,PC
4033,2025-04-16,KR,iOS
4034,2025-03-25,KR,iOS
4035,2025-03-20,US,Android
4036,2025-01-11,TW,iOS
4037,2025-02-01,KR,Android
4038,2025-03-14,US,Android
4039,2025-02-09,KR,iOS
4040,2025-06-01,JP,Android
4041,2025-01-04,KR,Android
4042,2025-01-23,KR,Android
4043,2025-01-04,US,iOS
4044,2025-01-22,KR,Android
4045,2025-01-01,KR,Android
4046,2025-06-29,KR,iOS
4047,2025-03-02,KR,iOS
4048,2025-02-22,US,iOS
4049,2025-02-24,KR,iOS
4050,2025-01-24,KR,iOS
4051,2025-01-12,TW,PC
4052,2025-03-07,JP,Android
4053,2025-01-09,KR,Android
4054,2025-01-04,US,iOS
4055,2025-01-27,KR,iOS
4056,2025-02-25,KR,Android
4057,2025-01-06,JP,Android
4058,2025-04-21,KR,PC
4059,2025-02-19,KR,iOS
4060,2025-06-10,TW,iOS
4061,2025-01-03,JP,Android
4062,2025-01-01,TW,iOS
4063,2025-01-19,TW,iOS
4064,2025-01-03,KR,iOS
4065,2025-04-07,US,iOS
4066,2025-03-20,KR,PC
4067,2025-02-01,US,PC
4068,2025-01-12,KR,Android
4069,2025-02-18,KR,Android
4070,2025-02-19,KR,Android
4071,2025-04-07,JP,Android
4072,2025-01-13,KR,Android
4073,2025-03-24,US,Android
4074,2025-03-12,TW,PC
4075,2025-02-04,JP,iOS
4076,2025-01-04,KR,Android
4077,2025-01-08,KR,PC
4078,2025-01-07,TW,PC
4079,2025-02-17,US,PC
4080,2025-04-26,KR,Android
4081,2025-03-07,TW,Android
4082,2025-01-17,KR,iOS
4083,2025-02-27,KR,Android
4084,2025-03-10,KR,iOS
4085,2025-06-29,KR,Android
4086,2025-01-04,KR,PC
4087,2025-02-19,US,PC
4088,2025-05-14,KR,Android
4089,2025-01-04,US,iOS
4090,2025-01-18,JP,Android
4091,2025-02-27,TW,iOS
4092,2025-01-31,KR,iOS
4093,2025-02-12,JP,PC
4094,2025-02-11,KR,Android
4095,2025-03-10,US,iOS
4096,2025-01-26,KR,Android
4097,2025-03-15,JP,iOS
4098,2025-04-01,KR,Android
4099,2025-02-24,US,iOS
4100,2025-01-22,KR,iOS
4101,2025-05-10,KR,Android
4102,2025-01-03,US,Android
4103,2025-02-11,KR,Android
4104,2025-03-25,JP,PC
4105,2025-01-29,US,PC
4106,2025-01-24,US,PC
4107,2025-01-08,JP,PC
4108,2025-02-05,JP,PC
4109,2025-06-10,TW,PC
4110,2025-01-02,KR,iOS
4111,2025-01-04,US,iOS
4112,2025-05-18,JP,Android
4113,2025-06-29,KR,PC
4114,2025-02-27,KR,PC
4115,2025-06-29,KR,Android
4116,2025-02-17,US,PC
4117,2025-02-18,KR,Android
4118,2025-03-19,US,Android
4119,2025-06-29,US,iOS
4120,2025-01-21,US,Android
4121,2025-02-15,KR,iOS
4122,2025-06-12,JP,iOS
4123,2025-06-01,US,Android
4124,2025-05-15,KR,iOS
4125,2025-03-14,KR,PC
4126,2025-03-14,KR,Android
4127,2025-02-17,TW,Android
4128,2025-01-05,KR,iOS
4129,2025-01-27,KR,PC
4130,2025-03-25,KR,Android
4131,2025-01-29,KR,Android
4132,2025-01-21,KR,Android
4133,2025-01-02,JP,Android
4134,2025-04-10,KR,Android
4135,2025-02-16,JP,Android
4136,2025-01-30,KR,PC
4137,2025-03-08,KR,iOS
4138,2025-01-11,JP,PC
4139,2025-05-06,US,Android
4140,2025-02-20,TW,iOS
4141,2025-05-01,KR,iOS
4142,2025-01-02,KR,Android
4143,2025-01-12,US,iOS
4144,2025-01-07,KR,PC
4145,2025-01-16,JP,Android
4146,2025-03-16,KR,PC
4147,2025-01-08,KR,iOS
4148,2025-06-29,JP,Android
4149,2025-02-28,JP,iOS
4150,2025-04-03,TW,Android
4151,2025-06-29,TW,Android
4152,2025-01-26,KR,Android
4153,2025-03-15,US,Android
4154,2025-01-05,TH,iOS
4155,2025-01-04,KR,iOS
4156,2025-02-10,KR,Android
4157,2025-03-05,TW,iOS
4158,2025-03-16,KR,Android
4159,2025-04-30,TW,Android
4160,2025-04-11,KR,PC
4161,2025-02-22,TW,PC
4162,2025-02-08,US,Android
4163,2025-01-30,US,PC
4164,2025-01-01,JP,Android
4165,2025-03-10,KR,iOS
4166,2025-04-26,US,PC
4167,2025-03-30,TW,Android
4168,2025-01-26,TH,Android
4169,2025-02-08,TH,Android
4170,2025-01-29,US,PC
4171,2025-02-05,US,Android
4172,2025-02-17,US,PC
4173,2025-01-06,US,iOS
4174,2025-01-17,US,PC
4175,2025-01-08,KR,Android
4176,2025-01-01,KR,Android
4177,2025-01-23,US,PC
4178,2025-02-02,KR,iOS
4179,2025-01-31,KR,iOS
4180,2025-01-03,KR,PC
4181,2025-04-13,JP,PC
4182,2025-01-10,TH,Android
4183,2025-02-25,US,Android
4184,2025-02-28,TW,iOS
4185,2025-01-08,TW,Android
4186,2025-01-03,KR,Android
4187,2025-01-02,KR,PC
4188,2025-01-20,KR,Android
4189,2025-02-21,KR,Android
4190,2025-01-09,US,Android
4191,2025-01-05,KR,PC
4192,2025-02-23,TW,Android
4193,2025-01-10,US,iOS
4194,2025-04-10,KR,Android
4195,2025-02-10,TH,Android
4196,2025-02-23,TH,iOS
4197,2025-05-06,JP,Android
4198,2025-01-11,JP,iOS
4199,2025-02-19,TH,Android
4200,2025-01-26,US,Android
4201,2025-01-09,TW,Android
4202,2025-02-24,KR,Android
4203,2025-01-03,US,Android
4204,2025-04-23,KR,iOS
4205,2025-03-10,KR,iOS
4206,2025-06-29,KR,Android
4207,2025-02-06,KR,PC
4208,2025-06-01,KR,iOS
4209,2025-01-13,KR,iOS
4210,2025-02-15,KR,PC
4211,2025-02-15,JP,iOS
4212,2025-03-11,US,PC
4213,2025-06-24,US,PC
4214,2025-04-06,KR,iOS
4215,2025-01-05,JP,iOS
4216,2025-02-20,KR,PC
4217,2025-01-24,KR,iOS
4218,2025-01-09,KR,Android
4219,2025-02-09,TW,iOS
4220,2025-01-31,TH,Android
4221,2025-01-03,JP,PC
4222,2025-02-17,JP,Android
4223,2025-01-06,KR,iOS
4224,2025-03-25,US,Android
4225,2025-01-19,KR,Android
4226,2025-02-23,KR,iOS
4227,2025-01-12,TH,Android
4228,2025-05-18,TH,Android
4229,2025-01-04,KR,iOS
4230,2025-05-12,KR,PC
4231,2025-01-12,KR,Android
4232,2025-01-10,KR,iOS
4233,2025-02-25,KR,iOS
4234,2025-02-17,US,Android
4235,2025-06-29,KR,iOS
4236,2025-02-10,KR,iOS
4237,2025-01-14,KR,Android
4238,2025-02-23,JP,Android
4239,2025-02-17,KR,iOS
4240,2025-02-17,KR,Android
4241,2025-06-29,US,Android
4242,2025-01-18,JP,Android
4243,2025-02-03,KR,PC
4244,2025-04-15,JP,iOS
4245,2025-03-05,KR,iOS
4246,2025-01-14,US,iOS
4247,2025-03-26,KR,iOS
4248,2025-01-11,TW,Android
4249,2025-03-07,TH,iOS
4250,2025-04-27,JP,Android
4251,2025-03-28,TW,PC
4252,2025-01-01,KR,Android
4253,2025-02-12,US,Android
4254,2025-01-11,KR,Android
4255,2025-01-24,KR,Android
4256,2025-03-24,KR,Android
4257,2025-01-12,JP,Android
4258,2025-06-08,JP,iOS
4259,2025-01-02,TW,iOS
4260,2025-01-12,US,Android
4261,2025-01-04,TW,Android
4262,2025-02-10,TW,iOS
4263,2025-01-18,JP,iOS
4264,2025-02-12,KR,Android
4265,2025-05-06,KR,iOS
4266,2025-02-28,JP,Android
4267,2025-01-03,TH,iOS
4268,2025-01-01,KR,iOS
4269,2025-03-07,KR,Android
4270,2025-01-07,KR,iOS
4271,2025-02-14,KR,iOS
4272,2025-05-25,JP,PC
4273,2025-02-18,KR,Android
4274,2025-03-20,KR,Android
4275,2025-01-29,JP,Android
4276,2025-01-30,KR,iOS
4277,2025-01-03,KR,Android
4278,2025-01-10,US,Android
4279,2025-01-03,KR,iOS
4280,2025-01-23,TH,iOS
4281,2025-03-08,JP,Android
4282,2025-01-09,TH,iOS
4283,2025-04-18,KR,iOS
4284,2025-02-14,JP,Android
4285,2025-02-24,US,Android
4286,2025-04-12,JP,Android
4287,2025-02-10,KR,iOS
4288,2025-02-24,KR,Android
4289,2025-02-15,KR,PC
4290,2025-01-05,JP,Android
4291,2025-01-13,JP,PC
4292,2025-04-05,KR,Android
4293,2025-06-29,US,iOS
4294,2025-01-11,JP,Android
4295,2025-02-01,US,Android
4296,2025-01-19,KR,PC
4297,2025-03-04,TW,iOS
4298,2025-02-17,US,iOS
4299,2025-01-03,JP,PC
4300,2025-06-29,US,iOS
4301,2025-06-04,JP,Android
4302,2025-03-17,KR,iOS
4303,2025-02-16,TW,PC
4304,2025-01-21,KR,iOS
4305,2025-01-31,JP,Android
4306,2025-01-25,TW,Android
4307,2025-01-31,US,PC
4308,2025-01-05,US,PC
4309,2025-04-23,KR,Android
4310,2025-02-21,KR,iOS
4311,2025-02-04,US,Android
4312,2025-03-14,KR,PC
4313,2025-03-15,KR,Android
4314,2025-01-02,TH,PC
4315,2025-01-11,KR,Android
4316,2025-02-09,KR,iOS
4317,2025-04-12,KR,iOS
4318,2025-04-16,US,iOS
4319,2025-01-23,KR,Android
4320,2025-03-25,JP,Android
4321,2025-01-02,KR,iOS
4322,2025-03-13,KR,Android
4323,2025-02-05,KR,iOS
4324,2025-01-20,KR,Android
4325,2025-02-16,JP,Android
4326,2025-02-24,KR,Android
4327,2025-06-18,KR,iOS
4328,2025-06-29,KR,Android
4329,2025-02-03,KR,PC
4330,2025-04-15,KR,Android
4331,2025-01-31,KR,PC
4332,2025-02-27,TH,iOS
4333,2025-01-15,KR,iOS
4334,2025-01-10,US,iOS
4335,2025-02-16,JP,Android
4336,2025-01-24,KR,iOS
4337,2025-01-21,US,PC
4338,2025-01-04,TW,Android
4339,2025-01-08,JP,PC
4340,2025-03-07,TW,Android
4341,2025-03-07,JP,Android
4342,2025-02-07,KR,Android
4343,2025-02-21,TW,Android
4344,2025-01-04,KR,Android
4345,2025-04-11,US,iOS
4346,2025-02-20,JP,PC
4347,2025-03-10,TW,Android
4348,2025-01-11,TW,Android
4349,2025-03-04,KR,iOS
4350,2025-03-05,JP,iOS
4351,2025-01-24,KR,iOS
4352,2025-06-29,JP,Android
4353,2025-01-24,JP,iOS
4354,2025-05-12,KR,PC
4355,2025-04-11,JP,PC
4356,2025-05-20,KR,iOS
4357,2025-02-04,KR,Android
4358,2025-01-13,TH,iOS
4359,2025-01-11,US,iOS
4360,2025-03-23,US,iOS
4361,2025-02-14,KR,PC
4362,2025-02-05,KR,PC
4363,2025-02-02,KR,iOS
4364,2025-01-03,KR,iOS
4365,2025-01-26,KR,Android
4366,2025-06-02,KR,Android
4367,2025-02-28,US,iOS
4368,2025-01-15,KR,PC
4369,2025-04-15,US,PC
4370,2025-03-08,TW,Android
4371,2025-06-29,KR,PC
4372,2025-01-20,US,Android
4373,2025-01-15,KR,Android
4374,2025-05-12,KR,PC
4375,2025-02-01,JP,Android
4376,2025-01-25,KR,Android
4377,2025-03-12,KR,iOS
4378,2025-01-27,TW,Android
4379,2025-01-14,KR,iOS
4380,2025-03-17,JP,iOS
4381,2025-02-19,US,Android
4382,2025-01-10,KR,Android
4383,2025-03-14,JP,iOS
4384,2025-01-10,KR,iOS
4385,2025-01-03,KR,PC
4386,2025-02-28,TW,Android
4387,2025-01-15,KR,Android
4388,2025-02-21,JP,PC
4389,2025-06-29,KR,PC
4390,2025-06-29,KR,iOS
4391,2025-01-17,JP,Android
4392,2025-01-22,US,iOS
4393,2025-03-13,KR,Android
4394,2025-01-01,JP,Android
4395,2025-02-22,KR,iOS
4396,2025-01-19,KR,Android
4397,2025-03-01,JP,iOS
4398,2025-03-10,US,Android
4399,2025-03-07,KR,iOS
4400,2025-01-03,JP,PC
4401,2025-01-09,KR,Android
4402,2025-05-03,TW,iOS
4403,2025-01-10,JP,Android
4404,2025-02-08,KR,iOS
4405,2025-04-20,KR,Android
4406,2025-01-02,TH,Android
4407,2025-01-13,TW,iOS
4408,2025-03-06,KR,iOS
4409,2025-01-08,KR,iOS
4410,2025-02-18,KR,Android
4411,2025-04-18,TW,Android
4412,2025-02-23,TW,iOS
4413,2025-04-28,JP,iOS
4414,2025-01-22,KR,PC
4415,2025-03-18,TW,iOS
4416,2025-04-24,KR,iOS
4417,2025-01-20,KR,Android
4418,2025-04-23,KR,iOS
4419,2025-01-07,KR,PC
4420,2025-02-21,US,iOS
4421,2025-01-11,KR,PC
4422,2025-03-15,KR,Android
4423,2025-02-16,JP,iOS
4424,2025-03-09,KR,Android
4425,2025-04-12,KR,PC
4426,2025-02-11,KR,Android
4427,2025-01-16,KR,iOS
4428,2025-04-27,KR,PC
4429,2025-06-15,JP,iOS
4430,2025-04-28,KR,iOS
4431,2025-01-09,KR,iOS
4432,2025-04-05,JP,PC
4433,2025-03-03,KR,iOS
4434,2025-02-03,JP,iOS
4435,2025-01-08,KR,PC
4436,2025-03-13,TW,Android
4437,2025-03-06,KR,iOS
4438,2025-01-17,US,Android
4439,2025-01-30,US,iOS
4440,2025-01-11,US,Android
4441,2025-06-09,JP,iOS
4442,2025-02-09,KR,Android
4443,2025-02-26,KR,Android
4444,2025-02-20,TW,iOS
4445,2025-04-04,TW,iOS
4446,2025-03-05,KR,Android
4447,2025-01-18,US,Android
4448,2025-02-07,JP,Android
4449,2025-01-23,JP,Android
4450,2025-02-05,TW,PC
4451,2025-03-07,JP,PC
4452,2025-02-09,KR,PC
4453,2025-02-25,US,Android
4454,2025-01-12,KR,iOS
4455,2025-02-11,KR,Android
4456,2025-03-11,JP,iOS
4457,2025-03-03,US,iOS
4458,2025-01-31,KR,iOS
4459,2025-01-14,US,Android
4460,2025-06-24,KR,Android
4461,2025-02-25,KR,Android
4462,2025-02-10,US,iOS
4463,2025-01-11,JP,PC
4464,2025-03-21,KR,Android
4465,2025-02-21,KR,iOS
4466,2025-01-16,US,iOS
4467,2025-01-01,KR,iOS
4468,2025-02-14,TW,PC
4469,2025-01-12,KR,iOS
4470,2025-01-31,TW,PC
4471,2025-03-11,KR,iOS
4472,2025-03-09,KR,Android
4473,2025-01-05,KR,iOS
4474,2025-01-25,JP,Android
4475,2025-05-11,TW,Android
4476,2025-01-18,KR,iOS
4477,2025-01-27,KR,PC
4478,2025-02-01,KR,Android
4479,2025-01-01,US,iOS
4480,2025-03-18,KR,Android
4481,2025-01-04,TW,iOS
4482,2025-01-19,KR,PC
4483,2025-01-15,JP,Android
4484,2025-02-20,JP,iOS
4485,2025-01-26,KR,iOS
4486,2025-03-13,KR,iOS
4487,2025-03-29,TW,PC
4488,2025-01-10,KR,iOS
4489,2025-01-13,US,iOS
4490,2025-02-24,TW,PC
4491,2025-04-05,KR,iOS
4492,2025-06-29,TW,iOS
4493,2025-01-15,KR,Android
4494,2025-04-19,US,iOS
4495,2025-01-09,KR,PC
4496,2025-01-31,KR,Android
4497,2025-04-07,KR,iOS
4498,2025-01-16,KR,Android
4499,2025-01-11,KR,iOS
4500,2025-01-03,KR,Android
4501,2025-02-25,US,Android
4502,2025-02-19,KR,Android
4503,2025-06-29,KR,Android
4504,2025-02-09,KR,Android
4505,2025-01-12,KR,iOS
4506,2025-01-28,KR,PC
4507,2025-01-04,KR,iOS
4508,2025-03-06,US,PC
4509,2025-03-18,JP,Android
4510,2025-01-15,US,iOS
4511,2025-01-18,KR,Android
4512,2025-01-05,TW,PC
4513,2025-01-05,US,PC
4514,2025-02-03,US,Android
4515,2025-02-14,KR,Android
4516,2025-01-01,KR,Android
4517,2025-03-06,KR,iOS
4518,2025-01-21,KR,Android
4519,2025-02-19,US,iOS
4520,2025-02-16,KR,PC
4521,2025-04-03,KR,Android
4522,2025-04-28,KR,Android
4523,2025-04-24,KR,Android
4524,2025-01-24,KR,iOS
4525,2025-02-26,KR,iOS
4526,2025-01-10,KR,iOS
4527,2025-02-06,KR,iOS
4528,2025-01-22,US,iOS
4529,2025-01-24,TW,Android
4530,2025-03-30,TW,Android
4531,2025-05-19,US,Android
4532,2025-01-25,KR,PC
4533,2025-04-09,US,PC
4534,2025-02-03,TW,iOS
4535,2025-01-19,KR,Android
4536,2025-01-30,KR,PC
4537,2025-01-22,JP,iOS
4538,2025-01-10,KR,Android
4539,2025-01-03,JP,PC
4540,2025-01-02,KR,Android
4541,2025-03-16,KR,PC
4542,2025-02-18,JP,PC
4543,2025-01-26,US,iOS
4544,2025-02-07,US,Android
4545,2025-06-29,JP,PC
4546,2025-02-02,TW,iOS
4547,2025-01-15,KR,iOS
4548,2025-03-13,TH,iOS
4549,2025-01-08,KR,Android
4550,2025-02-22,KR,Android
4551,2025-02-02,JP,PC
4552,2025-02-16,KR,iOS
4553,2025-01-20,TW,Android
4554,2025-01-30,KR,iOS
4555,2025-03-24,KR,PC
4556,2025-01-06,KR,Android
4557,2025-04-04,US,Android
4558,2025-04-17,JP,iOS
4559,2025-01-29,KR,iOS
4560,2025-03-15,KR,iOS
4561,2025-02-28,KR,PC
4562,2025-02-13,KR,iOS
4563,2025-03-24,US,PC
4564,2025-01-26,US,iOS
4565,2025-04-20,KR,Android
4566,2025-05-26,KR,iOS
4567,2025-02-26,US,iOS
4568,2025-01-13,KR,Android
4569,2025-01-03,KR,Android
4570,2025-01-30,US,Android
4571,2025-01-05,KR,Android
4572,2025-01-28,KR,iOS
4573,2025-05-27,KR,Android
4574,2025-03-26,JP,Android
4575,2025-01-05,KR,iOS
4576,2025-01-14,JP,Android
4577,2025-03-08,KR,iOS
4578,2025-06-29,KR,iOS
4579,2025-03-20,JP,iOS
4580,2025-01-10,KR,Android
4581,2025-01-30,KR,iOS
4582,2025-04-04,KR,PC
4583,2025-02-20,US,Android
4584,2025-01-28,KR,iOS
4585,2025-06-29,JP,Android
4586,2025-03-16,KR,iOS
4587,2025-02-08,KR,iOS
4588,2025-03-09,KR,PC
4589,2025-01-16,KR,Android
4590,2025-04-20,JP,iOS
4591,2025-02-13,KR,PC
4592,2025-03-12,TW,PC
4593,2025-06-29,KR,Android
4594,2025-02-11,KR,Android
4595,2025-02-08,KR,Android
4596,2025-02-15,JP,Android
4597,2025-01-26,KR,Android
4598,2025-02-21,US,PC
4599,2025-01-05,TW,Android
4600,2025-04-27,US,iOS
4601,2025-06-29,KR,iOS
4602,2025-02-10,JP,Android
4603,2025-01-01,KR,iOS
4604,2025-01-21,KR,iOS
4605,2025-01-01,KR,Android
4606,2025-01-11,JP,PC
4607,2025-05-22,KR,iOS
4608,2025-01-31,JP,iOS
4609,2025-02-10,JP,PC
4610,2025-02-18,KR,Android
4611,2025-01-15,KR,Android
4612,2025-04-25,JP,Android
4613,2025-03-01,KR,Android
4614,2025-03-04,KR,iOS
4615,2025-02-14,KR,Android
4616,2025-03-15,TW,Android
4617,2025-02-02,KR,iOS
4618,2025-03-31,KR,iOS
4619,2025-02-19,KR,Android
4620,2025-01-03,KR,Android
4621,2025-01-06,TH,Android
4622,2025-01-29,KR,Android
4623,2025-01-02,JP,Android
4624,2025-01-05,JP,iOS
4625,2025-01-28,KR,PC
4626,2025-01-21,JP,PC
4627,2025-03-03,TH,iOS
4628,2025-01-18,JP,Android
4629,2025-01-19,JP,iOS
4630,2025-01-28,KR,PC
4631,2025-01-03,JP,Android
4632,2025-03-03,KR,Android
4633,2025-03-21,JP,PC
4634,2025-06-29,KR,Android
4635,2025-04-01,US,iOS
4636,2025-01-23,TW,Android
4637,2025-03-30,US,Android
4638,2025-06-29,KR,iOS
4639,2025-01-15,JP,Android
4640,2025-06-29,TW,Android
4641,2025-01-26,US,Android
4642,2025-01-04,TW,PC
4643,2025-01-05,JP,Android
4644,2025-01-13,TW,Android
4645,2025-03-08,KR,Android
4646,2025-03-16,KR,iOS
4647,2025-03-12,JP,iOS
4648,2025-01-31,TW,PC
4649,2025-02-19,KR,Android
4650,2025-03-15,KR,Android
4651,2025-02-15,KR,iOS
4652,2025-02-05,JP,iOS
4653,2025-01-17,TW,iOS
4654,2025-01-29,US,Android
4655,2025-03-29,KR,Android
4656,2025-02-17,KR,iOS
4657,2025-01-14,TW,Android
4658,2025-01-16,KR,PC
4659,2025-04-04,KR,PC
4660,2025-05-22,KR,PC
4661,2025-01-22,JP,Android
4662,2025-01-31,KR,Android
4663,2025-01-01,KR,Android
4664,2025-01-07,KR,iOS
4665,2025-03-14,TH,PC
4666,2025-06-29,KR,Android
4667,2025-02-25,KR,Android
4668,2025-02-18,KR,iOS
4669,2025-03-31,KR,iOS
4670,2025-01-21,JP,PC
4671,2025-02-17,JP,iOS
4672,2025-01-30,KR,iOS
4673,2025-01-29,TW,Android
4674,2025-01-13,KR,Android
4675,2025-02-05,TW,iOS
4676,2025-02-13,KR,iOS
4677,2025-04-26,KR,Android
4678,2025-06-29,TW,PC
4679,2025-01-06,TW,Android
4680,2025-01-08,JP,Android
4681,2025-04-17,US,iOS
4682,2025-02-19,JP,Android
4683,2025-03-26,JP,Android
4684,2025-01-07,KR,PC
4685,2025-01-11,KR,Android
4686,2025-02-19,US,iOS
4687,2025-02-04,US,iOS
4688,2025-02-06,TW,PC
4689,2025-05-16,KR,iOS
4690,2025-03-24,KR,Android
4691,2025-01-30,KR,Android
4692,2025-05-16,JP,iOS
4693,2025-02-05,KR,Android
4694,2025-03-24,TW,Android
4695,2025-03-21,KR,PC
4696,2025-01-27,KR,iOS
4697,2025-03-06,JP,iOS
4698,2025-05-30,KR,iOS
4699,2025-05-15,JP,iOS
4700,2025-02-24,KR,Android
4701,2025-01-17,KR,Android
4702,2025-01-19,US,iOS
4703,2025-04-03,TW,PC
4704,2025-02-14,KR,iOS
4705,2025-02-15,KR,Android
4706,2025-01-04,US,PC
4707,2025-01-18,TH,Android
4708,2025-03-08,JP,iOS
4709,2025-01-18,JP,PC
4710,2025-01-10,KR,Android
4711,2025-01-24,US,iOS
4712,2025-03-12,TW,iOS
4713,2025-03-13,TW,PC
4714,2025-02-17,JP,iOS
4715,2025-02-08,JP,PC
4716,2025-05-04,TW,iOS
4717,2025-04-22,KR,iOS
4718,2025-02-02,KR,PC
4719,2025-05-10,TH,PC
4720,2025-05-24,KR,iOS
4721,2025-03-06,KR,iOS
4722,2025-02-01,KR,Android
4723,2025-02-15,US,Android
4724,2025-01-19,JP,Android
4725,2025-04-19,JP,iOS
4726,2025-02-08,KR,PC
4727,2025-03-30,KR,iOS
4728,2025-03-30,KR,iOS
4729,2025-01-04,TW,iOS
4730,2025-04-30,KR,iOS
4731,2025-01-12,US,Android
4732,2025-01-20,US,iOS
4733,2025-02-18,US,Android
4734,2025-02-21,US,Android
4735,2025-01-29,JP,iOS
4736,2025-01-29,US,PC
4737,2025-03-24,KR,Android
4738,2025-02-14,KR,iOS
4739,2025-03-14,KR,iOS
4740,2025-05-06,KR,Android
4741,2025-02-06,JP,Android
4742,2025-02-09,KR,Android
4743,2025-01-29,JP,Android
4744,2025-01-21,KR,iOS
4745,2025-04-22,JP,PC
4746,2025-01-09,KR,iOS
4747,2025-03-17,KR,iOS
4748,2025-02-02,KR,Android
4749,2025-02-05,US,iOS
4750,2025-06-12,KR,Android
4751,2025-01-27,JP,iOS
4752,2025-01-31,US,Android
4753,2025-01-17,TH,Android
4754,2025-02-04,JP,Android
4755,2025-01-14,US,Android
4756,2025-02-20,JP,iOS
4757,2025-01-26,KR,PC
4758,2025-02-05,US,Android
4759,2025-05-29,KR,Android
4760,2025-06-29,JP,iOS
4761,2025-01-12,KR,iOS
4762,2025-05-04,KR,Android
4763,2025-01-03,US,Android
4764,2025-02-17,KR,PC
4765,2025-06-29,KR,PC
4766,2025-02-21,KR,Android
4767,2025-06-04,JP,Android
4768,2025-03-19,KR,Android
4769,2025-02-08,KR,iOS
4770,2025-02-23,TH,Android
4771,2025-02-21,TW,Android
4772,2025-03-22,KR,iOS
4773,2025-02-03,KR,iOS
4774,2025-02-06,KR,Android
4775,2025-06-29,TW,Android
4776,2025-01-19,KR,iOS
4777,2025-01-22,KR,iOS
4778,2025-02-03,KR,iOS
4779,2025-02-07,US,PC
4780,2025-01-15,KR,PC
4781,2025-01-18,JP,PC
4782,2025-01-04,KR,PC
4783,2025-01-17,US,iOS
4784,2025-03-07,JP,iOS
4785,2025-02-05,KR,Android
4786,2025-01-11,KR,Android
4787,2025-01-02,KR,Android
4788,2025-01-23,JP,iOS
4789,2025-01-08,KR,PC
4790,2025-01-02,JP,iOS
4791,2025-03-22,KR,Android
4792,2025-03-15,US,PC
4793,2025-01-16,US,Android
4794,2025-01-12,KR,Android
4795,2025-03-05,KR,Android
4796,2025-02-02,JP,Android
4797,2025-02-02,KR,PC
4798,2025-02-01,US,Android
4799,2025-03-12,TW,Android
4800,2025-06-29,KR,PC
4801,2025-02-13,KR,Android
4802,2025-06-29,KR,Android
4803,2025-01-12,KR,Android
4804,2025-02-24,TH,iOS
4805,2025-01-06,TH,Android
4806,2025-02-22,KR,PC
4807,2025-03-24,TW,iOS
4808,2025-01-13,KR,iOS
4809,2025-01-18,TH,iOS
4810,2025-03-16,JP,Android
4811,2025-01-22,KR,iOS
4812,2025-01-02,US,Android
4813,2025-03-15,JP,iOS
4814,2025-03-12,KR,iOS
4815,2025-01-17,KR,iOS
4816,2025-06-10,US,iOS
4817,2025-01-20,KR,PC
4818,2025-01-08,KR,PC
4819,2025-01-30,KR,Android
4820,2025-01-03,JP,PC
4821,2025-02-05,KR,iOS
4822,2025-02-26,KR,PC
4823,2025-06-29,KR,Android
4824,2025-06-01,KR,Android
4825,2025-02-20,US,Android
4826,2025-01-04,KR,iOS
4827,2025-02-15,US,iOS
4828,2025-03-12,KR,iOS
4829,2025-04-23,US,Android
4830,2025-05-28,KR,Android
4831,2025-02-02,JP,PC
4832,2025-01-05,KR,iOS
4833,2025-04-19,TW,Android
4834,2025-01-11,KR,Android
4835,2025-03-04,KR,iOS
4836,2025-01-18,US,iOS
4837,2025-01-17,KR,Android
4838,2025-05-24,KR,Android
4839,2025-02-19,JP,iOS
4840,2025-04-21,JP,iOS
4841,2025-01-26,US,iOS
4842,2025-02-09,TH,PC
4843,2025-02-16,KR,PC
4844,2025-04-16,KR,iOS
4845,2025-02-06,JP,Android
4846,2025-02-17,KR,PC
4847,2025-02-15,KR,iOS
4848,2025-02-23,KR,iOS
4849,2025-01-07,KR,iOS
4850,2025-01-26,KR,iOS
4851,2025-01-03,KR,PC
4852,2025-01-03,US,PC
4853,2025-06-29,JP,Android
4854,2025-01-06,TW,iOS
4855,2025-03-02,KR,PC
4856,2025-01-26,KR,iOS
4857,2025-01-15,US,iOS
4858,2025-04-01,KR,iOS
4859,2025-01-11,KR,PC
4860,2025-04-24,US,Android
4861,2025-01-27,JP,Android
4862,2025-01-04,KR,Android
4863,2025-01-22,US,iOS
4864,2025-02-28,US,Android
4865,2025-01-25,TW,PC
4866,2025-01-11,KR,PC
4867,2025-01-23,JP,Android
4868,2025-01-10,JP,iOS
4869,2025-04-24,KR,PC
4870,2025-02-09,US,Android
4871,2025-02-19,US,iOS
4872,2025-06-19,KR,iOS
4873,2025-01-14,KR,iOS
4874,2025-01-11,KR,Android
4875,2025-01-15,JP,Android
4876,2025-06-03,KR,iOS
4877,2025-04-01,KR,iOS
4878,2025-06-29,KR,Android
4879,2025-01-07,US,Android
4880,2025-01-17,US,iOS
4881,2025-01-11,KR,iOS
4882,2025-03-16,KR,PC
4883,2025-01-14,KR,PC
4884,2025-05-19,KR,Android
4885,2025-01-24,JP,Android
4886,2025-05-02,KR,PC
4887,2025-01-25,JP,iOS
4888,2025-01-07,US,PC
4889,2025-03-08,TW,Android
4890,2025-01-22,KR,Android
4891,2025-01-08,KR,Android
4892,2025-01-20,KR,iOS
4893,2025-01-25,TW,Android
4894,2025-06-29,US,Android
4895,2025-03-01,US,iOS
4896,2025-01-09,JP,Android
4897,2025-01-20,KR,PC
4898,2025-02-12,US,PC
4899,2025-01-17,JP,Android
4900,2025-01-24,KR,iOS
4901,2025-01-12,TH,iOS
4902,2025-01-06,TW,iOS
4903,2025-05-05,TH,PC
4904,2025-01-22,JP,Android
4905,2025-02-14,KR,PC
4906,2025-01-18,US,iOS
4907,2025-05-25,KR,PC
4908,2025-02-08,JP,PC
4909,2025-01-07,KR,Android
4910,2025-02-11,TW,PC
4911,2025-02-21,KR,Android
4912,2025-01-06,KR,iOS
4913,2025-04-04,KR,iOS
4914,2025-02-09,JP,iOS
4915,2025-01-10,KR,iOS
4916,2025-06-01,KR,Android
4917,2025-03-20,KR,iOS
4918,2025-02-25,KR,iOS
4919,2025-01-03,TW,iOS
4920,2025-06-29,KR,Android
4921,2025-01-29,KR,PC
4922,2025-01-25,KR,Android
4923,2025-01-04,KR,Android
4924,2025-01-19,KR,PC
4925,2025-04-20,KR,Android
4926,2025-04-18,KR,Android
4927,2025-01-06,KR,Android
4928,2025-01-30,KR,PC
4929,2025-03-15,JP,iOS
4930,2025-02-09,KR,Android
4931,2025-01-16,US,Android
4932,2025-02-26,US,iOS
4933,2025-02-08,TW,Android
4934,2025-02-12,KR,PC
4935,2025-01-11,JP,PC
4936,2025-01-31,TW,PC
4937,2025-03-23,TH,Android
4938,2025-02-09,JP,Android
4939,2025-02-25,KR,PC
4940,2025-01-27,TW,iOS
4941,2025-04-04,JP,iOS
4942,2025-01-07,KR,Android
4943,2025-03-12,KR,Android
4944,2025-01-12,TW,Android
4945,2025-01-17,KR,PC
4946,2025-05-10,JP,iOS
4947,2025-01-31,KR,PC
4948,2025-02-04,JP,Android
4949,2025-03-03,KR,PC
4950,2025-03-11,JP,iOS
4951,2025-03-01,KR,Android
4952,2025-02-17,TW,Android
4953,2025-01-01,KR,Android
4954,2025-01-10,KR,iOS
4955,2025-01-19,KR,iOS
4956,2025-04-19,KR,iOS
4957,2025-06-02,TH,Android
4958,2025-02-08,KR,Android
4959,2025-01-28,KR,Android
4960,2025-06-29,JP,Android
4961,2025-02-12,KR,iOS
4962,2025-03-16,KR,iOS
4963,2025-02-19,US,Android
4964,2025-01-28,KR,Android
4965,2025-02-03,JP,Android
4966,2025-03-04,US,Android
4967,2025-05-21,KR,PC
4968,2025-02-04,US,PC
4969,2025-02-01,TW,Android
4970,2025-01-04,KR,iOS
4971,2025-01-08,JP,iOS
4972,2025-01-01,KR,Android
4973,2025-01-09,KR,Android
4974,2025-03-31,JP,iOS
4975,2025-03-20,KR,iOS
4976,2025-03-31,KR,PC
4977,2025-01-02,KR,iOS
4978,2025-03-07,JP,Android
4979,2025-01-19,US,PC
4980,2025-02-08,KR,Android
4981,2025-05-10,KR,iOS
4982,2025-02-18,TW,PC
4983,2025-01-08,KR,Android
4984,2025-01-30,KR,iOS
4985,2025-06-29,KR,Android
4986,2025-05-17,US,iOS
4987,2025-04-04,KR,Android
4988,2025-01-09,JP,PC
4989,2025-01-10,US,Android
4990,2025-01-07,KR,PC
4991,2025-01-09,US,Android
4992,2025-01-01,KR,PC
4993,2025-04-21,KR,Android
4994,2025-03-13,US,iOS
4995,2025-04-04,KR,PC
4996,2025-02-10,TW,PC
4997,2025-01-01,US,Android
4998,2025-02-07,KR,Android
4999,2025-01-04,TH,iOS
5000,2025-04-26,KR,iOS
5001,2025-01-02,KR,iOS
5002,2025-01-23,KR,Android
5003,2025-04-19,TH,iOS
5004,2025-04-02,KR,iOS
5005,2025-04-14,KR,PC
5006,2025-03-01,KR,Android
5007,2025-01-14,KR,PC
5008,2025-04-02,KR,iOS
5009,2025-04-29,US,iOS
5010,2025-04-30,TW,Android
5011,2025-04-08,JP,iOS
5012,2025-03-06,KR,Android
5013,2025-05-17,KR,PC
5014,2025-04-06,KR,iOS
5015,2025-01-05,KR,Android
5016,2025-01-21,US,Android
5017,2025-01-26,KR,iOS
5018,2025-04-30,JP,Android
5019,2025-02-19,KR,Android
5020,2025-01-04,US,iOS
5021,2025-01-07,TW,Android
5022,2025-01-23,US,Android
5023,2025-01-15,TW,Android
5024,2025-01-11,JP,PC
5025,2025-01-19,US,Android
5026,2025-03-06,KR,Android
5027,2025-03-15,KR,PC
5028,2025-06-05,TW,Android
5029,2025-02-18,KR,iOS
5030,2025-01-24,TW,iOS
5031,2025-02-01,KR,iOS
5032,2025-01-03,JP,iOS
5033,2025-01-24,KR,Android
5034,2025-01-14,TH,iOS
5035,2025-01-08,KR,PC
5036,2025-01-29,KR,Android
5037,2025-01-09,TW,iOS
5038,2025-01-05,KR,PC
5039,2025-02-26,KR,Android
5040,2025-03-28,TW,iOS
5041,2025-02-04,JP,iOS
5042,2025-01-01,KR,Android
5043,2025-01-28,US,Android
5044,2025-01-04,KR,Android
5045,2025-03-06,KR,PC
5046,2025-04-29,US,Android
5047,2025-02-19,KR,PC
5048,2025-01-16,KR,Android
5049,2025-06-04,KR,Android
5050,2025-03-05,TW,iOS
5051,2025-01-05,US,Android
5052,2025-01-13,KR,Android
5053,2025-03-18,TW,Android
5054,2025-01-14,JP,Android
5055,2025-02-11,KR,Android
5056,2025-01-28,TH,Android
5057,2025-01-21,KR,Android
5058,2025-01-08,KR,Android
5059,2025-03-11,KR,PC
5060,2025-02-26,KR,Android
5061,2025-05-02,US,Android
5062,2025-01-17,US,Android
5063,2025-01-03,TW,Android
5064,2025-05-17,KR,PC
5065,2025-02-24,KR,PC
5066,2025-01-01,KR,Android
5067,2025-06-29,KR,PC
5068,2025-05-06,TW,Android
5069,2025-01-26,JP,PC
5070,2025-02-24,JP,PC
5071,2025-01-19,JP,Android
5072,2025-01-17,KR,PC
5073,2025-02-02,KR,Android
5074,2025-01-21,KR,Android
5075,2025-01-23,JP,Android
5076,2025-01-05,KR,Android
5077,2025-06-29,KR,Android
5078,2025-02-28,US,iOS
5079,2025-01-07,KR,Android
5080,2025-01-09,KR,Android
5081,2025-03-20,KR,Android
5082,2025-06-29,KR,iOS
5083,2025-02-10,KR,iOS
5084,2025-01-14,TW,Android
5085,2025-06-29,JP,Android
5086,2025-03-02,KR,iOS
5087,2025-01-18,JP,iOS
5088,2025-02-15,JP,Android
5089,2025-02-12,US,iOS
5090,2025-03-16,TW,iOS
5091,2025-02-26,JP,Android
5092,2025-06-13,KR,Android
5093,2025-04-09,KR,PC
5094,2025-01-27,KR,iOS
5095,2025-06-02,KR,iOS
5096,2025-01-20,TH,iOS
5097,2025-02-01,US,Android
5098,2025-01-03,KR,iOS
5099,2025-03-21,TW,iOS
5100,2025-02-22,JP,Android
5101,2025-03-23,KR,Android
5102,2025-06-29,TW,Android
5103,2025-01-30,KR,Android
5104,2025-03-27,KR,PC
5105,2025-03-06,KR,Android
5106,2025-05-15,TW,iOS
5107,2025-06-24,KR,Android
5108,2025-05-10,KR,iOS
5109,2025-02-09,US,iOS
5110,2025-01-14,TW,Android
5111,2025-01-08,KR,iOS
5112,2025-01-20,KR,iOS
5113,2025-02-01,TW,Android
5114,2025-06-14,JP,PC
5115,2025-01-28,KR,iOS
5116,2025-01-02,KR,Android
5117,2025-01-26,KR,PC
5118,2025-01-29,US,iOS
5119,2025-01-17,US,Android
5120,2025-02-17,JP,iOS
5121,2025-02-01,KR,PC
5122,2025-01-05,JP,iOS
5123,2025-02-09,KR,iOS
5124,2025-03-30,TW,PC
5125,2025-03-06,KR,Android
5126,2025-01-05,KR,iOS
5127,2025-06-04,KR,Android
5128,2025-02-19,KR,PC
5129,2025-02-09,KR,Android
5130,2025-01-16,US,iOS
5131,2025-04-18,TW,iOS
5132,2025-03-15,KR,PC
5133,2025-01-03,KR,iOS
5134,2025-01-07,KR,iOS
5135,2025-01-04,JP,iOS
5136,2025-02-17,KR,iOS
5137,2025-06-29,KR,Android
5138,2025-06-04,KR,Android
5139,2025-02-22,KR,iOS
5140,2025-06-29,US,iOS
5141,2025-02-04,KR,iOS
5142,2025-01-21,KR,iOS
5143,2025-02-11,JP,iOS
5144,2025-01-17,KR,Android
5145,2025-01-22,US,iOS
5146,2025-02-14,KR,iOS
5147,2025-03-01,TW,Android
5148,2025-04-17,JP,Android
5149,2025-02-04,KR,Android
5150,2025-03-20,TW,PC
5151,2025-01-03,KR,iOS
5152,2025-01-16,KR,iOS
5153,2025-01-12,US,iOS
5154,2025-02-25,JP,iOS
5155,2025-01-08,KR,PC
5156,2025-06-29,KR,Android
5157,2025-02-18,KR,Android
5158,2025-04-26,US,PC
5159,2025-01-05,TH,PC
5160,2025-02-28,KR,Android
5161,2025-03-30,TH,PC
5162,2025-02-24,KR,Android
5163,2025-02-15,JP,iOS
5164,2025-03-19,TW,Android
5165,2025-06-29,US,PC
5166,2025-02-26,KR,Android
5167,2025-04-24,KR,Android
5168,2025-01-27,KR,PC
5169,2025-02-03,US,Android
5170,2025-02-26,TH,Android
5171,2025-01-11,KR,iOS
5172,2025-01-11,KR,iOS
5173,2025-06-29,KR,iOS
5174,2025-05-19,US,PC
5175,2025-06-21,US,PC
5176,2025-04-30,KR,iOS
5177,2025-04-08,JP,iOS
5178,2025-05-27,KR,iOS
5179,2025-03-04,US,Android
5180,2025-01-25,KR,Android
5181,2025-05-06,KR,Android
5182,2025-03-07,US,iOS
5183,2025-01-16,US,iOS
5184,2025-06-29,KR,PC
5185,2025-03-26,JP,Android
5186,2025-01-20,KR,iOS
5187,2025-02-14,KR,iOS
5188,2025-03-03,TH,iOS
5189,2025-02-07,TW,iOS
5190,2025-04-18,KR,iOS
5191,2025-02-25,TW,Android
5192,2025-01-30,JP,iOS
5193,2025-03-08,KR,Android
5194,2025-05-12,KR,Android
5195,2025-01-06,KR,iOS
5196,2025-01-14,US,Android
5197,2025-03-17,TW,PC
5198,2025-04-10,KR,iOS
5199,2025-01-29,KR,Android
5200,2025-01-16,KR,iOS
5201,2025-06-29,KR,iOS
5202,2025-01-26,JP,iOS
5203,2025-01-11,KR,Android
5204,2025-03-06,US,Android
5205,2025-03-01,KR,Android
5206,2025-01-09,JP,iOS
5207,2025-02-28,JP,Android
5208,2025-01-03,US,iOS
5209,2025-03-01,KR,iOS
5210,2025-01-21,US,Android
5211,2025-01-27,US,iOS
5212,2025-01-24,US,Android
5213,2025-02-15,US,Android
5214,2025-03-31,TW,Android
5215,2025-02-22,KR,Android
5216,2025-01-18,KR,iOS
5217,2025-01-10,TH,iOS
5218,2025-04-04,KR,Android
5219,2025-02-02,TW,iOS
5220,2025-02-25,US,iOS
5221,2025-01-29,TW,iOS
5222,2025-01-17,US,Android
5223,2025-01-12,JP,Android
5224,2025-01-16,JP,iOS
5225,2025-01-04,KR,iOS
5226,2025-05-13,KR,iOS
5227,2025-01-11,KR,iOS
5228,2025-02-14,KR,Android
5229,2025-01-25,TH,iOS
5230,2025-04-02,KR,iOS
5231,2025-03-18,JP,PC
5232,2025-01-01,KR,Android
5233,2025-01-19,KR,iOS
5234,2025-03-20,TH,Android
5235,2025-02-11,KR,Android
5236,2025-06-29,US,PC
5237,2025-06-29,KR,PC
5238,2025-03-08,KR,Android
5239,2025-01-10,KR,iOS
5240,2025-02-25,US,Android
5241,2025-03-08,KR,iOS
5242,2025-04-06,JP,Android
5243,2025-05-16,US,PC
5244,2025-01-06,KR,iOS
5245,2025-06-29,KR,PC
5246,2025-01-10,KR,Android
5247,2025-01-10,JP,iOS
5248,2025-01-17,KR,PC
5249,2025-04-08,KR,Android
5250,2025-01-17,KR,Android
5251,2025-03-24,KR,Android
5252,2025-04-05,US,iOS
5253,2025-01-19,KR,iOS
5254,2025-02-21,KR,Android
5255,2025-02-02,KR,PC
5256,2025-06-29,US,Android
5257,2025-02-09,US,PC
5258,2025-01-01,KR,PC
5259,2025-02-13,KR,iOS
5260,2025-02-24,US,Android
5261,2025-01-27,KR,Android
5262,2025-06-11,US,iOS
5263,2025-04-19,KR,Android
5264,2025-01-30,KR,Android
5265,2025-01-21,KR,PC
5266,2025-01-20,KR,PC
5267,2025-01-14,US,Android
5268,2025-05-21,KR,Android
5269,2025-01-27,KR,Android
5270,2025-01-07,KR,PC
5271,2025-03-19,KR,Android
5272,2025-01-06,US,PC
5273,2025-06-16,JP,PC
5274,2025-01-04,TH,iOS
5275,2025-01-31,KR,PC
5276,2025-02-07,KR,Android
5277,2025-02-24,KR,iOS
5278,2025-01-06,TW,iOS
5279,2025-03-31,KR,Android
5280,2025-01-26,KR,iOS
5281,2025-03-14,JP,iOS
5282,2025-01-31,KR,Android
5283,2025-02-17,KR,iOS
5284,2025-05-11,KR,Android
5285,2025-01-01,US,Android
5286,2025-01-05,JP,iOS
5287,2025-04-27,KR,Android
5288,2025-06-29,US,iOS
5289,2025-05-09,KR,PC
5290,2025-05-21,KR,Android
5291,2025-01-23,TW,PC
5292,2025-06-29,JP,Android
5293,2025-02-23,TW,PC
5294,2025-01-12,JP,Android
5295,2025-01-08,KR,Android
5296,2025-01-18,KR,iOS
5297,2025-03-16,KR,Android
5298,2025-06-21,KR,Android
5299,2025-01-28,KR,Android
5300,2025-03-14,KR,iOS
5301,2025-02-05,KR,Android
5302,2025-01-02,JP,Android
5303,2025-01-13,KR,Android
5304,2025-01-09,KR,Android
5305,2025-02-25,JP,Android
5306,2025-01-02,US,Android
5307,2025-01-30,KR,Android
5308,2025-06-29,US,Android
5309,2025-01-09,JP,Android
5310,2025-01-14,TW,iOS
5311,2025-01-18,KR,iOS
5312,2025-03-02,KR,Android
5313,2025-03-09,US,Android
5314,2025-01-14,KR,iOS
5315,2025-01-29,JP,Android
5316,2025-01-27,US,iOS
5317,2025-01-11,JP,Android
5318,2025-01-12,TH,iOS
5319,2025-05-18,US,Android
5320,2025-01-07,TW,Android
5321,2025-01-29,US,PC
5322,2025-01-07,KR,PC
5323,2025-02-13,JP,Android
5324,2025-03-11,US,Android
5325,2025-02-05,TH,Android
5326,2025-01-20,KR,PC
5327,2025-03-06,KR,Android
5328,2025-01-18,JP,iOS
5329,2025-04-18,KR,PC
5330,2025-01-19,US,iOS
5331,2025-01-16,KR,PC
5332,2025-06-10,KR,iOS
5333,2025-06-18,KR,Android
5334,2025-01-19,JP,PC
5335,2025-06-06,KR,Android
5336,2025-06-15,JP,Android
5337,2025-01-21,JP,iOS
5338,2025-05-05,US,iOS
5339,2025-06-29,KR,iOS
5340,2025-01-02,KR,Android
5341,2025-04-13,JP,Android
5342,2025-01-01,KR,iOS
5343,2025-05-18,KR,Android
5344,2025-01-11,TW,PC
5345,2025-04-12,KR,PC
5346,2025-01-15,KR,Android
5347,2025-01-25,TH,PC
5348,2025-01-23,KR,Android
5349,2025-01-26,KR,iOS
5350,2025-05-07,KR,Android
5351,2025-01-31,JP,PC
5352,2025-02-07,TW,iOS
5353,2025-01-04,JP,iOS
5354,2025-02-07,TH,PC
5355,2025-01-18,KR,Android
5356,2025-01-25,US,Android
5357,2025-03-16,KR,Android
5358,2025-01-21,TW,Android
5359,2025-01-27,TW,iOS
5360,2025-03-04,KR,Android
5361,2025-01-25,JP,iOS
5362,2025-03-11,US,iOS
5363,2025-01-12,KR,PC
5364,2025-01-06,US,iOS
5365,2025-01-18,TH,iOS
5366,2025-02-20,KR,iOS
5367,2025-01-16,KR,PC
5368,2025-06-29,TH,PC
5369,2025-03-07,KR,iOS
5370,2025-01-26,KR,Android
5371,2025-06-29,JP,Android
5372,2025-01-29,US,Android
5373,2025-01-01,KR,iOS
5374,2025-02-09,KR,iOS
5375,2025-03-17,JP,Android
5376,2025-01-21,KR,iOS
5377,2025-01-07,US,Android
5378,2025-06-25,TW,iOS
5379,2025-02-02,KR,PC
5380,2025-03-21,TW,Android
5381,2025-04-24,JP,Android
5382,2025-02-21,TW,Android
5383,2025-02-16,KR,iOS
5384,2025-02-11,KR,iOS
5385,2025-06-23,US,Android
5386,2025-01-24,TW,Android
5387,2025-03-28,TH,PC
5388,2025-02-18,KR,Android
5389,2025-01-08,KR,Android
5390,2025-03-16,KR,iOS
5391,2025-04-21,US,iOS
5392,2025-01-29,JP,iOS
5393,2025-03-02,JP,PC
5394,2025-02-04,KR,Android
5395,2025-01-02,TH,Android
5396,2025-01-29,KR,Android
5397,2025-02-02,KR,iOS
5398,2025-06-29,US,iOS
5399,2025-03-04,KR,iOS
5400,2025-01-14,JP,iOS
5401,2025-02-05,US,Android
5402,2025-01-08,KR,iOS
5403,2025-05-10,KR,Android
5404,2025-05-12,KR,PC
5405,2025-04-07,US,PC
5406,2025-01-22,KR,iOS
5407,2025-01-04,KR,Android
5408,2025-01-27,KR,iOS
5409,2025-05-18,JP,iOS
5410,2025-04-30,KR,Android
5411,2025-01-10,KR,Android
5412,2025-03-04,KR,Android
5413,2025-02-04,KR,PC
5414,2025-03-05,KR,iOS
5415,2025-03-07,KR,PC
5416,2025-01-06,JP,iOS
5417,2025-01-30,KR,PC
5418,2025-01-14,KR,Android
5419,2025-02-14,TH,iOS
5420,2025-01-10,KR,Android
5421,2025-01-22,KR,iOS
5422,2025-01-28,KR,Android
5423,2025-02-02,KR,iOS
5424,2025-04-07,KR,PC
5425,2025-01-01,TW,iOS
5426,2025-05-15,KR,PC
5427,2025-02-13,JP,iOS
5428,2025-02-27,TH,Android
5429,2025-01-09,KR,PC
5430,2025-02-24,US,iOS
5431,2025-01-31,KR,iOS
5432,2025-01-09,KR,Android
5433,2025-02-28,JP,Android
5434,2025-01-10,KR,PC
5435,2025-01-10,TH,iOS
5436,2025-06-29,US,PC
5437,2025-02-13,KR,PC
5438,2025-04-09,KR,Android
5439,2025-01-05,US,iOS
5440,2025-01-31,KR,iOS
5441,2025-01-08,KR,PC
5442,2025-01-13,KR,Android
5443,2025-03-29,KR,Android
5444,2025-01-29,TH,PC
5445,2025-06-29,KR,iOS
5446,2025-01-06,KR,Android
5447,2025-02-01,JP,Android
5448,2025-01-19,JP,PC
5449,2025-01-17,TW,Android
5450,2025-01-15,TW,Android
5451,2025-02-24,KR,iOS
5452,2025-01-15,KR,PC
5453,2025-03-04,US,Android
5454,2025-01-30,KR,Android
5455,2025-02-28,JP,PC
5456,2025-01-13,KR,iOS
5457,2025-05-25,TW,Android
5458,2025-04-07,JP,PC
5459,2025-02-19,US,Android
5460,2025-04-15,KR,PC
5461,2025-02-15,TH,PC
5462,2025-01-01,JP,Android
5463,2025-02-13,JP,iOS
5464,2025-01-30,JP,PC
5465,2025-01-28,KR,Android
5466,2025-03-15,KR,Android
5467,2025-01-10,KR,Android
5468,2025-06-06,US,iOS
5469,2025-03-14,US,iOS
5470,2025-02-10,KR,Android
5471,2025-01-25,TH,Android
5472,2025-05-15,KR,Android
5473,2025-01-22,JP,iOS
5474,2025-06-29,KR,Android
5475,2025-02-24,KR,Android
5476,2025-06-18,KR,iOS
5477,2025-01-20,JP,Android
5478,2025-06-25,JP,Android
5479,2025-04-22,KR,Android
5480,2025-01-10,KR,Android
5481,2025-04-12,US,PC
5482,2025-03-05,KR,iOS
5483,2025-01-02,US,iOS
5484,2025-06-04,KR,iOS
5485,2025-01-13,TW,Android
5486,2025-01-04,JP,PC
5487,2025-01-05,KR,Android
5488,2025-01-09,JP,PC
5489,2025-04-14,KR,Android
5490,2025-02-25,TW,iOS
5491,2025-02-25,US,iOS
5492,2025-01-01,KR,Android
5493,2025-02-10,JP,Android
5494,2025-03-27,KR,Android
5495,2025-02-01,TW,Android
5496,2025-01-16,TW,Android
5497,2025-01-28,US,iOS
5498,2025-03-18,KR,Android
5499,2025-01-05,US,Android
5500,2025-01-09,KR,PC
5501,2025-01-12,KR,iOS
5502,2025-01-07,TW,PC
5503,2025-03-11,KR,iOS
5504,2025-01-04,KR,iOS
5505,2025-02-01,KR,PC
5506,2025-02-11,TH,PC
5507,2025-02-14,TW,PC
5508,2025-01-11,KR,iOS
5509,2025-03-08,KR,iOS
5510,2025-06-17,JP,Android
5511,2025-04-04,KR,PC
5512,2025-06-29,TH,Android
5513,2025-06-29,TW,iOS
5514,2025-01-07,JP,Android
5515,2025-02-02,KR,iOS
5516,2025-05-17,JP,iOS
5517,2025-01-04,TH,Android
5518,2025-01-17,KR,iOS
5519,2025-01-16,TW,Android
5520,2025-01-05,KR,Android
5521,2025-03-22,TH,Android
5522,2025-03-19,US,Android
5523,2025-04-06,KR,PC
5524,2025-02-08,KR,Android
5525,2025-02-06,KR,PC
5526,2025-06-17,KR,Android
5527,2025-01-05,TW,Android
5528,2025-02-20,KR,PC
5529,2025-02-15,TH,iOS
5530,2025-06-29,KR,iOS
5531,2025-06-20,US,PC
5532,2025-01-22,TH,Android
5533,2025-06-29,US,iOS
5534,2025-02-10,TW,PC
5535,2025-03-20,TH,iOS
5536,2025-06-10,US,Android
5537,2025-02-26,JP,Android
5538,2025-03-06,KR,Android
5539,2025-06-29,KR,Android
5540,2025-02-14,KR,iOS
5541,2025-04-08,JP,PC
5542,2025-04-27,US,PC
5543,2025-01-13,US,iOS
5544,2025-01-17,TW,iOS
5545,2025-02-08,KR,Android
5546,2025-03-10,TH,iOS
5547,2025-04-13,KR,PC
5548,2025-01-04,KR,PC
5549,2025-04-21,US,iOS
5550,2025-04-16,KR,PC
5551,2025-03-24,US,PC
5552,2025-01-15,JP,Android
5553,2025-05-10,JP,PC
5554,2025-01-03,KR,iOS
5555,2025-01-04,KR,PC
5556,2025-01-23,KR,iOS
5557,2025-01-08,KR,Android
5558,2025-01-03,KR,Android
5559,2025-03-01,KR,iOS
5560,2025-05-01,JP,Android
5561,2025-04-23,TW,Android
5562,2025-03-14,JP,Android
5563,2025-01-13,KR,Android
5564,2025-01-12,US,iOS
5565,2025-06-29,KR,iOS
5566,2025-01-10,KR,iOS
5567,2025-06-29,KR,PC
5568,2025-06-14,TW,Android
5569,2025-02-07,US,Android
5570,2025-02-07,KR,Android
5571,2025-01-16,US,Android
5572,2025-02-10,TH,iOS
5573,2025-01-07,KR,iOS
5574,2025-02-12,JP,Android
5575,2025-05-10,KR,iOS
5576,2025-02-08,KR,PC
5577,2025-01-10,TW,iOS
5578,2025-01-26,KR,Android
5579,2025-03-19,JP,Android
5580,2025-01-20,KR,Android
5581,2025-02-06,US,PC
5582,2025-01-17,US,Android
5583,2025-01-29,TW,iOS
5584,2025-01-12,JP,Android
5585,2025-06-12,US,iOS
5586,2025-02-25,KR,iOS
5587,2025-02-07,KR,Android
5588,2025-06-29,US,iOS
5589,2025-05-04,KR,iOS
5590,2025-01-08,KR,Android
5591,2025-04-11,TH,Android
5592,2025-03-10,KR,PC
5593,2025-04-17,KR,iOS
5594,2025-01-25,TW,Android
5595,2025-02-07,US,Android
5596,2025-04-13,JP,PC
5597,2025-04-02,KR,iOS
5598,2025-02-19,KR,Android
5599,2025-04-05,US,Android
5600,2025-01-06,KR,iOS
5601,2025-03-08,JP,iOS
5602,2025-01-01,KR,Android
5603,2025-01-05,KR,iOS
5604,2025-01-03,KR,iOS
5605,2025-06-14,KR,Android
5606,2025-04-21,KR,iOS
5607,2025-03-04,JP,iOS
5608,2025-02-16,US,Android
5609,2025-01-10,KR,PC
5610,2025-01-08,US,Android
5611,2025-03-13,KR,iOS
5612,2025-04-14,KR,iOS
5613,2025-04-10,TW,PC
5614,2025-06-29,JP,Android
5615,2025-02-08,US,Android
5616,2025-01-10,KR,iOS
5617,2025-01-08,KR,iOS
5618,2025-01-12,JP,iOS
5619,2025-06-29,US,PC
5620,2025-01-07,US,PC
5621,2025-02-17,TH,iOS
5622,2025-06-27,KR,Android
5623,2025-02-08,JP,PC
5624,2025-01-08,US,PC
5625,2025-03-13,KR,Android
5626,2025-01-10,KR,iOS
5627,2025-05-08,US,PC
5628,2025-01-04,KR,iOS
5629,2025-02-13,US,iOS
5630,2025-03-23,JP,iOS
5631,2025-01-11,KR,Android
5632,2025-01-03,KR,iOS
5633,2025-02-10,US,Android
5634,2025-01-30,KR,PC
5635,2025-01-18,TW,Android
5636,2025-03-08,KR,PC
5637,2025-03-17,TH,PC
5638,2025-06-11,KR,Android
5639,2025-06-29,KR,Android
5640,2025-02-07,JP,PC
5641,2025-01-04,KR,Android
5642,2025-01-16,KR,iOS
5643,2025-01-03,KR,PC
5644,2025-02-02,JP,Android
5645,2025-01-06,US,PC
5646,2025-06-08,KR,Android
5647,2025-01-04,KR,iOS
5648,2025-04-03,KR,Android
5649,2025-01-16,TH,Android
5650,2025-01-27,KR,Android
5651,2025-04-08,US,PC
5652,2025-01-02,KR,Android
5653,2025-01-11,US,iOS
5654,2025-02-07,TH,Android
5655,2025-02-28,KR,iOS
5656,2025-02-08,JP,Android
5657,2025-02-13,KR,iOS
5658,2025-03-13,US,iOS
5659,2025-01-03,KR,PC
5660,2025-01-25,KR,iOS
5661,2025-02-06,KR,Android
5662,2025-03-10,KR,Android
5663,2025-02-06,TH,iOS
5664,2025-01-31,JP,PC
5665,2025-01-20,KR,iOS
5666,2025-02-15,KR,Android
5667,2025-01-12,JP,Android
5668,2025-01-05,KR,Android
5669,2025-05-13,KR,iOS
5670,2025-02-27,JP,PC
5671,2025-01-07,KR,PC
5672,2025-01-02,KR,Android
5673,2025-03-02,KR,Android
5674,2025-04-05,KR,Android
5675,2025-02-13,US,Android
5676,2025-01-03,JP,Android
5677,2025-01-13,TH,iOS
5678,2025-01-04,KR,Android
5679,2025-03-26,JP,iOS
5680,2025-01-10,TW,iOS
5681,2025-04-20,US,Android
5682,2025-03-22,TH,iOS
5683,2025-02-05,TH,Android
5684,2025-02-04,JP,Android
5685,2025-01-07,TH,iOS
5686,2025-01-18,US,iOS
5687,2025-01-07,KR,iOS
5688,2025-04-16,TW,Android
5689,2025-02-09,JP,iOS
5690,2025-01-06,KR,Android
5691,2025-04-15,KR,Android
5692,2025-01-04,KR,Android
5693,2025-01-15,TW,iOS
5694,2025-04-20,KR,iOS
5695,2025-02-26,KR,iOS
5696,2025-02-15,KR,iOS
5697,2025-05-02,KR,PC
5698,2025-01-11,TH,iOS
5699,2025-01-21,KR,iOS
5700,2025-01-30,KR,PC
5701,2025-04-20,KR,PC
5702,2025-01-09,JP,Android
5703,2025-04-05,US,Android
5704,2025-01-02,KR,iOS
5705,2025-01-18,KR,PC
5706,2025-01-16,TW,Android
5707,2025-02-07,JP,Android
5708,2025-02-03,JP,iOS
5709,2025-06-29,KR,Android
5710,2025-01-30,TH,Android
5711,2025-03-01,JP,iOS
5712,2025-01-03,KR,Android
5713,2025-03-28,TH,iOS
5714,2025-02-02,TW,Android
5715,2025-01-29,JP,iOS
5716,2025-01-09,JP,PC
5717,2025-06-19,KR,Android
5718,2025-03-01,KR,Android
5719,2025-01-19,KR,Android
5720,2025-01-02,US,Android
5721,2025-04-17,KR,iOS
5722,2025-02-27,KR,Android
5723,2025-02-01,TW,iOS
5724,2025-01-19,KR,iOS
5725,2025-03-19,JP,PC
5726,2025-03-31,KR,iOS
5727,2025-02-01,KR,PC
5728,2025-02-19,KR,PC
5729,2025-06-29,KR,Android
5730,2025-06-29,KR,iOS
5731,2025-05-03,KR,Android
5732,2025-02-09,US,PC
5733,2025-01-08,KR,Android
5734,2025-04-15,KR,iOS
5735,2025-01-03,KR,iOS
5736,2025-01-23,KR,Android
5737,2025-01-03,KR,iOS
5738,2025-03-08,KR,iOS
5739,2025-01-27,JP,Android
5740,2025-02-17,US,Android
5741,2025-02-05,TW,iOS
5742,2025-02-19,JP,PC
5743,2025-01-08,KR,iOS
5744,2025-01-07,KR,iOS
5745,2025-03-11,KR,iOS
5746,2025-02-03,US,iOS
5747,2025-02-04,KR,Android
5748,2025-01-05,KR,iOS
5749,2025-02-25,TH,PC
5750,2025-02-19,KR,PC
5751,2025-01-02,KR,iOS
5752,2025-01-06,TW,Android
5753,2025-02-16,KR,Android
5754,2025-01-05,KR,PC
5755,2025-01-18,KR,iOS
5756,2025-01-09,KR,Android
5757,2025-02-10,TH,iOS
5758,2025-02-12,US,iOS
5759,2025-02-21,KR,PC
5760,2025-03-22,KR,iOS
5761,2025-01-29,KR,Android
5762,2025-01-03,US,iOS
5763,2025-04-28,KR,PC
5764,2025-02-21,KR,Android
5765,2025-01-29,US,iOS
5766,2025-02-21,TW,Android
5767,2025-01-16,TW,iOS
5768,2025-01-26,JP,iOS
5769,2025-03-13,KR,Android
5770,2025-03-02,JP,PC
5771,2025-06-19,TW,Android
5772,2025-01-21,KR,iOS
5773,2025-02-20,KR,iOS
5774,2025-02-11,KR,Android
5775,2025-01-03,TH,iOS
5776,2025-01-18,TW,Android
5777,2025-06-28,JP,Android
5778,2025-01-31,KR,PC
5779,2025-01-07,TH,Android
5780,2025-02-08,KR,PC
5781,2025-03-22,KR,Android
5782,2025-05-02,US,Android
5783,2025-03-04,JP,iOS
5784,2025-01-20,TW,Android
5785,2025-03-09,KR,iOS
5786,2025-03-03,KR,iOS
5787,2025-06-03,KR,Android
5788,2025-03-02,KR,iOS
5789,2025-02-10,TW,PC
5790,2025-01-12,KR,PC
5791,2025-02-15,KR,Android
5792,2025-01-19,KR,Android
5793,2025-01-09,JP,iOS
5794,2025-05-19,TW,iOS
5795,2025-01-28,KR,iOS
5796,2025-04-08,KR,Android
5797,2025-04-01,TW,PC
5798,2025-01-28,US,iOS
5799,2025-01-24,KR,iOS
5800,2025-03-12,KR,iOS
5801,2025-01-02,TH,Android
5802,2025-03-19,JP,iOS
5803,2025-01-17,KR,Android
5804,2025-01-13,KR,iOS
5805,2025-01-15,KR,iOS
5806,2025-04-21,KR,Android
5807,2025-05-13,KR,PC
5808,2025-01-28,KR,iOS
5809,2025-03-05,KR,iOS
5810,2025-06-29,KR,iOS
5811,2025-01-11,KR,Android
5812,2025-02-16,KR,Android
5813,2025-01-13,JP,Android
5814,2025-06-12,KR,Android
5815,2025-01-04,TW,PC
5816,2025-01-04,TW,iOS
5817,2025-01-30,TH,iOS
5818,2025-01-07,KR,Android
5819,2025-01-22,KR,Android
5820,2025-04-06,US,iOS
5821,2025-01-25,KR,PC
5822,2025-01-02,KR,Android
5823,2025-06-29,KR,PC
5824,2025-01-09,US,PC
5825,2025-02-14,JP,Android
5826,2025-02-14,KR,PC
5827,2025-01-27,TW,Android
5828,2025-01-01,JP,Android
5829,2025-02-04,KR,Android
5830,2025-01-18,KR,PC
5831,2025-03-07,KR,Android
5832,2025-01-04,TW,Android
5833,2025-03-20,JP,iOS
5834,2025-03-05,US,PC
5835,2025-03-06,US,Android
5836,2025-03-06,KR,Android
5837,2025-06-11,TW,Android
5838,2025-01-07,TW,Android
5839,2025-01-05,JP,iOS
5840,2025-01-05,KR,Android
5841,2025-02-12,KR,iOS
5842,2025-01-07,KR,iOS
5843,2025-02-13,KR,iOS
5844,2025-02-17,US,Android
5845,2025-01-07,JP,iOS
5846,2025-04-06,TW,iOS
5847,2025-01-26,KR,PC
5848,2025-03-08,KR,Android
5849,2025-03-09,KR,PC
5850,2025-01-11,TH,Android
5851,2025-05-14,JP,iOS
5852,2025-01-19,KR,Android
5853,2025-06-29,US,Android
5854,2025-01-06,US,PC
5855,2025-01-01,KR,iOS
5856,2025-01-12,KR,PC
5857,2025-02-06,KR,Android
5858,2025-02-14,KR,PC
5859,2025-03-04,US,iOS
5860,2025-02-22,KR,Android
5861,2025-01-23,JP,iOS
5862,2025-03-15,US,PC
5863,2025-01-05,KR,iOS
5864,2025-01-02,TH,Android
5865,2025-01-09,KR,Android
5866,2025-01-09,US,Android
5867,2025-01-30,KR,Android
5868,2025-02-24,JP,Android
5869,2025-06-29,KR,iOS
5870,2025-01-16,KR,Android
5871,2025-02-24,KR,Android
5872,2025-01-10,JP,Android
5873,2025-01-04,US,iOS
5874,2025-01-02,US,Android
5875,2025-03-19,KR,PC
5876,2025-06-29,US,PC
5877,2025-06-12,US,PC
5878,2025-02-04,KR,Android
5879,2025-01-03,KR,iOS
5880,2025-01-11,KR,Android
5881,2025-04-06,JP,iOS
5882,2025-01-15,KR,Android
5883,2025-02-22,KR,iOS
5884,2025-01-22,TH,PC
5885,2025-02-12,TW,iOS
5886,2025-04-08,KR,iOS
5887,2025-02-04,TW,PC
5888,2025-06-29,KR,iOS
5889,2025-01-28,TW,iOS
5890,2025-01-27,KR,Android
5891,2025-02-09,KR,PC
5892,2025-01-04,TH,iOS
5893,2025-04-08,KR,Android
5894,2025-01-29,JP,iOS
5895,2025-03-13,KR,Android
5896,2025-02-16,KR,iOS
5897,2025-02-22,TH,Android
5898,2025-03-01,KR,Android
5899,2025-01-18,TW,PC
5900,2025-04-06,TW,Android
5901,2025-01-01,KR,Android
5902,2025-01-05,KR,Android
5903,2025-03-21,KR,iOS
5904,2025-06-13,KR,iOS
5905,2025-01-18,KR,Android
5906,2025-01-10,KR,iOS
5907,2025-02-09,JP,iOS
5908,2025-01-09,KR,Android
5909,2025-01-02,JP,iOS
5910,2025-02-10,KR,iOS
5911,2025-01-07,KR,Android
5912,2025-02-26,KR,Android
5913,2025-01-28,KR,iOS
5914,2025-06-08,US,Android
5915,2025-02-19,KR,iOS
5916,2025-03-15,JP,PC
5917,2025-02-07,JP,Android
5918,2025-03-04,KR,Android
5919,2025-04-10,TW,Android
5920,2025-02-10,TH,Android
5921,2025-02-10,KR,Android
5922,2025-01-11,TH,Android
5923,2025-01-02,KR,PC
5924,2025-01-20,US,PC
5925,2025-02-13,KR,Android
5926,2025-03-29,JP,PC
5927,2025-02-10,JP,iOS
5928,2025-06-17,TH,Android
5929,2025-02-28,TH,Android
5930,2025-04-16,KR,iOS
5931,2025-06-29,US,PC
5932,2025-05-22,KR,PC
5933,2025-06-29,KR,PC
5934,2025-02-02,KR,Android
5935,2025-01-11,TW,Android
5936,2025-01-26,US,Android
5937,2025-01-06,KR,iOS
5938,2025-01-08,TH,PC
5939,2025-01-02,JP,iOS
5940,2025-01-01,KR,PC
5941,2025-05-19,KR,Android
5942,2025-06-29,JP,iOS
5943,2025-03-09,US,iOS
5944,2025-02-21,KR,Android
5945,2025-02-10,KR,iOS
5946,2025-06-29,KR,PC
5947,2025-01-24,KR,iOS
5948,2025-04-02,KR,Android
5949,2025-01-17,KR,iOS
5950,2025-01-17,KR,iOS
5951,2025-03-15,US,iOS
5952,2025-03-28,KR,PC
5953,2025-01-08,KR,Android
5954,2025-03-06,KR,PC
5955,2025-03-02,TH,Android
5956,2025-01-14,KR,iOS
5957,2025-06-03,KR,iOS
5958,2025-02-10,KR,Android
5959,2025-01-26,JP,iOS
5960,2025-01-25,KR,iOS
5961,2025-01-26,KR,Android
5962,2025-01-04,TW,iOS
5963,2025-03-25,JP,Android
5964,2025-06-27,KR,Android
5965,2025-05-10,KR,Android
5966,2025-01-28,TH,Android
5967,2025-03-17,TH,Android
5968,2025-01-25,JP,Android
5969,2025-01-10,JP,iOS
5970,2025-01-28,TW,iOS
5971,2025-01-29,TH,iOS
5972,2025-01-12,KR,Android
5973,2025-01-31,TH,Android
5974,2025-02-05,JP,Android
5975,2025-01-18,US,iOS
5976,2025-01-04,KR,iOS
5977,2025-01-16,KR,iOS
5978,2025-05-04,JP,PC
5979,2025-02-18,US,iOS
5980,2025-01-23,KR,Android
5981,2025-01-18,US,iOS
5982,2025-03-03,KR,Android
5983,2025-01-13,KR,Android
5984,2025-01-15,US,iOS
5985,2025-04-16,US,Android
5986,2025-02-04,KR,Android
5987,2025-01-11,KR,Android
5988,2025-01-02,KR,PC
5989,2025-06-29,US,PC
5990,2025-01-01,TW,Android
5991,2025-02-13,JP,PC
5992,2025-03-02,JP,PC
5993,2025-02-16,KR,Android
5994,2025-01-29,KR,Android
5995,2025-04-21,TW,Android
5996,2025-05-03,KR,Android
5997,2025-01-30,KR,Android
5998,2025-02-10,KR,PC
5999,2025-02-11,US,PC
6000,2025-03-06,KR,iOS
6001,2025-01-13,KR,Android
6002,2025-01-04,US,Android
6003,2025-02-01,KR,PC
6004,2025-01-07,KR,Android
6005,2025-02-06,JP,iOS
6006,2025-04-01,TH,iOS
6007,2025-02-04,KR,iOS
6008,2025-02-13,KR,iOS
6009,2025-02-21,KR,iOS
6010,2025-03-18,KR,iOS
6011,2025-02-17,TW,PC
6012,2025-02-01,JP,Android
6013,2025-01-30,KR,Android
6014,2025-01-12,JP,Android
6015,2025-01-31,KR,iOS
6016,2025-03-21,KR,Android
6017,2025-01-29,TW,PC
6018,2025-01-25,KR,Android
6019,2025-02-14,KR,Android
6020,2025-01-10,TW,iOS
6021,2025-01-05,KR,Android
6022,2025-03-12,KR,Android
6023,2025-01-19,KR,iOS
6024,2025-01-17,KR,Android
6025,2025-04-22,KR,Android
6026,2025-05-11,KR,iOS
6027,2025-02-07,KR,iOS
6028,2025-02-23,KR,Android
6029,2025-06-29,US,iOS
6030,2025-01-28,TW,Android
6031,2025-04-17,US,PC
6032,2025-03-13,US,Android
6033,2025-06-11,JP,iOS
6034,2025-01-14,KR,Android
6035,2025-03-30,KR,Android
6036,2025-01-10,KR,Android
6037,2025-03-30,KR,PC
6038,2025-01-21,TH,Android
6039,2025-01-04,KR,iOS
6040,2025-04-05,TW,Android
6041,2025-01-03,KR,PC
6042,2025-04-11,KR,Android
6043,2025-01-12,KR,PC
6044,2025-02-14,KR,Android
6045,2025-01-02,KR,PC
6046,2025-01-05,US,Android
6047,2025-01-16,KR,PC
6048,2025-01-25,JP,PC
6049,2025-01-11,TW,PC
6050,2025-01-07,KR,PC
6051,2025-01-09,TH,Android
6052,2025-02-05,KR,Android
6053,2025-01-04,KR,Android
6054,2025-05-10,KR,Android
6055,2025-05-13,US,Android
6056,2025-01-04,KR,Android
6057,2025-03-08,US,Android
6058,2025-03-03,TW,Android
6059,2025-02-13,KR,PC
6060,2025-01-16,JP,Android
6061,2025-02-13,US,Android
6062,2025-04-13,KR,PC
6063,2025-01-19,KR,Android
6064,2025-03-25,KR,Android
6065,2025-02-03,KR,Android
6066,2025-04-29,JP,Android
6067,2025-02-21,KR,Android
6068,2025-04-04,KR,iOS
6069,2025-06-11,JP,iOS
6070,2025-01-31,US,PC
6071,2025-03-02,TW,PC
6072,2025-06-29,KR,Android
6073,2025-06-29,US,PC
6074,2025-02-14,KR,Android
6075,2025-06-03,US,iOS
6076,2025-01-25,KR,Android
6077,2025-01-28,KR,iOS
6078,2025-05-29,TH,iOS
6079,2025-02-23,JP,PC
6080,2025-04-06,US,Android
6081,2025-01-25,KR,iOS
6082,2025-03-29,JP,Android
6083,2025-04-13,KR,Android
6084,2025-01-27,KR,Android
6085,2025-02-08,KR,iOS
6086,2025-01-22,KR,Android
6087,2025-04-28,KR,Android
6088,2025-03-06,JP,Android
6089,2025-01-10,KR,PC
6090,2025-06-17,JP,Android
6091,2025-02-27,TW,PC
6092,2025-01-27,KR,PC
6093,2025-02-23,JP,iOS
6094,2025-01-14,KR,iOS
6095,2025-01-21,TW,Android
6096,2025-04-15,KR,PC
6097,2025-01-21,KR,iOS
6098,2025-06-29,KR,iOS
6099,2025-01-15,TW,Android
6100,2025-05-01,KR,PC
6101,2025-05-03,JP,iOS
6102,2025-03-10,KR,Android
6103,2025-01-14,US,iOS
6104,2025-01-26,KR,PC
6105,2025-02-10,KR,Android
6106,2025-03-24,KR,Android
6107,2025-06-29,KR,PC
6108,2025-03-04,JP,Android
6109,2025-03-07,JP,PC
6110,2025-03-26,KR,iOS
6111,2025-02-03,KR,iOS
6112,2025-01-14,KR,Android
6113,2025-05-09,JP,iOS
6114,2025-06-29,JP,PC
6115,2025-04-05,TW,Android
6116,2025-01-19,TW,iOS
6117,2025-02-26,KR,Android
6118,2025-03-06,KR,Android
6119,2025-01-31,TW,Android
6120,2025-03-03,KR,iOS
6121,2025-06-29,KR,PC
6122,2025-02-08,KR,Android
6123,2025-02-12,JP,PC
6124,2025-03-07,US,Android
6125,2025-02-09,TH,Android
6126,2025-04-15,KR,iOS
6127,2025-01-31,KR,Android
6128,2025-02-27,KR,iOS
6129,2025-03-30,JP,PC
6130,2025-01-16,KR,iOS
6131,2025-02-12,TW,Android
6132,2025-02-07,KR,Android
6133,2025-02-03,JP,Android
6134,2025-01-29,JP,Android
6135,2025-01-12,KR,Android
6136,2025-03-12,JP,Android
6137,2025-01-07,KR,PC
6138,2025-05-07,JP,Android
6139,2025-01-25,JP,Android
6140,2025-01-21,US,PC
6141,2025-01-24,KR,iOS
6142,2025-05-24,TH,iOS
6143,2025-01-26,TW,iOS
6144,2025-02-17,US,Android
6145,2025-01-08,TH,Android
6146,2025-04-20,KR,iOS
6147,2025-05-10,KR,iOS
6148,2025-01-03,KR,iOS
6149,2025-01-22,KR,Android
6150,2025-01-12,KR,iOS
6151,2025-06-29,US,Android
6152,2025-01-15,KR,PC
6153,2025-03-23,KR,Android
6154,2025-04-05,JP,PC
6155,2025-06-09,JP,PC
6156,2025-01-28,TH,Android
6157,2025-01-08,KR,Android
6158,2025-01-06,JP,PC
6159,2025-02-25,KR,Android
6160,2025-03-13,KR,Android
6161,2025-01-31,JP,iOS
6162,2025-03-02,KR,Android
6163,2025-02-17,JP,PC
6164,2025-02-04,KR,Android
6165,2025-03-09,KR,Android
6166,2025-01-08,KR,Android
6167,2025-01-12,KR,PC
6168,2025-03-14,KR,Android
6169,2025-06-29,KR,Android
6170,2025-03-04,KR,Android
6171,2025-02-04,JP,Android
6172,2025-03-30,KR,PC
6173,2025-06-29,US,iOS
6174,2025-01-24,US,PC
6175,2025-01-24,KR,iOS
6176,2025-01-01,KR,PC
6177,2025-01-29,US,Android
6178,2025-01-07,TW,Android
6179,2025-05-23,KR,Android
6180,2025-06-29,JP,Android
6181,2025-01-10,KR,Android
6182,2025-06-29,KR,iOS
6183,2025-02-14,KR,iOS
6184,2025-01-02,KR,iOS
6185,2025-06-14,KR,Android
6186,2025-01-29,KR,Android
6187,2025-04-20,KR,iOS
6188,2025-01-28,US,Android
6189,2025-01-17,KR,iOS
6190,2025-02-20,JP,iOS
6191,2025-01-11,TW,Android
6192,2025-03-30,KR,Android
6193,2025-04-16,KR,iOS
6194,2025-01-16,KR,PC
6195,2025-03-25,TW,Android
6196,2025-03-15,KR,Android
6197,2025-06-29,KR,iOS
6198,2025-01-07,TH,Android
6199,2025-01-12,KR,PC
6200,2025-01-29,KR,Android
6201,2025-01-14,TW,iOS
6202,2025-02-01,TW,Android
6203,2025-01-06,KR,Android
6204,2025-04-02,KR,iOS
6205,2025-03-14,KR,Android
6206,2025-02-08,KR,iOS
6207,2025-06-20,KR,PC
6208,2025-06-29,KR,Android
6209,2025-02-02,US,Android
6210,2025-06-16,JP,PC
6211,2025-02-04,TH,Android
6212,2025-04-12,JP,iOS
6213,2025-04-18,KR,Android
6214,2025-01-27,KR,Android
6215,2025-03-07,KR,Android
6216,2025-01-30,KR,PC
6217,2025-03-29,KR,Android
6218,2025-02-01,JP,PC
6219,2025-01-10,KR,iOS
6220,2025-04-18,KR,iOS
6221,2025-03-30,KR,iOS
6222,2025-04-14,TH,Android
6223,2025-03-20,US,iOS
6224,2025-04-15,KR,iOS
6225,2025-01-15,KR,PC
6226,2025-04-02,TW,iOS
6227,2025-01-16,KR,iOS
6228,2025-03-02,US,Android
6229,2025-03-04,JP,iOS
6230,2025-01-26,JP,iOS
6231,2025-03-06,KR,iOS
6232,2025-04-02,TW,iOS
6233,2025-02-16,KR,PC
6234,2025-01-09,KR,Android
6235,2025-01-20,KR,Android
6236,2025-04-05,KR,Android
6237,2025-02-09,KR,Android
6238,2025-01-31,JP,PC
6239,2025-05-29,TW,Android
6240,2025-02-03,KR,iOS
6241,2025-06-29,JP,iOS
6242,2025-03-15,TH,iOS
6243,2025-05-10,KR,PC
6244,2025-02-05,JP,Android
6245,2025-04-21,TH,iOS
6246,2025-01-21,JP,iOS
6247,2025-01-24,KR,PC
6248,2025-03-24,TW,Android
6249,2025-01-09,JP,iOS
6250,2025-01-29,KR,PC
6251,2025-03-14,KR,Android
6252,2025-06-28,KR,Android
6253,2025-01-18,KR,Android
6254,2025-04-25,KR,Android
6255,2025-02-15,KR,iOS
6256,2025-06-29,JP,PC
6257,2025-05-18,JP,Android
6258,2025-02-23,KR,Android
6259,2025-04-08,KR,Android
6260,2025-01-03,KR,PC
6261,2025-05-04,KR,iOS
6262,2025-01-23,US,iOS
6263,2025-04-03,KR,Android
6264,2025-02-24,TH,iOS
6265,2025-01-27,KR,Android
6266,2025-06-14,KR,Android
6267,2025-01-02,TW,iOS
6268,2025-02-04,KR,iOS
6269,2025-01-26,KR,Android
6270,2025-01-18,KR,iOS
6271,2025-02-27,US,iOS
6272,2025-02-27,KR,Android
6273,2025-02-20,JP,iOS
6274,2025-03-10,US,Android
6275,2025-01-21,TW,PC
6276,2025-06-29,US,Android
6277,2025-01-04,JP,Android
6278,2025-06-12,US,Android
6279,2025-01-05,KR,PC
6280,2025-01-27,US,PC
6281,2025-02-11,US,PC
6282,2025-01-14,KR,iOS
6283,2025-02-06,US,iOS
6284,2025-02-02,KR,iOS
6285,2025-03-17,KR,iOS
6286,2025-01-30,KR,iOS
6287,2025-02-08,KR,PC
6288,2025-01-25,KR,iOS
6289,2025-06-29,KR,iOS
6290,2025-01-16,KR,PC
6291,2025-02-08,KR,PC
6292,2025-03-01,US,iOS
6293,2025-01-29,KR,iOS
6294,2025-01-02,TH,PC
6295,2025-02-22,JP,PC
6296,2025-02-08,KR,Android
6297,2025-01-02,KR,Android
6298,2025-02-21,KR,Android
6299,2025-01-19,KR,Android
6300,2025-03-21,KR,iOS
6301,2025-01-03,US,Android
6302,2025-02-04,US,PC
6303,2025-01-20,KR,Android
6304,2025-01-04,JP,iOS
6305,2025-05-11,KR,Android
6306,2025-02-08,JP,Android
6307,2025-01-28,TH,iOS
6308,2025-04-05,KR,iOS
6309,2025-02-06,JP,iOS
6310,2025-03-06,JP,PC
6311,2025-02-08,KR,iOS
6312,2025-02-03,KR,PC
6313,2025-03-08,JP,Android
6314,2025-01-03,KR,PC
6315,2025-02-07,KR,PC
6316,2025-06-29,US,PC
6317,2025-01-09,KR,PC
6318,2025-04-16,KR,Android
6319,2025-01-17,TH,iOS
6320,2025-05-08,KR,iOS
6321,2025-01-11,KR,Android
6322,2025-01-30,US,iOS
6323,2025-02-23,KR,Android
6324,2025-06-29,JP,iOS
6325,2025-01-18,US,Android
6326,2025-03-28,KR,iOS
6327,2025-01-29,KR,iOS
6328,2025-04-08,TH,Android
6329,2025-03-05,TW,Android
6330,2025-01-06,KR,PC
6331,2025-02-17,KR,Android
6332,2025-01-10,KR,Android
6333,2025-01-21,TW,iOS
6334,2025-02-21,JP,iOS
6335,2025-01-13,KR,Android
6336,2025-06-12,TW,iOS
6337,2025-02-05,KR,PC
6338,2025-02-15,KR,PC
6339,2025-02-17,US,iOS
6340,2025-01-31,KR,Android
6341,2025-01-27,US,Android
6342,2025-03-02,KR,iOS
6343,2025-04-30,JP,Android
6344,2025-03-25,TH,Android
6345,2025-01-13,KR,PC
6346,2025-05-15,KR,iOS
6347,2025-03-16,JP,Android
6348,2025-05-11,KR,iOS
6349,2025-01-26,JP,iOS
6350,2025-05-14,US,Android
6351,2025-01-14,KR,Android
6352,2025-04-08,TW,Android
6353,2025-02-06,KR,PC
6354,2025-01-01,KR,iOS
6355,2025-06-11,KR,Android
6356,2025-05-18,JP,iOS
6357,2025-01-15,TW,PC
6358,2025-01-23,KR,iOS
6359,2025-03-28,KR,iOS
6360,2025-03-27,KR,Android
6361,2025-03-20,US,Android
6362,2025-01-05,KR,Android
6363,2025-01-14,KR,PC
6364,2025-01-08,KR,Android
6365,2025-02-12,KR,Android
6366,2025-01-02,US,PC
6367,2025-01-08,KR,Android
6368,2025-02-23,KR,iOS
6369,2025-01-10,KR,PC
6370,2025-03-19,KR,Android
6371,2025-01-07,KR,Android
6372,2025-05-25,KR,Android
6373,2025-01-16,KR,iOS
6374,2025-01-18,KR,PC
6375,2025-01-01,KR,iOS
6376,2025-03-24,US,PC
6377,2025-02-07,KR,PC
6378,2025-06-29,KR,PC
6379,2025-01-08,US,iOS
6380,2025-04-26,KR,Android
6381,2025-01-13,KR,iOS
6382,2025-02-28,JP,Android
6383,2025-01-23,KR,Android
6384,2025-02-10,TW,Android
6385,2025-01-09,KR,Android
6386,2025-03-05,TW,PC
6387,2025-02-01,JP,iOS
6388,2025-01-01,KR,Android
6389,2025-01-20,KR,Android
6390,2025-01-01,US,iOS
6391,2025-01-11,KR,Android
6392,2025-04-14,KR,Android
6393,2025-01-25,TW,Android
6394,2025-03-21,JP,Android
6395,2025-03-29,TH,PC
6396,2025-01-02,JP,PC
6397,2025-06-15,JP,iOS
6398,2025-01-30,JP,Android
6399,2025-04-05,US,PC
6400,2025-01-30,TW,iOS
6401,2025-01-26,US,Android
6402,2025-03-27,KR,Android
6403,2025-06-08,US,iOS
6404,2025-02-18,KR,Android
6405,2025-01-02,TW,Android
6406,2025-02-10,US,iOS
6407,2025-01-21,US,iOS
6408,2025-02-16,KR,PC
6409,2025-02-01,KR,PC
6410,2025-01-16,KR,Android
6411,2025-01-03,US,Android
6412,2025-01-02,US,iOS
6413,2025-03-14,KR,PC
6414,2025-01-27,KR,iOS
6415,2025-06-09,KR,PC
6416,2025-06-29,KR,Android
6417,2025-03-20,TW,iOS
6418,2025-02-21,TW,Android
6419,2025-01-19,JP,PC
6420,2025-02-04,KR,PC
6421,2025-02-18,KR,Android
6422,2025-05-09,TW,iOS
6423,2025-03-02,TH,Android
6424,2025-01-18,KR,Android
6425,2025-01-30,US,Android
6426,2025-06-29,KR,iOS
6427,2025-01-15,KR,PC
6428,2025-03-24,TH,Android
6429,2025-01-11,TW,iOS
6430,2025-01-12,TH,iOS
6431,2025-05-17,KR,iOS
6432,2025-02-06,KR,Android
6433,2025-02-09,TW,iOS
6434,2025-01-24,US,Android
6435,2025-01-29,KR,iOS
6436,2025-02-05,KR,iOS
6437,2025-01-16,KR,iOS
6438,2025-01-13,US,Android
6439,2025-04-03,TW,Android
6440,2025-01-24,KR,Android
6441,2025-02-07,KR,Android
6442,2025-06-29,KR,Android
6443,2025-01-02,US,Android
6444,2025-01-19,KR,iOS
6445,2025-02-13,KR,Android
6446,2025-05-03,JP,iOS
6447,2025-04-04,KR,Android
6448,2025-05-09,US,Android
6449,2025-01-20,US,Android
6450,2025-02-17,KR,Android
6451,2025-06-05,US,Android
6452,2025-04-20,US,iOS
6453,2025-02-11,US,PC
6454,2025-01-06,US,iOS
6455,2025-02-22,KR,iOS
6456,2025-01-02,KR,iOS
6457,2025-04-10,KR,PC
6458,2025-06-11,KR,PC
6459,2025-03-24,KR,iOS
6460,2025-01-19,KR,iOS
6461,2025-02-09,JP,Android
6462,2025-02-13,KR,iOS
6463,2025-01-26,TW,iOS
6464,2025-05-04,US,Android
6465,2025-01-26,KR,Android
6466,2025-04-27,US,Android
6467,2025-02-17,KR,Android
6468,2025-01-09,TW,Android
6469,2025-05-11,TW,Android
6470,2025-02-11,JP,iOS
6471,2025-01-07,US,iOS
6472,2025-05-11,TW,PC
6473,2025-03-31,US,iOS
6474,2025-01-20,TW,Android
6475,2025-02-02,KR,iOS
6476,2025-05-31,TW,iOS
6477,2025-01-26,US,Android
6478,2025-02-21,KR,iOS
6479,2025-04-06,TH,Android
6480,2025-01-27,US,Android
6481,2025-04-29,TW,Android
6482,2025-03-14,KR,Android
6483,2025-02-18,US,iOS
6484,2025-02-11,JP,PC
6485,2025-04-22,KR,PC
6486,2025-03-24,JP,iOS
6487,2025-02-08,US,Android
6488,2025-01-26,KR,Android
6489,2025-01-29,US,Android
6490,2025-03-01,KR,iOS
6491,2025-01-02,JP,iOS
6492,2025-01-11,TW,iOS
6493,2025-06-14,KR,iOS
6494,2025-04-02,KR,Android
6495,2025-03-26,KR,PC
6496,2025-02-16,KR,Android
6497,2025-01-20,TW,Android
6498,2025-02-24,KR,iOS
6499,2025-01-03,KR,Android
6500,2025-02-11,KR,Android
6501,2025-01-01,US,PC
6502,2025-01-29,JP,Android
6503,2025-06-29,KR,Android
6504,2025-01-24,KR,iOS
6505,2025-03-12,KR,PC
6506,2025-01-31,KR,iOS
6507,2025-01-03,KR,iOS
6508,2025-01-01,JP,Android
6509,2025-01-10,KR,iOS
6510,2025-01-16,KR,iOS
6511,2025-01-31,US,PC
6512,2025-01-17,JP,iOS
6513,2025-02-15,KR,iOS
6514,2025-04-01,KR,iOS
6515,2025-01-02,JP,iOS
6516,2025-01-09,KR,PC
6517,2025-06-22,JP,Android
6518,2025-03-19,JP,PC
6519,2025-01-11,TW,PC
6520,2025-01-05,KR,Android
6521,2025-04-26,KR,Android
6522,2025-05-23,TW,Android
6523,2025-02-14,KR,Android
6524,2025-02-16,KR,Android
6525,2025-01-06,US,Android
6526,2025-02-10,KR,Android
6527,2025-02-18,US,Android
6528,2025-06-16,TW,iOS
6529,2025-01-12,US,Android
6530,2025-01-26,KR,Android
6531,2025-02-08,TH,Android
6532,2025-01-12,US,Android
6533,2025-04-03,KR,Android
6534,2025-01-21,US,Android
6535,2025-01-21,KR,iOS
6536,2025-04-05,KR,Android
6537,2025-01-06,US,iOS
6538,2025-02-16,KR,iOS
6539,2025-01-22,KR,iOS
6540,2025-01-31,US,Android
6541,2025-02-09,KR,Android
6542,2025-03-20,KR,iOS
6543,2025-02-26,KR,PC
6544,2025-03-04,US,Android
6545,2025-02-22,TW,Android
6546,2025-02-09,KR,Android
6547,2025-04-29,JP,Android
6548,2025-01-04,KR,Android
6549,2025-03-07,KR,iOS
6550,2025-02-10,KR,iOS
6551,2025-01-13,KR,Android
6552,2025-06-11,KR,PC
6553,2025-04-26,JP,Android
6554,2025-04-28,JP,Android
6555,2025-01-25,TH,iOS
6556,2025-02-22,TW,Android
6557,2025-03-14,KR,PC
6558,2025-02-17,KR,Android
6559,2025-03-02,KR,Android
6560,2025-03-01,KR,iOS
6561,2025-02-04,TW,iOS
6562,2025-01-26,KR,iOS
6563,2025-01-26,KR,Android
6564,2025-01-11,KR,Android
6565,2025-04-15,TW,iOS
6566,2025-06-22,KR,PC
6567,2025-02-12,JP,PC
6568,2025-02-15,KR,Android
6569,2025-06-29,KR,PC
6570,2025-04-24,KR,PC
6571,2025-03-30,JP,iOS
6572,2025-01-17,JP,PC
6573,2025-04-02,KR,Android
6574,2025-01-07,KR,iOS
6575,2025-01-15,KR,iOS
6576,2025-02-17,KR,Android
6577,2025-01-24,KR,PC
6578,2025-02-02,KR,Android
6579,2025-01-28,US,Android
6580,2025-03-10,JP,iOS
6581,2025-01-29,JP,PC
6582,2025-02-04,JP,iOS
6583,2025-05-17,TH,Android
6584,2025-04-29,TH,Android
6585,2025-01-04,KR,iOS
6586,2025-01-19,KR,PC
6587,2025-05-07,KR,PC
6588,2025-01-03,TW,Android
6589,2025-01-15,KR,Android
6590,2025-02-27,KR,PC
6591,2025-02-23,KR,iOS
6592,2025-02-07,US,iOS
6593,2025-02-04,US,Android
6594,2025-03-12,JP,Android
6595,2025-03-20,US,Android
6596,2025-04-10,TW,Android
6597,2025-02-11,KR,Android
6598,2025-01-11,TW,iOS
6599,2025-02-23,US,iOS
6600,2025-03-23,KR,iOS
6601,2025-06-29,TH,Android
6602,2025-02-11,TW,Android
6603,2025-01-26,JP,PC
6604,2025-05-15,TW,Android
6605,2025-01-03,KR,Android
6606,2025-01-28,KR,iOS
6607,2025-02-26,KR,Android
6608,2025-01-21,TW,PC
6609,2025-04-30,JP,iOS
6610,2025-02-27,TH,Android
6611,2025-06-29,JP,iOS
6612,2025-02-05,US,iOS
6613,2025-01-14,KR,Android
6614,2025-05-05,KR,Android
6615,2025-02-09,KR,Android
6616,2025-04-04,JP,PC
6617,2025-02-12,KR,PC
6618,2025-01-09,TW,Android
6619,2025-01-08,US,iOS
6620,2025-01-25,KR,Android
6621,2025-01-08,TW,Android
6622,2025-01-05,US,Android
6623,2025-06-29,JP,Android
6624,2025-01-16,KR,Android
6625,2025-02-18,KR,iOS
6626,2025-01-02,KR,iOS
6627,2025-02-01,KR,Android
6628,2025-01-16,JP,PC
6629,2025-02-03,TH,Android
6630,2025-05-02,TW,PC
6631,2025-01-25,KR,Android
6632,2025-03-11,TH,iOS
6633,2025-01-20,KR,Android
6634,2025-03-16,KR,PC
6635,2025-01-10,JP,Android
6636,2025-03-13,TW,Android
6637,2025-03-21,TW,Android
6638,2025-01-03,JP,iOS
6639,2025-01-03,KR,iOS
6640,2025-03-02,KR,iOS
6641,2025-01-25,KR,Android
6642,2025-04-30,US,PC
6643,2025-06-29,KR,iOS
6644,2025-02-16,KR,iOS
6645,2025-02-26,KR,Android
6646,2025-01-20,US,PC
6647,2025-06-29,JP,Android
6648,2025-02-27,KR,Android
6649,2025-02-11,KR,Android
6650,2025-02-08,US,Android
6651,2025-01-06,US,PC
6652,2025-03-09,KR,iOS
6653,2025-01-12,KR,PC
6654,2025-01-12,TW,Android
6655,2025-03-12,JP,Android
6656,2025-01-05,KR,iOS
6657,2025-02-14,US,PC
6658,2025-02-23,US,Android
6659,2025-01-06,KR,Android
6660,2025-01-19,KR,Android
6661,2025-03-30,TH,iOS
6662,2025-02-19,KR,iOS
6663,2025-01-28,KR,iOS
6664,2025-01-15,JP,iOS
6665,2025-02-22,KR,Android
6666,2025-01-25,US,Android
6667,2025-02-06,KR,Android
6668,2025-03-06,KR,Android
6669,2025-04-26,KR,iOS
6670,2025-06-29,TH,Android
6671,2025-03-26,US,Android
6672,2025-03-08,JP,Android
6673,2025-06-29,KR,iOS
6674,2025-01-21,JP,PC
6675,2025-02-13,KR,Android
6676,2025-02-08,US,PC
6677,2025-03-03,KR,Android
6678,2025-03-09,US,Android
6679,2025-06-29,KR,PC
6680,2025-01-12,KR,PC
6681,2025-02-17,JP,PC
6682,2025-01-28,KR,PC
6683,2025-01-12,KR,PC
6684,2025-01-10,TW,Android
6685,2025-01-23,KR,iOS
6686,2025-01-26,US,Android
6687,2025-05-18,JP,Android
6688,2025-01-29,JP,Android
6689,2025-02-21,KR,Android
6690,2025-03-06,US,Android
6691,2025-02-25,KR,PC
6692,2025-02-02,KR,Android
6693,2025-05-23,JP,iOS
6694,2025-05-08,TH,Android
6695,2025-02-17,KR,Android
6696,2025-01-06,KR,iOS
6697,2025-02-04,JP,Android
6698,2025-01-24,KR,PC
6699,2025-02-13,JP,iOS
6700,2025-02-05,KR,Android
6701,2025-02-15,KR,Android
6702,2025-03-04,US,Android
6703,2025-03-08,TH,Android
6704,2025-03-05,KR,Android
6705,2025-03-21,TW,Android
6706,2025-04-06,KR,PC
6707,2025-02-03,KR,iOS
6708,2025-06-12,KR,Android
6709,2025-06-29,KR,Android
6710,2025-01-21,US,iOS
6711,2025-05-19,KR,PC
6712,2025-03-05,KR,Android
6713,2025-02-25,KR,iOS
6714,2025-01-13,JP,iOS
6715,2025-02-24,TW,iOS
6716,2025-02-03,KR,Android
6717,2025-06-29,KR,Android
6718,2025-04-12,TH,Android
6719,2025-02-17,KR,Android
6720,2025-04-12,JP,Android
6721,2025-02-07,US,PC
6722,2025-01-06,TW,PC
6723,2025-05-25,KR,iOS
6724,2025-02-23,KR,Android
6725,2025-01-24,KR,PC
6726,2025-03-15,KR,Android
6727,2025-05-06,KR,iOS
6728,2025-04-03,TH,iOS
6729,2025-02-02,KR,PC
6730,2025-01-06,KR,Android
6731,2025-05-04,KR,Android
6732,2025-02-11,KR,PC
6733,2025-01-03,KR,iOS
6734,2025-01-12,KR,PC
6735,2025-01-04,JP,Android
6736,2025-03-11,JP,Android
6737,2025-05-14,KR,iOS
6738,2025-03-21,JP,iOS
6739,2025-01-14,KR,Android
6740,2025-06-10,KR,iOS
6741,2025-01-13,TW,iOS
6742,2025-04-26,TW,iOS
6743,2025-02-21,KR,Android
6744,2025-01-01,KR,PC
6745,2025-01-14,KR,iOS
6746,2025-01-07,KR,iOS
6747,2025-02-22,US,Android
6748,2025-03-30,KR,Android
6749,2025-03-09,TW,Android
6750,2025-05-06,JP,PC
6751,2025-03-06,KR,iOS
6752,2025-01-13,TW,Android
6753,2025-03-19,JP,PC
6754,2025-02-25,KR,Android
6755,2025-02-08,KR,Android
6756,2025-04-29,TW,PC
6757,2025-06-29,TH,iOS
6758,2025-01-30,KR,iOS
6759,2025-02-13,US,iOS
6760,2025-03-03,TW,PC
6761,2025-03-24,TH,PC
6762,2025-03-20,KR,iOS
6763,2025-01-06,KR,Android
6764,2025-01-01,TW,Android
6765,2025-03-01,KR,iOS
6766,2025-01-10,KR,PC
6767,2025-01-26,US,Android
6768,2025-02-23,KR,PC
6769,2025-01-10,JP,Android
6770,2025-04-12,KR,iOS
6771,2025-02-21,JP,Android
6772,2025-01-04,KR,Android
6773,2025-01-01,JP,iOS
6774,2025-01-21,KR,iOS
6775,2025-01-24,KR,PC
6776,2025-02-23,TH,Android
6777,2025-01-11,JP,Android
6778,2025-02-17,KR,iOS
6779,2025-02-14,KR,Android
6780,2025-02-08,US,Android
6781,2025-06-09,TH,iOS
6782,2025-02-17,KR,iOS
6783,2025-01-01,TW,Android
6784,2025-02-26,KR,Android
6785,2025-01-07,JP,iOS
6786,2025-01-26,KR,PC
6787,2025-01-31,KR,iOS
6788,2025-01-29,TW,PC
6789,2025-01-15,KR,iOS
6790,2025-03-27,TW,Android
6791,2025-02-22,KR,Android
6792,2025-02-04,KR,Android
6793,2025-05-06,TW,PC
6794,2025-02-15,US,iOS
6795,2025-02-14,KR,iOS
6796,2025-01-24,US,iOS
6797,2025-02-19,KR,Android
6798,2025-01-23,TW,PC
6799,2025-03-05,KR,iOS
6800,2025-01-28,KR,Android
6801,2025-02-06,KR,Android
6802,2025-03-27,US,PC
6803,2025-01-03,TW,Android
6804,2025-01-15,JP,PC
6805,2025-02-27,KR,Android
6806,2025-01-10,KR,PC
6807,2025-02-15,KR,Android
6808,2025-03-22,TW,iOS
6809,2025-01-13,KR,PC
6810,2025-01-10,US,Android
6811,2025-02-27,KR,iOS
6812,2025-01-22,TH,Android
6813,2025-01-03,KR,PC
6814,2025-01-22,KR,Android
6815,2025-01-20,TW,iOS
6816,2025-03-01,TH,PC
6817,2025-06-11,US,Android
6818,2025-02-02,JP,iOS
6819,2025-02-05,US,iOS
6820,2025-01-25,KR,iOS
6821,2025-01-15,KR,Android
6822,2025-05-25,JP,iOS
6823,2025-01-19,JP,iOS
6824,2025-06-08,KR,Android
6825,2025-01-25,KR,PC
6826,2025-06-29,JP,Android
6827,2025-01-22,KR,Android
6828,2025-01-12,US,Android
6829,2025-06-29,JP,iOS
6830,2025-03-21,KR,PC
6831,2025-03-26,KR,iOS
6832,2025-06-29,KR,iOS
6833,2025-02-28,KR,Android
6834,2025-01-19,US,iOS
6835,2025-02-06,JP,iOS
6836,2025-01-10,TW,Android
6837,2025-02-25,KR,Android
6838,2025-02-04,JP,iOS
6839,2025-01-08,KR,Android
6840,2025-02-04,JP,Android
6841,2025-01-17,KR,PC
6842,2025-04-02,US,iOS
6843,2025-02-05,KR,PC
6844,2025-03-10,KR,Android
6845,2025-02-25,TH,Android
6846,2025-01-15,KR,iOS
6847,2025-05-09,KR,Android
6848,2025-01-10,US,iOS
6849,2025-01-21,KR,Android
6850,2025-01-02,KR,Android
6851,2025-03-03,KR,iOS
6852,2025-01-10,KR,iOS
6853,2025-03-25,TW,PC
6854,2025-01-26,US,Android
6855,2025-01-24,KR,Android
6856,2025-01-05,KR,PC
6857,2025-04-29,TW,iOS
6858,2025-06-29,TW,Android
6859,2025-01-22,KR,Android
6860,2025-01-25,US,iOS
6861,2025-02-24,KR,iOS
6862,2025-02-12,KR,PC
6863,2025-06-07,TW,iOS
6864,2025-02-22,TW,iOS
6865,2025-06-29,KR,Android
6866,2025-05-01,TW,Android
6867,2025-02-03,JP,Android
6868,2025-02-02,JP,iOS
6869,2025-03-26,JP,Android
6870,2025-04-13,KR,Android
6871,2025-02-16,TW,Android
6872,2025-01-01,KR,PC
6873,2025-03-09,KR,iOS
6874,2025-04-14,KR,Android
6875,2025-01-10,JP,Android
6876,2025-04-07,KR,Android
6877,2025-01-28,KR,Android
6878,2025-01-23,JP,iOS
6879,2025-02-18,KR,Android
6880,2025-03-27,KR,Android
6881,2025-01-30,KR,Android
6882,2025-02-03,JP,iOS
6883,2025-02-24,KR,iOS
6884,2025-06-29,KR,iOS
6885,2025-01-21,KR,iOS
6886,2025-01-13,TW,iOS
6887,2025-02-23,JP,iOS
6888,2025-02-05,KR,iOS
6889,2025-01-27,TW,iOS
6890,2025-03-27,JP,PC
6891,2025-02-27,JP,Android
6892,2025-01-12,KR,iOS
6893,2025-06-29,KR,Android
6894,2025-04-02,JP,Android
6895,2025-01-08,KR,iOS
6896,2025-03-31,KR,Android
6897,2025-05-19,KR,iOS
6898,2025-03-26,KR,Android
6899,2025-02-13,US,iOS
6900,2025-01-19,KR,Android
6901,2025-05-20,US,iOS
6902,2025-03-30,JP,iOS
6903,2025-05-07,KR,Android
6904,2025-02-02,KR,iOS
6905,2025-01-08,KR,Android
6906,2025-01-24,KR,iOS
6907,2025-03-28,JP,Android
6908,2025-02-11,US,Android
6909,2025-02-03,TW,PC
6910,2025-02-14,TH,Android
6911,2025-06-23,KR,PC
6912,2025-02-09,US,iOS
6913,2025-04-14,KR,Android
6914,2025-01-08,KR,Android
6915,2025-02-03,KR,Android
6916,2025-01-02,KR,Android
6917,2025-01-08,US,PC
6918,2025-01-16,US,Android
6919,2025-02-16,KR,iOS
6920,2025-06-24,KR,Android
6921,2025-03-28,US,iOS
6922,2025-01-01,JP,Android
6923,2025-01-12,US,Android
6924,2025-05-25,KR,iOS
6925,2025-06-29,KR,iOS
6926,2025-03-20,JP,PC
6927,2025-04-18,JP,iOS
6928,2025-03-04,KR,iOS
6929,2025-03-17,KR,iOS
6930,2025-04-16,KR,Android
6931,2025-01-29,US,iOS
6932,2025-01-19,KR,Android
6933,2025-01-25,US,iOS
6934,2025-04-30,TW,iOS
6935,2025-01-16,KR,iOS
6936,2025-06-24,KR,iOS
6937,2025-01-27,KR,Android
6938,2025-01-04,KR,iOS
6939,2025-05-29,TW,Android
6940,2025-04-02,TH,Android
6941,2025-05-22,KR,iOS
6942,2025-02-10,TW,iOS
6943,2025-01-27,KR,Android
6944,2025-04-12,US,Android
6945,2025-02-20,US,Android
6946,2025-01-29,KR,PC
6947,2025-02-08,KR,iOS
6948,2025-02-02,US,Android
6949,2025-01-01,KR,Android
6950,2025-01-25,TH,iOS
6951,2025-03-12,KR,Android
6952,2025-01-01,KR,Android
6953,2025-02-07,TW,Android
6954,2025-02-13,KR,Android
6955,2025-01-04,KR,iOS
6956,2025-03-09,KR,Android
6957,2025-06-29,KR,Android
6958,2025-06-08,KR,Android
6959,2025-01-12,KR,Android
6960,2025-01-07,KR,Android
6961,2025-03-24,KR,Android
6962,2025-06-29,TW,iOS
6963,2025-01-02,TW,Android
6964,2025-01-24,KR,Android
6965,2025-01-13,TH,iOS
6966,2025-01-25,TW,iOS
6967,2025-03-22,TW,iOS
6968,2025-01-04,JP,Android
6969,2025-02-17,KR,iOS
6970,2025-01-07,KR,PC
6971,2025-01-01,TW,PC
6972,2025-01-09,KR,PC
6973,2025-01-03,TW,iOS
6974,2025-03-12,JP,Android
6975,2025-01-20,KR,PC
6976,2025-01-28,KR,Android
6977,2025-01-23,TH,iOS
6978,2025-01-19,KR,PC
6979,2025-05-10,JP,Android
6980,2025-02-11,TH,Android
6981,2025-02-11,KR,PC
6982,2025-02-18,KR,PC
6983,2025-01-09,KR,Android
6984,2025-02-02,JP,iOS
6985,2025-03-02,KR,Android
6986,2025-03-06,KR,Android
6987,2025-01-24,KR,Android
6988,2025-01-07,KR,Android
6989,2025-02-02,KR,Android
6990,2025-05-11,KR,Android
6991,2025-03-06,JP,PC
6992,2025-01-24,KR,PC
6993,2025-06-29,JP,Android
6994,2025-02-26,TW,Android
6995,2025-06-29,US,Android
6996,2025-02-08,US,Android
6997,2025-01-12,KR,iOS
6998,2025-01-21,US,Android
6999,2025-04-09,KR,Android
7000,2025-02-19,KR,Android
7001,2025-01-11,US,PC
7002,2025-05-11,KR,PC
7003,2025-01-18,KR,PC
7004,2025-04-23,US,PC
7005,2025-01-03,KR,Android
7006,2025-03-20,KR,PC
7007,2025-01-03,KR,PC
7008,2025-02-28,KR,Android
7009,2025-01-28,KR,iOS
7010,2025-05-27,KR,iOS
7011,2025-02-03,KR,Android
7012,2025-05-25,US,Android
7013,2025-02-12,TH,Android
7014,2025-01-05,US,Android
7015,2025-01-16,KR,Android
7016,2025-02-05,US,iOS
7017,2025-06-21,TW,iOS
7018,2025-01-17,TW,Android
7019,2025-05-01,KR,iOS
7020,2025-03-09,KR,PC
7021,2025-04-14,KR,PC
7022,2025-02-12,JP,Android
7023,2025-01-16,KR,Android
7024,2025-01-21,TW,PC
7025,2025-02-15,KR,PC
7026,2025-04-08,US,Android
7027,2025-02-26,KR,PC
7028,2025-05-28,KR,Android
7029,2025-01-01,KR,iOS
7030,2025-01-06,JP,Android
7031,2025-02-09,KR,Android
7032,2025-01-18,KR,PC
7033,2025-03-22,JP,iOS
7034,2025-02-02,TW,Android
7035,2025-04-22,JP,Android
7036,2025-03-25,JP,PC
7037,2025-06-02,KR,Android
7038,2025-01-08,TW,iOS
7039,2025-01-30,KR,PC
7040,2025-01-10,TW,Android
7041,2025-03-13,JP,PC
7042,2025-01-13,KR,PC
7043,2025-02-12,KR,iOS
7044,2025-03-20,JP,PC
7045,2025-02-17,US,Android
7046,2025-03-04,US,PC
7047,2025-01-04,TH,iOS
7048,2025-02-08,KR,Android
7049,2025-01-24,KR,iOS
7050,2025-01-24,US,iOS
7051,2025-02-28,KR,PC
7052,2025-03-23,US,iOS
7053,2025-01-20,TW,iOS
7054,2025-03-18,KR,PC
7055,2025-03-25,JP,Android
7056,2025-01-08,JP,Android
7057,2025-06-29,KR,PC
7058,2025-04-09,JP,Android
7059,2025-05-27,JP,iOS
7060,2025-02-05,KR,Android
7061,2025-01-18,KR,Android
7062,2025-01-03,KR,iOS
7063,2025-04-13,US,Android
7064,2025-06-29,KR,Android
7065,2025-02-21,KR,iOS
7066,2025-02-05,TW,iOS
7067,2025-03-04,JP,PC
7068,2025-01-06,JP,iOS
7069,2025-01-15,TH,iOS
7070,2025-02-17,KR,PC
7071,2025-02-10,KR,Android
7072,2025-06-13,US,PC
7073,2025-02-13,KR,PC
7074,2025-01-24,KR,Android
7075,2025-01-28,JP,Android
7076,2025-02-26,KR,iOS
7077,2025-01-09,KR,iOS
7078,2025-01-22,US,iOS
7079,2025-01-19,US,Android
7080,2025-06-02,KR,Android
7081,2025-01-23,KR,PC
7082,2025-01-18,TW,iOS
7083,2025-01-11,TW,Android
7084,2025-02-04,KR,iOS
7085,2025-01-03,KR,iOS
7086,2025-02-27,US,Android
7087,2025-03-06,KR,Android
7088,2025-01-07,KR,Android
7089,2025-01-02,KR,Android
7090,2025-01-24,KR,Android
7091,2025-06-29,KR,PC
7092,2025-04-29,KR,Android
7093,2025-03-21,JP,Android
7094,2025-04-10,KR,iOS
7095,2025-04-30,KR,Android
7096,2025-01-23,KR,Android
7097,2025-02-06,TW,iOS
7098,2025-03-13,KR,Android
7099,2025-01-18,KR,Android
7100,2025-05-23,US,iOS
7101,2025-02-26,JP,PC
7102,2025-02-20,JP,iOS
7103,2025-01-26,KR,PC
7104,2025-01-06,KR,Android
7105,2025-03-07,KR,iOS
7106,2025-03-16,US,iOS
7107,2025-05-14,KR,Android
7108,2025-02-20,KR,Android
7109,2025-03-04,KR,Android
7110,2025-03-14,TW,Android
7111,2025-02-22,KR,iOS
7112,2025-01-26,KR,Android
7113,2025-02-17,TW,PC
7114,2025-01-13,JP,Android
7115,2025-01-12,US,PC
7116,2025-06-19,US,Android
7117,2025-01-13,KR,Android
7118,2025-02-06,JP,Android
7119,2025-02-06,KR,iOS
7120,2025-02-16,TH,iOS
7121,2025-06-29,KR,Android
7122,2025-01-18,US,PC
7123,2025-01-03,KR,Android
7124,2025-01-26,KR,iOS
7125,2025-01-27,KR,iOS
7126,2025-01-09,JP,Android
7127,2025-01-02,KR,Android
7128,2025-01-20,TH,iOS
7129,2025-02-21,KR,iOS
7130,2025-01-02,US,Android
7131,2025-01-30,US,iOS
7132,2025-02-04,KR,Android
7133,2025-05-07,US,Android
7134,2025-05-16,JP,iOS
7135,2025-03-28,US,Android
7136,2025-01-29,US,iOS
7137,2025-01-17,US,iOS
7138,2025-01-24,KR,PC
7139,2025-02-03,KR,Android
7140,2025-03-14,KR,iOS
7141,2025-02-22,US,iOS
7142,2025-01-02,TW,iOS
7143,2025-02-17,KR,PC
7144,2025-04-06,KR,Android
7145,2025-05-27,KR,Android
7146,2025-01-05,US,iOS
7147,2025-06-29,JP,PC
7148,2025-02-16,JP,PC
7149,2025-01-05,JP,iOS
7150,2025-03-19,JP,Android
7151,2025-04-30,KR,Android
7152,2025-01-22,KR,Android
7153,2025-01-16,KR,Android
7154,2025-01-26,TW,iOS
7155,2025-02-27,JP,Android
7156,2025-01-21,KR,Android
7157,2025-01-07,KR,Android
7158,2025-01-29,KR,Android
7159,2025-01-20,TH,iOS
7160,2025-02-18,KR,Android
7161,2025-04-11,US,PC
7162,2025-02-01,KR,Android
7163,2025-05-19,US,PC
7164,2025-03-05,US,Android
7165,2025-02-08,KR,Android
7166,2025-03-14,JP,Android
7167,2025-04-13,KR,iOS
7168,2025-03-03,JP,PC
7169,2025-01-06,KR,Android
7170,2025-01-02,US,PC
7171,2025-04-07,KR,Android
7172,2025-01-07,US,Android
7173,2025-02-16,KR,iOS
7174,2025-01-06,US,Android
7175,2025-05-27,KR,Android
7176,2025-01-24,KR,PC
7177,2025-03-01,JP,PC
7178,2025-01-18,KR,Android
7179,2025-02-14,KR,Android
7180,2025-01-02,US,iOS
7181,2025-01-18,KR,Android
7182,2025-03-23,TW,PC
7183,2025-01-29,KR,Android
7184,2025-02-07,TW,Android
7185,2025-03-22,TW,PC
7186,2025-01-18,KR,iOS
7187,2025-01-04,KR,PC
7188,2025-01-29,US,Android
7189,2025-03-03,JP,iOS
7190,2025-02-20,KR,Android
7191,2025-04-09,KR,iOS
7192,2025-06-26,KR,Android
7193,2025-04-21,JP,iOS
7194,2025-01-14,JP,iOS
7195,2025-03-29,KR,Android
7196,2025-03-04,KR,Android
7197,2025-02-11,JP,iOS
7198,2025-01-18,TW,PC
7199,2025-03-24,KR,iOS
7200,2025-01-28,KR,Android
7201,2025-01-01,KR,Android
7202,2025-03-14,US,iOS
7203,2025-01-20,KR,PC
7204,2025-04-22,KR,Android
7205,2025-04-28,JP,iOS
7206,2025-01-09,KR,Android
7207,2025-04-08,KR,Android
7208,2025-01-26,KR,iOS
7209,2025-01-20,KR,iOS
7210,2025-02-06,KR,Android
7211,2025-01-17,KR,Android
7212,2025-01-20,KR,iOS
7213,2025-02-19,KR,Android
7214,2025-02-03,TW,iOS
7215,2025-04-30,TW,iOS
7216,2025-03-02,KR,Android
7217,2025-04-02,US,iOS
7218,2025-01-26,KR,iOS
7219,2025-03-23,JP,iOS
7220,2025-03-25,TW,Android
7221,2025-04-26,US,Android
7222,2025-01-22,US,Android
7223,2025-01-05,KR,Android
7224,2025-02-13,KR,Android
7225,2025-01-02,KR,iOS
7226,2025-06-01,KR,iOS
7227,2025-01-05,US,iOS
7228,2025-02-10,KR,PC
7229,2025-04-08,KR,iOS
7230,2025-01-25,US,iOS
7231,2025-03-27,JP,Android
7232,2025-03-08,US,Android
7233,2025-01-09,KR,PC
7234,2025-03-10,JP,Android
7235,2025-02-02,KR,iOS
7236,2025-01-24,US,Android
7237,2025-03-06,KR,Android
7238,2025-05-06,KR,PC
7239,2025-04-27,TH,Android
7240,2025-03-27,KR,Android
7241,2025-03-01,KR,iOS
7242,2025-03-06,KR,PC
7243,2025-03-11,TH,Android
7244,2025-02-11,TW,iOS
7245,2025-03-05,KR,Android
7246,2025-01-08,US,Android
7247,2025-04-13,KR,iOS
7248,2025-01-17,JP,Android
7249,2025-01-30,KR,Android
7250,2025-06-29,KR,iOS
7251,2025-02-24,US,PC
7252,2025-01-12,TW,PC
7253,2025-01-01,KR,iOS
7254,2025-01-08,KR,Android
7255,2025-01-11,TW,PC
7256,2025-02-10,KR,Android
7257,2025-02-13,KR,PC
7258,2025-01-29,KR,iOS
7259,2025-02-02,KR,Android
7260,2025-06-15,KR,Android
7261,2025-03-06,KR,iOS
7262,2025-02-09,KR,Android
7263,2025-01-20,KR,iOS
7264,2025-01-11,JP,iOS
7265,2025-01-11,KR,iOS
7266,2025-03-03,JP,iOS
7267,2025-01-06,KR,iOS
7268,2025-02-26,KR,Android
7269,2025-04-25,KR,iOS
7270,2025-01-25,KR,iOS
7271,2025-06-29,US,iOS
7272,2025-01-25,KR,PC
7273,2025-01-30,US,iOS
7274,2025-06-29,TW,Android
7275,2025-01-29,KR,iOS
7276,2025-02-02,TW,iOS
7277,2025-03-29,KR,Android
7278,2025-04-14,KR,Android
7279,2025-03-17,KR,Android
7280,2025-02-17,JP,Android
7281,2025-01-13,US,iOS
7282,2025-01-08,TH,iOS
7283,2025-01-02,JP,PC
7284,2025-02-24,KR,iOS
7285,2025-04-01,TW,Android
7286,2025-02-21,TH,Android
7287,2025-01-06,JP,iOS
7288,2025-01-14,US,iOS
7289,2025-01-26,JP,Android
7290,2025-01-07,KR,Android
7291,2025-02-01,TW,PC
7292,2025-03-12,TH,iOS
7293,2025-05-05,US,PC
7294,2025-05-22,KR,iOS
7295,2025-05-16,KR,iOS
7296,2025-01-07,TH,Android
7297,2025-06-21,TW,PC
7298,2025-03-07,JP,Android
7299,2025-06-29,TW,Android
7300,2025-01-06,KR,Android
7301,2025-01-10,TW,PC
7302,2025-06-29,KR,PC
7303,2025-03-05,KR,Android
7304,2025-03-26,KR,Android
7305,2025-04-12,KR,Android
7306,2025-01-08,KR,PC
7307,2025-01-17,JP,Android
7308,2025-01-01,KR,iOS
7309,2025-06-29,JP,PC
7310,2025-02-02,KR,Android
7311,2025-01-03,JP,Android
7312,2025-01-01,KR,Android
7313,2025-01-17,JP,iOS
7314,2025-01-15,US,Android
7315,2025-05-16,KR,iOS
7316,2025-01-05,KR,PC
7317,2025-03-02,KR,Android
7318,2025-01-27,KR,PC
7319,2025-01-05,KR,iOS
7320,2025-01-16,KR,PC
7321,2025-05-08,JP,Android
7322,2025-01-13,KR,Android
7323,2025-02-07,KR,PC
7324,2025-05-12,KR,Android
7325,2025-02-04,KR,PC
7326,2025-06-29,KR,Android
7327,2025-03-08,US,iOS
7328,2025-02-05,US,Android
7329,2025-04-09,KR,PC
7330,2025-02-07,KR,Android
7331,2025-02-07,KR,Android
7332,2025-02-19,JP,iOS
7333,2025-01-25,KR,Android
7334,2025-02-13,JP,PC
7335,2025-03-27,US,PC
7336,2025-03-22,US,iOS
7337,2025-01-03,KR,iOS
7338,2025-02-03,TW,iOS
7339,2025-01-15,KR,iOS
7340,2025-01-16,KR,PC
7341,2025-02-04,TW,Android
7342,2025-03-16,US,iOS
7343,2025-01-17,KR,Android
7344,2025-01-16,KR,Android
7345,2025-04-09,KR,Android
7346,2025-01-16,JP,PC
7347,2025-01-24,KR,Android
7348,2025-01-20,KR,iOS
7349,2025-01-11,KR,PC
7350,2025-04-01,TH,iOS
7351,2025-06-29,US,PC
7352,2025-01-07,KR,Android
7353,2025-01-24,TW,PC
7354,2025-01-23,KR,iOS
7355,2025-01-12,JP,Android
7356,2025-02-13,JP,PC
7357,2025-05-16,KR,PC
7358,2025-01-04,JP,PC
7359,2025-04-30,TH,iOS
7360,2025-01-24,KR,Android
7361,2025-05-15,KR,Android
7362,2025-01-28,JP,iOS
7363,2025-01-18,KR,Android
7364,2025-01-03,KR,Android
7365,2025-01-01,KR,Android
7366,2025-03-19,JP,iOS
7367,2025-05-21,JP,PC
7368,2025-02-06,TH,PC
7369,2025-02-23,KR,Android
7370,2025-01-02,TH,PC
7371,2025-04-07,KR,PC
7372,2025-02-09,US,iOS
7373,2025-06-11,US,Android
7374,2025-02-28,KR,PC
7375,2025-02-06,US,Android
7376,2025-01-01,KR,iOS
7377,2025-04-27,KR,Android
7378,2025-03-04,JP,Android
7379,2025-03-02,KR,Android
7380,2025-05-13,JP,iOS
7381,2025-01-12,KR,iOS
7382,2025-04-15,KR,PC
7383,2025-01-06,US,Android
7384,2025-01-04,KR,PC
7385,2025-05-21,TH,Android
7386,2025-06-11,TH,PC
7387,2025-01-09,KR,iOS
7388,2025-01-18,KR,PC
7389,2025-01-26,KR,PC
7390,2025-04-28,JP,Android
7391,2025-04-18,KR,iOS
7392,2025-01-23,TW,PC
7393,2025-03-30,TH,Android
7394,2025-01-03,KR,Android
7395,2025-01-17,US,Android
7396,2025-02-13,KR,PC
7397,2025-02-08,KR,Android
7398,2025-02-02,KR,Android
7399,2025-01-09,JP,Android
7400,2025-04-09,KR,iOS
7401,2025-01-15,TW,PC
7402,2025-04-06,KR,PC
7403,2025-03-23,US,Android
7404,2025-01-30,TW,iOS
7405,2025-02-12,JP,iOS
7406,2025-02-06,KR,iOS
7407,2025-06-29,KR,PC
7408,2025-02-03,KR,Android
7409,2025-05-20,KR,Android
7410,2025-04-04,TW,iOS
7411,2025-03-08,KR,iOS
7412,2025-01-03,KR,Android
7413,2025-02-01,JP,iOS
7414,2025-05-28,KR,iOS
7415,2025-03-24,TW,PC
7416,2025-05-08,KR,Android
7417,2025-01-29,KR,PC
7418,2025-01-02,US,iOS
7419,2025-04-24,KR,iOS
7420,2025-02-12,TW,PC
7421,2025-01-19,KR,PC
7422,2025-02-06,KR,Android
7423,2025-01-25,KR,Android
7424,2025-01-15,KR,iOS
7425,2025-02-04,US,Android
7426,2025-01-12,KR,iOS
7427,2025-06-29,US,iOS
7428,2025-01-10,TW,Android
7429,2025-02-23,KR,iOS
7430,2025-04-24,US,iOS
7431,2025-03-26,KR,iOS
7432,2025-01-31,JP,iOS
7433,2025-03-20,KR,PC
7434,2025-01-31,US,PC
7435,2025-01-25,KR,iOS
7436,2025-01-21,KR,iOS
7437,2025-01-11,KR,PC
7438,2025-02-15,KR,iOS
7439,2025-02-26,TW,Android
7440,2025-02-06,KR,iOS
7441,2025-01-17,TH,Android
7442,2025-01-15,KR,iOS
7443,2025-01-01,KR,Android
7444,2025-03-05,KR,Android
7445,2025-06-24,KR,iOS
7446,2025-03-14,JP,Android
7447,2025-04-19,KR,Android
7448,2025-01-20,TW,PC
7449,2025-03-01,KR,Android
7450,2025-01-01,KR,iOS
7451,2025-02-18,KR,Android
7452,2025-06-29,US,iOS
7453,2025-01-30,KR,PC
7454,2025-01-31,TW,PC
7455,2025-02-07,KR,iOS
7456,2025-03-23,KR,Android
7457,2025-01-08,JP,Android
7458,2025-02-28,US,iOS
7459,2025-04-16,JP,Android
7460,2025-02-01,KR,Android
7461,2025-02-15,JP,Android
7462,2025-05-14,KR,Android
7463,2025-02-24,TH,Android
7464,2025-01-08,KR,Android
7465,2025-03-15,JP,Android
7466,2025-01-15,KR,Android
7467,2025-02-17,JP,Android
7468,2025-03-03,TW,Android
7469,2025-01-28,TW,iOS
7470,2025-01-17,KR,Android
7471,2025-05-29,KR,Android
7472,2025-03-04,JP,iOS
7473,2025-02-13,US,iOS
7474,2025-01-25,US,Android
7475,2025-05-14,KR,iOS
7476,2025-02-21,KR,Android
7477,2025-06-29,KR,Android
7478,2025-02-03,US,Android
7479,2025-04-14,KR,PC
7480,2025-03-28,KR,PC
7481,2025-02-12,JP,PC
7482,2025-03-03,KR,PC
7483,2025-06-04,TW,iOS
7484,2025-01-14,KR,iOS
7485,2025-01-01,KR,iOS
7486,2025-02-04,KR,iOS
7487,2025-01-10,KR,PC
7488,2025-01-14,US,PC
7489,2025-06-06,KR,Android
7490,2025-02-02,KR,PC
7491,2025-01-11,KR,Android
7492,2025-02-24,US,Android
7493,2025-01-01,JP,iOS
7494,2025-01-18,KR,PC
7495,2025-01-31,KR,Android
7496,2025-03-05,KR,Android
7497,2025-05-13,JP,iOS
7498,2025-01-02,KR,Android
7499,2025-02-04,KR,PC
7500,2025-01-10,JP,Android
7501,2025-03-17,KR,PC
7502,2025-02-15,JP,Android
7503,2025-01-23,KR,PC
7504,2025-01-11,TW,Android
7505,2025-03-04,KR,Android
7506,2025-01-29,KR,PC
7507,2025-03-23,KR,PC
7508,2025-02-17,KR,iOS
7509,2025-01-25,US,PC
7510,2025-05-01,KR,Android
7511,2025-03-04,KR,iOS
7512,2025-03-24,JP,Android
7513,2025-02-14,KR,Android
7514,2025-02-24,JP,Android
7515,2025-02-23,US,Android
7516,2025-02-01,KR,iOS
7517,2025-01-22,JP,iOS
7518,2025-05-05,TW,Android
7519,2025-01-24,JP,iOS
7520,2025-01-08,KR,Android
7521,2025-01-31,KR,Android
7522,2025-03-02,TW,iOS
7523,2025-04-12,US,iOS
7524,2025-02-17,KR,Android
7525,2025-03-25,KR,PC
7526,2025-05-10,US,PC
7527,2025-04-10,JP,Android
7528,2025-01-24,TW,iOS
7529,2025-04-20,TW,Android
7530,2025-04-15,KR,Android
7531,2025-01-19,US,Android
7532,2025-01-16,KR,Android
7533,2025-05-11,KR,Android
7534,2025-03-05,KR,iOS
7535,2025-02-09,TW,PC
7536,2025-04-14,KR,Android
7537,2025-01-03,KR,iOS
7538,2025-01-08,KR,PC
7539,2025-04-05,KR,Android
7540,2025-03-02,KR,iOS
7541,2025-01-03,KR,iOS
7542,2025-01-04,KR,Android
7543,2025-02-20,KR,Android
7544,2025-01-20,JP,Android
7545,2025-01-28,JP,iOS
7546,2025-04-16,JP,iOS
7547,2025-03-14,KR,Android
7548,2025-03-03,KR,Android
7549,2025-03-16,KR,Android
7550,2025-02-06,TH,Android
7551,2025-02-07,KR,Android
7552,2025-04-28,KR,Android
7553,2025-01-03,TW,Android
7554,2025-03-09,TW,Android
7555,2025-01-10,KR,iOS
7556,2025-03-06,JP,Android
7557,2025-01-05,KR,iOS
7558,2025-06-29,KR,Android
7559,2025-04-10,KR,Android
7560,2025-01-10,TH,Android
7561,2025-02-21,KR,PC
7562,2025-06-29,JP,Android
7563,2025-01-25,KR,iOS
7564,2025-03-13,US,PC
7565,2025-06-29,US,Android
7566,2025-03-15,JP,Android
7567,2025-01-18,TW,iOS
7568,2025-03-24,JP,Android
7569,2025-02-28,JP,Android
7570,2025-01-08,KR,PC
7571,2025-01-23,TH,Android
7572,2025-01-05,KR,Android
7573,2025-01-14,KR,Android
7574,2025-01-30,KR,PC
7575,2025-01-03,KR,iOS
7576,2025-02-21,US,Android
7577,2025-01-16,KR,iOS
7578,2025-02-19,KR,iOS
7579,2025-03-12,TW,Android
7580,2025-02-16,TW,Android
7581,2025-02-22,KR,PC
7582,2025-01-12,TH,Android
7583,2025-06-29,KR,iOS
7584,2025-01-23,KR,iOS
7585,2025-01-19,TW,iOS
7586,2025-05-16,US,Android
7587,2025-03-23,JP,Android
7588,2025-01-10,KR,Android
7589,2025-01-04,KR,iOS
7590,2025-01-24,KR,iOS
7591,2025-06-29,TH,iOS
7592,2025-04-04,KR,Android
7593,2025-02-12,KR,iOS
7594,2025-01-01,KR,iOS
7595,2025-01-26,US,Android
7596,2025-01-22,KR,iOS
7597,2025-06-25,JP,Android
7598,2025-01-02,KR,PC
7599,2025-01-02,KR,iOS
7600,2025-03-07,KR,iOS
7601,2025-01-09,KR,iOS
7602,2025-01-29,JP,iOS
7603,2025-01-06,JP,PC
7604,2025-01-12,KR,Android
7605,2025-01-25,KR,Android
7606,2025-02-25,KR,Android
7607,2025-03-23,TW,iOS
7608,2025-02-18,TH,Android
7609,2025-01-02,JP,iOS
7610,2025-01-31,KR,PC
7611,2025-01-11,KR,Android
7612,2025-01-12,TH,iOS
7613,2025-02-07,KR,Android
7614,2025-03-22,US,iOS
7615,2025-01-15,TW,iOS
7616,2025-04-02,JP,iOS
7617,2025-03-23,US,iOS
7618,2025-06-05,KR,iOS
7619,2025-04-28,TW,PC
7620,2025-02-12,KR,iOS
7621,2025-01-14,TW,Android
7622,2025-03-10,KR,iOS
7623,2025-06-29,JP,iOS
7624,2025-05-03,TW,iOS
7625,2025-01-24,US,iOS
7626,2025-06-29,KR,iOS
7627,2025-01-16,KR,iOS
7628,2025-02-16,JP,iOS
7629,2025-02-08,US,Android
7630,2025-04-28,KR,PC
7631,2025-02-05,TW,iOS
7632,2025-03-21,TW,Android
7633,2025-01-30,TW,Android
7634,2025-01-13,US,Android
7635,2025-04-07,TH,Android
7636,2025-02-14,TW,Android
7637,2025-04-08,KR,PC
7638,2025-02-15,TH,iOS
7639,2025-01-26,KR,Android
7640,2025-01-30,TW,Android
7641,2025-06-29,JP,PC
7642,2025-05-09,US,Android
7643,2025-04-26,KR,PC
7644,2025-03-29,KR,Android
7645,2025-01-11,KR,Android
7646,2025-03-03,US,PC
7647,2025-02-11,TW,Android
7648,2025-02-26,KR,Android
7649,2025-02-01,KR,Android
7650,2025-05-01,US,iOS
7651,2025-03-24,KR,PC
7652,2025-03-02,KR,PC
7653,2025-01-29,KR,Android
7654,2025-02-07,US,iOS
7655,2025-02-27,US,iOS
7656,2025-01-01,TW,iOS
7657,2025-02-12,KR,iOS
7658,2025-03-22,KR,Android
7659,2025-04-08,JP,PC
7660,2025-02-02,TH,Android
7661,2025-01-30,KR,Android
7662,2025-06-29,TW,PC
7663,2025-01-12,JP,PC
7664,2025-02-07,TW,Android
7665,2025-02-07,KR,Android
7666,2025-03-04,KR,Android
7667,2025-02-22,KR,Android
7668,2025-02-22,JP,iOS
7669,2025-01-29,TW,Android
7670,2025-03-27,KR,Android
7671,2025-04-08,KR,iOS
7672,2025-04-05,KR,PC
7673,2025-02-07,US,PC
7674,2025-02-24,TW,Android
7675,2025-01-17,KR,iOS
7676,2025-02-24,US,iOS
7677,2025-02-24,KR,Android
7678,2025-02-04,TW,PC
7679,2025-06-29,JP,Android
7680,2025-01-19,KR,iOS
7681,2025-01-04,US,iOS
7682,2025-06-29,JP,iOS
7683,2025-04-27,TW,Android
7684,2025-01-09,US,Android
7685,2025-02-03,KR,iOS
7686,2025-01-11,US,Android
7687,2025-02-22,US,PC
7688,2025-01-10,KR,Android
7689,2025-02-28,TH,iOS
7690,2025-01-23,KR,Android
7691,2025-06-09,TW,PC
7692,2025-02-06,KR,iOS
7693,2025-02-28,KR,iOS
7694,2025-01-22,KR,Android
7695,2025-02-07,US,iOS
7696,2025-01-04,TW,PC
7697,2025-01-20,KR,Android
7698,2025-02-20,KR,iOS
7699,2025-01-18,TW,PC
7700,2025-01-11,US,Android
7701,2025-01-03,KR,Android
7702,2025-01-30,TW,iOS
7703,2025-05-02,KR,Android
7704,2025-03-16,KR,PC
7705,2025-06-29,KR,iOS
7706,2025-03-15,US,Android
7707,2025-01-28,KR,PC
7708,2025-04-26,TW,Android
7709,2025-03-26,KR,iOS
7710,2025-02-08,TH,iOS
7711,2025-06-29,KR,Android
7712,2025-06-29,KR,Android
7713,2025-01-08,KR,iOS
7714,2025-06-29,KR,iOS
7715,2025-02-19,KR,Android
7716,2025-03-02,TW,Android
7717,2025-03-27,JP,iOS
7718,2025-01-11,JP,Android
7719,2025-02-14,KR,Android
7720,2025-01-12,TW,iOS
7721,2025-02-03,KR,iOS
7722,2025-01-07,JP,PC
7723,2025-02-07,JP,PC
7724,2025-01-13,KR,iOS
7725,2025-02-13,KR,PC
7726,2025-03-05,TW,Android
7727,2025-06-21,KR,PC
7728,2025-02-24,JP,PC
7729,2025-03-07,TH,Android
7730,2025-01-02,KR,Android
7731,2025-02-27,KR,iOS
7732,2025-02-02,KR,Android
7733,2025-02-23,JP,Android
7734,2025-01-16,KR,Android
7735,2025-02-02,KR,iOS
7736,2025-05-08,KR,PC
7737,2025-02-27,TH,PC
7738,2025-04-10,TW,iOS
7739,2025-02-12,US,Android
7740,2025-01-09,TH,PC
7741,2025-01-01,US,Android
7742,2025-02-11,TH,PC
7743,2025-02-19,KR,Android
7744,2025-01-23,KR,iOS
7745,2025-02-17,TW,Android
7746,2025-04-02,KR,Android
7747,2025-02-03,KR,iOS
7748,2025-03-16,JP,Android
7749,2025-06-29,US,Android
7750,2025-04-16,KR,Android
7751,2025-01-30,KR,Android
7752,2025-01-16,KR,Android
7753,2025-02-18,KR,Android
7754,2025-04-30,KR,Android
7755,2025-03-08,KR,iOS
7756,2025-06-11,JP,PC
7757,2025-06-21,KR,PC
7758,2025-02-09,KR,Android
7759,2025-04-02,US,Android
7760,2025-02-10,KR,PC
7761,2025-01-01,KR,iOS
7762,2025-06-29,KR,iOS
7763,2025-02-24,US,iOS
7764,2025-02-09,KR,Android
7765,2025-01-06,KR,iOS
7766,2025-01-18,US,Android
7767,2025-01-20,JP,Android
7768,2025-03-15,JP,iOS
7769,2025-05-08,TW,Android
7770,2025-01-05,US,iOS
7771,2025-03-02,KR,Android
7772,2025-01-06,KR,iOS
7773,2025-01-25,KR,iOS
7774,2025-06-29,KR,iOS
7775,2025-03-01,KR,Android
7776,2025-02-12,KR,iOS
7777,2025-05-12,JP,Android
7778,2025-03-15,US,PC
7779,2025-01-18,KR,Android
7780,2025-02-19,KR,iOS
7781,2025-02-21,KR,Android
7782,2025-02-21,KR,iOS
7783,2025-01-25,KR,PC
7784,2025-03-06,KR,Android
7785,2025-02-03,KR,Android
7786,2025-05-31,TH,iOS
7787,2025-01-19,KR,Android
7788,2025-03-08,US,Android
7789,2025-03-05,KR,iOS
7790,2025-01-28,KR,Android
7791,2025-01-13,KR,iOS
7792,2025-01-06,TH,PC
7793,2025-03-03,KR,PC
7794,2025-02-02,KR,iOS
7795,2025-02-07,TH,iOS
7796,2025-01-31,KR,Android
7797,2025-01-09,KR,PC
7798,2025-02-06,US,iOS
7799,2025-01-01,KR,iOS
7800,2025-01-28,TH,Android
7801,2025-02-13,KR,iOS
7802,2025-05-23,JP,iOS
7803,2025-01-09,KR,Android
7804,2025-02-24,JP,Android
7805,2025-01-27,JP,Android
7806,2025-04-08,JP,iOS
7807,2025-01-17,TW,Android
7808,2025-02-01,JP,Android
7809,2025-03-16,KR,Android
7810,2025-01-25,KR,PC
7811,2025-04-05,KR,iOS
7812,2025-01-05,KR,Android
7813,2025-01-17,KR,PC
7814,2025-01-02,JP,iOS
7815,2025-03-20,JP,PC
7816,2025-02-01,TH,Android
7817,2025-02-22,KR,iOS
7818,2025-01-06,JP,iOS
7819,2025-02-20,JP,iOS
7820,2025-01-19,TH,PC
7821,2025-03-05,JP,PC
7822,2025-01-21,KR,Android
7823,2025-01-29,KR,iOS
7824,2025-01-31,TH,Android
7825,2025-06-29,JP,Android
7826,2025-04-29,JP,iOS
7827,2025-01-02,JP,iOS
7828,2025-01-25,JP,Android
7829,2025-05-11,JP,Android
7830,2025-02-21,TW,Android
7831,2025-03-18,TW,Android
7832,2025-01-15,KR,iOS
7833,2025-01-06,KR,iOS
7834,2025-01-18,KR,Android
7835,2025-06-29,KR,Android
7836,2025-02-19,JP,iOS
7837,2025-02-02,JP,PC
7838,2025-03-01,KR,Android
7839,2025-03-09,KR,iOS
7840,2025-03-10,KR,iOS
7841,2025-01-25,JP,PC
7842,2025-06-29,US,Android
7843,2025-01-16,KR,iOS
7844,2025-05-06,KR,Android
7845,2025-02-03,US,iOS
7846,2025-02-21,KR,Android
7847,2025-03-01,JP,Android
7848,2025-01-11,TW,PC
7849,2025-01-20,KR,Android
7850,2025-03-06,KR,Android
7851,2025-04-12,KR,iOS
7852,2025-02-22,KR,PC
7853,2025-05-26,KR,iOS
7854,2025-02-05,KR,iOS
7855,2025-01-28,KR,PC
7856,2025-04-16,JP,PC
7857,2025-01-03,KR,Android
7858,2025-04-12,JP,Android
7859,2025-01-18,KR,iOS
7860,2025-02-28,KR,Android
7861,2025-01-01,KR,iOS
7862,2025-01-24,KR,iOS
7863,2025-06-21,KR,Android
7864,2025-03-13,JP,PC
7865,2025-01-21,TW,PC
7866,2025-01-12,KR,PC
7867,2025-01-31,KR,Android
7868,2025-01-15,KR,iOS
7869,2025-05-10,JP,iOS
7870,2025-03-04,KR,Android
7871,2025-03-03,KR,iOS
7872,2025-05-18,TW,Android
7873,2025-03-01,TW,Android
7874,2025-06-29,US,PC
7875,2025-01-27,KR,Android
7876,2025-02-26,KR,Android
7877,2025-01-17,KR,Android
7878,2025-02-17,US,Android
7879,2025-02-03,JP,iOS
7880,2025-01-12,KR,Android
7881,2025-01-19,TW,Android
7882,2025-01-27,KR,iOS
7883,2025-02-12,JP,Android
7884,2025-03-14,KR,PC
7885,2025-01-26,KR,iOS
7886,2025-01-16,KR,Android
7887,2025-04-29,JP,iOS
7888,2025-06-16,KR,Android
7889,2025-02-06,KR,PC
7890,2025-02-06,JP,iOS
7891,2025-01-04,JP,PC
7892,2025-01-20,US,PC
7893,2025-01-18,US,iOS
7894,2025-02-20,US,Android
7895,2025-01-09,US,PC
7896,2025-01-25,KR,PC
7897,2025-03-19,KR,Android
7898,2025-03-09,KR,iOS
7899,2025-01-22,KR,iOS
7900,2025-01-09,KR,iOS
7901,2025-01-24,KR,Android
7902,2025-02-12,KR,Android
7903,2025-02-16,JP,Android
7904,2025-01-06,JP,Android
7905,2025-01-28,US,iOS
7906,2025-04-22,TW,PC
7907,2025-06-23,KR,iOS
7908,2025-06-28,KR,iOS
7909,2025-01-06,KR,PC
7910,2025-06-07,KR,iOS
7911,2025-04-06,KR,iOS
7912,2025-03-04,TW,PC
7913,2025-02-09,KR,PC
7914,2025-01-17,KR,PC
7915,2025-02-23,KR,iOS
7916,2025-01-08,KR,iOS
7917,2025-01-04,JP,iOS
7918,2025-05-31,US,iOS
7919,2025-01-17,JP,PC
7920,2025-05-20,US,iOS
7921,2025-01-11,KR,Android
7922,2025-01-19,KR,iOS
7923,2025-01-13,JP,Android
7924,2025-02-02,KR,iOS
7925,2025-04-27,KR,iOS
7926,2025-05-22,KR,iOS
7927,2025-02-10,US,PC
7928,2025-03-08,KR,Android
7929,2025-01-07,TH,Android
7930,2025-01-06,KR,iOS
7931,2025-04-10,KR,Android
7932,2025-02-01,KR,Android
7933,2025-03-27,KR,Android
7934,2025-02-02,KR,Android
7935,2025-02-16,JP,PC
7936,2025-02-28,KR,PC
7937,2025-02-06,KR,PC
7938,2025-01-31,KR,Android
7939,2025-01-31,KR,iOS
7940,2025-01-09,TW,iOS
7941,2025-03-14,KR,iOS
7942,2025-01-10,JP,iOS
7943,2025-01-15,KR,Android
7944,2025-02-02,KR,Android
7945,2025-02-02,JP,Android
7946,2025-01-29,KR,Android
7947,2025-04-15,TW,PC
7948,2025-01-22,KR,iOS
7949,2025-05-06,KR,iOS
7950,2025-02-23,TW,Android
7951,2025-02-18,KR,Android
7952,2025-02-26,TH,Android
7953,2025-01-15,TW,PC
7954,2025-02-25,KR,iOS
7955,2025-04-09,KR,Android
7956,2025-03-09,JP,PC
7957,2025-01-06,KR,Android
7958,2025-01-29,JP,Android
7959,2025-01-02,KR,iOS
7960,2025-01-27,KR,iOS
7961,2025-01-10,KR,iOS
7962,2025-02-06,JP,Android
7963,2025-01-02,JP,Android
7964,2025-06-13,US,PC
7965,2025-01-24,KR,Android
7966,2025-03-28,KR,iOS
7967,2025-01-15,KR,PC
7968,2025-03-18,KR,iOS
7969,2025-01-26,KR,Android
7970,2025-02-27,US,iOS
7971,2025-06-14,KR,Android
7972,2025-03-07,KR,PC
7973,2025-01-09,US,iOS
7974,2025-05-15,KR,Android
7975,2025-03-21,TH,Android
7976,2025-04-28,KR,iOS
7977,2025-05-17,KR,iOS
7978,2025-01-19,TW,Android
7979,2025-01-24,US,iOS
7980,2025-03-28,JP,iOS
7981,2025-01-04,KR,Android
7982,2025-01-23,KR,Android
7983,2025-01-26,US,iOS
7984,2025-05-01,KR,PC
7985,2025-06-20,US,PC
7986,2025-01-10,KR,PC
7987,2025-02-11,KR,Android
7988,2025-03-20,KR,iOS
7989,2025-01-26,JP,iOS
7990,2025-02-15,KR,PC
7991,2025-01-16,TH,PC
7992,2025-03-29,KR,Android
7993,2025-03-27,KR,Android
7994,2025-02-03,KR,Android
7995,2025-01-26,US,Android
7996,2025-01-19,JP,iOS
7997,2025-01-05,KR,Android
7998,2025-02-18,KR,Android
7999,2025-05-05,JP,Android
8000,2025-01-08,KR,Android
8001,2025-02-01,US,Android
8002,2025-05-08,JP,iOS
8003,2025-04-11,KR,iOS
8004,2025-03-19,US,iOS
8005,2025-01-01,JP,iOS
8006,2025-03-09,KR,iOS
8007,2025-01-22,KR,Android
8008,2025-03-27,KR,Android
8009,2025-01-16,JP,Android
8010,2025-01-01,US,Android
8011,2025-02-12,KR,Android
8012,2025-01-21,KR,iOS
8013,2025-02-22,KR,Android
8014,2025-01-20,KR,iOS
8015,2025-03-31,KR,iOS
8016,2025-02-11,KR,Android
8017,2025-01-18,KR,PC
8018,2025-03-17,US,iOS
8019,2025-05-23,US,Android
8020,2025-05-17,KR,iOS
8021,2025-06-29,US,iOS
8022,2025-03-12,KR,PC
8023,2025-02-26,KR,Android
8024,2025-01-05,TH,Android
8025,2025-01-16,KR,PC
8026,2025-01-22,KR,Android
8027,2025-02-16,KR,iOS
8028,2025-04-14,US,Android
8029,2025-02-06,KR,Android
8030,2025-01-18,TH,Android
8031,2025-01-30,KR,Android
8032,2025-01-03,KR,Android
8033,2025-01-19,KR,iOS
8034,2025-01-03,US,Android
8035,2025-02-13,KR,iOS
8036,2025-06-07,TW,iOS
8037,2025-02-02,TW,Android
8038,2025-03-26,KR,Android
8039,2025-03-11,KR,PC
8040,2025-02-28,KR,Android
8041,2025-04-18,US,Android
8042,2025-02-20,US,iOS
8043,2025-02-28,KR,Android
8044,2025-01-25,TH,iOS
8045,2025-03-23,KR,Android
8046,2025-01-13,JP,Android
8047,2025-03-17,JP,iOS
8048,2025-06-29,KR,PC
8049,2025-01-19,KR,Android
8050,2025-03-23,KR,Android
8051,2025-03-26,TW,Android
8052,2025-01-05,KR,Android
8053,2025-03-09,JP,Android
8054,2025-02-13,KR,iOS
8055,2025-02-08,KR,PC
8056,2025-05-06,TW,Android
8057,2025-01-24,KR,Android
8058,2025-06-29,JP,Android
8059,2025-02-12,KR,iOS
8060,2025-01-05,KR,Android
8061,2025-01-06,KR,Android
8062,2025-04-14,KR,PC
8063,2025-03-29,JP,iOS
8064,2025-03-14,KR,Android
8065,2025-01-06,KR,PC
8066,2025-03-02,KR,PC
8067,2025-06-29,US,Android
8068,2025-03-28,JP,Android
8069,2025-01-18,US,Android
8070,2025-03-31,TH,iOS
8071,2025-01-05,KR,Android
8072,2025-01-22,KR,Android
8073,2025-05-24,KR,iOS
8074,2025-04-03,KR,Android
8075,2025-04-01,US,iOS
8076,2025-03-05,JP,Android
8077,2025-05-02,KR,Android
8078,2025-01-21,TW,PC
8079,2025-06-15,KR,iOS
8080,2025-04-04,US,iOS
8081,2025-01-06,KR,Android
8082,2025-04-11,US,Android
8083,2025-02-20,KR,iOS
8084,2025-02-19,TW,Android
8085,2025-04-13,TW,PC
8086,2025-01-27,KR,Android
8087,2025-01-05,KR,iOS
8088,2025-06-29,US,iOS
8089,2025-06-29,US,Android
8090,2025-03-31,KR,Android
8091,2025-04-03,US,PC
8092,2025-04-08,TW,iOS
8093,2025-06-29,US,Android
8094,2025-01-06,KR,PC
8095,2025-01-04,TW,iOS
8096,2025-01-20,KR,PC
8097,2025-02-24,KR,Android
8098,2025-03-28,TH,Android
8099,2025-02-14,KR,Android
8100,2025-03-09,KR,PC
8101,2025-02-05,US,PC
8102,2025-02-08,JP,iOS
8103,2025-01-28,KR,Android
8104,2025-02-25,KR,iOS
8105,2025-01-08,KR,iOS
8106,2025-01-06,KR,Android
8107,2025-02-11,KR,Android
8108,2025-01-27,KR,Android
8109,2025-01-27,TW,iOS
8110,2025-05-20,US,iOS
8111,2025-06-29,JP,iOS
8112,2025-02-27,TW,iOS
8113,2025-01-11,TW,iOS
8114,2025-04-02,JP,PC
8115,2025-02-19,KR,iOS
8116,2025-03-27,JP,PC
8117,2025-03-02,KR,iOS
8118,2025-01-08,KR,Android
8119,2025-03-05,KR,iOS
8120,2025-03-04,KR,iOS
8121,2025-06-29,KR,Android
8122,2025-05-24,JP,iOS
8123,2025-06-29,KR,iOS
8124,2025-06-21,KR,Android
8125,2025-01-08,KR,Android
8126,2025-01-04,TW,Android
8127,2025-05-06,KR,iOS
8128,2025-04-02,KR,iOS
8129,2025-01-06,JP,Android
8130,2025-01-09,JP,PC
8131,2025-03-17,KR,iOS
8132,2025-02-05,US,iOS
8133,2025-03-23,KR,Android
8134,2025-01-26,TW,PC
8135,2025-01-18,US,iOS
8136,2025-06-29,JP,Android
8137,2025-01-24,KR,Android
8138,2025-05-24,US,iOS
8139,2025-01-24,KR,Android
8140,2025-01-01,KR,Android
8141,2025-01-01,US,iOS
8142,2025-02-12,JP,iOS
8143,2025-03-14,KR,iOS
8144,2025-01-07,TW,iOS
8145,2025-01-29,KR,Android
8146,2025-02-03,US,Android
8147,2025-02-02,KR,PC
8148,2025-04-04,KR,Android
8149,2025-01-30,TW,Android
8150,2025-02-22,KR,iOS
8151,2025-02-18,TW,Android
8152,2025-01-30,KR,iOS
8153,2025-01-09,US,iOS
8154,2025-01-21,KR,Android
8155,2025-01-01,US,Android
8156,2025-02-04,TW,iOS
8157,2025-03-10,US,Android
8158,2025-02-27,KR,iOS
8159,2025-05-06,JP,Android
8160,2025-02-19,JP,Android
8161,2025-01-18,KR,Android
8162,2025-01-16,US,iOS
8163,2025-03-20,US,Android
8164,2025-01-08,JP,iOS
8165,2025-01-07,KR,Android
8166,2025-06-29,KR,PC
8167,2025-02-10,TH,iOS
8168,2025-02-08,US,Android
8169,2025-03-02,KR,iOS
8170,2025-05-20,TH,Android
8171,2025-04-19,KR,Android
8172,2025-02-10,KR,Android
8173,2025-03-21,JP,Android
8174,2025-02-10,JP,PC
8175,2025-05-16,TH,PC
8176,2025-03-09,US,PC
8177,2025-02-25,KR,iOS
8178,2025-02-28,KR,PC
8179,2025-01-09,KR,iOS
8180,2025-05-20,TW,iOS
8181,2025-06-29,KR,Android
8182,2025-01-13,KR,iOS
8183,2025-01-04,KR,Android
8184,2025-02-02,KR,iOS
8185,2025-01-30,KR,Android
8186,2025-02-25,US,iOS
8187,2025-01-13,KR,iOS
8188,2025-01-24,TH,PC
8189,2025-02-12,TW,Android
8190,2025-01-07,KR,iOS
8191,2025-01-13,TW,Android
8192,2025-03-26,KR,PC
8193,2025-01-08,KR,Android
8194,2025-06-29,KR,iOS
8195,2025-03-07,JP,PC
8196,2025-04-30,US,Android
8197,2025-01-12,KR,iOS
8198,2025-01-25,JP,iOS
8199,2025-04-11,JP,iOS
8200,2025-02-05,JP,PC
8201,2025-06-29,KR,PC
8202,2025-03-21,JP,Android
8203,2025-06-29,US,Android
8204,2025-01-17,KR,PC
8205,2025-06-13,JP,Android
8206,2025-01-10,KR,Android
8207,2025-04-18,JP,PC
8208,2025-02-21,US,iOS
8209,2025-01-02,KR,iOS
8210,2025-01-01,KR,Android
8211,2025-03-17,US,Android
8212,2025-01-15,JP,iOS
8213,2025-01-13,JP,iOS
8214,2025-06-21,US,Android
8215,2025-01-10,KR,Android
8216,2025-02-02,KR,PC
8217,2025-01-22,JP,PC
8218,2025-04-09,KR,Android
8219,2025-05-04,JP,Android
8220,2025-02-04,KR,Android
8221,2025-03-23,KR,iOS
8222,2025-01-13,US,Android
8223,2025-05-24,US,Android
8224,2025-01-04,US,PC
8225,2025-04-19,KR,PC
8226,2025-02-16,JP,iOS
8227,2025-02-20,KR,PC
8228,2025-04-05,JP,Android
8229,2025-01-18,US,iOS
8230,2025-03-02,KR,Android
8231,2025-02-14,US,PC
8232,2025-02-26,US,Android
8233,2025-01-31,KR,Android
8234,2025-01-07,US,Android
8235,2025-05-13,KR,Android
8236,2025-02-21,TW,Android
8237,2025-01-28,KR,Android
8238,2025-03-17,KR,PC
8239,2025-01-14,JP,Android
8240,2025-06-25,KR,iOS
8241,2025-01-07,TH,Android
8242,2025-02-19,KR,Android
8243,2025-06-29,KR,Android
8244,2025-06-29,KR,Android
8245,2025-01-18,KR,iOS
8246,2025-01-04,KR,Android
8247,2025-02-02,KR,PC
8248,2025-01-13,KR,Android
8249,2025-02-06,KR,Android
8250,2025-01-14,KR,Android
8251,2025-01-03,KR,Android
8252,2025-01-18,KR,Android
8253,2025-06-29,KR,Android
8254,2025-01-08,KR,Android
8255,2025-01-20,KR,Android
8256,2025-02-02,KR,Android
8257,2025-03-19,KR,Android
8258,2025-04-21,TW,iOS
8259,2025-02-20,KR,Android
8260,2025-06-29,KR,Android
8261,2025-01-14,US,iOS
8262,2025-05-03,KR,iOS
8263,2025-02-06,KR,Android
8264,2025-03-22,JP,Android
8265,2025-01-08,JP,Android
8266,2025-02-18,TH,Android
8267,2025-03-05,TW,PC
8268,2025-04-01,US,iOS
8269,2025-06-29,US,Android
8270,2025-06-09,KR,Android
8271,2025-02-07,TW,iOS
8272,2025-01-25,US,PC
8273,2025-01-30,KR,PC
8274,2025-06-29,KR,iOS
8275,2025-01-15,US,iOS
8276,2025-06-29,KR,PC
8277,2025-03-23,JP,iOS
8278,2025-01-28,KR,PC
8279,2025-05-11,JP,iOS
8280,2025-01-23,KR,Android
8281,2025-03-19,US,iOS
8282,2025-02-04,KR,Android
8283,2025-02-14,KR,iOS
8284,2025-03-26,KR,Android
8285,2025-03-06,KR,PC
8286,2025-01-02,KR,iOS
8287,2025-01-30,JP,Android
8288,2025-02-10,KR,iOS
8289,2025-01-13,JP,Android
8290,2025-03-05,JP,iOS
8291,2025-02-03,KR,Android
8292,2025-03-19,TW,Android
8293,2025-01-01,JP,PC
8294,2025-06-25,JP,PC
8295,2025-01-20,JP,iOS
8296,2025-02-01,US,iOS
8297,2025-02-03,TH,iOS
8298,2025-01-19,KR,Android
8299,2025-02-03,KR,iOS
8300,2025-02-05,JP,PC
8301,2025-01-01,KR,PC
8302,2025-01-27,US,iOS
8303,2025-01-03,KR,iOS
8304,2025-03-14,KR,Android
8305,2025-03-06,TW,Android
8306,2025-02-24,KR,Android
8307,2025-02-12,KR,iOS
8308,2025-02-17,US,PC
8309,2025-05-16,JP,Android
8310,2025-01-15,JP,iOS
8311,2025-02-22,KR,iOS
8312,2025-06-29,TW,Android
8313,2025-02-05,US,iOS
8314,2025-01-15,JP,PC
8315,2025-01-27,KR,Android
8316,2025-01-31,KR,PC
8317,2025-02-02,KR,Android
8318,2025-01-10,US,PC
8319,2025-02-13,KR,Android
8320,2025-03-07,KR,Android
8321,2025-01-07,US,iOS
8322,2025-01-13,KR,Android
8323,2025-01-28,KR,Android
8324,2025-03-05,KR,Android
8325,2025-01-15,TW,Android
8326,2025-01-27,US,iOS
8327,2025-04-08,US,Android
8328,2025-06-16,TW,iOS
8329,2025-01-22,US,Android
8330,2025-01-14,KR,Android
8331,2025-01-25,US,PC
8332,2025-03-03,TH,Android
8333,2025-01-06,KR,PC
8334,2025-01-02,US,PC
8335,2025-06-29,KR,iOS
8336,2025-01-04,JP,Android
8337,2025-02-25,US,iOS
8338,2025-04-24,TW,PC
8339,2025-01-30,US,Android
8340,2025-01-01,KR,iOS
8341,2025-03-11,KR,iOS
8342,2025-01-08,TW,Android
8343,2025-01-11,KR,iOS
8344,2025-02-13,KR,Android
8345,2025-02-14,JP,PC
8346,2025-06-29,KR,iOS
8347,2025-01-04,KR,Android
8348,2025-01-31,KR,Android
8349,2025-06-16,KR,iOS
8350,2025-01-07,US,iOS
8351,2025-04-10,KR,iOS
8352,2025-01-09,KR,PC
8353,2025-02-07,JP,Android
8354,2025-03-06,KR,Android
8355,2025-01-17,US,PC
8356,2025-01-15,KR,iOS
8357,2025-02-14,KR,iOS
8358,2025-01-21,US,iOS
8359,2025-04-14,US,Android
8360,2025-03-09,TW,Android
8361,2025-01-01,KR,Android
8362,2025-01-17,KR,iOS
8363,2025-01-27,KR,Android
8364,2025-01-14,KR,PC
8365,2025-04-18,KR,Android
8366,2025-06-25,TW,iOS
8367,2025-01-08,JP,Android
8368,2025-01-25,KR,iOS
8369,2025-01-06,KR,iOS
8370,2025-01-12,KR,Android
8371,2025-05-01,KR,Android
8372,2025-01-18,US,Android
8373,2025-03-11,TW,iOS
8374,2025-01-30,KR,iOS
8375,2025-05-17,KR,Android
8376,2025-01-08,KR,Android
8377,2025-01-21,KR,Android
8378,2025-02-07,TW,Android
8379,2025-01-22,JP,iOS
8380,2025-02-27,JP,Android
8381,2025-01-16,JP,PC
8382,2025-03-28,KR,iOS
8383,2025-01-17,JP,Android
8384,2025-06-29,JP,iOS
8385,2025-03-22,KR,iOS
8386,2025-03-05,KR,Android
8387,2025-01-22,US,Android
8388,2025-01-03,TW,iOS
8389,2025-01-31,KR,Android
8390,2025-01-19,TW,iOS
8391,2025-01-02,TW,Android
8392,2025-02-28,TW,Android
8393,2025-04-07,KR,iOS
8394,2025-01-24,KR,Android
8395,2025-01-03,US,Android
8396,2025-01-02,KR,PC
8397,2025-06-29,KR,iOS
8398,2025-06-02,JP,Android
8399,2025-01-10,KR,iOS
8400,2025-03-15,KR,iOS
8401,2025-01-19,TW,iOS
8402,2025-01-01,KR,Android
8403,2025-02-11,TW,iOS
8404,2025-01-21,KR,PC
8405,2025-01-14,KR,Android
8406,2025-01-27,KR,PC
8407,2025-01-13,KR,iOS
8408,2025-01-14,KR,iOS
8409,2025-01-14,JP,Android
8410,2025-01-07,TW,Android
8411,2025-01-02,KR,Android
8412,2025-02-02,KR,PC
8413,2025-03-05,US,Android
8414,2025-01-02,KR,PC
8415,2025-03-06,KR,iOS
8416,2025-02-07,KR,Android
8417,2025-01-01,KR,Android
8418,2025-01-08,KR,Android
8419,2025-01-11,KR,Android
8420,2025-01-13,JP,Android
8421,2025-02-15,KR,PC
8422,2025-01-13,KR,iOS
8423,2025-01-26,KR,iOS
8424,2025-06-03,KR,iOS
8425,2025-06-29,TW,iOS
8426,2025-02-13,US,Android
8427,2025-01-14,TW,Android
8428,2025-01-15,KR,iOS
8429,2025-01-30,KR,PC
8430,2025-01-29,KR,PC
8431,2025-01-17,KR,Android
8432,2025-05-12,US,Android
8433,2025-02-05,KR,iOS
8434,2025-02-06,KR,Android
8435,2025-06-29,KR,Android
8436,2025-02-28,KR,iOS
8437,2025-04-19,KR,Android
8438,2025-02-05,US,Android
8439,2025-05-15,TH,iOS
8440,2025-01-16,KR,Android
8441,2025-01-01,KR,Android
8442,2025-04-11,KR,iOS
8443,2025-01-18,KR,iOS
8444,2025-02-24,US,iOS
8445,2025-02-11,KR,Android
8446,2025-01-09,TH,Android
8447,2025-01-17,TW,iOS
8448,2025-06-29,KR,PC
8449,2025-06-29,TW,PC
8450,2025-02-11,US,Android
8451,2025-01-21,TH,PC
8452,2025-03-06,KR,Android
8453,2025-04-23,TH,iOS
8454,2025-06-27,KR,Android
8455,2025-01-15,KR,iOS
8456,2025-01-18,TW,Android
8457,2025-01-05,KR,PC
8458,2025-01-02,KR,Android
8459,2025-01-21,KR,iOS
8460,2025-01-05,KR,iOS
8461,2025-03-11,KR,PC
8462,2025-01-26,KR,iOS
8463,2025-01-15,KR,PC
8464,2025-02-20,JP,iOS
8465,2025-02-21,KR,Android
8466,2025-01-19,JP,iOS
8467,2025-03-02,US,iOS
8468,2025-06-22,JP,iOS
8469,2025-05-09,JP,iOS
8470,2025-01-05,TW,iOS
8471,2025-01-27,KR,iOS
8472,2025-03-23,US,Android
8473,2025-04-20,TW,Android
8474,2025-01-19,JP,iOS
8475,2025-04-15,KR,Android
8476,2025-02-19,US,Android
8477,2025-05-11,JP,PC
8478,2025-02-20,KR,Android
8479,2025-05-13,US,Android
8480,2025-01-10,JP,PC
8481,2025-06-29,KR,PC
8482,2025-01-04,KR,PC
8483,2025-04-05,KR,Android
8484,2025-01-07,US,Android
8485,2025-05-24,KR,PC
8486,2025-01-07,US,Android
8487,2025-02-27,KR,iOS
8488,2025-02-10,TW,PC
8489,2025-01-16,JP,PC
8490,2025-05-06,JP,iOS
8491,2025-02-08,KR,iOS
8492,2025-02-26,KR,PC
8493,2025-01-20,JP,iOS
8494,2025-06-16,KR,Android
8495,2025-03-04,KR,iOS
8496,2025-02-03,KR,iOS
8497,2025-03-04,KR,Android
8498,2025-03-21,US,PC
8499,2025-01-15,KR,Android
8500,2025-04-02,KR,iOS
8501,2025-01-14,KR,iOS
8502,2025-03-04,KR,iOS
8503,2025-01-14,KR,PC
8504,2025-01-13,TW,Android
8505,2025-02-15,TW,PC
8506,2025-01-21,TH,PC
8507,2025-01-02,KR,Android
8508,2025-04-08,KR,iOS
8509,2025-06-29,KR,PC
8510,2025-03-17,US,iOS
8511,2025-06-12,JP,PC
8512,2025-03-25,JP,Android
8513,2025-06-29,KR,iOS
8514,2025-02-04,US,Android
8515,2025-02-16,TH,Android
8516,2025-01-29,KR,Android
8517,2025-06-29,JP,Android
8518,2025-02-12,JP,iOS
8519,2025-05-17,KR,Android
8520,2025-01-08,TW,Android
8521,2025-01-19,TW,PC
8522,2025-02-23,JP,PC
8523,2025-01-27,KR,Android
8524,2025-01-20,KR,PC
8525,2025-01-30,US,Android
8526,2025-01-15,KR,iOS
8527,2025-04-24,KR,iOS
8528,2025-01-23,KR,PC
8529,2025-03-03,KR,Android
8530,2025-01-10,JP,PC
8531,2025-04-16,KR,Android
8532,2025-01-21,KR,iOS
8533,2025-01-30,KR,Android
8534,2025-04-15,KR,Android
8535,2025-01-17,KR,Android
8536,2025-04-20,KR,PC
8537,2025-01-20,KR,Android
8538,2025-01-26,KR,Android
8539,2025-05-16,US,Android
8540,2025-01-09,KR,iOS
8541,2025-01-28,US,PC
8542,2025-01-26,KR,iOS
8543,2025-03-03,JP,Android
8544,2025-02-17,US,Android
8545,2025-02-18,KR,iOS
8546,2025-02-27,US,Android
8547,2025-03-14,JP,Android
8548,2025-06-29,KR,Android
8549,2025-04-04,US,Android
8550,2025-01-23,JP,iOS
8551,2025-01-14,KR,iOS
8552,2025-02-06,TW,Android
8553,2025-03-02,KR,Android
8554,2025-03-16,JP,Android
8555,2025-02-10,TW,iOS
8556,2025-02-13,TH,iOS
8557,2025-01-30,US,Android
8558,2025-01-28,JP,PC
8559,2025-03-04,KR,Android
8560,2025-01-31,KR,Android
8561,2025-02-12,TW,Android
8562,2025-04-29,KR,Android
8563,2025-06-29,JP,Android
8564,2025-01-02,KR,iOS
8565,2025-02-18,KR,Android
8566,2025-01-20,KR,iOS
8567,2025-03-12,KR,iOS
8568,2025-01-04,KR,iOS
8569,2025-02-19,KR,iOS
8570,2025-01-13,TH,iOS
8571,2025-02-18,JP,iOS
8572,2025-01-04,JP,iOS
8573,2025-02-03,KR,iOS
8574,2025-01-03,KR,iOS
8575,2025-02-09,US,iOS
8576,2025-05-30,KR,PC
8577,2025-01-15,KR,Android
8578,2025-01-18,TW,iOS
8579,2025-03-10,KR,Android
8580,2025-05-21,TW,Android
8581,2025-03-11,KR,iOS
8582,2025-04-02,KR,Android
8583,2025-01-04,KR,iOS
8584,2025-01-28,TW,Android
8585,2025-01-20,US,Android
8586,2025-01-02,JP,Android
8587,2025-03-29,KR,iOS
8588,2025-03-23,TW,iOS
8589,2025-01-04,US,PC
8590,2025-06-14,US,Android
8591,2025-01-22,JP,Android
8592,2025-03-09,JP,PC
8593,2025-02-20,US,Android
8594,2025-03-14,KR,iOS
8595,2025-01-06,TW,Android
8596,2025-02-22,KR,iOS
8597,2025-01-25,TH,Android
8598,2025-01-05,KR,Android
8599,2025-01-10,KR,iOS
8600,2025-02-11,KR,iOS
8601,2025-02-04,US,Android
8602,2025-02-07,KR,Android
8603,2025-01-22,JP,iOS
8604,2025-02-28,US,iOS
8605,2025-01-05,KR,Android
8606,2025-01-18,KR,PC
8607,2025-03-02,JP,Android
8608,2025-06-13,TW,Android
8609,2025-02-03,KR,Android
8610,2025-02-01,TW,Android
8611,2025-01-13,KR,iOS
8612,2025-04-19,US,iOS
8613,2025-02-09,JP,iOS
8614,2025-02-27,KR,PC
8615,2025-01-14,KR,Android
8616,2025-02-08,US,iOS
8617,2025-01-18,KR,Android
8618,2025-04-21,KR,iOS
8619,2025-02-03,KR,Android
8620,2025-03-04,JP,Android
8621,2025-03-22,KR,PC
8622,2025-01-01,KR,Android
8623,2025-01-29,TH,PC
8624,2025-02-02,JP,iOS
8625,2025-03-02,KR,Android
8626,2025-01-17,KR,PC
8627,2025-01-28,KR,iOS
8628,2025-02-11,KR,Android
8629,2025-02-21,KR,PC
8630,2025-05-08,KR,Android
8631,2025-02-01,KR,iOS
8632,2025-01-08,US,iOS
8633,2025-04-17,KR,Android
8634,2025-01-18,KR,PC
8635,2025-04-24,TW,iOS
8636,2025-01-18,KR,iOS
8637,2025-01-02,JP,iOS
8638,2025-02-12,KR,Android
8639,2025-06-17,US,Android
8640,2025-01-30,KR,Android
8641,2025-01-13,KR,Android
8642,2025-01-12,JP,Android
8643,2025-04-15,KR,Android
8644,2025-03-05,KR,Android
8645,2025-02-02,KR,iOS
8646,2025-01-04,KR,iOS
8647,2025-02-21,KR,PC
8648,2025-04-13,KR,Android
8649,2025-01-05,KR,iOS
8650,2025-01-19,US,Android
8651,2025-02-21,JP,Android
8652,2025-05-02,KR,iOS
8653,2025-06-29,TW,Android
8654,2025-04-21,KR,iOS
8655,2025-02-27,KR,PC
8656,2025-01-24,US,Android
8657,2025-01-18,US,PC
8658,2025-01-01,KR,Android
8659,2025-02-03,TH,PC
8660,2025-03-15,TW,iOS
8661,2025-02-01,KR,iOS
8662,2025-03-30,US,PC
8663,2025-05-28,JP,PC
8664,2025-01-23,TW,PC
8665,2025-02-12,US,PC
8666,2025-02-02,KR,Android
8667,2025-01-24,US,Android
8668,2025-05-03,KR,Android
8669,2025-01-30,US,iOS
8670,2025-01-20,US,Android
8671,2025-06-29,US,PC
8672,2025-04-07,KR,Android
8673,2025-01-03,KR,Android
8674,2025-01-11,US,Android
8675,2025-01-05,KR,PC
8676,2025-01-01,KR,iOS
8677,2025-06-29,KR,iOS
8678,2025-04-04,TW,Android
8679,2025-02-18,KR,PC
8680,2025-04-19,US,Android
8681,2025-02-01,KR,Android
8682,2025-06-29,JP,iOS
8683,2025-02-01,KR,Android
8684,2025-02-06,KR,PC
8685,2025-02-28,KR,Android
8686,2025-05-17,KR,Android
8687,2025-01-06,JP,Android
8688,2025-02-12,US,Android
8689,2025-03-15,JP,Android
8690,2025-01-03,JP,Android
8691,2025-01-25,JP,Android
8692,2025-02-28,TH,Android
8693,2025-04-06,US,Android
8694,2025-06-06,KR,PC
8695,2025-01-27,KR,iOS
8696,2025-04-06,US,iOS
8697,2025-06-29,JP,Android
8698,2025-04-12,US,PC
8699,2025-03-19,KR,Android
8700,2025-01-06,JP,Android
8701,2025-03-26,KR,Android
8702,2025-01-01,KR,iOS
8703,2025-01-01,JP,PC
8704,2025-03-26,US,Android
8705,2025-01-03,KR,Android
8706,2025-01-20,KR,PC
8707,2025-04-26,US,Android
8708,2025-01-03,KR,iOS
8709,2025-01-09,KR,iOS
8710,2025-02-17,US,iOS
8711,2025-06-29,US,PC
8712,2025-03-09,KR,PC
8713,2025-06-26,KR,Android
8714,2025-06-21,US,PC
8715,2025-06-29,KR,iOS
8716,2025-04-29,KR,iOS
8717,2025-03-13,KR,iOS
8718,2025-01-10,KR,PC
8719,2025-03-16,JP,iOS
8720,2025-02-19,KR,iOS
8721,2025-02-23,TH,iOS
8722,2025-02-20,KR,Android
8723,2025-04-11,US,Android
8724,2025-05-06,KR,iOS
8725,2025-01-01,JP,PC
8726,2025-01-28,TW,PC
8727,2025-02-27,KR,iOS
8728,2025-04-10,KR,PC
8729,2025-02-26,TW,PC
8730,2025-06-29,TW,PC
8731,2025-03-21,TH,iOS
8732,2025-01-17,KR,PC
8733,2025-04-05,KR,Android
8734,2025-03-04,KR,iOS
8735,2025-02-03,JP,Android
8736,2025-01-09,KR,iOS
8737,2025-01-06,KR,Android
8738,2025-01-12,US,Android
8739,2025-02-01,KR,Android
8740,2025-03-11,JP,iOS
8741,2025-04-24,KR,PC
8742,2025-01-11,JP,iOS
8743,2025-01-05,KR,PC
8744,2025-01-20,US,Android
8745,2025-03-30,KR,iOS
8746,2025-01-09,KR,Android
8747,2025-03-25,KR,PC
8748,2025-03-24,JP,PC
8749,2025-04-09,KR,iOS
8750,2025-01-23,KR,iOS
8751,2025-02-01,JP,iOS
8752,2025-02-27,KR,Android
8753,2025-06-29,KR,iOS
8754,2025-01-26,KR,iOS
8755,2025-02-26,KR,Android
8756,2025-06-14,KR,PC
8757,2025-02-11,KR,iOS
8758,2025-02-08,KR,Android
8759,2025-01-25,KR,iOS
8760,2025-02-24,US,Android
8761,2025-01-16,US,Android
8762,2025-02-07,KR,PC
8763,2025-01-28,KR,Android
8764,2025-04-02,US,iOS
8765,2025-02-13,KR,Android
8766,2025-01-19,JP,iOS
8767,2025-02-26,KR,iOS
8768,2025-02-07,KR,PC
8769,2025-01-24,KR,Android
8770,2025-01-07,US,PC
8771,2025-03-03,KR,iOS
8772,2025-05-12,KR,PC
8773,2025-01-11,KR,PC
8774,2025-01-27,US,Android
8775,2025-02-25,KR,iOS
8776,2025-01-09,US,PC
8777,2025-01-07,KR,PC
8778,2025-01-03,KR,iOS
8779,2025-01-01,KR,PC
8780,2025-01-05,TH,PC
8781,2025-01-20,KR,iOS
8782,2025-03-21,KR,Android
8783,2025-03-23,JP,iOS
8784,2025-02-09,KR,Android
8785,2025-04-06,KR,PC
8786,2025-02-12,KR,PC
8787,2025-01-05,US,iOS
8788,2025-01-31,KR,Android
8789,2025-02-13,JP,Android
8790,2025-02-04,JP,Android
8791,2025-02-27,KR,Android
8792,2025-01-19,KR,Android
8793,2025-03-17,JP,iOS
8794,2025-03-14,TW,iOS
8795,2025-01-13,JP,PC
8796,2025-05-05,KR,iOS
8797,2025-01-29,US,Android
8798,2025-04-14,JP,PC
8799,2025-02-13,TW,PC
8800,2025-01-05,KR,Android
8801,2025-01-11,JP,iOS
8802,2025-06-19,US,Android
8803,2025-02-06,TW,Android
8804,2025-03-22,US,Android
8805,2025-02-14,TW,iOS
8806,2025-01-24,KR,Android
8807,2025-05-18,KR,Android
8808,2025-01-28,KR,PC
8809,2025-03-03,JP,Android
8810,2025-01-10,KR,iOS
8811,2025-01-16,US,iOS
8812,2025-06-29,TH,Android
8813,2025-04-19,TW,Android
8814,2025-06-29,US,iOS
8815,2025-06-15,JP,PC
8816,2025-03-19,KR,PC
8817,2025-04-06,KR,PC
8818,2025-05-20,KR,Android
8819,2025-01-24,JP,PC
8820,2025-01-15,KR,Android
8821,2025-01-04,KR,Android
8822,2025-02-23,US,iOS
8823,2025-01-14,KR,iOS
8824,2025-02-12,JP,iOS
8825,2025-01-30,KR,PC
8826,2025-03-05,JP,Android
8827,2025-01-05,KR,PC
8828,2025-03-07,JP,Android
8829,2025-01-04,JP,iOS
8830,2025-01-24,KR,Android
8831,2025-03-14,KR,iOS
8832,2025-01-14,TW,PC
8833,2025-04-24,KR,iOS
8834,2025-06-25,US,iOS
8835,2025-01-21,KR,Android
8836,2025-03-07,JP,PC
8837,2025-01-05,KR,Android
8838,2025-05-25,US,iOS
8839,2025-01-15,US,Android
8840,2025-06-25,KR,iOS
8841,2025-02-10,KR,Android
8842,2025-01-13,TW,Android
8843,2025-01-17,US,iOS
8844,2025-06-11,TH,Android
8845,2025-02-10,JP,iOS
8846,2025-04-19,US,iOS
8847,2025-02-26,US,Android
8848,2025-04-01,TW,iOS
8849,2025-01-16,KR,iOS
8850,2025-02-11,KR,Android
8851,2025-02-19,JP,Android
8852,2025-02-06,TW,PC
8853,2025-02-08,KR,PC
8854,2025-06-05,KR,Android
8855,2025-05-18,US,Android
8856,2025-02-24,JP,Android
8857,2025-01-06,KR,Android
8858,2025-01-14,JP,Android
8859,2025-02-26,KR,PC
8860,2025-01-07,KR,Android
8861,2025-01-16,US,iOS
8862,2025-02-07,KR,Android
8863,2025-02-07,JP,iOS
8864,2025-02-08,KR,PC
8865,2025-01-04,JP,iOS
8866,2025-01-11,KR,Android
8867,2025-04-25,TH,Android
8868,2025-01-31,JP,iOS
8869,2025-06-29,KR,Android
8870,2025-01-09,TH,iOS
8871,2025-03-13,KR,Android
8872,2025-01-26,KR,iOS
8873,2025-01-27,TW,PC
8874,2025-05-20,TW,PC
8875,2025-06-29,US,iOS
8876,2025-05-17,TH,PC
8877,2025-06-29,KR,PC
8878,2025-03-13,KR,iOS
8879,2025-05-24,KR,PC
8880,2025-01-06,KR,iOS
8881,2025-02-15,US,PC
8882,2025-02-12,KR,Android
8883,2025-01-18,US,PC
8884,2025-01-20,KR,iOS
8885,2025-02-17,KR,Android
8886,2025-01-03,JP,PC
8887,2025-02-27,KR,Android
8888,2025-01-05,JP,Android
8889,2025-01-15,JP,Android
8890,2025-02-17,US,Android
8891,2025-01-17,TW,iOS
8892,2025-06-29,TH,iOS
8893,2025-02-18,KR,iOS
8894,2025-02-26,US,iOS
8895,2025-01-02,KR,PC
8896,2025-06-14,KR,Android
8897,2025-02-08,US,Android
8898,2025-01-15,JP,iOS
8899,2025-01-23,JP,PC
8900,2025-04-18,JP,iOS
8901,2025-06-29,JP,iOS
8902,2025-02-15,US,PC
8903,2025-01-15,KR,iOS
8904,2025-01-10,KR,Android
8905,2025-01-01,KR,Android
8906,2025-02-01,JP,Android
8907,2025-06-26,KR,iOS
8908,2025-03-17,KR,iOS
8909,2025-01-16,KR,Android
8910,2025-02-25,US,Android
8911,2025-02-02,KR,PC
8912,2025-02-10,KR,iOS
8913,2025-03-06,KR,Android
8914,2025-01-12,KR,iOS
8915,2025-03-29,KR,Android
8916,2025-06-29,TW,PC
8917,2025-01-02,KR,iOS
8918,2025-03-13,KR,iOS
8919,2025-03-02,US,Android
8920,2025-01-06,US,PC
8921,2025-02-21,KR,Android
8922,2025-01-24,KR,Android
8923,2025-04-16,TW,Android
8924,2025-04-01,TH,iOS
8925,2025-06-29,KR,PC
8926,2025-02-20,US,PC
8927,2025-01-04,KR,PC
8928,2025-01-03,KR,PC
8929,2025-01-06,KR,PC
8930,2025-01-29,JP,iOS
8931,2025-04-26,KR,PC
8932,2025-02-01,KR,iOS
8933,2025-01-04,KR,Android
8934,2025-04-30,KR,Android
8935,2025-05-09,KR,iOS
8936,2025-01-06,KR,Android
8937,2025-02-17,US,Android
8938,2025-01-28,KR,iOS
8939,2025-02-28,KR,Android
8940,2025-06-14,JP,iOS
8941,2025-01-19,KR,Android
8942,2025-05-28,KR,Android
8943,2025-02-21,TW,Android
8944,2025-02-24,US,Android
8945,2025-02-20,KR,Android
8946,2025-02-26,KR,iOS
8947,2025-01-19,KR,Android
8948,2025-01-30,KR,Android
8949,2025-05-03,TW,iOS
8950,2025-01-22,US,PC
8951,2025-06-27,KR,iOS
8952,2025-01-28,KR,PC
8953,2025-02-19,KR,iOS
8954,2025-03-24,KR,Android
8955,2025-06-23,KR,iOS
8956,2025-01-06,KR,PC
8957,2025-04-26,TW,PC
8958,2025-03-05,JP,iOS
8959,2025-02-07,TW,iOS
8960,2025-02-10,TW,Android
8961,2025-01-08,TW,iOS
8962,2025-01-15,TH,iOS
8963,2025-01-14,KR,PC
8964,2025-01-22,KR,Android
8965,2025-03-10,KR,iOS
8966,2025-03-13,US,Android
8967,2025-04-01,US,iOS
8968,2025-04-24,KR,PC
8969,2025-02-04,JP,iOS
8970,2025-06-29,JP,Android
8971,2025-01-01,US,iOS
8972,2025-03-17,KR,PC
8973,2025-03-01,KR,iOS
8974,2025-01-08,KR,Android
8975,2025-05-14,KR,Android
8976,2025-04-21,US,PC
8977,2025-06-15,KR,iOS
8978,2025-01-12,KR,PC
8979,2025-01-14,KR,PC
8980,2025-02-07,US,iOS
8981,2025-01-08,KR,iOS
8982,2025-02-05,TH,PC
8983,2025-03-15,KR,Android
8984,2025-01-22,TW,PC
8985,2025-03-15,KR,PC
8986,2025-01-19,KR,iOS
8987,2025-01-22,TH,iOS
8988,2025-06-29,JP,Android
8989,2025-01-01,US,Android
8990,2025-03-27,JP,Android
8991,2025-02-15,KR,Android
8992,2025-02-10,JP,Android
8993,2025-01-18,KR,PC
8994,2025-03-01,JP,iOS
8995,2025-01-25,TW,Android
8996,2025-01-22,TW,iOS
8997,2025-01-23,JP,iOS
8998,2025-01-20,US,iOS
8999,2025-01-03,KR,PC
9000,2025-06-29,KR,Android
9001,2025-01-23,TW,iOS
9002,2025-02-15,US,Android
9003,2025-02-25,KR,Android
9004,2025-01-06,JP,Android
9005,2025-06-29,KR,iOS
9006,2025-01-29,JP,iOS
9007,2025-01-12,JP,iOS
9008,2025-01-13,KR,Android
9009,2025-01-30,KR,iOS
9010,2025-02-08,JP,Android
9011,2025-01-26,KR,PC
9012,2025-01-08,TH,iOS
9013,2025-01-03,KR,iOS
9014,2025-03-28,KR,PC
9015,2025-04-10,KR,Android
9016,2025-01-09,JP,Android
9017,2025-03-01,US,PC
9018,2025-03-22,JP,Android
9019,2025-05-02,TH,Android
9020,2025-05-13,US,Android
9021,2025-02-08,KR,PC
9022,2025-02-04,KR,Android
9023,2025-03-25,TW,iOS
9024,2025-02-22,KR,Android
9025,2025-01-14,TW,iOS
9026,2025-01-01,TW,Android
9027,2025-05-20,US,iOS
9028,2025-01-23,US,Android
9029,2025-01-20,TH,Android
9030,2025-05-26,JP,Android
9031,2025-02-08,US,Android
9032,2025-01-10,KR,iOS
9033,2025-04-12,KR,iOS
9034,2025-01-06,KR,Android
9035,2025-06-29,TW,Android
9036,2025-02-16,US,PC
9037,2025-03-28,JP,Android
9038,2025-03-11,KR,Android
9039,2025-02-12,TW,PC
9040,2025-02-06,KR,Android
9041,2025-02-20,JP,iOS
9042,2025-01-19,KR,Android
9043,2025-03-07,TW,PC
9044,2025-01-12,US,Android
9045,2025-01-14,KR,iOS
9046,2025-03-06,KR,Android
9047,2025-05-01,KR,iOS
9048,2025-04-17,KR,Android
9049,2025-01-09,KR,PC
9050,2025-01-25,KR,PC
9051,2025-06-29,KR,Android
9052,2025-03-25,KR,PC
9053,2025-05-04,JP,PC
9054,2025-02-18,KR,PC
9055,2025-05-31,KR,PC
9056,2025-01-11,TW,PC
9057,2025-01-29,KR,iOS
9058,2025-04-22,US,iOS
9059,2025-01-25,TW,iOS
9060,2025-02-09,JP,Android
9061,2025-01-26,KR,PC
9062,2025-01-19,KR,PC
9063,2025-04-24,JP,PC
9064,2025-02-04,JP,PC
9065,2025-02-23,KR,Android
9066,2025-03-09,US,Android
9067,2025-01-21,TW,Android
9068,2025-01-22,JP,iOS
9069,2025-04-17,KR,Android
9070,2025-03-08,KR,Android
9071,2025-02-20,KR,iOS
9072,2025-01-03,KR,Android
9073,2025-02-27,US,Android
9074,2025-01-20,KR,Android
9075,2025-05-06,KR,PC
9076,2025-01-14,KR,iOS
9077,2025-04-19,TW,PC
9078,2025-04-02,TW,iOS
9079,2025-04-22,JP,Android
9080,2025-06-13,TW,Android
9081,2025-02-13,TH,PC
9082,2025-04-16,KR,PC
9083,2025-05-08,KR,iOS
9084,2025-04-11,JP,Android
9085,2025-01-24,US,PC
9086,2025-01-30,KR,PC
9087,2025-06-09,TH,iOS
9088,2025-02-28,KR,iOS
9089,2025-05-06,TW,Android
9090,2025-01-13,US,PC
9091,2025-02-09,KR,iOS
9092,2025-03-01,TW,Android
9093,2025-04-14,JP,PC
9094,2025-02-11,US,Android
9095,2025-02-20,US,Android
9096,2025-02-24,KR,PC
9097,2025-02-06,KR,Android
9098,2025-02-23,KR,iOS
9099,2025-01-26,KR,iOS
9100,2025-03-02,KR,Android
9101,2025-03-15,KR,iOS
9102,2025-03-13,KR,iOS
9103,2025-01-05,US,iOS
9104,2025-01-02,KR,Android
9105,2025-03-24,KR,PC
9106,2025-02-09,TW,Android
9107,2025-01-22,TH,Android
9108,2025-06-29,JP,PC
9109,2025-01-11,KR,Android
9110,2025-02-07,JP,Android
9111,2025-01-18,KR,iOS
9112,2025-04-07,US,Android
9113,2025-05-10,TW,iOS
9114,2025-01-26,KR,Android
9115,2025-01-31,TW,PC
9116,2025-01-14,JP,iOS
9117,2025-02-15,KR,iOS
9118,2025-02-16,KR,PC
9119,2025-01-26,JP,PC
9120,2025-04-10,KR,Android
9121,2025-02-27,KR,iOS
9122,2025-03-02,KR,Android
9123,2025-01-21,TH,Android
9124,2025-05-11,KR,Android
9125,2025-06-29,TH,Android
9126,2025-02-15,US,PC
9127,2025-03-06,KR,iOS
9128,2025-01-14,KR,PC
9129,2025-04-06,JP,iOS
9130,2025-02-23,KR,iOS
9131,2025-01-30,KR,PC
9132,2025-02-25,KR,Android
9133,2025-02-26,TW,Android
9134,2025-01-05,US,iOS
9135,2025-06-07,KR,iOS
9136,2025-02-18,KR,iOS
9137,2025-02-12,KR,Android
9138,2025-01-16,JP,iOS
9139,2025-02-19,KR,PC
9140,2025-01-12,TH,Android
9141,2025-02-02,TW,PC
9142,2025-03-01,KR,PC
9143,2025-05-01,TW,Android
9144,2025-01-02,US,Android
9145,2025-01-24,US,PC
9146,2025-01-13,KR,Android
9147,2025-06-29,TW,iOS
9148,2025-01-19,KR,Android
9149,2025-01-24,JP,iOS
9150,2025-02-18,KR,Android
9151,2025-01-12,KR,PC
9152,2025-02-07,TH,Android
9153,2025-06-29,KR,iOS
9154,2025-01-09,KR,iOS
9155,2025-01-03,JP,Android
9156,2025-01-06,KR,iOS
9157,2025-02-23,TW,Android
9158,2025-05-09,TW,Android
9159,2025-02-06,KR,Android
9160,2025-02-16,US,Android
9161,2025-01-25,TH,Android
9162,2025-02-05,TW,iOS
9163,2025-05-02,KR,Android
9164,2025-02-22,US,Android
9165,2025-06-28,US,iOS
9166,2025-03-27,KR,Android
9167,2025-03-24,US,Android
9168,2025-03-20,KR,iOS
9169,2025-03-23,KR,Android
9170,2025-04-16,KR,iOS
9171,2025-01-20,TW,Android
9172,2025-01-27,KR,iOS
9173,2025-03-27,KR,PC
9174,2025-05-29,KR,Android
9175,2025-02-01,KR,iOS
9176,2025-01-21,TH,iOS
9177,2025-01-08,KR,PC
9178,2025-01-06,KR,Android
9179,2025-02-22,TH,Android
9180,2025-01-17,KR,PC
9181,2025-05-24,KR,iOS
9182,2025-01-10,JP,Android
9183,2025-02-06,JP,Android
9184,2025-03-22,KR,PC
9185,2025-01-25,JP,Android
9186,2025-01-31,US,PC
9187,2025-06-29,US,Android
9188,2025-01-08,KR,PC
9189,2025-02-22,JP,iOS
9190,2025-01-26,US,Android
9191,2025-01-12,JP,iOS
9192,2025-06-15,TW,PC
9193,2025-03-01,TW,iOS
9194,2025-01-17,JP,Android
9195,2025-02-10,KR,iOS
9196,2025-03-26,KR,iOS
9197,2025-02-01,US,iOS
9198,2025-01-31,KR,Android
9199,2025-02-16,JP,iOS
9200,2025-01-19,JP,PC
9201,2025-01-02,US,Android
9202,2025-05-26,KR,PC
9203,2025-01-04,TW,Android
9204,2025-02-24,US,Android
9205,2025-01-08,KR,Android
9206,2025-01-07,US,iOS
9207,2025-02-11,KR,Android
9208,2025-01-15,JP,PC
9209,2025-04-21,KR,iOS
9210,2025-01-16,US,iOS
9211,2025-05-05,KR,Android
9212,2025-04-19,KR,PC
9213,2025-06-27,KR,iOS
9214,2025-02-26,KR,PC
9215,2025-05-25,TW,iOS
9216,2025-01-13,JP,Android
9217,2025-04-19,KR,PC
9218,2025-01-20,KR,Android
9219,2025-05-02,JP,Android
9220,2025-03-14,KR,PC
9221,2025-02-18,KR,iOS
9222,2025-03-03,KR,iOS
9223,2025-02-27,US,PC
9224,2025-01-17,TH,Android
9225,2025-02-28,KR,PC
9226,2025-06-28,TH,PC
9227,2025-02-23,TW,Android
9228,2025-01-09,TH,Android
9229,2025-04-24,JP,Android
9230,2025-01-18,TW,iOS
9231,2025-03-18,US,Android
9232,2025-01-05,TW,PC
9233,2025-01-23,KR,PC
9234,2025-01-02,JP,PC
9235,2025-02-19,US,PC
9236,2025-02-11,KR,iOS
9237,2025-02-14,KR,Android
9238,2025-04-08,KR,iOS
9239,2025-01-29,KR,Android
9240,2025-01-20,KR,PC
9241,2025-01-03,KR,PC
9242,2025-02-16,KR,PC
9243,2025-03-31,US,Android
9244,2025-05-21,KR,Android
9245,2025-01-07,KR,iOS
9246,2025-01-09,KR,Android
9247,2025-01-17,KR,iOS
9248,2025-05-12,KR,PC
9249,2025-01-29,TH,Android
9250,2025-03-02,KR,Android
9251,2025-01-17,KR,PC
9252,2025-03-06,US,iOS
9253,2025-01-01,TW,Android
9254,2025-02-16,KR,PC
9255,2025-01-08,KR,PC
9256,2025-06-17,US,iOS
9257,2025-01-16,KR,Android
9258,2025-01-07,KR,Android
9259,2025-04-24,TH,iOS
9260,2025-01-07,TH,iOS
9261,2025-01-24,US,Android
9262,2025-06-17,KR,iOS
9263,2025-02-06,US,Android
9264,2025-04-07,TH,iOS
9265,2025-01-06,TW,iOS
9266,2025-01-21,KR,Android
9267,2025-04-18,KR,iOS
9268,2025-01-10,KR,iOS
9269,2025-01-12,JP,iOS
9270,2025-01-10,KR,iOS
9271,2025-06-29,KR,Android
9272,2025-02-28,KR,PC
9273,2025-01-15,KR,Android
9274,2025-03-20,TW,iOS
9275,2025-01-29,KR,iOS
9276,2025-01-06,KR,PC
9277,2025-04-30,JP,iOS
9278,2025-04-01,US,iOS
9279,2025-03-27,JP,iOS
9280,2025-01-14,JP,Android
9281,2025-03-18,KR,Android
9282,2025-01-28,KR,iOS
9283,2025-02-18,KR,iOS
9284,2025-06-04,JP,Android
9285,2025-05-05,TW,iOS
9286,2025-02-15,KR,Android
9287,2025-02-04,JP,PC
9288,2025-03-07,JP,iOS
9289,2025-04-10,TH,Android
9290,2025-03-17,KR,Android
9291,2025-01-30,KR,Android
9292,2025-01-05,JP,Android
9293,2025-02-08,JP,Android
9294,2025-01-02,JP,Android
9295,2025-01-09,TW,Android
9296,2025-03-21,KR,iOS
9297,2025-02-15,US,iOS
9298,2025-02-15,KR,iOS
9299,2025-02-13,KR,Android
9300,2025-02-20,KR,Android
9301,2025-03-11,KR,Android
9302,2025-04-13,KR,Android
9303,2025-04-21,US,PC
9304,2025-01-27,TW,Android
9305,2025-01-18,KR,Android
9306,2025-05-19,KR,iOS
9307,2025-01-15,KR,Android
9308,2025-06-29,KR,Android
9309,2025-05-27,KR,PC
9310,2025-01-29,US,PC
9311,2025-04-02,TW,iOS
9312,2025-06-08,KR,PC
9313,2025-01-04,US,Android
9314,2025-02-27,JP,Android
9315,2025-04-09,KR,Android
9316,2025-04-11,KR,Android
9317,2025-01-06,KR,PC
9318,2025-03-01,KR,iOS
9319,2025-01-08,TW,Android
9320,2025-03-20,KR,iOS
9321,2025-01-07,KR,iOS
9322,2025-02-07,KR,Android
9323,2025-02-06,KR,Android
9324,2025-01-22,TW,PC
9325,2025-01-25,KR,Android
9326,2025-01-11,JP,Android
9327,2025-01-24,KR,PC
9328,2025-04-25,KR,Android
9329,2025-06-29,KR,Android
9330,2025-01-14,TW,PC
9331,2025-06-29,KR,Android
9332,2025-06-29,JP,Android
9333,2025-03-16,KR,Android
9334,2025-03-22,US,Android
9335,2025-01-03,US,Android
9336,2025-02-17,US,Android
9337,2025-02-08,KR,Android
9338,2025-01-23,KR,iOS
9339,2025-06-10,TW,iOS
9340,2025-03-01,US,Android
9341,2025-06-29,KR,iOS
9342,2025-01-08,KR,Android
9343,2025-03-06,KR,iOS
9344,2025-01-26,KR,iOS
9345,2025-04-24,KR,PC
9346,2025-01-16,KR,Android
9347,2025-05-10,KR,Android
9348,2025-05-21,US,iOS
9349,2025-04-11,TW,iOS
9350,2025-04-12,JP,iOS
9351,2025-01-23,KR,iOS
9352,2025-02-10,JP,iOS
9353,2025-01-22,KR,Android
9354,2025-02-20,US,iOS
9355,2025-02-06,KR,Android
9356,2025-02-04,KR,Android
9357,2025-01-08,US,iOS
9358,2025-06-29,KR,PC
9359,2025-01-06,US,Android
9360,2025-01-05,US,Android
9361,2025-01-01,KR,Android
9362,2025-03-04,KR,Android
9363,2025-06-29,US,Android
9364,2025-01-08,JP,PC
9365,2025-01-06,JP,Android
9366,2025-02-13,KR,Android
9367,2025-02-19,JP,PC
9368,2025-06-29,KR,Android
9369,2025-01-04,KR,PC
9370,2025-03-28,US,Android
9371,2025-01-30,KR,Android
9372,2025-02-01,KR,Android
9373,2025-04-29,KR,Android
9374,2025-01-21,JP,iOS
9375,2025-03-04,TW,Android
9376,2025-01-03,TH,iOS
9377,2025-01-04,KR,Android
9378,2025-04-12,KR,Android
9379,2025-01-12,JP,PC
9380,2025-03-19,KR,iOS
9381,2025-01-21,KR,Android
9382,2025-06-11,KR,Android
9383,2025-03-18,US,Android
9384,2025-02-24,US,iOS
9385,2025-03-23,KR,Android
9386,2025-06-29,KR,Android
9387,2025-01-28,JP,iOS
9388,2025-04-29,US,Android
9389,2025-02-26,KR,iOS
9390,2025-01-01,KR,Android
9391,2025-03-15,TH,PC
9392,2025-01-28,US,iOS
9393,2025-01-05,US,iOS
9394,2025-01-10,US,PC
9395,2025-01-02,TH,iOS
9396,2025-05-29,KR,Android
9397,2025-01-20,KR,Android
9398,2025-05-18,KR,Android
9399,2025-03-21,JP,Android
9400,2025-01-07,KR,Android
9401,2025-01-24,KR,PC
9402,2025-02-07,KR,Android
9403,2025-02-04,US,Android
9404,2025-02-07,US,PC
9405,2025-02-28,KR,iOS
9406,2025-06-22,KR,PC
9407,2025-01-22,JP,PC
9408,2025-01-19,KR,PC
9409,2025-01-02,JP,iOS
9410,2025-02-11,KR,Android
9411,2025-03-03,TW,PC
9412,2025-01-22,KR,iOS
9413,2025-01-09,US,Android
9414,2025-02-12,KR,iOS
9415,2025-01-22,KR,iOS
9416,2025-02-20,JP,PC
9417,2025-06-29,US,PC
9418,2025-05-22,JP,iOS
9419,2025-03-20,US,iOS
9420,2025-03-20,US,Android
9421,2025-05-30,TW,iOS
9422,2025-01-19,KR,Android
9423,2025-03-18,TW,Android
9424,2025-04-10,KR,Android
9425,2025-02-20,KR,Android
9426,2025-01-02,JP,iOS
9427,2025-01-31,KR,iOS
9428,2025-05-21,KR,PC
9429,2025-04-24,KR,iOS
9430,2025-03-12,KR,iOS
9431,2025-01-06,US,Android
9432,2025-02-16,KR,iOS
9433,2025-02-14,KR,Android
9434,2025-01-03,KR,PC
9435,2025-01-25,KR,iOS
9436,2025-02-20,KR,Android
9437,2025-03-03,KR,iOS
9438,2025-03-25,JP,Android
9439,2025-01-16,JP,Android
9440,2025-03-06,KR,PC
9441,2025-01-28,KR,iOS
9442,2025-01-06,KR,Android
9443,2025-02-09,KR,PC
9444,2025-03-09,KR,Android
9445,2025-01-30,TW,Android
9446,2025-03-16,JP,iOS
9447,2025-03-01,KR,Android
9448,2025-01-20,KR,Android
9449,2025-01-05,US,iOS
9450,2025-03-02,TW,Android
9451,2025-02-25,KR,Android
9452,2025-01-13,JP,Android
9453,2025-01-09,KR,PC
9454,2025-01-21,JP,Android
9455,2025-02-27,KR,Android
9456,2025-01-13,US,Android
9457,2025-03-28,KR,Android
9458,2025-04-03,KR,Android
9459,2025-01-15,US,iOS
9460,2025-01-07,US,Android
9461,2025-01-11,US,Android
9462,2025-06-29,KR,Android
9463,2025-01-13,JP,iOS
9464,2025-01-11,KR,iOS
9465,2025-01-08,US,Android
9466,2025-01-04,KR,iOS
9467,2025-01-05,KR,Android
9468,2025-06-29,KR,Android
9469,2025-01-01,TH,iOS
9470,2025-02-11,US,PC
9471,2025-01-07,KR,Android
9472,2025-02-20,JP,iOS
9473,2025-01-10,KR,PC
9474,2025-04-27,KR,Android
9475,2025-06-02,KR,Android
9476,2025-03-24,JP,iOS
9477,2025-02-25,TW,PC
9478,2025-03-14,TW,iOS
9479,2025-02-15,KR,Android
9480,2025-01-27,KR,PC
9481,2025-01-07,JP,PC
9482,2025-03-20,KR,Android
9483,2025-03-05,US,iOS
9484,2025-01-16,TH,iOS
9485,2025-02-11,KR,PC
9486,2025-01-01,KR,Android
9487,2025-02-07,TW,PC
9488,2025-01-26,US,iOS
9489,2025-01-04,TW,PC
9490,2025-01-01,US,iOS
9491,2025-01-21,KR,iOS
9492,2025-04-29,JP,PC
9493,2025-06-23,JP,Android
9494,2025-06-29,TW,Android
9495,2025-03-19,KR,Android
9496,2025-03-13,KR,PC
9497,2025-01-15,KR,iOS
9498,2025-01-04,KR,iOS
9499,2025-04-25,TH,Android
9500,2025-06-29,TH,PC
9501,2025-02-04,KR,PC
9502,2025-01-31,TH,Android
9503,2025-01-28,KR,Android
9504,2025-01-14,JP,Android
9505,2025-02-18,US,iOS
9506,2025-05-09,JP,iOS
9507,2025-01-25,JP,iOS
9508,2025-01-02,US,iOS
9509,2025-03-20,TW,iOS
9510,2025-03-20,KR,iOS
9511,2025-05-25,JP,PC
9512,2025-06-29,KR,iOS
9513,2025-04-22,KR,PC
9514,2025-01-27,JP,PC
9515,2025-01-21,JP,Android
9516,2025-01-19,TW,Android
9517,2025-01-11,KR,iOS
9518,2025-02-02,KR,iOS
9519,2025-04-19,KR,Android
9520,2025-02-15,TW,Android
9521,2025-01-11,TH,Android
9522,2025-01-01,TW,PC
9523,2025-01-15,KR,Android
9524,2025-03-21,TW,Android
9525,2025-02-05,KR,iOS
9526,2025-01-17,TW,PC
9527,2025-01-07,US,PC
9528,2025-01-04,KR,Android
9529,2025-05-19,US,Android
9530,2025-01-17,JP,Android
9531,2025-01-08,KR,iOS
9532,2025-03-28,KR,PC
9533,2025-02-01,JP,Android
9534,2025-04-21,TH,Android
9535,2025-01-09,US,Android
9536,2025-05-08,KR,Android
9537,2025-01-06,US,iOS
9538,2025-01-09,KR,Android
9539,2025-01-01,KR,iOS
9540,2025-03-08,KR,iOS
9541,2025-01-13,KR,iOS
9542,2025-06-29,KR,iOS
9543,2025-01-07,KR,PC
9544,2025-02-18,KR,iOS
9545,2025-05-21,US,Android
9546,2025-01-11,KR,Android
9547,2025-01-20,KR,PC
9548,2025-04-05,KR,Android
9549,2025-06-01,JP,PC
9550,2025-02-10,JP,Android
9551,2025-02-01,KR,Android
9552,2025-03-11,JP,Android
9553,2025-02-15,JP,iOS
9554,2025-01-13,US,Android
9555,2025-04-28,KR,Android
9556,2025-01-04,KR,Android
9557,2025-01-14,KR,Android
9558,2025-03-07,KR,Android
9559,2025-02-10,KR,Android
9560,2025-02-12,TH,iOS
9561,2025-01-09,KR,iOS
9562,2025-05-03,KR,Android
9563,2025-01-18,TH,iOS
9564,2025-03-11,US,PC
9565,2025-01-02,KR,iOS
9566,2025-02-11,TH,iOS
9567,2025-02-17,KR,Android
9568,2025-06-29,KR,iOS
9569,2025-04-23,KR,Android
9570,2025-06-29,KR,iOS
9571,2025-01-18,JP,iOS
9572,2025-04-17,KR,Android
9573,2025-01-25,JP,Android
9574,2025-01-11,KR,Android
9575,2025-04-22,TW,iOS
9576,2025-03-05,KR,Android
9577,2025-05-09,TW,Android
9578,2025-01-20,KR,iOS
9579,2025-02-17,TW,Android
9580,2025-02-21,JP,Android
9581,2025-01-21,US,PC
9582,2025-05-03,KR,PC
9583,2025-01-13,US,Android
9584,2025-04-09,US,iOS
9585,2025-06-29,US,Android
9586,2025-01-16,US,Android
9587,2025-01-24,TH,PC
9588,2025-02-14,TH,Android
9589,2025-06-29,KR,iOS
9590,2025-01-06,KR,PC
9591,2025-01-17,KR,Android
9592,2025-02-17,JP,iOS
9593,2025-01-06,TH,Android
9594,2025-04-18,KR,Android
9595,2025-01-13,KR,Android
9596,2025-01-03,KR,PC
9597,2025-01-21,KR,iOS
9598,2025-05-06,TH,iOS
9599,2025-01-12,US,iOS
9600,2025-01-05,KR,PC
9601,2025-01-28,KR,iOS
9602,2025-04-27,KR,Android
9603,2025-01-16,US,Android
9604,2025-04-03,US,PC
9605,2025-03-31,KR,iOS
9606,2025-01-22,KR,iOS
9607,2025-02-10,TW,PC
9608,2025-01-20,JP,Android
9609,2025-01-18,US,iOS
9610,2025-02-23,KR,iOS
9611,2025-06-29,TH,PC
9612,2025-01-29,JP,PC
9613,2025-06-29,TH,Android
9614,2025-02-04,KR,Android
9615,2025-03-02,KR,Android
9616,2025-01-31,KR,iOS
9617,2025-01-12,TW,PC
9618,2025-01-03,US,iOS
9619,2025-05-30,KR,iOS
9620,2025-01-23,TH,iOS
9621,2025-06-29,TH,iOS
9622,2025-02-04,KR,Android
9623,2025-01-01,US,Android
9624,2025-02-16,US,Android
9625,2025-05-12,KR,Android
9626,2025-03-03,US,iOS
9627,2025-04-21,KR,Android
9628,2025-02-14,TW,Android
9629,2025-01-14,JP,Android
9630,2025-01-31,TW,iOS
9631,2025-02-27,JP,PC
9632,2025-04-26,KR,iOS
9633,2025-01-09,KR,iOS
9634,2025-05-19,JP,iOS
9635,2025-01-03,KR,Android
9636,2025-01-01,JP,iOS
9637,2025-01-18,KR,iOS
9638,2025-03-19,KR,Android
9639,2025-01-08,KR,iOS
9640,2025-06-07,US,iOS
9641,2025-03-20,KR,Android
9642,2025-01-12,US,Android
9643,2025-01-15,KR,iOS
9644,2025-01-11,JP,iOS
9645,2025-02-15,US,Android
9646,2025-03-22,US,PC
9647,2025-01-14,KR,Android
9648,2025-01-16,KR,iOS
9649,2025-02-02,KR,PC
9650,2025-01-02,US,Android
9651,2025-06-29,KR,Android
9652,2025-01-07,TW,PC
9653,2025-02-05,JP,Android
9654,2025-02-17,KR,Android
9655,2025-01-28,JP,Android
9656,2025-04-27,US,PC
9657,2025-01-26,KR,iOS
9658,2025-01-26,JP,iOS
9659,2025-02-23,TH,Android
9660,2025-02-07,KR,PC
9661,2025-03-01,KR,iOS
9662,2025-01-13,US,iOS
9663,2025-02-08,KR,Android
9664,2025-01-31,US,iOS
9665,2025-01-31,US,Android
9666,2025-01-22,JP,Android
9667,2025-02-06,KR,PC
9668,2025-01-28,KR,Android
9669,2025-06-29,TW,Android
9670,2025-05-13,KR,PC
9671,2025-01-15,KR,iOS
9672,2025-01-04,KR,Android
9673,2025-01-06,KR,Android
9674,2025-01-21,KR,iOS
9675,2025-02-13,KR,iOS
9676,2025-02-13,JP,Android
9677,2025-02-02,US,Android
9678,2025-05-28,TW,Android
9679,2025-04-23,TW,iOS
9680,2025-05-22,KR,iOS
9681,2025-01-10,KR,PC
9682,2025-01-10,TW,iOS
9683,2025-03-22,KR,PC
9684,2025-01-08,KR,Android
9685,2025-03-17,KR,Android
9686,2025-01-05,US,iOS
9687,2025-02-15,KR,PC
9688,2025-01-05,KR,PC
9689,2025-01-20,KR,Android
9690,2025-01-21,JP,Android
9691,2025-04-02,KR,Android
9692,2025-01-07,JP,iOS
9693,2025-03-14,KR,PC
9694,2025-01-20,KR,iOS
9695,2025-02-20,KR,Android
9696,2025-05-18,KR,Android
9697,2025-03-29,KR,Android
9698,2025-04-10,TW,Android
9699,2025-06-29,KR,Android
9700,2025-01-07,TH,iOS
9701,2025-06-26,KR,iOS
9702,2025-06-14,KR,iOS
9703,2025-02-19,US,PC
9704,2025-04-25,JP,iOS
9705,2025-01-02,KR,PC
9706,2025-02-14,KR,iOS
9707,2025-02-06,US,PC
9708,2025-06-29,KR,Android
9709,2025-01-18,US,PC
9710,2025-02-15,JP,Android
9711,2025-01-12,KR,Android
9712,2025-02-16,JP,Android
9713,2025-04-08,KR,iOS
9714,2025-03-15,TW,PC
9715,2025-01-01,TH,Android
9716,2025-01-04,US,iOS
9717,2025-03-07,TH,iOS
9718,2025-02-27,JP,Android
9719,2025-02-11,KR,PC
9720,2025-01-17,KR,Android
9721,2025-01-01,KR,iOS
9722,2025-04-03,KR,Android
9723,2025-02-26,US,iOS
9724,2025-03-30,KR,iOS
9725,2025-03-22,US,PC
9726,2025-02-13,KR,iOS
9727,2025-01-31,KR,Android
9728,2025-01-06,KR,iOS
9729,2025-02-07,TH,iOS
9730,2025-02-08,KR,iOS
9731,2025-01-17,KR,iOS
9732,2025-05-04,KR,Android
9733,2025-03-07,TH,PC
9734,2025-01-09,KR,iOS
9735,2025-06-09,US,PC
9736,2025-02-21,KR,Android
9737,2025-01-20,KR,iOS
9738,2025-06-25,JP,iOS
9739,2025-02-07,US,iOS
9740,2025-04-20,US,Android
9741,2025-03-01,KR,Android
9742,2025-01-16,TH,iOS
9743,2025-03-17,US,iOS
9744,2025-01-20,TH,iOS
9745,2025-01-24,KR,Android
9746,2025-01-31,KR,iOS
9747,2025-01-29,KR,Android
9748,2025-02-25,JP,Android
9749,2025-04-01,JP,Android
9750,2025-02-03,KR,iOS
9751,2025-02-12,KR,Android
9752,2025-01-07,KR,Android
9753,2025-02-14,KR,PC
9754,2025-01-13,JP,Android
9755,2025-01-24,KR,Android
9756,2025-01-26,KR,iOS
9757,2025-02-16,KR,Android
9758,2025-03-23,KR,Android
9759,2025-02-07,TH,Android
9760,2025-01-05,KR,Android
9761,2025-06-11,TW,PC
9762,2025-01-15,US,PC
9763,2025-02-06,US,iOS
9764,2025-06-29,KR,iOS
9765,2025-06-09,US,PC
9766,2025-02-20,US,Android
9767,2025-03-15,KR,PC
9768,2025-04-22,TW,Android
9769,2025-01-22,KR,PC
9770,2025-03-15,KR,iOS
9771,2025-01-21,KR,Android
9772,2025-03-23,US,Android
9773,2025-01-31,KR,iOS
9774,2025-01-20,KR,iOS
9775,2025-04-16,KR,iOS
9776,2025-01-11,KR,iOS
9777,2025-03-06,KR,PC
9778,2025-01-01,TW,PC
9779,2025-02-07,KR,PC
9780,2025-04-30,TH,PC
9781,2025-04-08,US,PC
9782,2025-02-14,JP,PC
9783,2025-01-26,TW,iOS
9784,2025-01-16,KR,iOS
9785,2025-01-10,US,PC
9786,2025-01-04,KR,Android
9787,2025-01-22,KR,Android
9788,2025-01-10,KR,Android
9789,2025-03-21,US,iOS
9790,2025-01-01,JP,iOS
9791,2025-04-10,KR,Android
9792,2025-01-15,JP,Android
9793,2025-04-27,KR,Android
9794,2025-03-15,KR,Android
9795,2025-01-13,KR,Android
9796,2025-03-04,US,Android
9797,2025-06-29,KR,Android
9798,2025-02-02,KR,Android
9799,2025-01-24,KR,PC
9800,2025-03-15,US,Android
9801,2025-03-28,JP,PC
9802,2025-02-15,KR,PC
9803,2025-01-04,JP,PC
9804,2025-01-02,US,Android
9805,2025-06-14,KR,Android
9806,2025-02-19,KR,Android
9807,2025-01-22,TW,Android
9808,2025-02-20,KR,iOS
9809,2025-02-16,KR,iOS
9810,2025-01-02,TW,iOS
9811,2025-01-06,JP,Android
9812,2025-01-27,JP,iOS
9813,2025-06-29,JP,Android
9814,2025-01-25,KR,iOS
9815,2025-03-01,JP,iOS
9816,2025-01-04,KR,Android
9817,2025-01-26,TW,PC
9818,2025-01-27,KR,Android
9819,2025-03-14,KR,PC
9820,2025-01-20,KR,iOS
9821,2025-05-31,JP,Android
9822,2025-01-08,KR,iOS
9823,2025-05-04,JP,iOS
9824,2025-01-08,KR,iOS
9825,2025-04-28,KR,iOS
9826,2025-02-08,US,Android
9827,2025-06-29,KR,Android
9828,2025-01-06,US,iOS
9829,2025-02-28,TH,PC
9830,2025-06-29,US,Android
9831,2025-02-18,KR,iOS
9832,2025-06-17,KR,Android
9833,2025-01-10,TW,iOS
9834,2025-01-24,US,PC
9835,2025-01-21,JP,Android
9836,2025-02-15,KR,iOS
9837,2025-01-31,JP,iOS
9838,2025-01-02,KR,iOS
9839,2025-03-03,JP,Android
9840,2025-01-27,TW,Android
9841,2025-06-27,TW,PC
9842,2025-01-20,KR,iOS
9843,2025-03-25,JP,iOS
9844,2025-02-15,KR,iOS
9845,2025-05-12,KR,Android
9846,2025-01-15,US,Android
9847,2025-01-07,KR,PC
9848,2025-01-10,KR,Android
9849,2025-01-06,US,iOS
9850,2025-03-04,US,PC
9851,2025-01-23,US,PC
9852,2025-04-12,KR,iOS
9853,2025-02-15,JP,PC
9854,2025-06-12,KR,Android
9855,2025-01-25,KR,Android
9856,2025-01-16,KR,Android
9857,2025-03-15,JP,iOS
9858,2025-01-01,KR,Android
9859,2025-06-29,KR,Android
9860,2025-01-01,TW,PC
9861,2025-02-20,TW,iOS
9862,2025-03-04,US,Android
9863,2025-04-14,JP,Android
9864,2025-01-22,TH,Android
9865,2025-02-06,US,Android
9866,2025-01-17,KR,Android
9867,2025-01-08,US,Android
9868,2025-03-25,TW,Android
9869,2025-03-09,US,iOS
9870,2025-06-01,KR,Android
9871,2025-01-21,TW,Android
9872,2025-01-14,JP,Android
9873,2025-01-14,KR,Android
9874,2025-01-02,TH,Android
9875,2025-03-04,JP,iOS
9876,2025-01-01,JP,iOS
9877,2025-01-29,TW,iOS
9878,2025-02-06,KR,Android
9879,2025-02-12,JP,Android
9880,2025-06-29,KR,PC
9881,2025-01-01,TW,Android
9882,2025-01-12,TW,Android
9883,2025-03-20,JP,Android
9884,2025-04-04,JP,Android
9885,2025-04-26,JP,Android
9886,2025-03-23,KR,Android
9887,2025-01-22,KR,Android
9888,2025-03-16,KR,PC
9889,2025-04-23,JP,Android
9890,2025-04-05,US,iOS
9891,2025-01-08,US,Android
9892,2025-01-16,KR,PC
9893,2025-01-10,US,iOS
9894,2025-04-25,KR,PC
9895,2025-02-15,TH,PC
9896,2025-01-23,TW,Android
9897,2025-01-11,KR,iOS
9898,2025-01-05,JP,iOS
9899,2025-03-17,KR,iOS
9900,2025-01-06,KR,Android
9901,2025-02-22,US,Android
9902,2025-01-18,JP,PC
9903,2025-01-09,KR,iOS
9904,2025-01-01,KR,Android
9905,2025-01-27,KR,Android
9906,2025-02-02,KR,Android
9907,2025-05-25,KR,Android
9908,2025-01-27,KR,PC
9909,2025-01-10,TW,Android
9910,2025-02-26,KR,iOS
9911,2025-01-03,KR,Android
9912,2025-06-25,KR,iOS
9913,2025-05-05,KR,PC
9914,2025-03-20,JP,PC
9915,2025-05-30,KR,iOS
9916,2025-02-06,KR,Android
9917,2025-04-17,TW,Android
9918,2025-02-08,JP,Android
9919,2025-06-29,KR,Android
9920,2025-02-15,KR,PC
9921,2025-02-21,JP,iOS
9922,2025-02-14,US,Android
9923,2025-02-28,TW,iOS
9924,2025-06-29,KR,iOS
9925,2025-01-09,JP,PC
9926,2025-01-12,KR,Android
9927,2025-02-13,KR,Android
9928,2025-02-16,JP,iOS
9929,2025-01-27,JP,PC
9930,2025-01-08,KR,iOS
9931,2025-04-02,KR,Android
9932,2025-01-17,JP,iOS
9933,2025-04-06,KR,Android
9934,2025-06-29,KR,Android
9935,2025-05-31,KR,iOS
9936,2025-01-14,KR,Android
9937,2025-01-18,JP,Android
9938,2025-01-24,KR,Android
9939,2025-03-22,KR,Android
9940,2025-04-04,US,PC
9941,2025-01-03,KR,iOS
9942,2025-02-02,US,iOS
9943,2025-05-09,KR,iOS
9944,2025-02-22,JP,iOS
9945,2025-02-23,JP,Android
9946,2025-01-17,JP,iOS
9947,2025-02-01,KR,iOS
9948,2025-03-13,JP,iOS
9949,2025-03-19,US,Android
9950,2025-05-01,KR,Android
9951,2025-01-07,KR,Android
9952,2025-03-04,KR,PC
9953,2025-02-19,KR,iOS
9954,2025-01-09,KR,Android
9955,2025-02-11,TW,iOS
9956,2025-02-12,TH,PC
9957,2025-01-08,KR,iOS
9958,2025-01-25,TW,PC
9959,2025-06-04,JP,Android
9960,2025-05-08,KR,Android
9961,2025-03-30,TH,Android
9962,2025-01-25,JP,Android
9963,2025-02-08,US,iOS
9964,2025-06-29,KR,PC
9965,2025-05-27,KR,Android
9966,2025-04-16,TW,iOS
9967,2025-01-26,KR,iOS
9968,2025-01-12,KR,iOS
9969,2025-01-10,KR,Android
9970,2025-01-02,KR,Android
9971,2025-02-15,KR,Android
9972,2025-02-23,TW,iOS
9973,2025-06-15,KR,PC
9974,2025-02-26,TW,iOS
9975,2025-01-15,US,iOS
9976,2025-04-02,KR,PC
9977,2025-01-16,KR,Android
9978,2025-05-11,KR,Android
9979,2025-01-04,TW,PC
9980,2025-01-18,JP,iOS
9981,2025-06-29,KR,iOS
9982,2025-01-26,TW,iOS
9983,2025-01-01,JP,iOS
9984,2025-01-23,KR,Android
9985,2025-01-28,US,Android
9986,2025-01-17,JP,Android
9987,2025-03-17,JP,Android
9988,2025-02-16,KR,iOS
9989,2025-03-08,KR,iOS
9990,2025-03-06,KR,Android
9991,2025-01-01,KR,Android
9992,2025-01-14,KR,Android
9993,2025-05-01,US,PC
9994,2025-05-10,KR,PC
9995,2025-02-10,KR,Android
9996,2025-01-29,US,Android
9997,2025-02-01,KR,Android
9998,2025-02-02,KR,PC
9999,2025-05-29,JP,Android
10000,2025-01-02,TW,Android
